                                                                        S0000001
,,31HOpen CASCADE IGES processor 7.7,13HFilename.iges,                  G0000001
16HOpen CASCADE 7.7,31HOpen CASCADE IGES processor 7.7,32,308,15,308,15,G0000002
,1.,2,2HMM,1,0.01,15H20260408.115742,4.59077E-07,2.2,6HSYSTEM,,11,0,    G0000003
15H20260408.115742,;                                                    G0000004
     402       1       0       0       0       0       0       000000000D0000001
     402       0       0       1       1                CCS_CCST        D0000002
     402       2       0       0       0       0       0       000020000D0000003
     402       0       0       5       1                               0D0000004
     144       7       0       0       0       0       0       000020000D0000005
     144       0   -3177       1       0                               0D0000006
     120       8       0       0       0       0       9       000010000D0000007
     120       0       0       1       0                               0D0000008
     124       9       0       0       0       0       0       000000000D0000009
     124       0       0       1       0                               0D0000010
     110      10       0       0       0       0       0       000010000D0000011
     110       0       0       1       0                               0D0000012
     110      11       0       0       0       0       0       000010000D0000013
     110       0       0       1       0                               0D0000014
     142      12       0       0       0       0       0       000010500D0000015
     142       0       0       1       0                               0D0000016
     102      13       0       0       0       0       0       000010000D0000017
     102       0       0       1       0                               0D0000018
     110      14       0       0       0       0       0       000010000D0000019
     110       0       0       2       0                               0D0000020
     110      16       0       0       0       0       0       000010000D0000021
     110       0       0       2       0                               0D0000022
     110      18       0       0       0       0       0       000010000D0000023
     110       0       0       2       0                               0D0000024
     110      20       0       0       0       0       0       000010000D0000025
     110       0       0       1       0                               0D0000026
     110      21       0       0       0       0       0       000010000D0000027
     110       0       0       1       0                               0D0000028
     110      22       0       0       0       0       0       000010000D0000029
     110       0       0       1       0                               0D0000030
     102      23       0       0       0       0       0       000010000D0000031
     102       0       0       1       0                               0D0000032
     100      24       0       0       0       0      35       000010000D0000033
     100       0       0       1       0                               0D0000034
     124      25       0       0       0       0       0       000000000D0000035
     124       0       0       1       0                               0D0000036
     110      26       0       0       0       0       0       000010000D0000037
     110       0       0       1       0                               0D0000038
     110      27       0       0       0       0       0       000010000D0000039
     110       0       0       1       0                               0D0000040
     110      28       0       0       0       0       0       000010000D0000041
     110       0       0       1       0                               0D0000042
     100      29       0       0       0       0      45       000010000D0000043
     100       0       0       1       0                               0D0000044
     124      30       0       0       0       0       0       000000000D0000045
     124       0       0       2       0                               0D0000046
     110      32       0       0       0       0       0       000010000D0000047
     110       0       0       1       0                               0D0000048
     144      33       0       0       0       0       0       000020000D0000049
     144       0   -3177       1       0                               0D0000050
     120      34       0       0       0       0      53       000010000D0000051
     120       0       0       1       0                               0D0000052
     124      35       0       0       0       0       0       000000000D0000053
     124       0       0       1       0                               0D0000054
     110      36       0       0       0       0       0       000010000D0000055
     110       0       0       1       0                               0D0000056
     110      37       0       0       0       0       0       000010000D0000057
     110       0       0       1       0                               0D0000058
     142      38       0       0       0       0       0       000010500D0000059
     142       0       0       1       0                               0D0000060
     102      39       0       0       0       0       0       000010000D0000061
     102       0       0       1       0                               0D0000062
     110      40       0       0       0       0       0       000010000D0000063
     110       0       0       1       0                               0D0000064
     126      41       0       0       0       0       0       000010000D0000065
     126       0       0      21       0                               0D0000066
     126      62       0       0       0       0       0       000010000D0000067
     126       0       0      21       0                               0D0000068
     102      83       0       0       0       0       0       000010000D0000069
     102       0       0       1       0                               0D0000070
     110      84       0       0       0       0       0       000010000D0000071
     110       0       0       1       0                               0D0000072
     126      85       0       0       0       0       0       000010000D0000073
     126       0       0       6       0                               0D0000074
     126      91       0       0       0       0       0       000010000D0000075
     126       0       0      12       0                               0D0000076
     144     103       0       0       0       0       0       000020000D0000077
     144       0   -3177       1       0                               0D0000078
     120     104       0       0       0       0      81       000010000D0000079
     120       0       0       1       0                               0D0000080
     124     105       0       0       0       0       0       000000000D0000081
     124       0       0       1       0                               0D0000082
     110     106       0       0       0       0       0       000010000D0000083
     110       0       0       1       0                               0D0000084
     110     107       0       0       0       0       0       000010000D0000085
     110       0       0       1       0                               0D0000086
     142     108       0       0       0       0       0       000010500D0000087
     142       0       0       1       0                               0D0000088
     102     109       0       0       0       0       0       000010000D0000089
     102       0       0       1       0                               0D0000090
     126     110       0       0       0       0       0       000010000D0000091
     126       0       0      22       0                               0D0000092
     110     132       0       0       0       0       0       000010000D0000093
     110       0       0       1       0                               0D0000094
     126     133       0       0       0       0       0       000010000D0000095
     126       0       0      21       0                               0D0000096
     102     154       0       0       0       0       0       000010000D0000097
     102       0       0       1       0                               0D0000098
     126     155       0       0       0       0       0       000010000D0000099
     126       0       0       6       0                               0D0000100
     110     161       0       0       0       0       0       000010000D0000101
     110       0       0       1       0                               0D0000102
     126     162       0       0       0       0       0       000010000D0000103
     126       0       0      10       0                               0D0000104
     144     172       0       0       0       0       0       000020000D0000105
     144       0   -3177       1       0                               0D0000106
     120     173       0       0       0       0     109       000010000D0000107
     120       0       0       1       0                               0D0000108
     124     174       0       0       0       0       0       000000000D0000109
     124       0       0       1       0                               0D0000110
     110     175       0       0       0       0       0       000010000D0000111
     110       0       0       1       0                               0D0000112
     110     176       0       0       0       0       0       000010000D0000113
     110       0       0       1       0                               0D0000114
     142     177       0       0       0       0       0       000010500D0000115
     142       0       0       1       0                               0D0000116
     102     178       0       0       0       0       0       000010000D0000117
     102       0       0       1       0                               0D0000118
     126     179       0       0       0       0       0       000010000D0000119
     126       0       0      22       0                               0D0000120
     110     201       0       0       0       0       0       000010000D0000121
     110       0       0       1       0                               0D0000122
     126     202       0       0       0       0       0       000010000D0000123
     126       0       0      20       0                               0D0000124
     102     222       0       0       0       0       0       000010000D0000125
     102       0       0       1       0                               0D0000126
     126     223       0       0       0       0       0       000010000D0000127
     126       0       0      12       0                               0D0000128
     110     235       0       0       0       0       0       000010000D0000129
     110       0       0       1       0                               0D0000130
     126     236       0       0       0       0       0       000010000D0000131
     126       0       0       6       0                               0D0000132
     144     242       0       0       0       0       0       000020000D0000133
     144       0   -3177       1       0                               0D0000134
     120     243       0       0       0       0     137       000010000D0000135
     120       0       0       1       0                               0D0000136
     124     244       0       0       0       0       0       000000000D0000137
     124       0       0       1       0                               0D0000138
     110     245       0       0       0       0       0       000010000D0000139
     110       0       0       1       0                               0D0000140
     110     246       0       0       0       0       0       000010000D0000141
     110       0       0       1       0                               0D0000142
     142     247       0       0       0       0       0       000010500D0000143
     142       0       0       1       0                               0D0000144
     102     248       0       0       0       0       0       000010000D0000145
     102       0       0       1       0                               0D0000146
     110     249       0       0       0       0       0       000010000D0000147
     110       0       0       2       0                               0D0000148
     110     251       0       0       0       0       0       000010000D0000149
     110       0       0       2       0                               0D0000150
     110     253       0       0       0       0       0       000010000D0000151
     110       0       0       2       0                               0D0000152
     110     255       0       0       0       0       0       000010000D0000153
     110       0       0       1       0                               0D0000154
     110     256       0       0       0       0       0       000010000D0000155
     110       0       0       1       0                               0D0000156
     110     257       0       0       0       0       0       000010000D0000157
     110       0       0       1       0                               0D0000158
     102     258       0       0       0       0       0       000010000D0000159
     102       0       0       1       0                               0D0000160
     100     259       0       0       0       0     163       000010000D0000161
     100       0       0       1       0                               0D0000162
     124     260       0       0       0       0       0       000000000D0000163
     124       0       0       2       0                               0D0000164
     110     262       0       0       0       0       0       000010000D0000165
     110       0       0       1       0                               0D0000166
     110     263       0       0       0       0       0       000010000D0000167
     110       0       0       1       0                               0D0000168
     110     264       0       0       0       0       0       000010000D0000169
     110       0       0       1       0                               0D0000170
     100     265       0       0       0       0     173       000010000D0000171
     100       0       0       1       0                               0D0000172
     124     266       0       0       0       0       0       000000000D0000173
     124       0       0       1       0                               0D0000174
     110     267       0       0       0       0       0       000010000D0000175
     110       0       0       1       0                               0D0000176
     144     268       0       0       0       0       0       000020000D0000177
     144       0   -3177       1       0                               0D0000178
     120     269       0       0       0       0     181       000010000D0000179
     120       0       0       1       0                               0D0000180
     124     270       0       0       0       0       0       000000000D0000181
     124       0       0       1       0                               0D0000182
     110     271       0       0       0       0       0       000010000D0000183
     110       0       0       1       0                               0D0000184
     110     272       0       0       0       0       0       000010000D0000185
     110       0       0       1       0                               0D0000186
     142     273       0       0       0       0       0       000010500D0000187
     142       0       0       1       0                               0D0000188
     102     274       0       0       0       0       0       000010000D0000189
     102       0       0       1       0                               0D0000190
     110     275       0       0       0       0       0       000010000D0000191
     110       0       0       1       0                               0D0000192
     126     276       0       0       0       0       0       000010000D0000193
     126       0       0      20       0                               0D0000194
     126     296       0       0       0       0       0       000010000D0000195
     126       0       0      21       0                               0D0000196
     102     317       0       0       0       0       0       000010000D0000197
     102       0       0       1       0                               0D0000198
     110     318       0       0       0       0       0       000010000D0000199
     110       0       0       1       0                               0D0000200
     126     319       0       0       0       0       0       000010000D0000201
     126       0       0       6       0                               0D0000202
     126     325       0       0       0       0       0       000010000D0000203
     126       0       0      12       0                               0D0000204
     144     337       0       0       0       0       0       000020000D0000205
     144       0   -3177       1       0                               0D0000206
     108     338       0       0       0       0       0       000010000D0000207
     108       0       0       1       0                               0D0000208
     142     339       0       0       0       0       0       000010500D0000209
     142       0       0       1       0                               0D0000210
     102     340       0       0       0       0       0       000010000D0000211
     102       0       0       1       0                               0D0000212
     110     341       0       0       0       0       0       000010000D0000213
     110       0       0       1       0                               0D0000214
     110     342       0       0       0       0       0       000010000D0000215
     110       0       0       1       0                               0D0000216
     110     343       0       0       0       0       0       000010000D0000217
     110       0       0       1       0                               0D0000218
     110     344       0       0       0       0       0       000010000D0000219
     110       0       0       1       0                               0D0000220
     144     345       0       0       0       0       0       000020000D0000221
     144       0   -3177       1       0                               0D0000222
     108     346       0       0       0       0       0       000010000D0000223
     108       0       0       1       0                               0D0000224
     142     347       0       0       0       0       0       000010500D0000225
     142       0       0       1       0                               0D0000226
     102     348       0       0       0       0       0       000010000D0000227
     102       0       0       1       0                               0D0000228
     110     349       0       0       0       0       0       000010000D0000229
     110       0       0       1       0                               0D0000230
     110     350       0       0       0       0       0       000010000D0000231
     110       0       0       1       0                               0D0000232
     110     351       0       0       0       0       0       000010000D0000233
     110       0       0       1       0                               0D0000234
     110     352       0       0       0       0       0       000010000D0000235
     110       0       0       1       0                               0D0000236
     144     353       0       0       0       0       0       000020000D0000237
     144       0   -3179       1       0                               0D0000238
     108     354       0       0       0       0       0       000010000D0000239
     108       0       0       1       0                               0D0000240
     142     355       0       0       0       0       0       000010500D0000241
     142       0       0       1       0                               0D0000242
     102     356       0       0       0       0       0       000010000D0000243
     102       0       0       1       0                               0D0000244
     110     357       0       0       0       0       0       000010000D0000245
     110       0       0       1       0                               0D0000246
     110     358       0       0       0       0       0       000010000D0000247
     110       0       0       1       0                               0D0000248
     110     359       0       0       0       0       0       000010000D0000249
     110       0       0       1       0                               0D0000250
     110     360       0       0       0       0       0       000010000D0000251
     110       0       0       1       0                               0D0000252
     144     361       0       0       0       0       0       000020000D0000253
     144       0   -3179       1       0                               0D0000254
     108     362       0       0       0       0       0       000010000D0000255
     108       0       0       1       0                               0D0000256
     142     363       0       0       0       0       0       000010500D0000257
     142       0       0       1       0                               0D0000258
     102     364       0       0       0       0       0       000010000D0000259
     102       0       0       1       0                               0D0000260
     110     365       0       0       0       0       0       000010000D0000261
     110       0       0       1       0                               0D0000262
     110     366       0       0       0       0       0       000010000D0000263
     110       0       0       1       0                               0D0000264
     110     367       0       0       0       0       0       000010000D0000265
     110       0       0       1       0                               0D0000266
     110     368       0       0       0       0       0       000010000D0000267
     110       0       0       1       0                               0D0000268
     144     369       0       0       0       0       0       000020000D0000269
     144       0   -3177       1       0                               0D0000270
     108     370       0       0       0       0       0       000010000D0000271
     108       0       0       1       0                               0D0000272
     142     371       0       0       0       0       0       000010500D0000273
     142       0       0       1       0                               0D0000274
     102     372       0       0       0       0       0       000010000D0000275
     102       0       0       1       0                               0D0000276
     110     373       0       0       0       0       0       000010000D0000277
     110       0       0       1       0                               0D0000278
     110     374       0       0       0       0       0       000010000D0000279
     110       0       0       1       0                               0D0000280
     110     375       0       0       0       0       0       000010000D0000281
     110       0       0       1       0                               0D0000282
     110     376       0       0       0       0       0       000010000D0000283
     110       0       0       1       0                               0D0000284
     144     377       0       0       0       0       0       000020000D0000285
     144       0   -3177       1       0                               0D0000286
     108     378       0       0       0       0       0       000010000D0000287
     108       0       0       1       0                               0D0000288
     142     379       0       0       0       0       0       000010500D0000289
     142       0       0       1       0                               0D0000290
     102     380       0       0       0       0       0       000010000D0000291
     102       0       0       1       0                               0D0000292
     110     381       0       0       0       0       0       000010000D0000293
     110       0       0       1       0                               0D0000294
     110     382       0       0       0       0       0       000010000D0000295
     110       0       0       1       0                               0D0000296
     110     383       0       0       0       0       0       000010000D0000297
     110       0       0       1       0                               0D0000298
     110     384       0       0       0       0       0       000010000D0000299
     110       0       0       1       0                               0D0000300
     144     385       0       0       0       0       0       000020000D0000301
     144       0   -3179       1       0                               0D0000302
     108     386       0       0       0       0       0       000010000D0000303
     108       0       0       1       0                               0D0000304
     142     387       0       0       0       0       0       000010500D0000305
     142       0       0       1       0                               0D0000306
     102     388       0       0       0       0       0       000010000D0000307
     102       0       0       1       0                               0D0000308
     110     389       0       0       0       0       0       000010000D0000309
     110       0       0       1       0                               0D0000310
     110     390       0       0       0       0       0       000010000D0000311
     110       0       0       1       0                               0D0000312
     110     391       0       0       0       0       0       000010000D0000313
     110       0       0       1       0                               0D0000314
     110     392       0       0       0       0       0       000010000D0000315
     110       0       0       1       0                               0D0000316
     144     393       0       0       0       0       0       000020000D0000317
     144       0   -3177       1       0                               0D0000318
     108     394       0       0       0       0       0       000010000D0000319
     108       0       0       1       0                               0D0000320
     142     395       0       0       0       0       0       000010500D0000321
     142       0       0       1       0                               0D0000322
     102     396       0       0       0       0       0       000010000D0000323
     102       0       0       1       0                               0D0000324
     110     397       0       0       0       0       0       000010000D0000325
     110       0       0       1       0                               0D0000326
     110     398       0       0       0       0       0       000010000D0000327
     110       0       0       1       0                               0D0000328
     110     399       0       0       0       0       0       000010000D0000329
     110       0       0       1       0                               0D0000330
     110     400       0       0       0       0       0       000010000D0000331
     110       0       0       1       0                               0D0000332
     144     401       0       0       0       0       0       000020000D0000333
     144       0   -3177       1       0                               0D0000334
     108     402       0       0       0       0       0       000010000D0000335
     108       0       0       1       0                               0D0000336
     142     403       0       0       0       0       0       000010500D0000337
     142       0       0       1       0                               0D0000338
     102     404       0       0       0       0       0       000010000D0000339
     102       0       0       1       0                               0D0000340
     110     405       0       0       0       0       0       000010000D0000341
     110       0       0       1       0                               0D0000342
     110     406       0       0       0       0       0       000010000D0000343
     110       0       0       1       0                               0D0000344
     110     407       0       0       0       0       0       000010000D0000345
     110       0       0       1       0                               0D0000346
     110     408       0       0       0       0       0       000010000D0000347
     110       0       0       1       0                               0D0000348
     144     409       0       0       0       0       0       000020000D0000349
     144       0   -3177       1       0                               0D0000350
     108     410       0       0       0       0       0       000010000D0000351
     108       0       0       1       0                               0D0000352
     142     411       0       0       0       0       0       000010500D0000353
     142       0       0       1       0                               0D0000354
     102     412       0       0       0       0       0       000010000D0000355
     102       0       0       1       0                               0D0000356
     110     413       0       0       0       0       0       000010000D0000357
     110       0       0       1       0                               0D0000358
     110     414       0       0       0       0       0       000010000D0000359
     110       0       0       1       0                               0D0000360
     110     415       0       0       0       0       0       000010000D0000361
     110       0       0       1       0                               0D0000362
     110     416       0       0       0       0       0       000010000D0000363
     110       0       0       1       0                               0D0000364
     144     417       0       0       0       0       0       000020000D0000365
     144       0   -3177       1       0                               0D0000366
     108     418       0       0       0       0       0       000010000D0000367
     108       0       0       1       0                               0D0000368
     142     419       0       0       0       0       0       000010500D0000369
     142       0       0       1       0                               0D0000370
     102     420       0       0       0       0       0       000010000D0000371
     102       0       0       1       0                               0D0000372
     110     421       0       0       0       0       0       000010000D0000373
     110       0       0       1       0                               0D0000374
     110     422       0       0       0       0       0       000010000D0000375
     110       0       0       1       0                               0D0000376
     110     423       0       0       0       0       0       000010000D0000377
     110       0       0       1       0                               0D0000378
     110     424       0       0       0       0       0       000010000D0000379
     110       0       0       1       0                               0D0000380
     144     425       0       0       0       0       0       000020000D0000381
     144       0   -3177       1       0                               0D0000382
     108     426       0       0       0       0       0       000010000D0000383
     108       0       0       1       0                               0D0000384
     142     427       0       0       0       0       0       000010500D0000385
     142       0       0       1       0                               0D0000386
     102     428       0       0       0       0       0       000010000D0000387
     102       0       0       1       0                               0D0000388
     110     429       0       0       0       0       0       000010000D0000389
     110       0       0       1       0                               0D0000390
     110     430       0       0       0       0       0       000010000D0000391
     110       0       0       1       0                               0D0000392
     110     431       0       0       0       0       0       000010000D0000393
     110       0       0       1       0                               0D0000394
     110     432       0       0       0       0       0       000010000D0000395
     110       0       0       1       0                               0D0000396
     144     433       0       0       0       0       0       000020000D0000397
     144       0   -3177       1       0                               0D0000398
     108     434       0       0       0       0       0       000010000D0000399
     108       0       0       1       0                               0D0000400
     142     435       0       0       0       0       0       000010500D0000401
     142       0       0       1       0                               0D0000402
     102     436       0       0       0       0       0       000010000D0000403
     102       0       0       1       0                               0D0000404
     110     437       0       0       0       0       0       000010000D0000405
     110       0       0       1       0                               0D0000406
     110     438       0       0       0       0       0       000010000D0000407
     110       0       0       1       0                               0D0000408
     110     439       0       0       0       0       0       000010000D0000409
     110       0       0       1       0                               0D0000410
     110     440       0       0       0       0       0       000010000D0000411
     110       0       0       1       0                               0D0000412
     144     441       0       0       0       0       0       000020000D0000413
     144       0   -3179       1       0                               0D0000414
     108     442       0       0       0       0       0       000010000D0000415
     108       0       0       1       0                               0D0000416
     142     443       0       0       0       0       0       000010500D0000417
     142       0       0       1       0                               0D0000418
     102     444       0       0       0       0       0       000010000D0000419
     102       0       0       1       0                               0D0000420
     110     445       0       0       0       0       0       000010000D0000421
     110       0       0       1       0                               0D0000422
     110     446       0       0       0       0       0       000010000D0000423
     110       0       0       1       0                               0D0000424
     110     447       0       0       0       0       0       000010000D0000425
     110       0       0       1       0                               0D0000426
     110     448       0       0       0       0       0       000010000D0000427
     110       0       0       1       0                               0D0000428
     144     449       0       0       0       0       0       000020000D0000429
     144       0   -3177       1       0                               0D0000430
     120     450       0       0       0       0     433       000010000D0000431
     120       0       0       1       0                               0D0000432
     124     451       0       0       0       0       0       000000000D0000433
     124       0       0       1       0                               0D0000434
     110     452       0       0       0       0       0       000010000D0000435
     110       0       0       1       0                               0D0000436
     110     453       0       0       0       0       0       000010000D0000437
     110       0       0       1       0                               0D0000438
     142     454       0       0       0       0       0       000010500D0000439
     142       0       0       1       0                               0D0000440
     102     455       0       0       0       0       0       000010000D0000441
     102       0       0       1       0                               0D0000442
     110     456       0       0       0       0       0       000010000D0000443
     110       0       0       1       0                               0D0000444
     110     457       0       0       0       0       0       000010000D0000445
     110       0       0       1       0                               0D0000446
     110     458       0       0       0       0       0       000010000D0000447
     110       0       0       2       0                               0D0000448
     110     460       0       0       0       0       0       000010000D0000449
     110       0       0       1       0                               0D0000450
     102     461       0       0       0       0       0       000010000D0000451
     102       0       0       1       0                               0D0000452
     100     462       0       0       0       0     455       000010000D0000453
     100       0       0       1       0                               0D0000454
     124     463       0       0       0       0       0       000000000D0000455
     124       0       0       1       0                               0D0000456
     110     464       0       0       0       0       0       000010000D0000457
     110       0       0       1       0                               0D0000458
     100     465       0       0       0       0     461       000010000D0000459
     100       0       0       1       0                               0D0000460
     124     466       0       0       0       0       0       000000000D0000461
     124       0       0       1       0                               0D0000462
     110     467       0       0       0       0       0       000010000D0000463
     110       0       0       1       0                               0D0000464
     144     468       0       0       0       0       0       000020000D0000465
     144       0   -3177       1       0                               0D0000466
     120     469       0       0       0       0     469       000010000D0000467
     120       0       0       1       0                               0D0000468
     124     470       0       0       0       0       0       000000000D0000469
     124       0       0       1       0                               0D0000470
     110     471       0       0       0       0       0       000010000D0000471
     110       0       0       1       0                               0D0000472
     100     472       0       0       0       0     475       000010000D0000473
     100       0       0       2       0                               0D0000474
     124     474       0       0       0       0       0       000000000D0000475
     124       0       0       1       0                               0D0000476
     142     475       0       0       0       0       0       000010500D0000477
     142       0       0       1       0                               0D0000478
     102     476       0       0       0       0       0       000010000D0000479
     102       0       0       1       0                               0D0000480
     126     477       0       0       0       0       0       000010000D0000481
     126       0       0      21       0                               0D0000482
     110     498       0       0       0       0       0       000010000D0000483
     110       0       0       2       0                               0D0000484
     110     500       0       0       0       0       0       000010000D0000485
     110       0       0       1       0                               0D0000486
     102     501       0       0       0       0       0       000010000D0000487
     102       0       0       1       0                               0D0000488
     100     502       0       0       0       0     491       000010000D0000489
     100       0       0       1       0                               0D0000490
     124     503       0       0       0       0       0       000000000D0000491
     124       0       0       1       0                               0D0000492
     100     504       0       0       0       0     495       000010000D0000493
     100       0       0       1       0                               0D0000494
     124     505       0       0       0       0       0       000000000D0000495
     124       0       0       1       0                               0D0000496
     100     506       0       0       0       0     499       000010000D0000497
     100       0       0       1       0                               0D0000498
     124     507       0       0       0       0       0       000000000D0000499
     124       0       0       1       0                               0D0000500
     144     508       0       0       0       0       0       000020000D0000501
     144       0   -3177       1       0                               0D0000502
     120     509       0       0       0       0     505       000010000D0000503
     120       0       0       1       0                               0D0000504
     124     510       0       0       0       0       0       000000000D0000505
     124       0       0       1       0                               0D0000506
     110     511       0       0       0       0       0       000010000D0000507
     110       0       0       1       0                               0D0000508
     100     512       0       0       0       0     511       000010000D0000509
     100       0       0       1       0                               0D0000510
     124     513       0       0       0       0       0       000000000D0000511
     124       0       0       1       0                               0D0000512
     142     514       0       0       0       0       0       000010500D0000513
     142       0       0       1       0                               0D0000514
     102     515       0       0       0       0       0       000010000D0000515
     102       0       0       1       0                               0D0000516
     126     516       0       0       0       0       0       000010000D0000517
     126       0       0      19       0                               0D0000518
     110     535       0       0       0       0       0       000010000D0000519
     110       0       0       1       0                               0D0000520
     110     536       0       0       0       0       0       000010000D0000521
     110       0       0       2       0                               0D0000522
     102     538       0       0       0       0       0       000010000D0000523
     102       0       0       1       0                               0D0000524
     100     539       0       0       0       0     527       000010000D0000525
     100       0       0       1       0                               0D0000526
     124     540       0       0       0       0       0       000000000D0000527
     124       0       0       1       0                               0D0000528
     100     541       0       0       0       0     531       000010000D0000529
     100       0       0       1       0                               0D0000530
     124     542       0       0       0       0       0       000000000D0000531
     124       0       0       1       0                               0D0000532
     100     543       0       0       0       0     535       000010000D0000533
     100       0       0       1       0                               0D0000534
     124     544       0       0       0       0       0       000000000D0000535
     124       0       0       1       0                               0D0000536
     144     545       0       0       0       0       0       000020000D0000537
     144       0   -3177       1       0                               0D0000538
     120     546       0       0       0       0     541       000010000D0000539
     120       0       0       1       0                               0D0000540
     124     547       0       0       0       0       0       000000000D0000541
     124       0       0       1       0                               0D0000542
     110     548       0       0       0       0       0       000010000D0000543
     110       0       0       1       0                               0D0000544
     110     549       0       0       0       0       0       000010000D0000545
     110       0       0       1       0                               0D0000546
     142     550       0       0       0       0       0       000010500D0000547
     142       0       0       1       0                               0D0000548
     102     551       0       0       0       0       0       000010000D0000549
     102       0       0       1       0                               0D0000550
     110     552       0       0       0       0       0       000010000D0000551
     110       0       0       2       0                               0D0000552
     110     554       0       0       0       0       0       000010000D0000553
     110       0       0       1       0                               0D0000554
     110     555       0       0       0       0       0       000010000D0000555
     110       0       0       1       0                               0D0000556
     110     556       0       0       0       0       0       000010000D0000557
     110       0       0       1       0                               0D0000558
     102     557       0       0       0       0       0       000010000D0000559
     102       0       0       1       0                               0D0000560
     100     558       0       0       0       0     563       000010000D0000561
     100       0       0       1       0                               0D0000562
     124     559       0       0       0       0       0       000000000D0000563
     124       0       0       1       0                               0D0000564
     110     560       0       0       0       0       0       000010000D0000565
     110       0       0       1       0                               0D0000566
     100     561       0       0       0       0     569       000010000D0000567
     100       0       0       1       0                               0D0000568
     124     562       0       0       0       0       0       000000000D0000569
     124       0       0       1       0                               0D0000570
     110     563       0       0       0       0       0       000010000D0000571
     110       0       0       1       0                               0D0000572
     144     564       0       0       0       0       0       000020000D0000573
     144       0   -3177       1       0                               0D0000574
     120     565       0       0       0       0     577       000010000D0000575
     120       0       0       1       0                               0D0000576
     124     566       0       0       0       0       0       000000000D0000577
     124       0       0       1       0                               0D0000578
     110     567       0       0       0       0       0       000010000D0000579
     110       0       0       1       0                               0D0000580
     110     568       0       0       0       0       0       000010000D0000581
     110       0       0       1       0                               0D0000582
     142     569       0       0       0       0       0       000010500D0000583
     142       0       0       1       0                               0D0000584
     102     570       0       0       0       0       0       000010000D0000585
     102       0       0       1       0                               0D0000586
     110     571       0       0       0       0       0       000010000D0000587
     110       0       0       2       0                               0D0000588
     110     573       0       0       0       0       0       000010000D0000589
     110       0       0       1       0                               0D0000590
     110     574       0       0       0       0       0       000010000D0000591
     110       0       0       1       0                               0D0000592
     110     575       0       0       0       0       0       000010000D0000593
     110       0       0       1       0                               0D0000594
     102     576       0       0       0       0       0       000010000D0000595
     102       0       0       1       0                               0D0000596
     100     577       0       0       0       0     599       000010000D0000597
     100       0       0       1       0                               0D0000598
     124     578       0       0       0       0       0       000000000D0000599
     124       0       0       1       0                               0D0000600
     110     579       0       0       0       0       0       000010000D0000601
     110       0       0       1       0                               0D0000602
     100     580       0       0       0       0     605       000010000D0000603
     100       0       0       1       0                               0D0000604
     124     581       0       0       0       0       0       000000000D0000605
     124       0       0       1       0                               0D0000606
     110     582       0       0       0       0       0       000010000D0000607
     110       0       0       1       0                               0D0000608
     144     583       0       0       0       0       0       000020000D0000609
     144       0   -3177       1       0                               0D0000610
     120     584       0       0       0       0     613       000010000D0000611
     120       0       0       1       0                               0D0000612
     124     585       0       0       0       0       0       000000000D0000613
     124       0       0       1       0                               0D0000614
     110     586       0       0       0       0       0       000010000D0000615
     110       0       0       1       0                               0D0000616
     110     587       0       0       0       0       0       000010000D0000617
     110       0       0       1       0                               0D0000618
     142     588       0       0       0       0       0       000010500D0000619
     142       0       0       1       0                               0D0000620
     102     589       0       0       0       0       0       000010000D0000621
     102       0       0       1       0                               0D0000622
     110     590       0       0       0       0       0       000010000D0000623
     110       0       0       1       0                               0D0000624
     110     591       0       0       0       0       0       000010000D0000625
     110       0       0       1       0                               0D0000626
     110     592       0       0       0       0       0       000010000D0000627
     110       0       0       2       0                               0D0000628
     110     594       0       0       0       0       0       000010000D0000629
     110       0       0       1       0                               0D0000630
     102     595       0       0       0       0       0       000010000D0000631
     102       0       0       1       0                               0D0000632
     100     596       0       0       0       0     635       000010000D0000633
     100       0       0       1       0                               0D0000634
     124     597       0       0       0       0       0       000000000D0000635
     124       0       0       1       0                               0D0000636
     110     598       0       0       0       0       0       000010000D0000637
     110       0       0       1       0                               0D0000638
     100     599       0       0       0       0     641       000010000D0000639
     100       0       0       1       0                               0D0000640
     124     600       0       0       0       0       0       000000000D0000641
     124       0       0       1       0                               0D0000642
     110     601       0       0       0       0       0       000010000D0000643
     110       0       0       1       0                               0D0000644
     144     602       0       0       0       0       0       000020000D0000645
     144       0   -3177       1       0                               0D0000646
     120     603       0       0       0       0     649       000010000D0000647
     120       0       0       1       0                               0D0000648
     124     604       0       0       0       0       0       000000000D0000649
     124       0       0       1       0                               0D0000650
     110     605       0       0       0       0       0       000010000D0000651
     110       0       0       1       0                               0D0000652
     110     606       0       0       0       0       0       000010000D0000653
     110       0       0       1       0                               0D0000654
     142     607       0       0       0       0       0       000010500D0000655
     142       0       0       1       0                               0D0000656
     102     608       0       0       0       0       0       000010000D0000657
     102       0       0       1       0                               0D0000658
     110     609       0       0       0       0       0       000010000D0000659
     110       0       0       1       0                               0D0000660
     110     610       0       0       0       0       0       000010000D0000661
     110       0       0       1       0                               0D0000662
     110     611       0       0       0       0       0       000010000D0000663
     110       0       0       2       0                               0D0000664
     110     613       0       0       0       0       0       000010000D0000665
     110       0       0       1       0                               0D0000666
     102     614       0       0       0       0       0       000010000D0000667
     102       0       0       1       0                               0D0000668
     100     615       0       0       0       0     671       000010000D0000669
     100       0       0       1       0                               0D0000670
     124     616       0       0       0       0       0       000000000D0000671
     124       0       0       1       0                               0D0000672
     110     617       0       0       0       0       0       000010000D0000673
     110       0       0       1       0                               0D0000674
     100     618       0       0       0       0     677       000010000D0000675
     100       0       0       1       0                               0D0000676
     124     619       0       0       0       0       0       000000000D0000677
     124       0       0       1       0                               0D0000678
     110     620       0       0       0       0       0       000010000D0000679
     110       0       0       1       0                               0D0000680
     144     621       0       0       0       0       0       000020000D0000681
     144       0   -3177       1       0                               0D0000682
     120     622       0       0       0       0     685       000010000D0000683
     120       0       0       1       0                               0D0000684
     124     623       0       0       0       0       0       000000000D0000685
     124       0       0       1       0                               0D0000686
     110     624       0       0       0       0       0       000010000D0000687
     110       0       0       1       0                               0D0000688
     110     625       0       0       0       0       0       000010000D0000689
     110       0       0       1       0                               0D0000690
     142     626       0       0       0       0       0       000010500D0000691
     142       0       0       1       0                               0D0000692
     102     627       0       0       0       0       0       000010000D0000693
     102       0       0       1       0                               0D0000694
     110     628       0       0       0       0       0       000010000D0000695
     110       0       0       2       0                               0D0000696
     110     630       0       0       0       0       0       000010000D0000697
     110       0       0       1       0                               0D0000698
     110     631       0       0       0       0       0       000010000D0000699
     110       0       0       1       0                               0D0000700
     110     632       0       0       0       0       0       000010000D0000701
     110       0       0       1       0                               0D0000702
     102     633       0       0       0       0       0       000010000D0000703
     102       0       0       1       0                               0D0000704
     100     634       0       0       0       0     707       000010000D0000705
     100       0       0       1       0                               0D0000706
     124     635       0       0       0       0       0       000000000D0000707
     124       0       0       1       0                               0D0000708
     110     636       0       0       0       0       0       000010000D0000709
     110       0       0       1       0                               0D0000710
     100     637       0       0       0       0     713       000010000D0000711
     100       0       0       1       0                               0D0000712
     124     638       0       0       0       0       0       000000000D0000713
     124       0       0       1       0                               0D0000714
     110     639       0       0       0       0       0       000010000D0000715
     110       0       0       1       0                               0D0000716
     144     640       0       0       0       0       0       000020000D0000717
     144       0   -3177       1       0                               0D0000718
     120     641       0       0       0       0     721       000010000D0000719
     120       0       0       1       0                               0D0000720
     124     642       0       0       0       0       0       000000000D0000721
     124       0       0       1       0                               0D0000722
     110     643       0       0       0       0       0       000010000D0000723
     110       0       0       1       0                               0D0000724
     110     644       0       0       0       0       0       000010000D0000725
     110       0       0       1       0                               0D0000726
     142     645       0       0       0       0       0       000010500D0000727
     142       0       0       1       0                               0D0000728
     102     646       0       0       0       0       0       000010000D0000729
     102       0       0       1       0                               0D0000730
     110     647       0       0       0       0       0       000010000D0000731
     110       0       0       1       0                               0D0000732
     110     648       0       0       0       0       0       000010000D0000733
     110       0       0       1       0                               0D0000734
     110     649       0       0       0       0       0       000010000D0000735
     110       0       0       2       0                               0D0000736
     126     651       0       0       0       0       0       000010000D0000737
     126       0       0      21       0                               0D0000738
     126     672       0       0       0       0       0       000010000D0000739
     126       0       0      21       0                               0D0000740
     110     693       0       0       0       0       0       000010000D0000741
     110       0       0       1       0                               0D0000742
     126     694       0       0       0       0       0       000010000D0000743
     126       0       0      21       0                               0D0000744
     126     715       0       0       0       0       0       000010000D0000745
     126       0       0      20       0                               0D0000746
     102     735       0       0       0       0       0       000010000D0000747
     102       0       0       1       0                               0D0000748
     100     736       0       0       0       0     751       000010000D0000749
     100       0       0       1       0                               0D0000750
     124     737       0       0       0       0       0       000000000D0000751
     124       0       0       2       0                               0D0000752
     110     739       0       0       0       0       0       000010000D0000753
     110       0       0       1       0                               0D0000754
     100     740       0       0       0       0     757       000010000D0000755
     100       0       0       1       0                               0D0000756
     124     741       0       0       0       0       0       000000000D0000757
     124       0       0       1       0                               0D0000758
     126     742       0       0       0       0       0       000010000D0000759
     126       0       0       6       0                               0D0000760
     126     748       0       0       0       0       0       000010000D0000761
     126       0       0      11       0                               0D0000762
     110     759       0       0       0       0       0       000010000D0000763
     110       0       0       1       0                               0D0000764
     126     760       0       0       0       0       0       000010000D0000765
     126       0       0      11       0                               0D0000766
     126     771       0       0       0       0       0       000010000D0000767
     126       0       0       6       0                               0D0000768
     144     777       0       0       0       0       0       000020000D0000769
     144       0   -3177       1       0                               0D0000770
     120     778       0       0       0       0     773       000010000D0000771
     120       0       0       1       0                               0D0000772
     124     779       0       0       0       0       0       000000000D0000773
     124       0       0       1       0                               0D0000774
     110     780       0       0       0       0       0       000010000D0000775
     110       0       0       1       0                               0D0000776
     100     781       0       0       0       0     779       000010000D0000777
     100       0       0       1       0                               0D0000778
     124     782       0       0       0       0       0       000000000D0000779
     124       0       0       1       0                               0D0000780
     142     783       0       0       0       0       0       000010500D0000781
     142       0       0       1       0                               0D0000782
     102     784       0       0       0       0       0       000010000D0000783
     102       0       0       1       0                               0D0000784
     110     785       0       0       0       0       0       000010000D0000785
     110       0       0       1       0                               0D0000786
     126     786       0       0       0       0       0       000010000D0000787
     126       0       0      21       0                               0D0000788
     110     807       0       0       0       0       0       000010000D0000789
     110       0       0       2       0                               0D0000790
     102     809       0       0       0       0       0       000010000D0000791
     102       0       0       1       0                               0D0000792
     100     810       0       0       0       0     795       000010000D0000793
     100       0       0       1       0                               0D0000794
     124     811       0       0       0       0       0       000000000D0000795
     124       0       0       1       0                               0D0000796
     100     812       0       0       0       0     799       000010000D0000797
     100       0       0       1       0                               0D0000798
     124     813       0       0       0       0       0       000000000D0000799
     124       0       0       2       0                               0D0000800
     100     815       0       0       0       0     803       000010000D0000801
     100       0       0       1       0                               0D0000802
     124     816       0       0       0       0       0       000000000D0000803
     124       0       0       1       0                               0D0000804
     144     817       0       0       0       0       0       000020000D0000805
     144       0   -3177       1       0                               0D0000806
     120     818       0       0       0       0     809       000010000D0000807
     120       0       0       1       0                               0D0000808
     124     819       0       0       0       0       0       000000000D0000809
     124       0       0       1       0                               0D0000810
     110     820       0       0       0       0       0       000010000D0000811
     110       0       0       1       0                               0D0000812
     100     821       0       0       0       0     815       000010000D0000813
     100       0       0       2       0                               0D0000814
     124     823       0       0       0       0       0       000000000D0000815
     124       0       0       1       0                               0D0000816
     142     824       0       0       0       0       0       000010500D0000817
     142       0       0       1       0                               0D0000818
     102     825       0       0       0       0       0       000010000D0000819
     102       0       0       1       0                               0D0000820
     110     826       0       0       0       0       0       000010000D0000821
     110       0       0       1       0                               0D0000822
     126     827       0       0       0       0       0       000010000D0000823
     126       0       0      22       0                               0D0000824
     126     849       0       0       0       0       0       000010000D0000825
     126       0       0      21       0                               0D0000826
     102     870       0       0       0       0       0       000010000D0000827
     102       0       0       1       0                               0D0000828
     100     871       0       0       0       0     831       000010000D0000829
     100       0       0       1       0                               0D0000830
     124     872       0       0       0       0       0       000000000D0000831
     124       0       0       1       0                               0D0000832
     100     873       0       0       0       0     835       000010000D0000833
     100       0       0       1       0                               0D0000834
     124     874       0       0       0       0       0       000000000D0000835
     124       0       0       1       0                               0D0000836
     100     875       0       0       0       0     839       000010000D0000837
     100       0       0       2       0                               0D0000838
     124     877       0       0       0       0       0       000000000D0000839
     124       0       0       1       0                               0D0000840
     144     878       0       0       0       0       0       000020000D0000841
     144       0   -3177       1       0                               0D0000842
     120     879       0       0       0       0     845       000010000D0000843
     120       0       0       1       0                               0D0000844
     124     880       0       0       0       0       0       000000000D0000845
     124       0       0       1       0                               0D0000846
     110     881       0       0       0       0       0       000010000D0000847
     110       0       0       1       0                               0D0000848
     100     882       0       0       0       0     851       000010000D0000849
     100       0       0       1       0                               0D0000850
     124     883       0       0       0       0       0       000000000D0000851
     124       0       0       1       0                               0D0000852
     142     884       0       0       0       0       0       000010500D0000853
     142       0       0       1       0                               0D0000854
     102     885       0       0       0       0       0       000010000D0000855
     102       0       0       1       0                               0D0000856
     110     886       0       0       0       0       0       000010000D0000857
     110       0       0       2       0                               0D0000858
     110     888       0       0       0       0       0       000010000D0000859
     110       0       0       1       0                               0D0000860
     126     889       0       0       0       0       0       000010000D0000861
     126       0       0      20       0                               0D0000862
     102     909       0       0       0       0       0       000010000D0000863
     102       0       0       1       0                               0D0000864
     100     910       0       0       0       0     867       000010000D0000865
     100       0       0       1       0                               0D0000866
     124     911       0       0       0       0       0       000000000D0000867
     124       0       0       1       0                               0D0000868
     100     912       0       0       0       0     871       000010000D0000869
     100       0       0       1       0                               0D0000870
     124     913       0       0       0       0       0       000000000D0000871
     124       0       0       1       0                               0D0000872
     100     914       0       0       0       0     875       000010000D0000873
     100       0       0       1       0                               0D0000874
     124     915       0       0       0       0       0       000000000D0000875
     124       0       0       1       0                               0D0000876
     144     916       0       0       0       0       0       000020000D0000877
     144       0   -3177       1       0                               0D0000878
     120     917       0       0       0       0     881       000010000D0000879
     120       0       0       1       0                               0D0000880
     124     918       0       0       0       0       0       000000000D0000881
     124       0       0       1       0                               0D0000882
     110     919       0       0       0       0       0       000010000D0000883
     110       0       0       1       0                               0D0000884
     100     920       0       0       0       0     887       000010000D0000885
     100       0       0       1       0                               0D0000886
     124     921       0       0       0       0       0       000000000D0000887
     124       0       0       1       0                               0D0000888
     142     922       0       0       0       0       0       000010500D0000889
     142       0       0       1       0                               0D0000890
     102     923       0       0       0       0       0       000010000D0000891
     102       0       0       1       0                               0D0000892
     126     924       0       0       0       0       0       000010000D0000893
     126       0       0      20       0                               0D0000894
     126     944       0       0       0       0       0       000010000D0000895
     126       0       0      19       0                               0D0000896
     110     963       0       0       0       0       0       000010000D0000897
     110       0       0       2       0                               0D0000898
     102     965       0       0       0       0       0       000010000D0000899
     102       0       0       1       0                               0D0000900
     100     966       0       0       0       0     903       000010000D0000901
     100       0       0       1       0                               0D0000902
     124     967       0       0       0       0       0       000000000D0000903
     124       0       0       1       0                               0D0000904
     100     968       0       0       0       0     907       000010000D0000905
     100       0       0       1       0                               0D0000906
     124     969       0       0       0       0       0       000000000D0000907
     124       0       0       1       0                               0D0000908
     100     970       0       0       0       0     911       000010000D0000909
     100       0       0       1       0                               0D0000910
     124     971       0       0       0       0       0       000000000D0000911
     124       0       0       1       0                               0D0000912
     144     972       0       0       0       0       0       000020000D0000913
     144       0   -3177       1       0                               0D0000914
     120     973       0       0       0       0     917       000010000D0000915
     120       0       0       1       0                               0D0000916
     124     974       0       0       0       0       0       000000000D0000917
     124       0       0       1       0                               0D0000918
     110     975       0       0       0       0       0       000010000D0000919
     110       0       0       1       0                               0D0000920
     110     976       0       0       0       0       0       000010000D0000921
     110       0       0       1       0                               0D0000922
     142     977       0       0       0       0       0       000010500D0000923
     142       0       0       1       0                               0D0000924
     102     978       0       0       0       0       0       000010000D0000925
     102       0       0       1       0                               0D0000926
     110     979       0       0       0       0       0       000010000D0000927
     110       0       0       1       0                               0D0000928
     126     980       0       0       0       0       0       000010000D0000929
     126       0       0      20       0                               0D0000930
     126    1000       0       0       0       0       0       000010000D0000931
     126       0       0      21       0                               0D0000932
     110    1021       0       0       0       0       0       000010000D0000933
     110       0       0       1       0                               0D0000934
     126    1022       0       0       0       0       0       000010000D0000935
     126       0       0      21       0                               0D0000936
     126    1043       0       0       0       0       0       000010000D0000937
     126       0       0      21       0                               0D0000938
     110    1064       0       0       0       0       0       000010000D0000939
     110       0       0       2       0                               0D0000940
     110    1066       0       0       0       0       0       000010000D0000941
     110       0       0       1       0                               0D0000942
     102    1067       0       0       0       0       0       000010000D0000943
     102       0       0       1       0                               0D0000944
     100    1068       0       0       0       0     947       000010000D0000945
     100       0       0       1       0                               0D0000946
     124    1069       0       0       0       0       0       000000000D0000947
     124       0       0       1       0                               0D0000948
     126    1070       0       0       0       0       0       000010000D0000949
     126       0       0       6       0                               0D0000950
     126    1076       0       0       0       0       0       000010000D0000951
     126       0       0      12       0                               0D0000952
     110    1088       0       0       0       0       0       000010000D0000953
     110       0       0       1       0                               0D0000954
     126    1089       0       0       0       0       0       000010000D0000955
     126       0       0      12       0                               0D0000956
     126    1101       0       0       0       0       0       000010000D0000957
     126       0       0       6       0                               0D0000958
     100    1107       0       0       0       0     961       000010000D0000959
     100       0       0       1       0                               0D0000960
     124    1108       0       0       0       0       0       000000000D0000961
     124       0       0       1       0                               0D0000962
     110    1109       0       0       0       0       0       000010000D0000963
     110       0       0       1       0                               0D0000964
     144    1110       0       0       0       0       0       000020000D0000965
     144       0   -3177       1       0                               0D0000966
     120    1111       0       0       0       0     969       000010000D0000967
     120       0       0       1       0                               0D0000968
     124    1112       0       0       0       0       0       000000000D0000969
     124       0       0       1       0                               0D0000970
     110    1113       0       0       0       0       0       000010000D0000971
     110       0       0       1       0                               0D0000972
     110    1114       0       0       0       0       0       000010000D0000973
     110       0       0       1       0                               0D0000974
     142    1115       0       0       0       0       0       000010500D0000975
     142       0       0       1       0                               0D0000976
     102    1116       0       0       0       0       0       000010000D0000977
     102       0       0       1       0                               0D0000978
     110    1117       0       0       0       0       0       000010000D0000979
     110       0       0       2       0                               0D0000980
     110    1119       0       0       0       0       0       000010000D0000981
     110       0       0       1       0                               0D0000982
     110    1120       0       0       0       0       0       000010000D0000983
     110       0       0       1       0                               0D0000984
     110    1121       0       0       0       0       0       000010000D0000985
     110       0       0       1       0                               0D0000986
     102    1122       0       0       0       0       0       000010000D0000987
     102       0       0       1       0                               0D0000988
     100    1123       0       0       0       0     991       000010000D0000989
     100       0       0       2       0                               0D0000990
     124    1125       0       0       0       0       0       000000000D0000991
     124       0       0       1       0                               0D0000992
     110    1126       0       0       0       0       0       000010000D0000993
     110       0       0       1       0                               0D0000994
     100    1127       0       0       0       0     997       000010000D0000995
     100       0       0       1       0                               0D0000996
     124    1128       0       0       0       0       0       000000000D0000997
     124       0       0       1       0                               0D0000998
     110    1129       0       0       0       0       0       000010000D0000999
     110       0       0       1       0                               0D0001000
     144    1130       0       0       0       0       0       000020000D0001001
     144       0   -3177       1       0                               0D0001002
     120    1131       0       0       0       0    1005       000010000D0001003
     120       0       0       1       0                               0D0001004
     124    1132       0       0       0       0       0       000000000D0001005
     124       0       0       1       0                               0D0001006
     110    1133       0       0       0       0       0       000010000D0001007
     110       0       0       1       0                               0D0001008
     110    1134       0       0       0       0       0       000010000D0001009
     110       0       0       1       0                               0D0001010
     142    1135       0       0       0       0       0       000010500D0001011
     142       0       0       1       0                               0D0001012
     102    1136       0       0       0       0       0       000010000D0001013
     102       0       0       1       0                               0D0001014
     110    1137       0       0       0       0       0       000010000D0001015
     110       0       0       2       0                               0D0001016
     110    1139       0       0       0       0       0       000010000D0001017
     110       0       0       1       0                               0D0001018
     110    1140       0       0       0       0       0       000010000D0001019
     110       0       0       1       0                               0D0001020
     110    1141       0       0       0       0       0       000010000D0001021
     110       0       0       1       0                               0D0001022
     102    1142       0       0       0       0       0       000010000D0001023
     102       0       0       1       0                               0D0001024
     100    1143       0       0       0       0    1027       000010000D0001025
     100       0       0       1       0                               0D0001026
     124    1144       0       0       0       0       0       000000000D0001027
     124       0       0       1       0                               0D0001028
     110    1145       0       0       0       0       0       000010000D0001029
     110       0       0       1       0                               0D0001030
     100    1146       0       0       0       0    1033       000010000D0001031
     100       0       0       1       0                               0D0001032
     124    1147       0       0       0       0       0       000000000D0001033
     124       0       0       1       0                               0D0001034
     110    1148       0       0       0       0       0       000010000D0001035
     110       0       0       1       0                               0D0001036
     144    1149       0       0       0       0       0       000020000D0001037
     144       0   -3177       1       0                               0D0001038
     120    1150       0       0       0       0    1041       000010000D0001039
     120       0       0       1       0                               0D0001040
     124    1151       0       0       0       0       0       000000000D0001041
     124       0       0       1       0                               0D0001042
     110    1152       0       0       0       0       0       000010000D0001043
     110       0       0       1       0                               0D0001044
     110    1153       0       0       0       0       0       000010000D0001045
     110       0       0       1       0                               0D0001046
     142    1154       0       0       0       0       0       000010500D0001047
     142       0       0       1       0                               0D0001048
     102    1155       0       0       0       0       0       000010000D0001049
     102       0       0       1       0                               0D0001050
     110    1156       0       0       0       0       0       000010000D0001051
     110       0       0       1       0                               0D0001052
     110    1157       0       0       0       0       0       000010000D0001053
     110       0       0       1       0                               0D0001054
     110    1158       0       0       0       0       0       000010000D0001055
     110       0       0       2       0                               0D0001056
     126    1160       0       0       0       0       0       000010000D0001057
     126       0       0      21       0                               0D0001058
     126    1181       0       0       0       0       0       000010000D0001059
     126       0       0      21       0                               0D0001060
     110    1202       0       0       0       0       0       000010000D0001061
     110       0       0       1       0                               0D0001062
     126    1203       0       0       0       0       0       000010000D0001063
     126       0       0      21       0                               0D0001064
     126    1224       0       0       0       0       0       000010000D0001065
     126       0       0      20       0                               0D0001066
     102    1244       0       0       0       0       0       000010000D0001067
     102       0       0       1       0                               0D0001068
     100    1245       0       0       0       0    1071       000010000D0001069
     100       0       0       1       0                               0D0001070
     124    1246       0       0       0       0       0       000000000D0001071
     124       0       0       1       0                               0D0001072
     110    1247       0       0       0       0       0       000010000D0001073
     110       0       0       1       0                               0D0001074
     100    1248       0       0       0       0    1077       000010000D0001075
     100       0       0       1       0                               0D0001076
     124    1249       0       0       0       0       0       000000000D0001077
     124       0       0       1       0                               0D0001078
     126    1250       0       0       0       0       0       000010000D0001079
     126       0       0       6       0                               0D0001080
     126    1256       0       0       0       0       0       000010000D0001081
     126       0       0      12       0                               0D0001082
     110    1268       0       0       0       0       0       000010000D0001083
     110       0       0       1       0                               0D0001084
     126    1269       0       0       0       0       0       000010000D0001085
     126       0       0      11       0                               0D0001086
     126    1280       0       0       0       0       0       000010000D0001087
     126       0       0       6       0                               0D0001088
     144    1286       0       0       0       0       0       000020000D0001089
     144       0   -3177       1       0                               0D0001090
     120    1287       0       0       0       0    1093       000010000D0001091
     120       0       0       1       0                               0D0001092
     124    1288       0       0       0       0       0       000000000D0001093
     124       0       0       1       0                               0D0001094
     110    1289       0       0       0       0       0       000010000D0001095
     110       0       0       1       0                               0D0001096
     100    1290       0       0       0       0    1099       000010000D0001097
     100       0       0       1       0                               0D0001098
     124    1291       0       0       0       0       0       000000000D0001099
     124       0       0       1       0                               0D0001100
     142    1292       0       0       0       0       0       000010500D0001101
     142       0       0       1       0                               0D0001102
     102    1293       0       0       0       0       0       000010000D0001103
     102       0       0       1       0                               0D0001104
     126    1294       0       0       0       0       0       000010000D0001105
     126       0       0      20       0                               0D0001106
     110    1314       0       0       0       0       0       000010000D0001107
     110       0       0       2       0                               0D0001108
     126    1316       0       0       0       0       0       000010000D0001109
     126       0       0      20       0                               0D0001110
     102    1336       0       0       0       0       0       000010000D0001111
     102       0       0       1       0                               0D0001112
     100    1337       0       0       0       0    1115       000010000D0001113
     100       0       0       2       0                               0D0001114
     124    1339       0       0       0       0       0       000000000D0001115
     124       0       0       1       0                               0D0001116
     100    1340       0       0       0       0    1119       000010000D0001117
     100       0       0       1       0                               0D0001118
     124    1341       0       0       0       0       0       000000000D0001119
     124       0       0       1       0                               0D0001120
     100    1342       0       0       0       0    1123       000010000D0001121
     100       0       0       1       0                               0D0001122
     124    1343       0       0       0       0       0       000000000D0001123
     124       0       0       2       0                               0D0001124
     144    1345       0       0       0       0       0       000020000D0001125
     144       0   -3177       1       0                               0D0001126
     120    1346       0       0       0       0    1129       000010000D0001127
     120       0       0       1       0                               0D0001128
     124    1347       0       0       0       0       0       000000000D0001129
     124       0       0       1       0                               0D0001130
     110    1348       0       0       0       0       0       000010000D0001131
     110       0       0       1       0                               0D0001132
     100    1349       0       0       0       0    1135       000010000D0001133
     100       0       0       2       0                               0D0001134
     124    1351       0       0       0       0       0       000000000D0001135
     124       0       0       1       0                               0D0001136
     142    1352       0       0       0       0       0       000010500D0001137
     142       0       0       1       0                               0D0001138
     102    1353       0       0       0       0       0       000010000D0001139
     102       0       0       1       0                               0D0001140
     110    1354       0       0       0       0       0       000010000D0001141
     110       0       0       2       0                               0D0001142
     126    1356       0       0       0       0       0       000010000D0001143
     126       0       0      21       0                               0D0001144
     126    1377       0       0       0       0       0       000010000D0001145
     126       0       0      20       0                               0D0001146
     102    1397       0       0       0       0       0       000010000D0001147
     102       0       0       1       0                               0D0001148
     100    1398       0       0       0       0    1151       000010000D0001149
     100       0       0       1       0                               0D0001150
     124    1399       0       0       0       0       0       000000000D0001151
     124       0       0       1       0                               0D0001152
     100    1400       0       0       0       0    1155       000010000D0001153
     100       0       0       1       0                               0D0001154
     124    1401       0       0       0       0       0       000000000D0001155
     124       0       0       1       0                               0D0001156
     100    1402       0       0       0       0    1159       000010000D0001157
     100       0       0       1       0                               0D0001158
     124    1403       0       0       0       0       0       000000000D0001159
     124       0       0       1       0                               0D0001160
     144    1404       0       0       0       0       0       000020000D0001161
     144       0   -3177       1       0                               0D0001162
     120    1405       0       0       0       0    1165       000010000D0001163
     120       0       0       1       0                               0D0001164
     124    1406       0       0       0       0       0       000000000D0001165
     124       0       0       1       0                               0D0001166
     110    1407       0       0       0       0       0       000010000D0001167
     110       0       0       1       0                               0D0001168
     110    1408       0       0       0       0       0       000010000D0001169
     110       0       0       1       0                               0D0001170
     142    1409       0       0       0       0       0       000010500D0001171
     142       0       0       1       0                               0D0001172
     102    1410       0       0       0       0       0       000010000D0001173
     102       0       0       1       0                               0D0001174
     110    1411       0       0       0       0       0       000010000D0001175
     110       0       0       1       0                               0D0001176
     126    1412       0       0       0       0       0       000010000D0001177
     126       0       0      21       0                               0D0001178
     126    1433       0       0       0       0       0       000010000D0001179
     126       0       0      21       0                               0D0001180
     102    1454       0       0       0       0       0       000010000D0001181
     102       0       0       1       0                               0D0001182
     110    1455       0       0       0       0       0       000010000D0001183
     110       0       0       1       0                               0D0001184
     126    1456       0       0       0       0       0       000010000D0001185
     126       0       0      12       0                               0D0001186
     126    1468       0       0       0       0       0       000010000D0001187
     126       0       0       6       0                               0D0001188
     144    1474       0       0       0       0       0       000020000D0001189
     144       0   -3177       1       0                               0D0001190
     120    1475       0       0       0       0    1193       000010000D0001191
     120       0       0       1       0                               0D0001192
     124    1476       0       0       0       0       0       000000000D0001193
     124       0       0       1       0                               0D0001194
     110    1477       0       0       0       0       0       000010000D0001195
     110       0       0       1       0                               0D0001196
     110    1478       0       0       0       0       0       000010000D0001197
     110       0       0       1       0                               0D0001198
     142    1479       0       0       0       0       0       000010500D0001199
     142       0       0       1       0                               0D0001200
     102    1480       0       0       0       0       0       000010000D0001201
     102       0       0       1       0                               0D0001202
     110    1481       0       0       0       0       0       000010000D0001203
     110       0       0       1       0                               0D0001204
     110    1482       0       0       0       0       0       000010000D0001205
     110       0       0       1       0                               0D0001206
     110    1483       0       0       0       0       0       000010000D0001207
     110       0       0       2       0                               0D0001208
     110    1485       0       0       0       0       0       000010000D0001209
     110       0       0       1       0                               0D0001210
     102    1486       0       0       0       0       0       000010000D0001211
     102       0       0       1       0                               0D0001212
     100    1487       0       0       0       0    1215       000010000D0001213
     100       0       0       1       0                               0D0001214
     124    1488       0       0       0       0       0       000000000D0001215
     124       0       0       1       0                               0D0001216
     110    1489       0       0       0       0       0       000010000D0001217
     110       0       0       1       0                               0D0001218
     100    1490       0       0       0       0    1221       000010000D0001219
     100       0       0       1       0                               0D0001220
     124    1491       0       0       0       0       0       000000000D0001221
     124       0       0       1       0                               0D0001222
     110    1492       0       0       0       0       0       000010000D0001223
     110       0       0       1       0                               0D0001224
     144    1493       0       0       0       0       0       000020000D0001225
     144       0   -3177       1       0                               0D0001226
     120    1494       0       0       0       0    1229       000010000D0001227
     120       0       0       1       0                               0D0001228
     124    1495       0       0       0       0       0       000000000D0001229
     124       0       0       1       0                               0D0001230
     110    1496       0       0       0       0       0       000010000D0001231
     110       0       0       1       0                               0D0001232
     100    1497       0       0       0       0    1235       000010000D0001233
     100       0       0       1       0                               0D0001234
     124    1498       0       0       0       0       0       000000000D0001235
     124       0       0       1       0                               0D0001236
     142    1499       0       0       0       0       0       000010500D0001237
     142       0       0       1       0                               0D0001238
     102    1500       0       0       0       0       0       000010000D0001239
     102       0       0       1       0                               0D0001240
     110    1501       0       0       0       0       0       000010000D0001241
     110       0       0       2       0                               0D0001242
     110    1503       0       0       0       0       0       000010000D0001243
     110       0       0       1       0                               0D0001244
     126    1504       0       0       0       0       0       000010000D0001245
     126       0       0      19       0                               0D0001246
     102    1523       0       0       0       0       0       000010000D0001247
     102       0       0       1       0                               0D0001248
     100    1524       0       0       0       0    1251       000010000D0001249
     100       0       0       1       0                               0D0001250
     124    1525       0       0       0       0       0       000000000D0001251
     124       0       0       1       0                               0D0001252
     100    1526       0       0       0       0    1255       000010000D0001253
     100       0       0       1       0                               0D0001254
     124    1527       0       0       0       0       0       000000000D0001255
     124       0       0       1       0                               0D0001256
     100    1528       0       0       0       0    1259       000010000D0001257
     100       0       0       1       0                               0D0001258
     124    1529       0       0       0       0       0       000000000D0001259
     124       0       0       1       0                               0D0001260
     144    1530       0       0       0       0       0       000020000D0001261
     144       0   -3177       1       0                               0D0001262
     120    1531       0       0       0       0    1265       000010000D0001263
     120       0       0       1       0                               0D0001264
     124    1532       0       0       0       0       0       000000000D0001265
     124       0       0       1       0                               0D0001266
     110    1533       0       0       0       0       0       000010000D0001267
     110       0       0       1       0                               0D0001268
     100    1534       0       0       0       0    1271       000010000D0001269
     100       0       0       1       0                               0D0001270
     124    1535       0       0       0       0       0       000000000D0001271
     124       0       0       1       0                               0D0001272
     142    1536       0       0       0       0       0       000010500D0001273
     142       0       0       1       0                               0D0001274
     102    1537       0       0       0       0       0       000010000D0001275
     102       0       0       1       0                               0D0001276
     126    1538       0       0       0       0       0       000010000D0001277
     126       0       0      21       0                               0D0001278
     126    1559       0       0       0       0       0       000010000D0001279
     126       0       0      21       0                               0D0001280
     110    1580       0       0       0       0       0       000010000D0001281
     110       0       0       2       0                               0D0001282
     102    1582       0       0       0       0       0       000010000D0001283
     102       0       0       1       0                               0D0001284
     100    1583       0       0       0       0    1287       000010000D0001285
     100       0       0       1       0                               0D0001286
     124    1584       0       0       0       0       0       000000000D0001287
     124       0       0       1       0                               0D0001288
     100    1585       0       0       0       0    1291       000010000D0001289
     100       0       0       1       0                               0D0001290
     124    1586       0       0       0       0       0       000000000D0001291
     124       0       0       1       0                               0D0001292
     100    1587       0       0       0       0    1295       000010000D0001293
     100       0       0       2       0                               0D0001294
     124    1589       0       0       0       0       0       000000000D0001295
     124       0       0       1       0                               0D0001296
     144    1590       0       0       0       0       0       000020000D0001297
     144       0   -3177       1       0                               0D0001298
     120    1591       0       0       0       0    1301       000010000D0001299
     120       0       0       1       0                               0D0001300
     124    1592       0       0       0       0       0       000000000D0001301
     124       0       0       1       0                               0D0001302
     110    1593       0       0       0       0       0       000010000D0001303
     110       0       0       1       0                               0D0001304
     110    1594       0       0       0       0       0       000010000D0001305
     110       0       0       1       0                               0D0001306
     142    1595       0       0       0       0       0       000010500D0001307
     142       0       0       1       0                               0D0001308
     102    1596       0       0       0       0       0       000010000D0001309
     102       0       0       1       0                               0D0001310
     110    1597       0       0       0       0       0       000010000D0001311
     110       0       0       1       0                               0D0001312
     110    1598       0       0       0       0       0       000010000D0001313
     110       0       0       1       0                               0D0001314
     110    1599       0       0       0       0       0       000010000D0001315
     110       0       0       2       0                               0D0001316
     110    1601       0       0       0       0       0       000010000D0001317
     110       0       0       1       0                               0D0001318
     102    1602       0       0       0       0       0       000010000D0001319
     102       0       0       1       0                               0D0001320
     100    1603       0       0       0       0    1323       000010000D0001321
     100       0       0       1       0                               0D0001322
     124    1604       0       0       0       0       0       000000000D0001323
     124       0       0       1       0                               0D0001324
     110    1605       0       0       0       0       0       000010000D0001325
     110       0       0       1       0                               0D0001326
     100    1606       0       0       0       0    1329       000010000D0001327
     100       0       0       1       0                               0D0001328
     124    1607       0       0       0       0       0       000000000D0001329
     124       0       0       1       0                               0D0001330
     110    1608       0       0       0       0       0       000010000D0001331
     110       0       0       1       0                               0D0001332
     144    1609       0       0       0       0       0       000020000D0001333
     144       0   -3177       1       0                               0D0001334
     120    1610       0       0       0       0    1337       000010000D0001335
     120       0       0       1       0                               0D0001336
     124    1611       0       0       0       0       0       000000000D0001337
     124       0       0       1       0                               0D0001338
     110    1612       0       0       0       0       0       000010000D0001339
     110       0       0       1       0                               0D0001340
     110    1613       0       0       0       0       0       000010000D0001341
     110       0       0       1       0                               0D0001342
     142    1614       0       0       0       0       0       000010500D0001343
     142       0       0       1       0                               0D0001344
     102    1615       0       0       0       0       0       000010000D0001345
     102       0       0       1       0                               0D0001346
     110    1616       0       0       0       0       0       000010000D0001347
     110       0       0       2       0                               0D0001348
     110    1618       0       0       0       0       0       000010000D0001349
     110       0       0       1       0                               0D0001350
     110    1619       0       0       0       0       0       000010000D0001351
     110       0       0       1       0                               0D0001352
     110    1620       0       0       0       0       0       000010000D0001353
     110       0       0       1       0                               0D0001354
     102    1621       0       0       0       0       0       000010000D0001355
     102       0       0       1       0                               0D0001356
     100    1622       0       0       0       0    1359       000010000D0001357
     100       0       0       1       0                               0D0001358
     124    1623       0       0       0       0       0       000000000D0001359
     124       0       0       1       0                               0D0001360
     110    1624       0       0       0       0       0       000010000D0001361
     110       0       0       1       0                               0D0001362
     100    1625       0       0       0       0    1365       000010000D0001363
     100       0       0       1       0                               0D0001364
     124    1626       0       0       0       0       0       000000000D0001365
     124       0       0       1       0                               0D0001366
     110    1627       0       0       0       0       0       000010000D0001367
     110       0       0       1       0                               0D0001368
     144    1628       0       0       0       0       0       000020000D0001369
     144       0   -3177       1       0                               0D0001370
     120    1629       0       0       0       0    1373       000010000D0001371
     120       0       0       1       0                               0D0001372
     124    1630       0       0       0       0       0       000000000D0001373
     124       0       0       1       0                               0D0001374
     110    1631       0       0       0       0       0       000010000D0001375
     110       0       0       1       0                               0D0001376
     110    1632       0       0       0       0       0       000010000D0001377
     110       0       0       1       0                               0D0001378
     142    1633       0       0       0       0       0       000010500D0001379
     142       0       0       1       0                               0D0001380
     102    1634       0       0       0       0       0       000010000D0001381
     102       0       0       1       0                               0D0001382
     110    1635       0       0       0       0       0       000010000D0001383
     110       0       0       1       0                               0D0001384
     110    1636       0       0       0       0       0       000010000D0001385
     110       0       0       1       0                               0D0001386
     110    1637       0       0       0       0       0       000010000D0001387
     110       0       0       2       0                               0D0001388
     110    1639       0       0       0       0       0       000010000D0001389
     110       0       0       1       0                               0D0001390
     102    1640       0       0       0       0       0       000010000D0001391
     102       0       0       1       0                               0D0001392
     100    1641       0       0       0       0    1395       000010000D0001393
     100       0       0       2       0                               0D0001394
     124    1643       0       0       0       0       0       000000000D0001395
     124       0       0       1       0                               0D0001396
     110    1644       0       0       0       0       0       000010000D0001397
     110       0       0       1       0                               0D0001398
     100    1645       0       0       0       0    1401       000010000D0001399
     100       0       0       1       0                               0D0001400
     124    1646       0       0       0       0       0       000000000D0001401
     124       0       0       1       0                               0D0001402
     110    1647       0       0       0       0       0       000010000D0001403
     110       0       0       1       0                               0D0001404
     144    1648       0       0       0       0       0       000020000D0001405
     144       0   -3177       1       0                               0D0001406
     120    1649       0       0       0       0    1409       000010000D0001407
     120       0       0       1       0                               0D0001408
     124    1650       0       0       0       0       0       000000000D0001409
     124       0       0       1       0                               0D0001410
     110    1651       0       0       0       0       0       000010000D0001411
     110       0       0       1       0                               0D0001412
     110    1652       0       0       0       0       0       000010000D0001413
     110       0       0       1       0                               0D0001414
     142    1653       0       0       0       0       0       000010500D0001415
     142       0       0       1       0                               0D0001416
     102    1654       0       0       0       0       0       000010000D0001417
     102       0       0       1       0                               0D0001418
     110    1655       0       0       0       0       0       000010000D0001419
     110       0       0       1       0                               0D0001420
     110    1656       0       0       0       0       0       000010000D0001421
     110       0       0       1       0                               0D0001422
     110    1657       0       0       0       0       0       000010000D0001423
     110       0       0       2       0                               0D0001424
     110    1659       0       0       0       0       0       000010000D0001425
     110       0       0       1       0                               0D0001426
     102    1660       0       0       0       0       0       000010000D0001427
     102       0       0       1       0                               0D0001428
     100    1661       0       0       0       0    1431       000010000D0001429
     100       0       0       1       0                               0D0001430
     124    1662       0       0       0       0       0       000000000D0001431
     124       0       0       1       0                               0D0001432
     110    1663       0       0       0       0       0       000010000D0001433
     110       0       0       1       0                               0D0001434
     100    1664       0       0       0       0    1437       000010000D0001435
     100       0       0       2       0                               0D0001436
     124    1666       0       0       0       0       0       000000000D0001437
     124       0       0       2       0                               0D0001438
     110    1668       0       0       0       0       0       000010000D0001439
     110       0       0       1       0                               0D0001440
     144    1669       0       0       0       0       0       000020000D0001441
     144       0   -3177       1       0                               0D0001442
     120    1670       0       0       0       0    1445       000010000D0001443
     120       0       0       1       0                               0D0001444
     124    1671       0       0       0       0       0       000000000D0001445
     124       0       0       1       0                               0D0001446
     110    1672       0       0       0       0       0       000010000D0001447
     110       0       0       1       0                               0D0001448
     110    1673       0       0       0       0       0       000010000D0001449
     110       0       0       1       0                               0D0001450
     142    1674       0       0       0       0       0       000010500D0001451
     142       0       0       1       0                               0D0001452
     102    1675       0       0       0       0       0       000010000D0001453
     102       0       0       1       0                               0D0001454
     110    1676       0       0       0       0       0       000010000D0001455
     110       0       0       1       0                               0D0001456
     110    1677       0       0       0       0       0       000010000D0001457
     110       0       0       1       0                               0D0001458
     110    1678       0       0       0       0       0       000010000D0001459
     110       0       0       2       0                               0D0001460
     110    1680       0       0       0       0       0       000010000D0001461
     110       0       0       1       0                               0D0001462
     102    1681       0       0       0       0       0       000010000D0001463
     102       0       0       1       0                               0D0001464
     100    1682       0       0       0       0    1467       000010000D0001465
     100       0       0       1       0                               0D0001466
     124    1683       0       0       0       0       0       000000000D0001467
     124       0       0       1       0                               0D0001468
     110    1684       0       0       0       0       0       000010000D0001469
     110       0       0       1       0                               0D0001470
     100    1685       0       0       0       0    1473       000010000D0001471
     100       0       0       1       0                               0D0001472
     124    1686       0       0       0       0       0       000000000D0001473
     124       0       0       1       0                               0D0001474
     110    1687       0       0       0       0       0       000010000D0001475
     110       0       0       1       0                               0D0001476
     144    1688       0       0       0       0       0       000020000D0001477
     144       0   -3177       1       0                               0D0001478
     120    1689       0       0       0       0    1481       000010000D0001479
     120       0       0       1       0                               0D0001480
     124    1690       0       0       0       0       0       000000000D0001481
     124       0       0       1       0                               0D0001482
     110    1691       0       0       0       0       0       000010000D0001483
     110       0       0       1       0                               0D0001484
     110    1692       0       0       0       0       0       000010000D0001485
     110       0       0       1       0                               0D0001486
     142    1693       0       0       0       0       0       000010500D0001487
     142       0       0       1       0                               0D0001488
     102    1694       0       0       0       0       0       000010000D0001489
     102       0       0       1       0                               0D0001490
     110    1695       0       0       0       0       0       000010000D0001491
     110       0       0       2       0                               0D0001492
     110    1697       0       0       0       0       0       000010000D0001493
     110       0       0       2       0                               0D0001494
     110    1699       0       0       0       0       0       000010000D0001495
     110       0       0       1       0                               0D0001496
     110    1700       0       0       0       0       0       000010000D0001497
     110       0       0       1       0                               0D0001498
     110    1701       0       0       0       0       0       000010000D0001499
     110       0       0       1       0                               0D0001500
     110    1702       0       0       0       0       0       000010000D0001501
     110       0       0       1       0                               0D0001502
     102    1703       0       0       0       0       0       000010000D0001503
     102       0       0       1       0                               0D0001504
     110    1704       0       0       0       0       0       000010000D0001505
     110       0       0       1       0                               0D0001506
     100    1705       0       0       0       0    1509       000010000D0001507
     100       0       0       1       0                               0D0001508
     124    1706       0       0       0       0       0       000000000D0001509
     124       0       0       1       0                               0D0001510
     110    1707       0       0       0       0       0       000010000D0001511
     110       0       0       1       0                               0D0001512
     100    1708       0       0       0       0    1515       000010000D0001513
     100       0       0       1       0                               0D0001514
     124    1709       0       0       0       0       0       000000000D0001515
     124       0       0       2       0                               0D0001516
     110    1711       0       0       0       0       0       000010000D0001517
     110       0       0       1       0                               0D0001518
     110    1712       0       0       0       0       0       000010000D0001519
     110       0       0       1       0                               0D0001520
     144    1713       0       0       0       0       0       000020000D0001521
     144       0   -3177       1       0                               0D0001522
     120    1714       0       0       0       0    1525       000010000D0001523
     120       0       0       1       0                               0D0001524
     124    1715       0       0       0       0       0       000000000D0001525
     124       0       0       1       0                               0D0001526
     110    1716       0       0       0       0       0       000010000D0001527
     110       0       0       1       0                               0D0001528
     100    1717       0       0       0       0    1531       000010000D0001529
     100       0       0       1       0                               0D0001530
     124    1718       0       0       0       0       0       000000000D0001531
     124       0       0       1       0                               0D0001532
     142    1719       0       0       0       0       0       000010500D0001533
     142       0       0       1       0                               0D0001534
     102    1720       0       0       0       0       0       000010000D0001535
     102       0       0       1       0                               0D0001536
     126    1721       0       0       0       0       0       000010000D0001537
     126       0       0      19       0                               0D0001538
     110    1740       0       0       0       0       0       000010000D0001539
     110       0       0       1       0                               0D0001540
     110    1741       0       0       0       0       0       000010000D0001541
     110       0       0       2       0                               0D0001542
     102    1743       0       0       0       0       0       000010000D0001543
     102       0       0       1       0                               0D0001544
     100    1744       0       0       0       0    1547       000010000D0001545
     100       0       0       1       0                               0D0001546
     124    1745       0       0       0       0       0       000000000D0001547
     124       0       0       1       0                               0D0001548
     100    1746       0       0       0       0    1551       000010000D0001549
     100       0       0       1       0                               0D0001550
     124    1747       0       0       0       0       0       000000000D0001551
     124       0       0       1       0                               0D0001552
     100    1748       0       0       0       0    1555       000010000D0001553
     100       0       0       1       0                               0D0001554
     124    1749       0       0       0       0       0       000000000D0001555
     124       0       0       1       0                               0D0001556
     144    1750       0       0       0       0       0       000020000D0001557
     144       0   -3177       1       0                               0D0001558
     120    1751       0       0       0       0    1561       000010000D0001559
     120       0       0       1       0                               0D0001560
     124    1752       0       0       0       0       0       000000000D0001561
     124       0       0       1       0                               0D0001562
     110    1753       0       0       0       0       0       000010000D0001563
     110       0       0       1       0                               0D0001564
     100    1754       0       0       0       0    1567       000010000D0001565
     100       0       0       1       0                               0D0001566
     124    1755       0       0       0       0       0       000000000D0001567
     124       0       0       1       0                               0D0001568
     142    1756       0       0       0       0       0       000010500D0001569
     142       0       0       1       0                               0D0001570
     102    1757       0       0       0       0       0       000010000D0001571
     102       0       0       1       0                               0D0001572
     126    1758       0       0       0       0       0       000010000D0001573
     126       0       0      20       0                               0D0001574
     110    1778       0       0       0       0       0       000010000D0001575
     110       0       0       2       0                               0D0001576
     126    1780       0       0       0       0       0       000010000D0001577
     126       0       0      21       0                               0D0001578
     102    1801       0       0       0       0       0       000010000D0001579
     102       0       0       1       0                               0D0001580
     100    1802       0       0       0       0    1583       000010000D0001581
     100       0       0       2       0                               0D0001582
     124    1804       0       0       0       0       0       000000000D0001583
     124       0       0       1       0                               0D0001584
     100    1805       0       0       0       0    1587       000010000D0001585
     100       0       0       1       0                               0D0001586
     124    1806       0       0       0       0       0       000000000D0001587
     124       0       0       1       0                               0D0001588
     100    1807       0       0       0       0    1591       000010000D0001589
     100       0       0       1       0                               0D0001590
     124    1808       0       0       0       0       0       000000000D0001591
     124       0       0       1       0                               0D0001592
     144    1809       0       0       0       0       0       000020000D0001593
     144       0   -3177       1       0                               0D0001594
     120    1810       0       0       0       0    1597       000010000D0001595
     120       0       0       1       0                               0D0001596
     124    1811       0       0       0       0       0       000000000D0001597
     124       0       0       1       0                               0D0001598
     110    1812       0       0       0       0       0       000010000D0001599
     110       0       0       1       0                               0D0001600
     100    1813       0       0       0       0    1603       000010000D0001601
     100       0       0       1       0                               0D0001602
     124    1814       0       0       0       0       0       000000000D0001603
     124       0       0       1       0                               0D0001604
     142    1815       0       0       0       0       0       000010500D0001605
     142       0       0       1       0                               0D0001606
     102    1816       0       0       0       0       0       000010000D0001607
     102       0       0       1       0                               0D0001608
     110    1817       0       0       0       0       0       000010000D0001609
     110       0       0       2       0                               0D0001610
     110    1819       0       0       0       0       0       000010000D0001611
     110       0       0       1       0                               0D0001612
     126    1820       0       0       0       0       0       000010000D0001613
     126       0       0      20       0                               0D0001614
     102    1840       0       0       0       0       0       000010000D0001615
     102       0       0       1       0                               0D0001616
     100    1841       0       0       0       0    1619       000010000D0001617
     100       0       0       2       0                               0D0001618
     124    1843       0       0       0       0       0       000000000D0001619
     124       0       0       1       0                               0D0001620
     100    1844       0       0       0       0    1623       000010000D0001621
     100       0       0       2       0                               0D0001622
     124    1846       0       0       0       0       0       000000000D0001623
     124       0       0       1       0                               0D0001624
     100    1847       0       0       0       0    1627       000010000D0001625
     100       0       0       2       0                               0D0001626
     124    1849       0       0       0       0       0       000000000D0001627
     124       0       0       1       0                               0D0001628
     144    1850       0       0       0       0       0       000020000D0001629
     144       0   -3177       1       0                               0D0001630
     120    1851       0       0       0       0    1633       000010000D0001631
     120       0       0       1       0                               0D0001632
     124    1852       0       0       0       0       0       000000000D0001633
     124       0       0       1       0                               0D0001634
     110    1853       0       0       0       0       0       000010000D0001635
     110       0       0       1       0                               0D0001636
     100    1854       0       0       0       0    1639       000010000D0001637
     100       0       0       2       0                               0D0001638
     124    1856       0       0       0       0       0       000000000D0001639
     124       0       0       1       0                               0D0001640
     142    1857       0       0       0       0       0       000010500D0001641
     142       0       0       1       0                               0D0001642
     102    1858       0       0       0       0       0       000010000D0001643
     102       0       0       1       0                               0D0001644
     126    1859       0       0       0       0       0       000010000D0001645
     126       0       0      21       0                               0D0001646
     126    1880       0       0       0       0       0       000010000D0001647
     126       0       0      21       0                               0D0001648
     126    1901       0       0       0       0       0       000010000D0001649
     126       0       0      21       0                               0D0001650
     102    1922       0       0       0       0       0       000010000D0001651
     102       0       0       1       0                               0D0001652
     100    1923       0       0       0       0    1655       000010000D0001653
     100       0       0       1       0                               0D0001654
     124    1924       0       0       0       0       0       000000000D0001655
     124       0       0       2       0                               0D0001656
     100    1926       0       0       0       0    1659       000010000D0001657
     100       0       0       1       0                               0D0001658
     124    1927       0       0       0       0       0       000000000D0001659
     124       0       0       1       0                               0D0001660
     100    1928       0       0       0       0    1663       000010000D0001661
     100       0       0       1       0                               0D0001662
     124    1929       0       0       0       0       0       000000000D0001663
     124       0       0       1       0                               0D0001664
     144    1930       0       0       0       0       0       000020000D0001665
     144       0   -3177       1       0                               0D0001666
     120    1931       0       0       0       0    1669       000010000D0001667
     120       0       0       1       0                               0D0001668
     124    1932       0       0       0       0       0       000000000D0001669
     124       0       0       1       0                               0D0001670
     110    1933       0       0       0       0       0       000010000D0001671
     110       0       0       1       0                               0D0001672
     110    1934       0       0       0       0       0       000010000D0001673
     110       0       0       1       0                               0D0001674
     142    1935       0       0       0       0       0       000010500D0001675
     142       0       0       1       0                               0D0001676
     102    1936       0       0       0       0       0       000010000D0001677
     102       0       0       1       0                               0D0001678
     110    1937       0       0       0       0       0       000010000D0001679
     110       0       0       2       0                               0D0001680
     126    1939       0       0       0       0       0       000010000D0001681
     126       0       0      21       0                               0D0001682
     126    1960       0       0       0       0       0       000010000D0001683
     126       0       0      21       0                               0D0001684
     110    1981       0       0       0       0       0       000010000D0001685
     110       0       0       1       0                               0D0001686
     126    1982       0       0       0       0       0       000010000D0001687
     126       0       0      21       0                               0D0001688
     126    2003       0       0       0       0       0       000010000D0001689
     126       0       0      20       0                               0D0001690
     110    2023       0       0       0       0       0       000010000D0001691
     110       0       0       1       0                               0D0001692
     110    2024       0       0       0       0       0       000010000D0001693
     110       0       0       1       0                               0D0001694
     102    2025       0       0       0       0       0       000010000D0001695
     102       0       0       1       0                               0D0001696
     100    2026       0       0       0       0    1699       000010000D0001697
     100       0       0       1       0                               0D0001698
     124    2027       0       0       0       0       0       000000000D0001699
     124       0       0       1       0                               0D0001700
     126    2028       0       0       0       0       0       000010000D0001701
     126       0       0       6       0                               0D0001702
     126    2034       0       0       0       0       0       000010000D0001703
     126       0       0      11       0                               0D0001704
     110    2045       0       0       0       0       0       000010000D0001705
     110       0       0       1       0                               0D0001706
     126    2046       0       0       0       0       0       000010000D0001707
     126       0       0      12       0                               0D0001708
     126    2058       0       0       0       0       0       000010000D0001709
     126       0       0       6       0                               0D0001710
     100    2064       0       0       0       0    1713       000010000D0001711
     100       0       0       1       0                               0D0001712
     124    2065       0       0       0       0       0       000000000D0001713
     124       0       0       1       0                               0D0001714
     110    2066       0       0       0       0       0       000010000D0001715
     110       0       0       1       0                               0D0001716
     144    2067       0       0       0       0       0       000020000D0001717
     144       0   -3177       1       0                               0D0001718
     120    2068       0       0       0       0    1721       000010000D0001719
     120       0       0       1       0                               0D0001720
     124    2069       0       0       0       0       0       000000000D0001721
     124       0       0       1       0                               0D0001722
     110    2070       0       0       0       0       0       000010000D0001723
     110       0       0       1       0                               0D0001724
     110    2071       0       0       0       0       0       000010000D0001725
     110       0       0       1       0                               0D0001726
     142    2072       0       0       0       0       0       000010500D0001727
     142       0       0       1       0                               0D0001728
     102    2073       0       0       0       0       0       000010000D0001729
     102       0       0       1       0                               0D0001730
     110    2074       0       0       0       0       0       000010000D0001731
     110       0       0       1       0                               0D0001732
     110    2075       0       0       0       0       0       000010000D0001733
     110       0       0       1       0                               0D0001734
     110    2076       0       0       0       0       0       000010000D0001735
     110       0       0       2       0                               0D0001736
     110    2078       0       0       0       0       0       000010000D0001737
     110       0       0       1       0                               0D0001738
     102    2079       0       0       0       0       0       000010000D0001739
     102       0       0       1       0                               0D0001740
     100    2080       0       0       0       0    1743       000010000D0001741
     100       0       0       1       0                               0D0001742
     124    2081       0       0       0       0       0       000000000D0001743
     124       0       0       1       0                               0D0001744
     110    2082       0       0       0       0       0       000010000D0001745
     110       0       0       1       0                               0D0001746
     100    2083       0       0       0       0    1749       000010000D0001747
     100       0       0       1       0                               0D0001748
     124    2084       0       0       0       0       0       000000000D0001749
     124       0       0       1       0                               0D0001750
     110    2085       0       0       0       0       0       000010000D0001751
     110       0       0       1       0                               0D0001752
     144    2086       0       0       0       0       0       000020000D0001753
     144       0   -3177       1       0                               0D0001754
     120    2087       0       0       0       0    1757       000010000D0001755
     120       0       0       1       0                               0D0001756
     124    2088       0       0       0       0       0       000000000D0001757
     124       0       0       1       0                               0D0001758
     110    2089       0       0       0       0       0       000010000D0001759
     110       0       0       1       0                               0D0001760
     110    2090       0       0       0       0       0       000010000D0001761
     110       0       0       1       0                               0D0001762
     142    2091       0       0       0       0       0       000010500D0001763
     142       0       0       1       0                               0D0001764
     102    2092       0       0       0       0       0       000010000D0001765
     102       0       0       1       0                               0D0001766
     110    2093       0       0       0       0       0       000010000D0001767
     110       0       0       1       0                               0D0001768
     110    2094       0       0       0       0       0       000010000D0001769
     110       0       0       1       0                               0D0001770
     110    2095       0       0       0       0       0       000010000D0001771
     110       0       0       2       0                               0D0001772
     110    2097       0       0       0       0       0       000010000D0001773
     110       0       0       1       0                               0D0001774
     102    2098       0       0       0       0       0       000010000D0001775
     102       0       0       1       0                               0D0001776
     100    2099       0       0       0       0    1779       000010000D0001777
     100       0       0       1       0                               0D0001778
     124    2100       0       0       0       0       0       000000000D0001779
     124       0       0       1       0                               0D0001780
     110    2101       0       0       0       0       0       000010000D0001781
     110       0       0       1       0                               0D0001782
     100    2102       0       0       0       0    1785       000010000D0001783
     100       0       0       2       0                               0D0001784
     124    2104       0       0       0       0       0       000000000D0001785
     124       0       0       1       0                               0D0001786
     110    2105       0       0       0       0       0       000010000D0001787
     110       0       0       1       0                               0D0001788
     144    2106       0       0       0       0       0       000020000D0001789
     144       0   -3177       1       0                               0D0001790
     120    2107       0       0       0       0    1793       000010000D0001791
     120       0       0       1       0                               0D0001792
     124    2108       0       0       0       0       0       000000000D0001793
     124       0       0       1       0                               0D0001794
     110    2109       0       0       0       0       0       000010000D0001795
     110       0       0       1       0                               0D0001796
     110    2110       0       0       0       0       0       000010000D0001797
     110       0       0       1       0                               0D0001798
     142    2111       0       0       0       0       0       000010500D0001799
     142       0       0       1       0                               0D0001800
     102    2112       0       0       0       0       0       000010000D0001801
     102       0       0       1       0                               0D0001802
     110    2113       0       0       0       0       0       000010000D0001803
     110       0       0       2       0                               0D0001804
     110    2115       0       0       0       0       0       000010000D0001805
     110       0       0       1       0                               0D0001806
     110    2116       0       0       0       0       0       000010000D0001807
     110       0       0       1       0                               0D0001808
     126    2117       0       0       0       0       0       000010000D0001809
     126       0       0      20       0                               0D0001810
     126    2137       0       0       0       0       0       000010000D0001811
     126       0       0      21       0                               0D0001812
     110    2158       0       0       0       0       0       000010000D0001813
     110       0       0       1       0                               0D0001814
     126    2159       0       0       0       0       0       000010000D0001815
     126       0       0      21       0                               0D0001816
     126    2180       0       0       0       0       0       000010000D0001817
     126       0       0      21       0                               0D0001818
     102    2201       0       0       0       0       0       000010000D0001819
     102       0       0       1       0                               0D0001820
     100    2202       0       0       0       0    1823       000010000D0001821
     100       0       0       1       0                               0D0001822
     124    2203       0       0       0       0       0       000000000D0001823
     124       0       0       1       0                               0D0001824
     110    2204       0       0       0       0       0       000010000D0001825
     110       0       0       1       0                               0D0001826
     100    2205       0       0       0       0    1829       000010000D0001827
     100       0       0       1       0                               0D0001828
     124    2206       0       0       0       0       0       000000000D0001829
     124       0       0       1       0                               0D0001830
     126    2207       0       0       0       0       0       000010000D0001831
     126       0       0       6       0                               0D0001832
     126    2213       0       0       0       0       0       000010000D0001833
     126       0       0      12       0                               0D0001834
     110    2225       0       0       0       0       0       000010000D0001835
     110       0       0       1       0                               0D0001836
     126    2226       0       0       0       0       0       000010000D0001837
     126       0       0      11       0                               0D0001838
     126    2237       0       0       0       0       0       000010000D0001839
     126       0       0       6       0                               0D0001840
     144    2243       0       0       0       0       0       000020000D0001841
     144       0   -3177       1       0                               0D0001842
     120    2244       0       0       0       0    1845       000010000D0001843
     120       0       0       1       0                               0D0001844
     124    2245       0       0       0       0       0       000000000D0001845
     124       0       0       1       0                               0D0001846
     110    2246       0       0       0       0       0       000010000D0001847
     110       0       0       1       0                               0D0001848
     100    2247       0       0       0       0    1851       000010000D0001849
     100       0       0       1       0                               0D0001850
     124    2248       0       0       0       0       0       000000000D0001851
     124       0       0       1       0                               0D0001852
     142    2249       0       0       0       0       0       000010500D0001853
     142       0       0       1       0                               0D0001854
     102    2250       0       0       0       0       0       000010000D0001855
     102       0       0       1       0                               0D0001856
     126    2251       0       0       0       0       0       000010000D0001857
     126       0       0      20       0                               0D0001858
     110    2271       0       0       0       0       0       000010000D0001859
     110       0       0       2       0                               0D0001860
     110    2273       0       0       0       0       0       000010000D0001861
     110       0       0       1       0                               0D0001862
     102    2274       0       0       0       0       0       000010000D0001863
     102       0       0       1       0                               0D0001864
     100    2275       0       0       0       0    1867       000010000D0001865
     100       0       0       1       0                               0D0001866
     124    2276       0       0       0       0       0       000000000D0001867
     124       0       0       1       0                               0D0001868
     100    2277       0       0       0       0    1871       000010000D0001869
     100       0       0       1       0                               0D0001870
     124    2278       0       0       0       0       0       000000000D0001871
     124       0       0       1       0                               0D0001872
     100    2279       0       0       0       0    1875       000010000D0001873
     100       0       0       1       0                               0D0001874
     124    2280       0       0       0       0       0       000000000D0001875
     124       0       0       1       0                               0D0001876
     144    2281       0       0       0       0       0       000020000D0001877
     144       0   -3177       1       0                               0D0001878
     120    2282       0       0       0       0    1881       000010000D0001879
     120       0       0       1       0                               0D0001880
     124    2283       0       0       0       0       0       000000000D0001881
     124       0       0       1       0                               0D0001882
     110    2284       0       0       0       0       0       000010000D0001883
     110       0       0       1       0                               0D0001884
     100    2285       0       0       0       0    1887       000010000D0001885
     100       0       0       2       0                               0D0001886
     124    2287       0       0       0       0       0       000000000D0001887
     124       0       0       1       0                               0D0001888
     142    2288       0       0       0       0       0       000010500D0001889
     142       0       0       1       0                               0D0001890
     102    2289       0       0       0       0       0       000010000D0001891
     102       0       0       1       0                               0D0001892
     126    2290       0       0       0       0       0       000010000D0001893
     126       0       0      22       0                               0D0001894
     110    2312       0       0       0       0       0       000010000D0001895
     110       0       0       1       0                               0D0001896
     126    2313       0       0       0       0       0       000010000D0001897
     126       0       0      21       0                               0D0001898
     102    2334       0       0       0       0       0       000010000D0001899
     102       0       0       1       0                               0D0001900
     100    2335       0       0       0       0    1903       000010000D0001901
     100       0       0       1       0                               0D0001902
     124    2336       0       0       0       0       0       000000000D0001903
     124       0       0       1       0                               0D0001904
     100    2337       0       0       0       0    1907       000010000D0001905
     100       0       0       2       0                               0D0001906
     124    2339       0       0       0       0       0       000000000D0001907
     124       0       0       1       0                               0D0001908
     100    2340       0       0       0       0    1911       000010000D0001909
     100       0       0       1       0                               0D0001910
     124    2341       0       0       0       0       0       000000000D0001911
     124       0       0       2       0                               0D0001912
     144    2343       0       0       0       0       0       000020000D0001913
     144       0   -3177       1       0                               0D0001914
     120    2344       0       0       0       0    1917       000010000D0001915
     120       0       0       1       0                               0D0001916
     124    2345       0       0       0       0       0       000000000D0001917
     124       0       0       1       0                               0D0001918
     110    2346       0       0       0       0       0       000010000D0001919
     110       0       0       1       0                               0D0001920
     110    2347       0       0       0       0       0       000010000D0001921
     110       0       0       1       0                               0D0001922
     142    2348       0       0       0       0       0       000010500D0001923
     142       0       0       1       0                               0D0001924
     102    2349       0       0       0       0       0       000010000D0001925
     102       0       0       1       0                               0D0001926
     110    2350       0       0       0       0       0       000010000D0001927
     110       0       0       1       0                               0D0001928
     126    2351       0       0       0       0       0       000010000D0001929
     126       0       0      21       0                               0D0001930
     126    2372       0       0       0       0       0       000010000D0001931
     126       0       0      21       0                               0D0001932
     102    2393       0       0       0       0       0       000010000D0001933
     102       0       0       1       0                               0D0001934
     110    2394       0       0       0       0       0       000010000D0001935
     110       0       0       1       0                               0D0001936
     126    2395       0       0       0       0       0       000010000D0001937
     126       0       0      12       0                               0D0001938
     126    2407       0       0       0       0       0       000010000D0001939
     126       0       0       7       0                               0D0001940
     144    2414       0       0       0       0       0       000020000D0001941
     144       0   -3179       1       0                               0D0001942
     120    2415       0       0       0       0    1945       000010000D0001943
     120       0       0       1       0                               0D0001944
     124    2416       0       0       0       0       0       000000000D0001945
     124       0       0       1       0                               0D0001946
     110    2417       0       0       0       0       0       000010000D0001947
     110       0       0       1       0                               0D0001948
     110    2418       0       0       0       0       0       000010000D0001949
     110       0       0       1       0                               0D0001950
     142    2419       0       0       0       0       0       000010500D0001951
     142       0       0       1       0                               0D0001952
     102    2420       0       0       0       0       0       000010000D0001953
     102       0       0       1       0                               0D0001954
     126    2421       0       0       0       0       0       000010000D0001955
     126       0       0      21       0                               0D0001956
     110    2442       0       0       0       0       0       000010000D0001957
     110       0       0       1       0                               0D0001958
     126    2443       0       0       0       0       0       000010000D0001959
     126       0       0      21       0                               0D0001960
     126    2464       0       0       0       0       0       000010000D0001961
     126       0       0      21       0                               0D0001962
     110    2485       0       0       0       0       0       000010000D0001963
     110       0       0       1       0                               0D0001964
     126    2486       0       0       0       0       0       000010000D0001965
     126       0       0      21       0                               0D0001966
     102    2507       0       0       0       0       0       000010000D0001967
     102       0       0       1       0                               0D0001968
     126    2508       0       0       0       0       0       000010000D0001969
     126       0       0      12       0                               0D0001970
     110    2520       0       0       0       0       0       000010000D0001971
     110       0       0       1       0                               0D0001972
     126    2521       0       0       0       0       0       000010000D0001973
     126       0       0      12       0                               0D0001974
     126    2533       0       0       0       0       0       000010000D0001975
     126       0       0      12       0                               0D0001976
     110    2545       0       0       0       0       0       000010000D0001977
     110       0       0       1       0                               0D0001978
     126    2546       0       0       0       0       0       000010000D0001979
     126       0       0      12       0                               0D0001980
     144    2558       0       0       0       0       0       000020000D0001981
     144       0   -3179       1       0                               0D0001982
     120    2559       0       0       0       0    1985       000010000D0001983
     120       0       0       1       0                               0D0001984
     124    2560       0       0       0       0       0       000000000D0001985
     124       0       0       1       0                               0D0001986
     110    2561       0       0       0       0       0       000010000D0001987
     110       0       0       1       0                               0D0001988
     110    2562       0       0       0       0       0       000010000D0001989
     110       0       0       1       0                               0D0001990
     142    2563       0       0       0       0       0       000010500D0001991
     142       0       0       1       0                               0D0001992
     102    2564       0       0       0       0       0       000010000D0001993
     102       0       0       1       0                               0D0001994
     126    2565       0       0       0       0       0       000010000D0001995
     126       0       0      21       0                               0D0001996
     110    2586       0       0       0       0       0       000010000D0001997
     110       0       0       1       0                               0D0001998
     126    2587       0       0       0       0       0       000010000D0001999
     126       0       0      21       0                               0D0002000
     126    2608       0       0       0       0       0       000010000D0002001
     126       0       0      21       0                               0D0002002
     110    2629       0       0       0       0       0       000010000D0002003
     110       0       0       1       0                               0D0002004
     126    2630       0       0       0       0       0       000010000D0002005
     126       0       0      21       0                               0D0002006
     102    2651       0       0       0       0       0       000010000D0002007
     102       0       0       1       0                               0D0002008
     126    2652       0       0       0       0       0       000010000D0002009
     126       0       0      12       0                               0D0002010
     110    2664       0       0       0       0       0       000010000D0002011
     110       0       0       1       0                               0D0002012
     126    2665       0       0       0       0       0       000010000D0002013
     126       0       0      12       0                               0D0002014
     126    2677       0       0       0       0       0       000010000D0002015
     126       0       0      12       0                               0D0002016
     110    2689       0       0       0       0       0       000010000D0002017
     110       0       0       1       0                               0D0002018
     126    2690       0       0       0       0       0       000010000D0002019
     126       0       0      12       0                               0D0002020
     144    2702       0       0       0       0       0       000020000D0002021
     144       0   -3179       1       0                               0D0002022
     120    2703       0       0       0       0    2025       000010000D0002023
     120       0       0       1       0                               0D0002024
     124    2704       0       0       0       0       0       000000000D0002025
     124       0       0       1       0                               0D0002026
     110    2705       0       0       0       0       0       000010000D0002027
     110       0       0       1       0                               0D0002028
     110    2706       0       0       0       0       0       000010000D0002029
     110       0       0       1       0                               0D0002030
     142    2707       0       0       0       0       0       000010500D0002031
     142       0       0       1       0                               0D0002032
     102    2708       0       0       0       0       0       000010000D0002033
     102       0       0       1       0                               0D0002034
     126    2709       0       0       0       0       0       000010000D0002035
     126       0       0      21       0                               0D0002036
     110    2730       0       0       0       0       0       000010000D0002037
     110       0       0       1       0                               0D0002038
     126    2731       0       0       0       0       0       000010000D0002039
     126       0       0      20       0                               0D0002040
     126    2751       0       0       0       0       0       000010000D0002041
     126       0       0      21       0                               0D0002042
     110    2772       0       0       0       0       0       000010000D0002043
     110       0       0       1       0                               0D0002044
     126    2773       0       0       0       0       0       000010000D0002045
     126       0       0      21       0                               0D0002046
     102    2794       0       0       0       0       0       000010000D0002047
     102       0       0       1       0                               0D0002048
     126    2795       0       0       0       0       0       000010000D0002049
     126       0       0      11       0                               0D0002050
     110    2806       0       0       0       0       0       000010000D0002051
     110       0       0       1       0                               0D0002052
     126    2807       0       0       0       0       0       000010000D0002053
     126       0       0      10       0                               0D0002054
     126    2817       0       0       0       0       0       000010000D0002055
     126       0       0      11       0                               0D0002056
     110    2828       0       0       0       0       0       000010000D0002057
     110       0       0       1       0                               0D0002058
     126    2829       0       0       0       0       0       000010000D0002059
     126       0       0      11       0                               0D0002060
     144    2840       0       0       0       0       0       000020000D0002061
     144       0   -3179       1       0                               0D0002062
     120    2841       0       0       0       0    2065       000010000D0002063
     120       0       0       1       0                               0D0002064
     124    2842       0       0       0       0       0       000000000D0002065
     124       0       0       1       0                               0D0002066
     110    2843       0       0       0       0       0       000010000D0002067
     110       0       0       1       0                               0D0002068
     110    2844       0       0       0       0       0       000010000D0002069
     110       0       0       1       0                               0D0002070
     142    2845       0       0       0       0       0       000010500D0002071
     142       0       0       1       0                               0D0002072
     102    2846       0       0       0       0       0       000010000D0002073
     102       0       0       1       0                               0D0002074
     126    2847       0       0       0       0       0       000010000D0002075
     126       0       0      21       0                               0D0002076
     110    2868       0       0       0       0       0       000010000D0002077
     110       0       0       1       0                               0D0002078
     126    2869       0       0       0       0       0       000010000D0002079
     126       0       0      21       0                               0D0002080
     126    2890       0       0       0       0       0       000010000D0002081
     126       0       0      21       0                               0D0002082
     110    2911       0       0       0       0       0       000010000D0002083
     110       0       0       1       0                               0D0002084
     126    2912       0       0       0       0       0       000010000D0002085
     126       0       0      20       0                               0D0002086
     102    2932       0       0       0       0       0       000010000D0002087
     102       0       0       1       0                               0D0002088
     126    2933       0       0       0       0       0       000010000D0002089
     126       0       0      12       0                               0D0002090
     110    2945       0       0       0       0       0       000010000D0002091
     110       0       0       1       0                               0D0002092
     126    2946       0       0       0       0       0       000010000D0002093
     126       0       0      12       0                               0D0002094
     126    2958       0       0       0       0       0       000010000D0002095
     126       0       0      12       0                               0D0002096
     110    2970       0       0       0       0       0       000010000D0002097
     110       0       0       1       0                               0D0002098
     126    2971       0       0       0       0       0       000010000D0002099
     126       0       0      12       0                               0D0002100
     402    2983       0       0       0       0       0       000020000D0002101
     402       0       0       2       1                               0D0002102
     144    2985       0       0       0       0       0       000020000D0002103
     144       0   -3175       1       0                               0D0002104
     108    2986       0       0       0       0       0       000010000D0002105
     108       0       0       2       0                               0D0002106
     142    2988       0       0       0       0       0       000010500D0002107
     142       0       0       1       0                               0D0002108
     102    2989       0       0       0       0       0       000010000D0002109
     102       0       0       1       0                               0D0002110
     110    2990       0       0       0       0       0       000010000D0002111
     110       0       0       2       0                               0D0002112
     110    2992       0       0       0       0       0       000010000D0002113
     110       0       0       2       0                               0D0002114
     110    2994       0       0       0       0       0       000010000D0002115
     110       0       0       2       0                               0D0002116
     110    2996       0       0       0       0       0       000010000D0002117
     110       0       0       2       0                               0D0002118
     144    2998       0       0       0       0       0       000020000D0002119
     144       0   -3175       1       0                               0D0002120
     108    2999       0       0       0       0       0       000010000D0002121
     108       0       0       2       0                               0D0002122
     142    3001       0       0       0       0       0       000010500D0002123
     142       0       0       1       0                               0D0002124
     102    3002       0       0       0       0       0       000010000D0002125
     102       0       0       1       0                               0D0002126
     110    3003       0       0       0       0       0       000010000D0002127
     110       0       0       2       0                               0D0002128
     110    3005       0       0       0       0       0       000010000D0002129
     110       0       0       2       0                               0D0002130
     110    3007       0       0       0       0       0       000010000D0002131
     110       0       0       2       0                               0D0002132
     110    3009       0       0       0       0       0       000010000D0002133
     110       0       0       2       0                               0D0002134
     144    3011       0       0       0       0       0       000020000D0002135
     144       0   -3175       1       0                               0D0002136
     108    3012       0       0       0       0       0       000010000D0002137
     108       0       0       2       0                               0D0002138
     142    3014       0       0       0       0       0       000010500D0002139
     142       0       0       1       0                               0D0002140
     102    3015       0       0       0       0       0       000010000D0002141
     102       0       0       1       0                               0D0002142
     110    3016       0       0       0       0       0       000010000D0002143
     110       0       0       1       0                               0D0002144
     110    3017       0       0       0       0       0       000010000D0002145
     110       0       0       1       0                               0D0002146
     110    3018       0       0       0       0       0       000010000D0002147
     110       0       0       1       0                               0D0002148
     110    3019       0       0       0       0       0       000010000D0002149
     110       0       0       2       0                               0D0002150
     144    3021       0       0       0       0       0       000020000D0002151
     144       0   -3175       1       0                               0D0002152
     108    3022       0       0       0       0       0       000010000D0002153
     108       0       0       1       0                               0D0002154
     142    3023       0       0       0       0       0       000010500D0002155
     142       0       0       1       0                               0D0002156
     102    3024       0       0       0       0       0       000010000D0002157
     102       0       0       1       0                               0D0002158
     110    3025       0       0       0       0       0       000010000D0002159
     110       0       0       1       0                               0D0002160
     110    3026       0       0       0       0       0       000010000D0002161
     110       0       0       1       0                               0D0002162
     110    3027       0       0       0       0       0       000010000D0002163
     110       0       0       1       0                               0D0002164
     110    3028       0       0       0       0       0       000010000D0002165
     110       0       0       1       0                               0D0002166
     144    3029       0       0       0       0       0       000020000D0002167
     144       0   -3175       1       0                               0D0002168
     108    3030       0       0       0       0       0       000010000D0002169
     108       0       0       2       0                               0D0002170
     142    3032       0       0       0       0       0       000010500D0002171
     142       0       0       1       0                               0D0002172
     102    3033       0       0       0       0       0       000010000D0002173
     102       0       0       1       0                               0D0002174
     110    3034       0       0       0       0       0       000010000D0002175
     110       0       0       1       0                               0D0002176
     110    3035       0       0       0       0       0       000010000D0002177
     110       0       0       2       0                               0D0002178
     110    3037       0       0       0       0       0       000010000D0002179
     110       0       0       1       0                               0D0002180
     110    3038       0       0       0       0       0       000010000D0002181
     110       0       0       1       0                               0D0002182
     144    3039       0       0       0       0       0       000020000D0002183
     144       0   -3175       1       0                               0D0002184
     108    3040       0       0       0       0       0       000010000D0002185
     108       0       0       2       0                               0D0002186
     142    3042       0       0       0       0       0       000010500D0002187
     142       0       0       1       0                               0D0002188
     102    3043       0       0       0       0       0       000010000D0002189
     102       0       0       1       0                               0D0002190
     110    3044       0       0       0       0       0       000010000D0002191
     110       0       0       2       0                               0D0002192
     110    3046       0       0       0       0       0       000010000D0002193
     110       0       0       2       0                               0D0002194
     110    3048       0       0       0       0       0       000010000D0002195
     110       0       0       2       0                               0D0002196
     110    3050       0       0       0       0       0       000010000D0002197
     110       0       0       2       0                               0D0002198
     144    3052       0       0       0       0       0       000020000D0002199
     144       0   -3175       1       0                               0D0002200
     108    3053       0       0       0       0       0       000010000D0002201
     108       0       0       2       0                               0D0002202
     142    3055       0       0       0       0       0       000010500D0002203
     142       0       0       1       0                               0D0002204
     102    3056       0       0       0       0       0       000010000D0002205
     102       0       0       1       0                               0D0002206
     110    3057       0       0       0       0       0       000010000D0002207
     110       0       0       2       0                               0D0002208
     110    3059       0       0       0       0       0       000010000D0002209
     110       0       0       2       0                               0D0002210
     110    3061       0       0       0       0       0       000010000D0002211
     110       0       0       2       0                               0D0002212
     110    3063       0       0       0       0       0       000010000D0002213
     110       0       0       2       0                               0D0002214
     144    3065       0       0       0       0       0       000020000D0002215
     144       0   -3175       1       0                               0D0002216
     108    3066       0       0       0       0       0       000010000D0002217
     108       0       0       2       0                               0D0002218
     142    3068       0       0       0       0       0       000010500D0002219
     142       0       0       1       0                               0D0002220
     102    3069       0       0       0       0       0       000010000D0002221
     102       0       0       1       0                               0D0002222
     110    3070       0       0       0       0       0       000010000D0002223
     110       0       0       2       0                               0D0002224
     110    3072       0       0       0       0       0       000010000D0002225
     110       0       0       2       0                               0D0002226
     110    3074       0       0       0       0       0       000010000D0002227
     110       0       0       2       0                               0D0002228
     110    3076       0       0       0       0       0       000010000D0002229
     110       0       0       2       0                               0D0002230
     144    3078       0       0       0       0       0       000020000D0002231
     144       0   -3175       1       0                               0D0002232
     108    3079       0       0       0       0       0       000010000D0002233
     108       0       0       2       0                               0D0002234
     142    3081       0       0       0       0       0       000010500D0002235
     142       0       0       1       0                               0D0002236
     102    3082       0       0       0       0       0       000010000D0002237
     102       0       0       1       0                               0D0002238
     110    3083       0       0       0       0       0       000010000D0002239
     110       0       0       1       0                               0D0002240
     110    3084       0       0       0       0       0       000010000D0002241
     110       0       0       1       0                               0D0002242
     110    3085       0       0       0       0       0       000010000D0002243
     110       0       0       1       0                               0D0002244
     110    3086       0       0       0       0       0       000010000D0002245
     110       0       0       2       0                               0D0002246
     144    3088       0       0       0       0       0       000020000D0002247
     144       0   -3175       1       0                               0D0002248
     108    3089       0       0       0       0       0       000010000D0002249
     108       0       0       1       0                               0D0002250
     142    3090       0       0       0       0       0       000010500D0002251
     142       0       0       1       0                               0D0002252
     102    3091       0       0       0       0       0       000010000D0002253
     102       0       0       1       0                               0D0002254
     110    3092       0       0       0       0       0       000010000D0002255
     110       0       0       1       0                               0D0002256
     110    3093       0       0       0       0       0       000010000D0002257
     110       0       0       1       0                               0D0002258
     110    3094       0       0       0       0       0       000010000D0002259
     110       0       0       1       0                               0D0002260
     110    3095       0       0       0       0       0       000010000D0002261
     110       0       0       1       0                               0D0002262
     144    3096       0       0       0       0       0       000020000D0002263
     144       0   -3175       1       0                               0D0002264
     108    3097       0       0       0       0       0       000010000D0002265
     108       0       0       2       0                               0D0002266
     142    3099       0       0       0       0       0       000010500D0002267
     142       0       0       1       0                               0D0002268
     102    3100       0       0       0       0       0       000010000D0002269
     102       0       0       1       0                               0D0002270
     110    3101       0       0       0       0       0       000010000D0002271
     110       0       0       1       0                               0D0002272
     110    3102       0       0       0       0       0       000010000D0002273
     110       0       0       2       0                               0D0002274
     110    3104       0       0       0       0       0       000010000D0002275
     110       0       0       1       0                               0D0002276
     110    3105       0       0       0       0       0       000010000D0002277
     110       0       0       1       0                               0D0002278
     144    3106       0       0       0       0       0       000020000D0002279
     144       0   -3175       1       0                               0D0002280
     108    3107       0       0       0       0       0       000010000D0002281
     108       0       0       2       0                               0D0002282
     142    3109       0       0       0       0       0       000010500D0002283
     142       0       0       1       0                               0D0002284
     102    3110       0       0       0       0       0       000010000D0002285
     102       0       0       1       0                               0D0002286
     110    3111       0       0       0       0       0       000010000D0002287
     110       0       0       2       0                               0D0002288
     110    3113       0       0       0       0       0       000010000D0002289
     110       0       0       2       0                               0D0002290
     110    3115       0       0       0       0       0       000010000D0002291
     110       0       0       2       0                               0D0002292
     110    3117       0       0       0       0       0       000010000D0002293
     110       0       0       2       0                               0D0002294
     144    3119       0       0       0       0       0       000020000D0002295
     144       0   -3175       1       0                               0D0002296
     108    3120       0       0       0       0       0       000010000D0002297
     108       0       0       2       0                               0D0002298
     142    3122       0       0       0       0       0       000010500D0002299
     142       0       0       1       0                               0D0002300
     102    3123       0       0       0       0       0       000010000D0002301
     102       0       0       1       0                               0D0002302
     110    3124       0       0       0       0       0       000010000D0002303
     110       0       0       2       0                               0D0002304
     110    3126       0       0       0       0       0       000010000D0002305
     110       0       0       2       0                               0D0002306
     110    3128       0       0       0       0       0       000010000D0002307
     110       0       0       2       0                               0D0002308
     110    3130       0       0       0       0       0       000010000D0002309
     110       0       0       2       0                               0D0002310
     144    3132       0       0       0       0       0       000020000D0002311
     144       0   -3175       1       0                               0D0002312
     108    3133       0       0       0       0       0       000010000D0002313
     108       0       0       1       0                               0D0002314
     142    3134       0       0       0       0       0       000010500D0002315
     142       0       0       1       0                               0D0002316
     102    3135       0       0       0       0       0       000010000D0002317
     102       0       0       1       0                               0D0002318
     110    3136       0       0       0       0       0       000010000D0002319
     110       0       0       2       0                               0D0002320
     110    3138       0       0       0       0       0       000010000D0002321
     110       0       0       2       0                               0D0002322
     110    3140       0       0       0       0       0       000010000D0002323
     110       0       0       2       0                               0D0002324
     110    3142       0       0       0       0       0       000010000D0002325
     110       0       0       2       0                               0D0002326
     144    3144       0       0       0       0       0       000020000D0002327
     144       0   -3175       1       0                               0D0002328
     108    3145       0       0       0       0       0       000010000D0002329
     108       0       0       2       0                               0D0002330
     142    3147       0       0       0       0       0       000010500D0002331
     142       0       0       1       0                               0D0002332
     102    3148       0       0       0       0       0       000010000D0002333
     102       0       0       1       0                               0D0002334
     110    3149       0       0       0       0       0       000010000D0002335
     110       0       0       2       0                               0D0002336
     110    3151       0       0       0       0       0       000010000D0002337
     110       0       0       2       0                               0D0002338
     110    3153       0       0       0       0       0       000010000D0002339
     110       0       0       2       0                               0D0002340
     110    3155       0       0       0       0       0       000010000D0002341
     110       0       0       2       0                               0D0002342
     144    3157       0       0       0       0       0       000020000D0002343
     144       0   -3175       1       0                               0D0002344
     108    3158       0       0       0       0       0       000010000D0002345
     108       0       0       2       0                               0D0002346
     142    3160       0       0       0       0       0       000010500D0002347
     142       0       0       1       0                               0D0002348
     102    3161       0       0       0       0       0       000010000D0002349
     102       0       0       1       0                               0D0002350
     110    3162       0       0       0       0       0       000010000D0002351
     110       0       0       2       0                               0D0002352
     110    3164       0       0       0       0       0       000010000D0002353
     110       0       0       2       0                               0D0002354
     110    3166       0       0       0       0       0       000010000D0002355
     110       0       0       2       0                               0D0002356
     110    3168       0       0       0       0       0       000010000D0002357
     110       0       0       2       0                               0D0002358
     144    3170       0       0       0       0       0       000020000D0002359
     144       0   -3175       1       0                               0D0002360
     108    3171       0       0       0       0       0       000010000D0002361
     108       0       0       2       0                               0D0002362
     142    3173       0       0       0       0       0       000010500D0002363
     142       0       0       1       0                               0D0002364
     102    3174       0       0       0       0       0       000010000D0002365
     102       0       0       1       0                               0D0002366
     110    3175       0       0       0       0       0       000010000D0002367
     110       0       0       2       0                               0D0002368
     110    3177       0       0       0       0       0       000010000D0002369
     110       0       0       2       0                               0D0002370
     110    3179       0       0       0       0       0       000010000D0002371
     110       0       0       2       0                               0D0002372
     110    3181       0       0       0       0       0       000010000D0002373
     110       0       0       2       0                               0D0002374
     144    3183       0       0       0       0       0       000020000D0002375
     144       0   -3175       1       0                               0D0002376
     108    3184       0       0       0       0       0       000010000D0002377
     108       0       0       1       0                               0D0002378
     142    3185       0       0       0       0       0       000010500D0002379
     142       0       0       1       0                               0D0002380
     102    3186       0       0       0       0       0       000010000D0002381
     102       0       0       2       0                               0D0002382
     110    3188       0       0       0       0       0       000010000D0002383
     110       0       0       2       0                               0D0002384
     110    3190       0       0       0       0       0       000010000D0002385
     110       0       0       2       0                               0D0002386
     110    3192       0       0       0       0       0       000010000D0002387
     110       0       0       1       0                               0D0002388
     110    3193       0       0       0       0       0       000010000D0002389
     110       0       0       1       0                               0D0002390
     110    3194       0       0       0       0       0       000010000D0002391
     110       0       0       1       0                               0D0002392
     110    3195       0       0       0       0       0       000010000D0002393
     110       0       0       2       0                               0D0002394
     110    3197       0       0       0       0       0       000010000D0002395
     110       0       0       2       0                               0D0002396
     110    3199       0       0       0       0       0       000010000D0002397
     110       0       0       2       0                               0D0002398
     110    3201       0       0       0       0       0       000010000D0002399
     110       0       0       1       0                               0D0002400
     110    3202       0       0       0       0       0       000010000D0002401
     110       0       0       1       0                               0D0002402
     110    3203       0       0       0       0       0       000010000D0002403
     110       0       0       1       0                               0D0002404
     110    3204       0       0       0       0       0       000010000D0002405
     110       0       0       2       0                               0D0002406
     110    3206       0       0       0       0       0       000010000D0002407
     110       0       0       2       0                               0D0002408
     110    3208       0       0       0       0       0       000010000D0002409
     110       0       0       2       0                               0D0002410
     110    3210       0       0       0       0       0       000010000D0002411
     110       0       0       2       0                               0D0002412
     110    3212       0       0       0       0       0       000010000D0002413
     110       0       0       2       0                               0D0002414
     110    3214       0       0       0       0       0       000010000D0002415
     110       0       0       2       0                               0D0002416
     144    3216       0       0       0       0       0       000020000D0002417
     144       0   -3175       1       0                               0D0002418
     108    3217       0       0       0       0       0       000010000D0002419
     108       0       0       2       0                               0D0002420
     142    3219       0       0       0       0       0       000010500D0002421
     142       0       0       1       0                               0D0002422
     102    3220       0       0       0       0       0       000010000D0002423
     102       0       0       2       0                               0D0002424
     110    3222       0       0       0       0       0       000010000D0002425
     110       0       0       2       0                               0D0002426
     110    3224       0       0       0       0       0       000010000D0002427
     110       0       0       2       0                               0D0002428
     110    3226       0       0       0       0       0       000010000D0002429
     110       0       0       2       0                               0D0002430
     110    3228       0       0       0       0       0       000010000D0002431
     110       0       0       2       0                               0D0002432
     110    3230       0       0       0       0       0       000010000D0002433
     110       0       0       2       0                               0D0002434
     110    3232       0       0       0       0       0       000010000D0002435
     110       0       0       2       0                               0D0002436
     110    3234       0       0       0       0       0       000010000D0002437
     110       0       0       2       0                               0D0002438
     110    3236       0       0       0       0       0       000010000D0002439
     110       0       0       1       0                               0D0002440
     110    3237       0       0       0       0       0       000010000D0002441
     110       0       0       1       0                               0D0002442
     110    3238       0       0       0       0       0       000010000D0002443
     110       0       0       1       0                               0D0002444
     110    3239       0       0       0       0       0       000010000D0002445
     110       0       0       2       0                               0D0002446
     110    3241       0       0       0       0       0       000010000D0002447
     110       0       0       2       0                               0D0002448
     110    3243       0       0       0       0       0       000010000D0002449
     110       0       0       2       0                               0D0002450
     110    3245       0       0       0       0       0       000010000D0002451
     110       0       0       1       0                               0D0002452
     110    3246       0       0       0       0       0       000010000D0002453
     110       0       0       1       0                               0D0002454
     110    3247       0       0       0       0       0       000010000D0002455
     110       0       0       1       0                               0D0002456
     110    3248       0       0       0       0       0       000010000D0002457
     110       0       0       2       0                               0D0002458
     402    3250       0       0       0       0       0       000020000D0002459
     402       0       0       3       1                               0D0002460
     144    3253       0       0       0       0       0       000020000D0002461
     144       0   -3175       1       0                               0D0002462
     108    3254       0       0       0       0       0       000010000D0002463
     108       0       0       2       0                               0D0002464
     142    3256       0       0       0       0       0       000010500D0002465
     142       0       0       1       0                               0D0002466
     102    3257       0       0       0       0       0       000010000D0002467
     102       0       0       1       0                               0D0002468
     110    3258       0       0       0       0       0       000010000D0002469
     110       0       0       2       0                               0D0002470
     110    3260       0       0       0       0       0       000010000D0002471
     110       0       0       2       0                               0D0002472
     110    3262       0       0       0       0       0       000010000D0002473
     110       0       0       2       0                               0D0002474
     110    3264       0       0       0       0       0       000010000D0002475
     110       0       0       2       0                               0D0002476
     144    3266       0       0       0       0       0       000020000D0002477
     144       0   -3175       1       0                               0D0002478
     108    3267       0       0       0       0       0       000010000D0002479
     108       0       0       2       0                               0D0002480
     142    3269       0       0       0       0       0       000010500D0002481
     142       0       0       1       0                               0D0002482
     102    3270       0       0       0       0       0       000010000D0002483
     102       0       0       1       0                               0D0002484
     110    3271       0       0       0       0       0       000010000D0002485
     110       0       0       2       0                               0D0002486
     110    3273       0       0       0       0       0       000010000D0002487
     110       0       0       2       0                               0D0002488
     110    3275       0       0       0       0       0       000010000D0002489
     110       0       0       2       0                               0D0002490
     110    3277       0       0       0       0       0       000010000D0002491
     110       0       0       2       0                               0D0002492
     144    3279       0       0       0       0       0       000020000D0002493
     144       0   -3175       1       0                               0D0002494
     108    3280       0       0       0       0       0       000010000D0002495
     108       0       0       2       0                               0D0002496
     142    3282       0       0       0       0       0       000010500D0002497
     142       0       0       1       0                               0D0002498
     102    3283       0       0       0       0       0       000010000D0002499
     102       0       0       1       0                               0D0002500
     110    3284       0       0       0       0       0       000010000D0002501
     110       0       0       2       0                               0D0002502
     110    3286       0       0       0       0       0       000010000D0002503
     110       0       0       2       0                               0D0002504
     110    3288       0       0       0       0       0       000010000D0002505
     110       0       0       2       0                               0D0002506
     110    3290       0       0       0       0       0       000010000D0002507
     110       0       0       2       0                               0D0002508
     144    3292       0       0       0       0       0       000020000D0002509
     144       0   -3175       1       0                               0D0002510
     108    3293       0       0       0       0       0       000010000D0002511
     108       0       0       2       0                               0D0002512
     142    3295       0       0       0       0       0       000010500D0002513
     142       0       0       1       0                               0D0002514
     102    3296       0       0       0       0       0       000010000D0002515
     102       0       0       1       0                               0D0002516
     110    3297       0       0       0       0       0       000010000D0002517
     110       0       0       2       0                               0D0002518
     110    3299       0       0       0       0       0       000010000D0002519
     110       0       0       2       0                               0D0002520
     110    3301       0       0       0       0       0       000010000D0002521
     110       0       0       2       0                               0D0002522
     110    3303       0       0       0       0       0       000010000D0002523
     110       0       0       2       0                               0D0002524
     144    3305       0       0       0       0       0       000020000D0002525
     144       0   -3175       1       0                               0D0002526
     108    3306       0       0       0       0       0       000010000D0002527
     108       0       0       2       0                               0D0002528
     142    3308       0       0       0       0       0       000010500D0002529
     142       0       0       1       0                               0D0002530
     102    3309       0       0       0       0       0       000010000D0002531
     102       0       0       1       0                               0D0002532
     110    3310       0       0       0       0       0       000010000D0002533
     110       0       0       2       0                               0D0002534
     110    3312       0       0       0       0       0       000010000D0002535
     110       0       0       2       0                               0D0002536
     110    3314       0       0       0       0       0       000010000D0002537
     110       0       0       2       0                               0D0002538
     110    3316       0       0       0       0       0       000010000D0002539
     110       0       0       2       0                               0D0002540
     144    3318       0       0       0       0       0       000020000D0002541
     144       0   -3175       1       0                               0D0002542
     108    3319       0       0       0       0       0       000010000D0002543
     108       0       0       2       0                               0D0002544
     142    3321       0       0       0       0       0       000010500D0002545
     142       0       0       1       0                               0D0002546
     102    3322       0       0       0       0       0       000010000D0002547
     102       0       0       1       0                               0D0002548
     110    3323       0       0       0       0       0       000010000D0002549
     110       0       0       2       0                               0D0002550
     110    3325       0       0       0       0       0       000010000D0002551
     110       0       0       2       0                               0D0002552
     110    3327       0       0       0       0       0       000010000D0002553
     110       0       0       2       0                               0D0002554
     110    3329       0       0       0       0       0       000010000D0002555
     110       0       0       2       0                               0D0002556
     144    3331       0       0       0       0       0       000020000D0002557
     144       0   -3175       1       0                               0D0002558
     108    3332       0       0       0       0       0       000010000D0002559
     108       0       0       2       0                               0D0002560
     142    3334       0       0       0       0       0       000010500D0002561
     142       0       0       1       0                               0D0002562
     102    3335       0       0       0       0       0       000010000D0002563
     102       0       0       1       0                               0D0002564
     110    3336       0       0       0       0       0       000010000D0002565
     110       0       0       2       0                               0D0002566
     110    3338       0       0       0       0       0       000010000D0002567
     110       0       0       2       0                               0D0002568
     110    3340       0       0       0       0       0       000010000D0002569
     110       0       0       2       0                               0D0002570
     110    3342       0       0       0       0       0       000010000D0002571
     110       0       0       2       0                               0D0002572
     144    3344       0       0       0       0       0       000020000D0002573
     144       0   -3175       1       0                               0D0002574
     108    3345       0       0       0       0       0       000010000D0002575
     108       0       0       2       0                               0D0002576
     142    3347       0       0       0       0       0       000010500D0002577
     142       0       0       1       0                               0D0002578
     102    3348       0       0       0       0       0       000010000D0002579
     102       0       0       1       0                               0D0002580
     110    3349       0       0       0       0       0       000010000D0002581
     110       0       0       2       0                               0D0002582
     110    3351       0       0       0       0       0       000010000D0002583
     110       0       0       2       0                               0D0002584
     110    3353       0       0       0       0       0       000010000D0002585
     110       0       0       2       0                               0D0002586
     110    3355       0       0       0       0       0       000010000D0002587
     110       0       0       2       0                               0D0002588
     144    3357       0       0       0       0       0       000020000D0002589
     144       0   -3175       1       0                               0D0002590
     108    3358       0       0       0       0       0       000010000D0002591
     108       0       0       2       0                               0D0002592
     142    3360       0       0       0       0       0       000010500D0002593
     142       0       0       1       0                               0D0002594
     102    3361       0       0       0       0       0       000010000D0002595
     102       0       0       1       0                               0D0002596
     110    3362       0       0       0       0       0       000010000D0002597
     110       0       0       2       0                               0D0002598
     110    3364       0       0       0       0       0       000010000D0002599
     110       0       0       2       0                               0D0002600
     110    3366       0       0       0       0       0       000010000D0002601
     110       0       0       2       0                               0D0002602
     110    3368       0       0       0       0       0       000010000D0002603
     110       0       0       2       0                               0D0002604
     144    3370       0       0       0       0       0       000020000D0002605
     144       0   -3175       1       0                               0D0002606
     108    3371       0       0       0       0       0       000010000D0002607
     108       0       0       2       0                               0D0002608
     142    3373       0       0       0       0       0       000010500D0002609
     142       0       0       1       0                               0D0002610
     102    3374       0       0       0       0       0       000010000D0002611
     102       0       0       1       0                               0D0002612
     110    3375       0       0       0       0       0       000010000D0002613
     110       0       0       2       0                               0D0002614
     110    3377       0       0       0       0       0       000010000D0002615
     110       0       0       2       0                               0D0002616
     110    3379       0       0       0       0       0       000010000D0002617
     110       0       0       2       0                               0D0002618
     110    3381       0       0       0       0       0       000010000D0002619
     110       0       0       2       0                               0D0002620
     144    3383       0       0       0       0       0       000020000D0002621
     144       0   -3175       1       0                               0D0002622
     108    3384       0       0       0       0       0       000010000D0002623
     108       0       0       2       0                               0D0002624
     142    3386       0       0       0       0       0       000010500D0002625
     142       0       0       1       0                               0D0002626
     102    3387       0       0       0       0       0       000010000D0002627
     102       0       0       1       0                               0D0002628
     110    3388       0       0       0       0       0       000010000D0002629
     110       0       0       2       0                               0D0002630
     110    3390       0       0       0       0       0       000010000D0002631
     110       0       0       2       0                               0D0002632
     110    3392       0       0       0       0       0       000010000D0002633
     110       0       0       2       0                               0D0002634
     110    3394       0       0       0       0       0       000010000D0002635
     110       0       0       2       0                               0D0002636
     144    3396       0       0       0       0       0       000020000D0002637
     144       0   -3175       1       0                               0D0002638
     108    3397       0       0       0       0       0       000010000D0002639
     108       0       0       2       0                               0D0002640
     142    3399       0       0       0       0       0       000010500D0002641
     142       0       0       1       0                               0D0002642
     102    3400       0       0       0       0       0       000010000D0002643
     102       0       0       1       0                               0D0002644
     110    3401       0       0       0       0       0       000010000D0002645
     110       0       0       2       0                               0D0002646
     110    3403       0       0       0       0       0       000010000D0002647
     110       0       0       2       0                               0D0002648
     110    3405       0       0       0       0       0       000010000D0002649
     110       0       0       2       0                               0D0002650
     110    3407       0       0       0       0       0       000010000D0002651
     110       0       0       2       0                               0D0002652
     144    3409       0       0       0       0       0       000020000D0002653
     144       0   -3175       1       0                               0D0002654
     108    3410       0       0       0       0       0       000010000D0002655
     108       0       0       2       0                               0D0002656
     142    3412       0       0       0       0       0       000010500D0002657
     142       0       0       1       0                               0D0002658
     102    3413       0       0       0       0       0       000010000D0002659
     102       0       0       1       0                               0D0002660
     110    3414       0       0       0       0       0       000010000D0002661
     110       0       0       2       0                               0D0002662
     110    3416       0       0       0       0       0       000010000D0002663
     110       0       0       2       0                               0D0002664
     110    3418       0       0       0       0       0       000010000D0002665
     110       0       0       2       0                               0D0002666
     110    3420       0       0       0       0       0       000010000D0002667
     110       0       0       2       0                               0D0002668
     144    3422       0       0       0       0       0       000020000D0002669
     144       0   -3175       1       0                               0D0002670
     108    3423       0       0       0       0       0       000010000D0002671
     108       0       0       2       0                               0D0002672
     142    3425       0       0       0       0       0       000010500D0002673
     142       0       0       1       0                               0D0002674
     102    3426       0       0       0       0       0       000010000D0002675
     102       0       0       1       0                               0D0002676
     110    3427       0       0       0       0       0       000010000D0002677
     110       0       0       2       0                               0D0002678
     110    3429       0       0       0       0       0       000010000D0002679
     110       0       0       2       0                               0D0002680
     110    3431       0       0       0       0       0       000010000D0002681
     110       0       0       2       0                               0D0002682
     110    3433       0       0       0       0       0       000010000D0002683
     110       0       0       2       0                               0D0002684
     144    3435       0       0       0       0       0       000020000D0002685
     144       0   -3175       1       0                               0D0002686
     108    3436       0       0       0       0       0       000010000D0002687
     108       0       0       2       0                               0D0002688
     142    3438       0       0       0       0       0       000010500D0002689
     142       0       0       1       0                               0D0002690
     102    3439       0       0       0       0       0       000010000D0002691
     102       0       0       1       0                               0D0002692
     110    3440       0       0       0       0       0       000010000D0002693
     110       0       0       1       0                               0D0002694
     110    3441       0       0       0       0       0       000010000D0002695
     110       0       0       1       0                               0D0002696
     110    3442       0       0       0       0       0       000010000D0002697
     110       0       0       1       0                               0D0002698
     110    3443       0       0       0       0       0       000010000D0002699
     110       0       0       2       0                               0D0002700
     144    3445       0       0       0       0       0       000020000D0002701
     144       0   -3175       1       0                               0D0002702
     108    3446       0       0       0       0       0       000010000D0002703
     108       0       0       1       0                               0D0002704
     142    3447       0       0       0       0       0       000010500D0002705
     142       0       0       1       0                               0D0002706
     102    3448       0       0       0       0       0       000010000D0002707
     102       0       0       1       0                               0D0002708
     110    3449       0       0       0       0       0       000010000D0002709
     110       0       0       1       0                               0D0002710
     110    3450       0       0       0       0       0       000010000D0002711
     110       0       0       1       0                               0D0002712
     110    3451       0       0       0       0       0       000010000D0002713
     110       0       0       1       0                               0D0002714
     110    3452       0       0       0       0       0       000010000D0002715
     110       0       0       1       0                               0D0002716
     144    3453       0       0       0       0       0       000020000D0002717
     144       0   -3175       1       0                               0D0002718
     108    3454       0       0       0       0       0       000010000D0002719
     108       0       0       2       0                               0D0002720
     142    3456       0       0       0       0       0       000010500D0002721
     142       0       0       1       0                               0D0002722
     102    3457       0       0       0       0       0       000010000D0002723
     102       0       0       1       0                               0D0002724
     110    3458       0       0       0       0       0       000010000D0002725
     110       0       0       1       0                               0D0002726
     110    3459       0       0       0       0       0       000010000D0002727
     110       0       0       2       0                               0D0002728
     110    3461       0       0       0       0       0       000010000D0002729
     110       0       0       1       0                               0D0002730
     110    3462       0       0       0       0       0       000010000D0002731
     110       0       0       1       0                               0D0002732
     144    3463       0       0       0       0       0       000020000D0002733
     144       0   -3175       1       0                               0D0002734
     108    3464       0       0       0       0       0       000010000D0002735
     108       0       0       2       0                               0D0002736
     142    3466       0       0       0       0       0       000010500D0002737
     142       0       0       1       0                               0D0002738
     102    3467       0       0       0       0       0       000010000D0002739
     102       0       0       1       0                               0D0002740
     110    3468       0       0       0       0       0       000010000D0002741
     110       0       0       1       0                               0D0002742
     110    3469       0       0       0       0       0       000010000D0002743
     110       0       0       1       0                               0D0002744
     110    3470       0       0       0       0       0       000010000D0002745
     110       0       0       1       0                               0D0002746
     110    3471       0       0       0       0       0       000010000D0002747
     110       0       0       2       0                               0D0002748
     144    3473       0       0       0       0       0       000020000D0002749
     144       0   -3175       1       0                               0D0002750
     108    3474       0       0       0       0       0       000010000D0002751
     108       0       0       1       0                               0D0002752
     142    3475       0       0       0       0       0       000010500D0002753
     142       0       0       1       0                               0D0002754
     102    3476       0       0       0       0       0       000010000D0002755
     102       0       0       1       0                               0D0002756
     110    3477       0       0       0       0       0       000010000D0002757
     110       0       0       1       0                               0D0002758
     110    3478       0       0       0       0       0       000010000D0002759
     110       0       0       1       0                               0D0002760
     110    3479       0       0       0       0       0       000010000D0002761
     110       0       0       1       0                               0D0002762
     110    3480       0       0       0       0       0       000010000D0002763
     110       0       0       1       0                               0D0002764
     144    3481       0       0       0       0       0       000020000D0002765
     144       0   -3175       1       0                               0D0002766
     108    3482       0       0       0       0       0       000010000D0002767
     108       0       0       2       0                               0D0002768
     142    3484       0       0       0       0       0       000010500D0002769
     142       0       0       1       0                               0D0002770
     102    3485       0       0       0       0       0       000010000D0002771
     102       0       0       1       0                               0D0002772
     110    3486       0       0       0       0       0       000010000D0002773
     110       0       0       1       0                               0D0002774
     110    3487       0       0       0       0       0       000010000D0002775
     110       0       0       2       0                               0D0002776
     110    3489       0       0       0       0       0       000010000D0002777
     110       0       0       1       0                               0D0002778
     110    3490       0       0       0       0       0       000010000D0002779
     110       0       0       1       0                               0D0002780
     144    3491       0       0       0       0       0       000020000D0002781
     144       0   -3175       1       0                               0D0002782
     108    3492       0       0       0       0       0       000010000D0002783
     108       0       0       2       0                               0D0002784
     142    3494       0       0       0       0       0       000010500D0002785
     142       0       0       1       0                               0D0002786
     102    3495       0       0       0       0       0       000010000D0002787
     102       0       0       1       0                               0D0002788
     110    3496       0       0       0       0       0       000010000D0002789
     110       0       0       1       0                               0D0002790
     110    3497       0       0       0       0       0       000010000D0002791
     110       0       0       1       0                               0D0002792
     110    3498       0       0       0       0       0       000010000D0002793
     110       0       0       1       0                               0D0002794
     110    3499       0       0       0       0       0       000010000D0002795
     110       0       0       2       0                               0D0002796
     144    3501       0       0       0       0       0       000020000D0002797
     144       0   -3175       1       0                               0D0002798
     108    3502       0       0       0       0       0       000010000D0002799
     108       0       0       1       0                               0D0002800
     142    3503       0       0       0       0       0       000010500D0002801
     142       0       0       1       0                               0D0002802
     102    3504       0       0       0       0       0       000010000D0002803
     102       0       0       1       0                               0D0002804
     110    3505       0       0       0       0       0       000010000D0002805
     110       0       0       1       0                               0D0002806
     110    3506       0       0       0       0       0       000010000D0002807
     110       0       0       1       0                               0D0002808
     110    3507       0       0       0       0       0       000010000D0002809
     110       0       0       1       0                               0D0002810
     110    3508       0       0       0       0       0       000010000D0002811
     110       0       0       1       0                               0D0002812
     144    3509       0       0       0       0       0       000020000D0002813
     144       0   -3175       1       0                               0D0002814
     108    3510       0       0       0       0       0       000010000D0002815
     108       0       0       2       0                               0D0002816
     142    3512       0       0       0       0       0       000010500D0002817
     142       0       0       1       0                               0D0002818
     102    3513       0       0       0       0       0       000010000D0002819
     102       0       0       1       0                               0D0002820
     110    3514       0       0       0       0       0       000010000D0002821
     110       0       0       1       0                               0D0002822
     110    3515       0       0       0       0       0       000010000D0002823
     110       0       0       2       0                               0D0002824
     110    3517       0       0       0       0       0       000010000D0002825
     110       0       0       1       0                               0D0002826
     110    3518       0       0       0       0       0       000010000D0002827
     110       0       0       1       0                               0D0002828
     144    3519       0       0       0       0       0       000020000D0002829
     144       0   -3175       1       0                               0D0002830
     108    3520       0       0       0       0       0       000010000D0002831
     108       0       0       2       0                               0D0002832
     142    3522       0       0       0       0       0       000010500D0002833
     142       0       0       1       0                               0D0002834
     102    3523       0       0       0       0       0       000010000D0002835
     102       0       0       2       0                               0D0002836
     110    3525       0       0       0       0       0       000010000D0002837
     110       0       0       2       0                               0D0002838
     110    3527       0       0       0       0       0       000010000D0002839
     110       0       0       2       0                               0D0002840
     110    3529       0       0       0       0       0       000010000D0002841
     110       0       0       2       0                               0D0002842
     110    3531       0       0       0       0       0       000010000D0002843
     110       0       0       2       0                               0D0002844
     110    3533       0       0       0       0       0       000010000D0002845
     110       0       0       2       0                               0D0002846
     110    3535       0       0       0       0       0       000010000D0002847
     110       0       0       2       0                               0D0002848
     110    3537       0       0       0       0       0       000010000D0002849
     110       0       0       2       0                               0D0002850
     110    3539       0       0       0       0       0       000010000D0002851
     110       0       0       2       0                               0D0002852
     110    3541       0       0       0       0       0       000010000D0002853
     110       0       0       2       0                               0D0002854
     110    3543       0       0       0       0       0       000010000D0002855
     110       0       0       2       0                               0D0002856
     110    3545       0       0       0       0       0       000010000D0002857
     110       0       0       2       0                               0D0002858
     110    3547       0       0       0       0       0       000010000D0002859
     110       0       0       2       0                               0D0002860
     110    3549       0       0       0       0       0       000010000D0002861
     110       0       0       2       0                               0D0002862
     110    3551       0       0       0       0       0       000010000D0002863
     110       0       0       2       0                               0D0002864
     110    3553       0       0       0       0       0       000010000D0002865
     110       0       0       1       0                               0D0002866
     110    3554       0       0       0       0       0       000010000D0002867
     110       0       0       1       0                               0D0002868
     110    3555       0       0       0       0       0       000010000D0002869
     110       0       0       1       0                               0D0002870
     110    3556       0       0       0       0       0       000010000D0002871
     110       0       0       1       0                               0D0002872
     110    3557       0       0       0       0       0       000010000D0002873
     110       0       0       1       0                               0D0002874
     110    3558       0       0       0       0       0       000010000D0002875
     110       0       0       1       0                               0D0002876
     110    3559       0       0       0       0       0       000010000D0002877
     110       0       0       1       0                               0D0002878
     110    3560       0       0       0       0       0       000010000D0002879
     110       0       0       1       0                               0D0002880
     110    3561       0       0       0       0       0       000010000D0002881
     110       0       0       1       0                               0D0002882
     144    3562       0       0       0       0       0       000020000D0002883
     144       0   -3175       1       0                               0D0002884
     108    3563       0       0       0       0       0       000010000D0002885
     108       0       0       2       0                               0D0002886
     142    3565       0       0       0       0       0       000010500D0002887
     142       0       0       1       0                               0D0002888
     102    3566       0       0       0       0       0       000010000D0002889
     102       0       0       2       0                               0D0002890
     110    3568       0       0       0       0       0       000010000D0002891
     110       0       0       2       0                               0D0002892
     110    3570       0       0       0       0       0       000010000D0002893
     110       0       0       1       0                               0D0002894
     110    3571       0       0       0       0       0       000010000D0002895
     110       0       0       1       0                               0D0002896
     110    3572       0       0       0       0       0       000010000D0002897
     110       0       0       1       0                               0D0002898
     110    3573       0       0       0       0       0       000010000D0002899
     110       0       0       1       0                               0D0002900
     110    3574       0       0       0       0       0       000010000D0002901
     110       0       0       1       0                               0D0002902
     110    3575       0       0       0       0       0       000010000D0002903
     110       0       0       1       0                               0D0002904
     110    3576       0       0       0       0       0       000010000D0002905
     110       0       0       1       0                               0D0002906
     110    3577       0       0       0       0       0       000010000D0002907
     110       0       0       1       0                               0D0002908
     110    3578       0       0       0       0       0       000010000D0002909
     110       0       0       1       0                               0D0002910
     110    3579       0       0       0       0       0       000010000D0002911
     110       0       0       2       0                               0D0002912
     110    3581       0       0       0       0       0       000010000D0002913
     110       0       0       2       0                               0D0002914
     110    3583       0       0       0       0       0       000010000D0002915
     110       0       0       2       0                               0D0002916
     110    3585       0       0       0       0       0       000010000D0002917
     110       0       0       2       0                               0D0002918
     110    3587       0       0       0       0       0       000010000D0002919
     110       0       0       2       0                               0D0002920
     110    3589       0       0       0       0       0       000010000D0002921
     110       0       0       2       0                               0D0002922
     110    3591       0       0       0       0       0       000010000D0002923
     110       0       0       2       0                               0D0002924
     110    3593       0       0       0       0       0       000010000D0002925
     110       0       0       2       0                               0D0002926
     110    3595       0       0       0       0       0       000010000D0002927
     110       0       0       2       0                               0D0002928
     110    3597       0       0       0       0       0       000010000D0002929
     110       0       0       2       0                               0D0002930
     110    3599       0       0       0       0       0       000010000D0002931
     110       0       0       2       0                               0D0002932
     110    3601       0       0       0       0       0       000010000D0002933
     110       0       0       2       0                               0D0002934
     110    3603       0       0       0       0       0       000010000D0002935
     110       0       0       2       0                               0D0002936
     402    3605       0       0       0       0       0       000020000D0002937
     402       0       0       2       1                               0D0002938
     144    3607       0       0       0       0       0       000020000D0002939
     144       0   -3175       1       0                               0D0002940
     108    3608       0       0       0       0       0       000010000D0002941
     108       0       0       2       0                               0D0002942
     142    3610       0       0       0       0       0       000010500D0002943
     142       0       0       1       0                               0D0002944
     102    3611       0       0       0       0       0       000010000D0002945
     102       0       0       1       0                               0D0002946
     110    3612       0       0       0       0       0       000010000D0002947
     110       0       0       1       0                               0D0002948
     110    3613       0       0       0       0       0       000010000D0002949
     110       0       0       1       0                               0D0002950
     110    3614       0       0       0       0       0       000010000D0002951
     110       0       0       1       0                               0D0002952
     110    3615       0       0       0       0       0       000010000D0002953
     110       0       0       2       0                               0D0002954
     144    3617       0       0       0       0       0       000020000D0002955
     144       0   -3175       1       0                               0D0002956
     108    3618       0       0       0       0       0       000010000D0002957
     108       0       0       2       0                               0D0002958
     142    3620       0       0       0       0       0       000010500D0002959
     142       0       0       1       0                               0D0002960
     102    3621       0       0       0       0       0       000010000D0002961
     102       0       0       1       0                               0D0002962
     110    3622       0       0       0       0       0       000010000D0002963
     110       0       0       1       0                               0D0002964
     110    3623       0       0       0       0       0       000010000D0002965
     110       0       0       1       0                               0D0002966
     110    3624       0       0       0       0       0       000010000D0002967
     110       0       0       1       0                               0D0002968
     110    3625       0       0       0       0       0       000010000D0002969
     110       0       0       1       0                               0D0002970
     144    3626       0       0       0       0       0       000020000D0002971
     144       0   -3175       1       0                               0D0002972
     108    3627       0       0       0       0       0       000010000D0002973
     108       0       0       2       0                               0D0002974
     142    3629       0       0       0       0       0       000010500D0002975
     142       0       0       1       0                               0D0002976
     102    3630       0       0       0       0       0       000010000D0002977
     102       0       0       1       0                               0D0002978
     110    3631       0       0       0       0       0       000010000D0002979
     110       0       0       1       0                               0D0002980
     110    3632       0       0       0       0       0       000010000D0002981
     110       0       0       2       0                               0D0002982
     110    3634       0       0       0       0       0       000010000D0002983
     110       0       0       1       0                               0D0002984
     110    3635       0       0       0       0       0       000010000D0002985
     110       0       0       1       0                               0D0002986
     144    3636       0       0       0       0       0       000020000D0002987
     144       0   -3175       1       0                               0D0002988
     108    3637       0       0       0       0       0       000010000D0002989
     108       0       0       2       0                               0D0002990
     142    3639       0       0       0       0       0       000010500D0002991
     142       0       0       1       0                               0D0002992
     102    3640       0       0       0       0       0       000010000D0002993
     102       0       0       1       0                               0D0002994
     110    3641       0       0       0       0       0       000010000D0002995
     110       0       0       1       0                               0D0002996
     110    3642       0       0       0       0       0       000010000D0002997
     110       0       0       1       0                               0D0002998
     110    3643       0       0       0       0       0       000010000D0002999
     110       0       0       1       0                               0D0003000
     110    3644       0       0       0       0       0       000010000D0003001
     110       0       0       2       0                               0D0003002
     144    3646       0       0       0       0       0       000020000D0003003
     144       0   -3175       1       0                               0D0003004
     108    3647       0       0       0       0       0       000010000D0003005
     108       0       0       1       0                               0D0003006
     142    3648       0       0       0       0       0       000010500D0003007
     142       0       0       1       0                               0D0003008
     102    3649       0       0       0       0       0       000010000D0003009
     102       0       0       1       0                               0D0003010
     110    3650       0       0       0       0       0       000010000D0003011
     110       0       0       1       0                               0D0003012
     110    3651       0       0       0       0       0       000010000D0003013
     110       0       0       1       0                               0D0003014
     110    3652       0       0       0       0       0       000010000D0003015
     110       0       0       1       0                               0D0003016
     110    3653       0       0       0       0       0       000010000D0003017
     110       0       0       1       0                               0D0003018
     144    3654       0       0       0       0       0       000020000D0003019
     144       0   -3175       1       0                               0D0003020
     108    3655       0       0       0       0       0       000010000D0003021
     108       0       0       2       0                               0D0003022
     142    3657       0       0       0       0       0       000010500D0003023
     142       0       0       1       0                               0D0003024
     102    3658       0       0       0       0       0       000010000D0003025
     102       0       0       1       0                               0D0003026
     110    3659       0       0       0       0       0       000010000D0003027
     110       0       0       1       0                               0D0003028
     110    3660       0       0       0       0       0       000010000D0003029
     110       0       0       2       0                               0D0003030
     110    3662       0       0       0       0       0       000010000D0003031
     110       0       0       1       0                               0D0003032
     110    3663       0       0       0       0       0       000010000D0003033
     110       0       0       1       0                               0D0003034
     144    3664       0       0       0       0       0       000020000D0003035
     144       0   -3175       1       0                               0D0003036
     108    3665       0       0       0       0       0       000010000D0003037
     108       0       0       2       0                               0D0003038
     142    3667       0       0       0       0       0       000010500D0003039
     142       0       0       1       0                               0D0003040
     102    3668       0       0       0       0       0       000010000D0003041
     102       0       0       1       0                               0D0003042
     110    3669       0       0       0       0       0       000010000D0003043
     110       0       0       2       0                               0D0003044
     110    3671       0       0       0       0       0       000010000D0003045
     110       0       0       2       0                               0D0003046
     110    3673       0       0       0       0       0       000010000D0003047
     110       0       0       2       0                               0D0003048
     110    3675       0       0       0       0       0       000010000D0003049
     110       0       0       2       0                               0D0003050
     144    3677       0       0       0       0       0       000020000D0003051
     144       0   -3175       1       0                               0D0003052
     108    3678       0       0       0       0       0       000010000D0003053
     108       0       0       2       0                               0D0003054
     142    3680       0       0       0       0       0       000010500D0003055
     142       0       0       1       0                               0D0003056
     102    3681       0       0       0       0       0       000010000D0003057
     102       0       0       1       0                               0D0003058
     110    3682       0       0       0       0       0       000010000D0003059
     110       0       0       2       0                               0D0003060
     110    3684       0       0       0       0       0       000010000D0003061
     110       0       0       2       0                               0D0003062
     110    3686       0       0       0       0       0       000010000D0003063
     110       0       0       2       0                               0D0003064
     110    3688       0       0       0       0       0       000010000D0003065
     110       0       0       2       0                               0D0003066
     144    3690       0       0       0       0       0       000020000D0003067
     144       0   -3175       1       0                               0D0003068
     108    3691       0       0       0       0       0       000010000D0003069
     108       0       0       2       0                               0D0003070
     142    3693       0       0       0       0       0       000010500D0003071
     142       0       0       1       0                               0D0003072
     102    3694       0       0       0       0       0       000010000D0003073
     102       0       0       1       0                               0D0003074
     110    3695       0       0       0       0       0       000010000D0003075
     110       0       0       2       0                               0D0003076
     110    3697       0       0       0       0       0       000010000D0003077
     110       0       0       2       0                               0D0003078
     110    3699       0       0       0       0       0       000010000D0003079
     110       0       0       2       0                               0D0003080
     110    3701       0       0       0       0       0       000010000D0003081
     110       0       0       2       0                               0D0003082
     144    3703       0       0       0       0       0       000020000D0003083
     144       0   -3175       1       0                               0D0003084
     108    3704       0       0       0       0       0       000010000D0003085
     108       0       0       2       0                               0D0003086
     142    3706       0       0       0       0       0       000010500D0003087
     142       0       0       1       0                               0D0003088
     102    3707       0       0       0       0       0       000010000D0003089
     102       0       0       1       0                               0D0003090
     110    3708       0       0       0       0       0       000010000D0003091
     110       0       0       2       0                               0D0003092
     110    3710       0       0       0       0       0       000010000D0003093
     110       0       0       2       0                               0D0003094
     110    3712       0       0       0       0       0       000010000D0003095
     110       0       0       2       0                               0D0003096
     110    3714       0       0       0       0       0       000010000D0003097
     110       0       0       2       0                               0D0003098
     144    3716       0       0       0       0       0       000020000D0003099
     144       0   -3175       1       0                               0D0003100
     108    3717       0       0       0       0       0       000010000D0003101
     108       0       0       2       0                               0D0003102
     142    3719       0       0       0       0       0       000010500D0003103
     142       0       0       1       0                               0D0003104
     102    3720       0       0       0       0       0       000010000D0003105
     102       0       0       1       0                               0D0003106
     110    3721       0       0       0       0       0       000010000D0003107
     110       0       0       2       0                               0D0003108
     110    3723       0       0       0       0       0       000010000D0003109
     110       0       0       2       0                               0D0003110
     110    3725       0       0       0       0       0       000010000D0003111
     110       0       0       2       0                               0D0003112
     110    3727       0       0       0       0       0       000010000D0003113
     110       0       0       2       0                               0D0003114
     144    3729       0       0       0       0       0       000020000D0003115
     144       0   -3175       1       0                               0D0003116
     108    3730       0       0       0       0       0       000010000D0003117
     108       0       0       2       0                               0D0003118
     142    3732       0       0       0       0       0       000010500D0003119
     142       0       0       1       0                               0D0003120
     102    3733       0       0       0       0       0       000010000D0003121
     102       0       0       1       0                               0D0003122
     110    3734       0       0       0       0       0       000010000D0003123
     110       0       0       1       0                               0D0003124
     110    3735       0       0       0       0       0       000010000D0003125
     110       0       0       1       0                               0D0003126
     110    3736       0       0       0       0       0       000010000D0003127
     110       0       0       1       0                               0D0003128
     110    3737       0       0       0       0       0       000010000D0003129
     110       0       0       1       0                               0D0003130
     110    3738       0       0       0       0       0       000010000D0003131
     110       0       0       1       0                               0D0003132
     110    3739       0       0       0       0       0       000010000D0003133
     110       0       0       1       0                               0D0003134
     110    3740       0       0       0       0       0       000010000D0003135
     110       0       0       2       0                               0D0003136
     110    3742       0       0       0       0       0       000010000D0003137
     110       0       0       2       0                               0D0003138
     110    3744       0       0       0       0       0       000010000D0003139
     110       0       0       2       0                               0D0003140
     110    3746       0       0       0       0       0       000010000D0003141
     110       0       0       2       0                               0D0003142
     110    3748       0       0       0       0       0       000010000D0003143
     110       0       0       2       0                               0D0003144
     144    3750       0       0       0       0       0       000020000D0003145
     144       0   -3175       1       0                               0D0003146
     108    3751       0       0       0       0       0       000010000D0003147
     108       0       0       2       0                               0D0003148
     142    3753       0       0       0       0       0       000010500D0003149
     142       0       0       1       0                               0D0003150
     102    3754       0       0       0       0       0       000010000D0003151
     102       0       0       1       0                               0D0003152
     110    3755       0       0       0       0       0       000010000D0003153
     110       0       0       1       0                               0D0003154
     110    3756       0       0       0       0       0       000010000D0003155
     110       0       0       2       0                               0D0003156
     110    3758       0       0       0       0       0       000010000D0003157
     110       0       0       2       0                               0D0003158
     110    3760       0       0       0       0       0       000010000D0003159
     110       0       0       2       0                               0D0003160
     110    3762       0       0       0       0       0       000010000D0003161
     110       0       0       2       0                               0D0003162
     110    3764       0       0       0       0       0       000010000D0003163
     110       0       0       2       0                               0D0003164
     110    3766       0       0       0       0       0       000010000D0003165
     110       0       0       1       0                               0D0003166
     110    3767       0       0       0       0       0       000010000D0003167
     110       0       0       1       0                               0D0003168
     110    3768       0       0       0       0       0       000010000D0003169
     110       0       0       1       0                               0D0003170
     110    3769       0       0       0       0       0       000010000D0003171
     110       0       0       1       0                               0D0003172
     110    3770       0       0       0       0       0       000010000D0003173
     110       0       0       1       0                               0D0003174
     314    3771       0       0       0       0       0       000000200D0003175
     314       0       0       1       0                               0D0003176
     314    3772       0       0       0       0       0       000000200D0003177
     314       0       0       1       0                               0D0003178
     314    3773       0       0       0       0       0       000000200D0003179
     314       0       0       1       0                               0D0003180
     406    3774       0       0       0       0       0       000000000D0003181
     406       0       0       1      15                               0D0003182
402,4,3,2101,2459,2937,0,1,3181;                                 0000001P0000001
402,64,5,49,77,105,133,177,205,221,237,253,269,285,301,317,333,  0000003P0000002
349,365,381,397,413,429,465,501,537,573,609,645,681,717,769,805, 0000003P0000003
841,877,913,965,1001,1037,1089,1125,1161,1189,1225,1261,1297,    0000003P0000004
1333,1369,1405,1441,1477,1521,1557,1593,1629,1665,1717,1753,     0000003P0000005
1789,1841,1877,1913,1941,1981,2021,2061;                         0000003P0000006
144,7,1,0,15;                                                    0000005P0000007
120,11,13,0.,1.570796327;                                        0000007P0000008
124,1.,0.,0.,0.46984,0.,1.,0.,3.016E-02,0.,0.,1.,0.;             0000009P0000009
110,0.,0.,1.,0.,0.,0.;                                           0000011P0000010
110,3.016E-02,0.,-1.41984,3.016E-02,0.,-3.016E-02;               0000013P0000011
142,0,7,17,31,3;                                                 0000015P0000012
102,6,19,21,23,25,27,29;                                         0000017P0000013
110,-7.529507148E-16,1.570796327,0.,-1.003934286E-15,            0000019P0000014
8.881784197E-16,0.;                                              0000019P0000015
110,-1.11846773E-15,1.461089028E-15,0.,2.170283806E-02,          0000021P0000016
1.467785893E-15,0.;                                              0000021P0000017
110,2.170283806E-02,1.78975057E-15,0.,0.978297162,               0000023P0000018
2.084927786E-15,0.;                                              0000023P0000019
110,0.978297162,1.762963109E-15,0.,1.,1.769659974E-15,0.;        0000025P0000020
110,1.,1.776356839E-15,0.,1.,1.570796327,0.;                     0000027P0000021
110,1.,1.570796327,0.,-9.586866254E-16,1.570796327,0.;           0000029P0000022
102,6,33,37,39,41,43,47;                                         0000031P0000023
100,0.,0.,0.,0.,3.016E-02,-3.016E-02,3.469446952E-18;            0000033P0000024
124,-1.,0.,-0.,0.46984,0.,-1.,0.,3.016E-02,0.,-0.,1.,-1.41984;   0000035P0000025
110,0.5,3.016E-02,-1.41984,0.5,3.016E-02,-1.38968;               0000037P0000026
110,0.5,3.016E-02,-1.38968,0.5,3.016E-02,-6.032E-02;             0000039P0000027
110,0.5,3.016E-02,-6.032E-02,0.5,3.016E-02,-3.016E-02;           0000041P0000028
100,0.,0.,0.,3.016E-02,0.,0.,3.016E-02;                          0000043P0000029
124,1.,0.,1.123385872E-16,0.46984,0.,-1.,-0.,3.016E-02,          0000045P0000030
1.123385872E-16,0.,-1.,-3.016E-02;                               0000045P0000031
110,0.46984,0.,-3.016E-02,0.46984,0.,-1.41984;                   0000047P0000032
144,51,1,0,59;                                                   0000049P0000033
120,55,57,5.985933946,6.283185307;                               0000051P0000034
124,1.,0.,0.,0.46984,0.,1.,0.,3.016E-02,0.,0.,1.,0.;             0000053P0000035
110,0.,0.,1.,0.,0.,0.;                                           0000055P0000036
110,3.016E-02,0.,-1.41984,3.016E-02,0.,-1.38968;                 0000057P0000037
142,0,51,61,69,3;                                                0000059P0000038
102,3,63,65,67;                                                  0000061P0000039
110,1.,6.283185307,0.,-7.362221649E-15,6.283185307,0.;           0000063P0000040
126,24,3,1,0,1,0,1.570796327,1.570796327,1.570796327,            0000065P0000041
1.570796327,1.584307752,1.597819178,1.611330603,1.624842029,     0000065P0000042
1.638353454,1.65186488,1.665376305,1.678887731,1.692399156,      0000065P0000043
1.705910582,1.719422007,1.732933433,1.746444858,1.759956284,     0000065P0000044
1.77346771,1.786979135,1.800490561,1.814001986,1.827513412,      0000065P0000045
1.841024837,1.854536263,1.868047688,1.868047688,1.868047688,     0000065P0000046
1.868047688,1.,1.,1.,1.,1.,1.,1.,1.,1.,1.,1.,1.,1.,1.,1.,1.,1.,  0000065P0000047
1.,1.,1.,1.,1.,1.,1.,1.,0.,6.283185307,0.,4.487244086E-03,       0000065P0000048
6.278698062,0.,1.34662353E-02,6.269719073,0.,2.694456176E-02,    0000065P0000049
6.256238301,0.,4.042906473E-02,6.242746449,0.,5.391605888E-02,   0000065P0000050
6.229244734,0.,6.740184855E-02,6.215734376,0.,8.088272877E-02,   0000065P0000051
6.202216601,0.,9.435498926E-02,6.188692639,0.,0.107814918,       0000065P0000052
6.175163724,0.,0.121258803,6.161631091,0.,0.134682939,           0000065P0000053
6.148095979,0.,0.148083627,6.134559627,0.,0.161457181,           0000065P0000054
6.121023274,0.,0.174799929,6.107488162,0.,0.188108218,           0000065P0000055
6.093955529,0.,0.201378416,6.080426614,0.,0.214606915,           0000065P0000056
6.066902652,0.,0.227790138,6.053384877,0.,0.240924537,           0000065P0000057
6.039874519,0.,0.254006598,6.026372804,0.,0.267032848,           0000065P0000058
6.012880952,0.,0.279999849,5.99940018,0.,0.288602765,            0000065P0000059
5.990421191,0.,0.292893219,5.985933946,0.,1.570796327,           0000065P0000060
1.868047688,-0.,-0.,1.;                                          0000065P0000061
126,24,3,1,0,1,0,0.,0.,0.,0.,1.072925062E-06,2.145850124E-06,    0000067P0000062
3.218775187E-06,4.291700249E-06,5.364625311E-06,6.437550373E-06, 0000067P0000063
7.510475435E-06,8.583400498E-06,9.65632556E-06,1.072925062E-05,  0000067P0000064
1.180217568E-05,1.287510075E-05,1.394802581E-05,1.502095087E-05, 0000067P0000065
1.609387593E-05,1.7166801E-05,1.823972606E-05,1.931265112E-05,   0000067P0000066
2.038557618E-05,2.145850124E-05,2.253142631E-05,2.360435137E-05, 0000067P0000067
2.360435137E-05,2.360435137E-05,2.360435137E-05,1.,1.,1.,1.,1.,  0000067P0000068
1.,1.,1.,1.,1.,1.,1.,1.,1.,1.,1.,1.,1.,1.,1.,1.,1.,1.,1.,1.,     0000067P0000069
0.292893219,5.985933946,0.,0.301088152,5.994504455,0.,           0000067P0000070
0.317845732,6.011340859,0.,0.344016419,6.035651022,0.,           0000067P0000071
0.371152574,6.058987466,0.,0.399185446,6.081316286,0.,           0000067P0000072
0.428045924,6.102600561,0.,0.457666234,6.12280114,0.,            0000067P0000073
0.487973614,6.141873087,0.,0.518913919,6.1597803,0.,0.550363519, 0000067P0000074
6.176441659,0.,0.582525924,6.191969109,0.,0.615295005,           0000067P0000075
6.206336312,0.,0.648614158,6.219530167,0.,0.682413345,           0000067P0000076
6.231532867,0.,0.716626735,6.242326747,0.,0.751185105,           0000067P0000077
6.251892559,0.,0.786028597,6.260211488,0.,0.821063279,           0000067P0000078
6.267258973,0.,0.856322151,6.273027818,0.,0.892129393,           0000067P0000079
6.277564665,0.,0.928009849,6.280802039,0.,0.964002489,           0000067P0000080
6.282751264,0.,0.98800607,6.283185303,0.,1.,6.283185307,0.,0.,   0000067P0000081
2.360435137E-05,-0.,-0.,1.;                                      0000067P0000082
102,3,71,73,75;                                                  0000069P0000083
110,0.5,3.016E-02,-1.38968,0.5,3.016E-02,-1.41984;               0000071P0000084
126,3,3,1,0,0,0,1.570796327,1.570796327,1.570796327,1.570796327, 0000073P0000085
1.868047688,1.868047688,1.868047688,1.868047688,1.,0.992650347,  0000073P0000086
0.992650347,1.,0.5,3.016E-02,-1.41984,0.5,3.315942191E-02,       0000073P0000087
-1.416840578,0.499555848,3.612577675E-02,-1.413874223,           0000073P0000088
0.498677338,3.899365948E-02,-1.411006341,1.570796327,            0000073P0000089
1.868047688,0.,-0.707106781,0.707106781;                         0000073P0000090
126,9,3,0,0,1,0,0.,0.,0.,0.,9.493065181E-06,9.493065181E-06,     0000075P0000091
9.493065181E-06,1.893605998E-05,1.893605998E-05,1.893605998E-05, 0000075P0000092
2.360435137E-05,2.360435137E-05,2.360435137E-05,2.360435137E-05, 0000075P0000093
1.,1.,1.,1.,1.,1.,1.,1.,1.,1.,0.498677338,3.899365948E-02,       0000075P0000094
-1.411006341,0.499347222,3.680683542E-02,-1.408819516,           0000075P0000095
0.499661998,3.488872359E-02,-1.406198597,0.499819713,            0000075P0000096
3.345278314E-02,-1.403383221,0.499976889,3.202174514E-02,        0000075P0000097
-1.400577456,0.499991703,3.10218035E-02,-1.397502157,            0000075P0000098
0.499997735,3.052961014E-02,-1.394387257,0.500000746,            0000075P0000099
3.028395989E-02,-1.392832633,0.5,3.016E-02,-1.391253915,0.5,     0000075P0000100
3.016E-02,-1.38968,0.,2.360435137E-05,0.967003714,0.248304204,   0000075P0000101
5.699859049E-02;                                                 0000075P0000102
144,79,1,0,87;                                                   0000077P0000103
120,83,85,0.,0.297251361;                                        0000079P0000104
124,1.,0.,0.,0.46984,0.,1.,0.,1.36984,0.,0.,1.,-1.45;            0000081P0000105
110,0.,0.,1.,0.,0.,0.;                                           0000083P0000106
110,3.016E-02,0.,3.016E-02,3.016E-02,0.,6.032E-02;               0000085P0000107
142,0,79,89,97,3;                                                0000087P0000108
102,3,91,93,95;                                                  0000089P0000109
126,24,3,1,0,1,0,4.71238898,4.71238898,4.71238898,4.71238898,    0000091P0000110
4.725900406,4.739411831,4.752923257,4.766434682,4.779946108,     0000091P0000111
4.793457533,4.806968959,4.820480385,4.83399181,4.847503236,      0000091P0000112
4.861014661,4.874526087,4.888037512,4.901548938,4.915060363,     0000091P0000113
4.928571789,4.942083214,4.95559464,4.969106065,4.982617491,      0000091P0000114
4.996128916,5.009640342,5.009640342,5.009640342,5.009640342,1.,  0000091P0000115
1.,1.,1.,1.,1.,1.,1.,1.,1.,1.,1.,1.,1.,1.,1.,1.,1.,1.,1.,1.,1.,  0000091P0000116
1.,1.,1.,0.292893219,0.297251361,0.,0.288602765,0.292764116,0.,  0000091P0000117
0.279999849,0.283785127,0.,0.267032848,0.270304355,0.,           0000091P0000118
0.254006598,0.256812503,0.,0.240924537,0.243310788,0.,           0000091P0000119
0.227790138,0.22980043,0.,0.214606915,0.216282655,0.,            0000091P0000120
0.201378416,0.202758693,0.,0.188108218,0.189229778,0.,           0000091P0000121
0.174799929,0.175697145,0.,0.161457181,0.162162033,0.,           0000091P0000122
0.148083627,0.148625681,0.,0.134682939,0.135089328,0.,           0000091P0000123
0.121258803,0.121554216,0.,0.107814918,0.108021583,0.,           0000091P0000124
9.435498926E-02,9.449266793E-02,0.,8.088272877E-02,              0000091P0000125
8.096870627E-02,0.,6.740184855E-02,6.745093147E-02,0.,           0000091P0000126
5.391605888E-02,5.394057344E-02,0.,4.042906473E-02,              0000091P0000127
4.043885805E-02,0.,2.694456176E-02,2.69470063E-02,0.,            0000091P0000128
1.34662353E-02,1.346623446E-02,0.,4.487244086E-03,               0000091P0000129
4.487245048E-03,0.,-4.625820289E-14,1.776356839E-15,0.,          0000091P0000130
4.71238898,5.009640342,-0.,-0.,1.;                               0000091P0000131
110,-4.60138853E-14,1.783053705E-15,0.,1.,1.78975057E-15,0.;     0000093P0000132
126,24,3,1,0,1,0,0.,0.,0.,0.,1.074135659E-06,2.148271317E-06,    0000095P0000133
3.222406976E-06,4.296542634E-06,5.370678293E-06,6.444813952E-06, 0000095P0000134
7.51894961E-06,8.593085269E-06,9.667220927E-06,1.074135659E-05,  0000095P0000135
1.181549224E-05,1.28896279E-05,1.396376356E-05,1.503789922E-05,  0000095P0000136
1.611203488E-05,1.718617054E-05,1.82603062E-05,1.933444185E-05,  0000095P0000137
2.040857751E-05,2.148271317E-05,2.255684883E-05,2.363098449E-05, 0000095P0000138
2.363098449E-05,2.363098449E-05,2.363098449E-05,1.,1.,1.,1.,1.,  0000095P0000139
1.,1.,1.,1.,1.,1.,1.,1.,1.,1.,1.,1.,1.,1.,1.,1.,1.,1.,1.,1.,1.,  0000095P0000140
1.776356839E-15,0.,0.988128474,2.507850816E-09,0.,0.964350671,   0000095P0000141
4.347109002E-04,0.,0.92864733,2.379339798E-03,0.,0.892974962,    0000095P0000142
5.604936214E-03,0.,0.857401194,1.010009375E-02,0.,0.821993598,   0000095P0000143
1.585372239E-02,0.,0.786819951,2.285505287E-02,0.,0.751947253,   0000095P0000144
3.109388411E-02,0.,0.717445417,4.05596413E-02,0.,0.683373481,    0000095P0000145
5.12446309E-02,0.,0.649831065,6.313139874E-02,0.,0.616623143,    0000095P0000146
7.629523466E-02,0.,0.583849701,9.068518295E-02,0.,0.551570304,   0000095P0000147
0.106271509,0.,0.519855446,0.12302102,0.,0.48877232,0.140904224, 0000095P0000148
0.,0.4583904,0.159892042,0.,0.428773334,0.179962349,0.,          0000095P0000149
0.400005794,0.201077606,0.,0.372094181,0.223268218,0.,           0000095P0000150
0.34462296,0.246898655,0.,0.318187003,0.271485741,0.,            0000095P0000151
0.301204487,0.288559206,0.,0.292893219,0.297251361,0.,0.,        0000095P0000152
2.363098449E-05,-0.,-0.,1.;                                      0000095P0000153
102,3,99,101,103;                                                0000097P0000154
126,3,3,1,0,0,0,4.71238898,4.71238898,4.71238898,4.71238898,     0000099P0000155
5.009640342,5.009640342,5.009640342,5.009640342,1.,0.992650347,  0000099P0000156
0.992650347,1.,0.498677338,1.361006341,-1.411006341,0.499555848, 0000099P0000157
1.363874223,-1.413874223,0.5,1.366840578,-1.416840578,0.5,       0000099P0000158
1.36984,-1.41984,4.71238898,5.009640342,-2.96276289E-11,         0000099P0000159
0.707106781,0.707106781;                                         0000099P0000160
110,0.5,1.36984,-1.41984,0.5,1.36984,-1.38968;                   0000101P0000161
126,9,3,0,0,1,0,0.,0.,0.,0.,1.003666877E-05,1.003666877E-05,     0000103P0000162
1.003666877E-05,2.009406401E-05,2.009406401E-05,2.009406401E-05, 0000103P0000163
2.363098449E-05,2.363098449E-05,2.363098449E-05,2.363098449E-05, 0000103P0000164
1.,1.,1.,1.,1.,1.,1.,1.,1.,1.,0.5,1.36984,-1.38968,0.5,1.36984,  0000103P0000165
-1.393025556,0.5000146,1.369267654,-1.396416866,0.499953731,     0000103P0000166
1.36817003,-1.399576655,0.499892797,1.367071229,-1.402739832,    0000103P0000167
0.499746807,1.365408097,-1.405764223,0.499293856,1.363351858,    0000103P0000168
-1.408368734,0.499132325,1.362618567,-1.409297547,0.498930181,   0000103P0000169
1.361831741,-1.41018094,0.498677338,1.361006341,-1.411006341,0., 0000103P0000170
2.363098449E-05,0.968120385,-0.244366949,5.502466169E-02;        0000103P0000171
144,107,1,0,115;                                                 0000105P0000172
120,111,113,0.,0.297251361;                                      0000107P0000173
124,1.,0.,0.,0.46984,0.,1.,0.,1.36984,0.,0.,1.,-1.45;            0000109P0000174
110,0.,0.,1.,0.,0.,0.;                                           0000111P0000175
110,3.016E-02,0.,1.38968,3.016E-02,0.,1.41984;                   0000113P0000176
142,0,107,117,125,3;                                             0000115P0000177
102,3,119,121,123;                                               0000117P0000178
126,24,3,1,0,1,0,0.,0.,0.,0.,1.072925062E-06,2.145850124E-06,    0000119P0000179
3.218775187E-06,4.291700249E-06,5.364625311E-06,6.437550373E-06, 0000119P0000180
7.510475435E-06,8.583400498E-06,9.65632556E-06,1.072925062E-05,  0000119P0000181
1.180217568E-05,1.287510075E-05,1.394802581E-05,1.502095087E-05, 0000119P0000182
1.609387593E-05,1.7166801E-05,1.823972606E-05,1.931265112E-05,   0000119P0000183
2.038557618E-05,2.145850124E-05,2.253142631E-05,2.360435137E-05, 0000119P0000184
2.360435137E-05,2.360435137E-05,2.360435137E-05,1.,1.,1.,1.,1.,  0000119P0000185
1.,1.,1.,1.,1.,1.,1.,1.,1.,1.,1.,1.,1.,1.,1.,1.,1.,1.,1.,1.,     0000119P0000186
0.707106781,0.297251361,0.,0.698911848,0.288680852,0.,           0000119P0000187
0.682154268,0.271844448,0.,0.655983581,0.247534285,0.,           0000119P0000188
0.628847426,0.224197841,0.,0.600814554,0.201869021,0.,           0000119P0000189
0.571954076,0.180584746,0.,0.542333766,0.160384167,0.,           0000119P0000190
0.512026386,0.14131222,0.,0.481086081,0.123405008,0.,            0000119P0000191
0.449636481,0.106743648,0.,0.417474076,9.121619867E-02,0.,       0000119P0000192
0.384704995,7.684899537E-02,0.,0.351385842,6.36551398E-02,0.,    0000119P0000193
0.317586655,5.165244059E-02,0.,0.283373265,4.085856029E-02,0.,   0000119P0000194
0.248814895,3.129274788E-02,0.,0.213971403,2.297381961E-02,0.,   0000119P0000195
0.178936721,1.592633459E-02,0.,0.143677849,1.015748939E-02,0.,   0000119P0000196
0.107870607,5.620642251E-03,0.,7.199015073E-02,2.383268493E-03,  0000119P0000197
0.,3.599751145E-02,4.340430116E-04,0.,1.19939296E-02,            0000119P0000198
4.484713045E-09,0.,-4.625820289E-14,1.776356839E-15,0.,0.,       0000119P0000199
2.360435137E-05,-0.,-0.,1.;                                      0000119P0000200
110,-3.681110824E-14,2.084927786E-15,0.,1.,2.091624651E-15,0.;   0000121P0000201
126,24,3,1,0,1,0,4.71238898,4.71238898,4.71238898,4.71238898,    0000123P0000202
4.725900406,4.739411831,4.752923257,4.766434682,4.779946108,     0000123P0000203
4.793457533,4.806968959,4.820480385,4.83399181,4.847503236,      0000123P0000204
4.861014661,4.874526087,4.888037512,4.901548938,4.915060363,     0000123P0000205
4.928571789,4.942083214,4.95559464,4.969106065,4.982617491,      0000123P0000206
4.996128916,5.009640342,5.009640342,5.009640342,5.009640342,1.,  0000123P0000207
1.,1.,1.,1.,1.,1.,1.,1.,1.,1.,1.,1.,1.,1.,1.,1.,1.,1.,1.,1.,1.,  0000123P0000208
1.,1.,1.,1.,1.776356839E-15,0.,0.995512756,4.487245048E-03,0.,   0000123P0000209
0.986533765,1.346623446E-02,0.,0.973055438,2.69470063E-02,0.,    0000123P0000210
0.959570935,4.043885805E-02,0.,0.946083941,5.394057344E-02,0.,   0000123P0000211
0.932598151,6.745093147E-02,0.,0.919117271,8.096870627E-02,0.,   0000123P0000212
0.905645011,9.449266793E-02,0.,0.892185082,0.108021583,0.,       0000123P0000213
0.878741197,0.121554216,0.,0.865317061,0.135089328,0.,           0000123P0000214
0.851916373,0.148625681,0.,0.838542819,0.162162033,0.,           0000123P0000215
0.825200071,0.175697145,0.,0.811891782,0.189229778,0.,           0000123P0000216
0.798621584,0.202758693,0.,0.785393085,0.216282655,0.,           0000123P0000217
0.772209862,0.22980043,0.,0.759075463,0.243310788,0.,            0000123P0000218
0.745993402,0.256812503,0.,0.732967152,0.270304355,0.,           0000123P0000219
0.720000151,0.283785127,0.,0.711397235,0.292764116,0.,           0000123P0000220
0.707106781,0.297251361,0.,4.71238898,5.009640342,-0.,-0.,1.;    0000123P0000221
102,3,127,129,131;                                               0000125P0000222
126,9,3,0,0,1,0,0.,0.,0.,0.,9.493065181E-06,9.493065181E-06,     0000127P0000223
9.493065181E-06,1.893605998E-05,1.893605998E-05,1.893605998E-05, 0000127P0000224
2.360435137E-05,2.360435137E-05,2.360435137E-05,2.360435137E-05, 0000127P0000225
1.,1.,1.,1.,1.,1.,1.,1.,1.,1.,0.498677338,1.361006341,           0000127P0000226
-3.899365948E-02,0.499347222,1.363193165,-4.118048354E-02,       0000127P0000227
0.499661998,1.365111276,-4.380140293E-02,0.499819713,            0000127P0000228
1.366547217,-4.661677929E-02,0.499976889,1.367978255,            0000127P0000229
-4.942254363E-02,0.499991703,1.368978197,-5.249784345E-02,       0000127P0000230
0.499997735,1.36947039,-5.561274264E-02,0.500000746,1.36971604,  0000127P0000231
-5.716736695E-02,0.5,1.36984,-5.874608455E-02,0.5,1.36984,       0000127P0000232
-6.032E-02,0.,2.360435137E-05,-0.967003714,0.248304204,          0000127P0000233
5.699859049E-02;                                                 0000127P0000234
110,0.5,1.36984,-6.032E-02,0.5,1.36984,-3.016E-02;               0000129P0000235
126,3,3,1,0,0,0,4.71238898,4.71238898,4.71238898,4.71238898,     0000131P0000236
5.009640342,5.009640342,5.009640342,5.009640342,1.,0.992650347,  0000131P0000237
0.992650347,1.,0.5,1.36984,-3.016E-02,0.5,1.366840578,           0000131P0000238
-3.315942191E-02,0.499555848,1.363874223,-3.612577675E-02,       0000131P0000239
0.498677338,1.361006341,-3.899365948E-02,4.71238898,5.009640342, 0000131P0000240
-9.25863403E-13,-0.707106781,0.707106781;                        0000131P0000241
144,135,1,0,143;                                                 0000133P0000242
120,139,141,0.,1.570796327;                                      0000135P0000243
124,-1.,0.,0.,1.73016,0.,1.,0.,3.016E-02,0.,0.,-1.,0.;           0000137P0000244
110,0.,0.,1.,0.,0.,0.;                                           0000139P0000245
110,3.016E-02,0.,3.016E-02,3.016E-02,0.,1.41984;                 0000141P0000246
142,0,135,145,159,3;                                             0000143P0000247
102,6,147,149,151,153,155,157;                                   0000145P0000248
110,-7.504541351E-16,1.570796327,0.,-1.003934286E-15,            0000147P0000249
8.215650382E-15,0.;                                              0000147P0000250
110,-9.986319014E-16,1.783053705E-15,0.,2.170283806E-02,         0000149P0000251
1.78975057E-15,0.;                                               0000149P0000252
110,2.170283806E-02,1.467785893E-15,0.,0.978297162,              0000151P0000253
1.762963109E-15,0.;                                              0000151P0000254
110,0.978297162,2.084927786E-15,0.,1.,2.091624651E-15,0.;        0000153P0000255
110,1.,1.776356839E-15,0.,1.,1.570796327,0.;                     0000155P0000256
110,1.,1.570796327,0.,-7.464773463E-16,1.570796327,0.;           0000157P0000257
102,6,161,165,167,169,171,175;                                   0000159P0000258
100,0.,0.,0.,3.016E-02,0.,2.220446049E-16,3.016E-02;             0000161P0000259
124,0.,-1.,0.,1.73016,-1.,0.,1.123385872E-16,3.016E-02,          0000163P0000260
-1.123385872E-16,0.,-1.,-3.016E-02;                              0000163P0000261
110,1.7,3.016E-02,-3.016E-02,1.7,3.016E-02,-6.032E-02;           0000165P0000262
110,1.7,3.016E-02,-6.032E-02,1.7,3.016E-02,-1.38968;             0000167P0000263
110,1.7,3.016E-02,-1.38968,1.7,3.016E-02,-1.41984;               0000169P0000264
100,0.,0.,0.,3.016E-02,0.,0.,3.016E-02;                          0000171P0000265
124,-1.,0.,0.,1.73016,0.,-1.,0.,3.016E-02,0.,0.,1.,-1.41984;     0000173P0000266
110,1.73016,0.,-1.41984,1.73016,0.,-3.016E-02;                   0000175P0000267
144,179,1,0,187;                                                 0000177P0000268
120,183,185,5.985933946,6.283185307;                             0000179P0000269
124,-1.,0.,0.,1.73016,0.,1.,0.,3.016E-02,0.,0.,-1.,0.;           0000181P0000270
110,0.,0.,1.,0.,0.,0.;                                           0000183P0000271
110,3.016E-02,0.,3.016E-02,3.016E-02,0.,6.032E-02;               0000185P0000272
142,0,179,189,197,3;                                             0000187P0000273
102,3,191,193,195;                                               0000189P0000274
110,1.,6.283185307,0.,2.300694265E-16,6.283185307,0.;            0000191P0000275
126,24,3,1,0,1,0,4.71238898,4.71238898,4.71238898,4.71238898,    0000193P0000276
4.725900406,4.739411831,4.752923257,4.766434682,4.779946108,     0000193P0000277
4.793457533,4.806968959,4.820480385,4.83399181,4.847503236,      0000193P0000278
4.861014661,4.874526087,4.888037512,4.901548938,4.915060363,     0000193P0000279
4.928571789,4.942083214,4.95559464,4.969106065,4.982617491,      0000193P0000280
4.996128916,5.009640342,5.009640342,5.009640342,5.009640342,1.,  0000193P0000281
1.,1.,1.,1.,1.,1.,1.,1.,1.,1.,1.,1.,1.,1.,1.,1.,1.,1.,1.,1.,1.,  0000193P0000282
1.,1.,1.,0.,6.283185307,0.,4.487244086E-03,6.278698062,0.,       0000193P0000283
1.34662353E-02,6.269719073,0.,2.694456176E-02,6.256238301,0.,    0000193P0000284
4.042906473E-02,6.242746449,0.,5.391605888E-02,6.229244734,0.,   0000193P0000285
6.740184855E-02,6.215734376,0.,8.088272877E-02,6.202216601,0.,   0000193P0000286
9.435498926E-02,6.188692639,0.,0.107814918,6.175163724,0.,       0000193P0000287
0.121258803,6.161631091,0.,0.134682939,6.148095979,0.,           0000193P0000288
0.148083627,6.134559627,0.,0.161457181,6.121023274,0.,           0000193P0000289
0.174799929,6.107488162,0.,0.188108218,6.093955529,0.,           0000193P0000290
0.201378416,6.080426614,0.,0.214606915,6.066902652,0.,           0000193P0000291
0.227790138,6.053384877,0.,0.240924537,6.039874519,0.,           0000193P0000292
0.254006598,6.026372804,0.,0.267032848,6.012880952,0.,           0000193P0000293
0.279999849,5.99940018,0.,0.288602765,5.990421191,0.,            0000193P0000294
0.292893219,5.985933946,0.,4.71238898,5.009640342,-0.,-0.,1.;    0000193P0000295
126,24,3,1,0,1,0,0.,0.,0.,0.,1.072925062E-06,2.145850124E-06,    0000195P0000296
3.218775187E-06,4.291700249E-06,5.364625311E-06,6.437550373E-06, 0000195P0000297
7.510475435E-06,8.583400498E-06,9.65632556E-06,1.072925062E-05,  0000195P0000298
1.180217568E-05,1.287510075E-05,1.394802581E-05,1.502095087E-05, 0000195P0000299
1.609387593E-05,1.7166801E-05,1.823972606E-05,1.931265112E-05,   0000195P0000300
2.038557618E-05,2.145850124E-05,2.253142631E-05,2.360435137E-05, 0000195P0000301
2.360435137E-05,2.360435137E-05,2.360435137E-05,1.,1.,1.,1.,1.,  0000195P0000302
1.,1.,1.,1.,1.,1.,1.,1.,1.,1.,1.,1.,1.,1.,1.,1.,1.,1.,1.,1.,     0000195P0000303
0.292893219,5.985933946,0.,0.301088152,5.994504455,0.,           0000195P0000304
0.317845732,6.011340859,0.,0.344016419,6.035651022,0.,           0000195P0000305
0.371152574,6.058987466,0.,0.399185446,6.081316286,0.,           0000195P0000306
0.428045924,6.102600561,0.,0.457666234,6.12280114,0.,            0000195P0000307
0.487973614,6.141873087,0.,0.518913919,6.1597803,0.,0.550363519, 0000195P0000308
6.176441659,0.,0.582525924,6.191969109,0.,0.615295005,           0000195P0000309
6.206336312,0.,0.648614158,6.219530167,0.,0.682413345,           0000195P0000310
6.231532867,0.,0.716626735,6.242326747,0.,0.751185105,           0000195P0000311
6.251892559,0.,0.786028597,6.260211488,0.,0.821063279,           0000195P0000312
6.267258973,0.,0.856322151,6.273027818,0.,0.892129393,           0000195P0000313
6.277564665,0.,0.928009849,6.280802039,0.,0.964002489,           0000195P0000314
6.282751264,0.,0.98800607,6.283185303,0.,1.,6.283185307,0.,0.,   0000195P0000315
2.360435137E-05,-0.,-0.,1.;                                      0000195P0000316
102,3,199,201,203;                                               0000197P0000317
110,1.7,3.016E-02,-6.032E-02,1.7,3.016E-02,-3.016E-02;           0000199P0000318
126,3,3,1,0,0,0,4.71238898,4.71238898,4.71238898,4.71238898,     0000201P0000319
5.009640342,5.009640342,5.009640342,5.009640342,1.,0.992650347,  0000201P0000320
0.992650347,1.,1.7,3.016E-02,-3.016E-02,1.7,3.315942191E-02,     0000201P0000321
-3.315942191E-02,1.700444152,3.612577675E-02,-3.612577675E-02,   0000201P0000322
1.701322662,3.899365948E-02,-3.899365948E-02,4.71238898,         0000201P0000323
5.009640342,1.735993881E-13,0.707106781,0.707106781;             0000201P0000324
126,9,3,0,0,1,0,0.,0.,0.,0.,9.493065181E-06,9.493065181E-06,     0000203P0000325
9.493065181E-06,1.893605998E-05,1.893605998E-05,1.893605998E-05, 0000203P0000326
2.360435137E-05,2.360435137E-05,2.360435137E-05,2.360435137E-05, 0000203P0000327
1.,1.,1.,1.,1.,1.,1.,1.,1.,1.,1.701322662,3.899365948E-02,       0000203P0000328
-3.899365948E-02,1.700652778,3.680683542E-02,-4.118048354E-02,   0000203P0000329
1.700338002,3.488872359E-02,-4.380140293E-02,1.700180287,        0000203P0000330
3.345278314E-02,-4.661677929E-02,1.700023111,3.202174514E-02,    0000203P0000331
-4.942254363E-02,1.700008297,3.10218035E-02,-5.249784345E-02,    0000203P0000332
1.700002265,3.052961014E-02,-5.561274264E-02,1.699999254,        0000203P0000333
3.028395989E-02,-5.716736695E-02,1.7,3.016E-02,-5.874608455E-02, 0000203P0000334
1.7,3.016E-02,-6.032E-02,0.,2.360435137E-05,0.967003714,         0000203P0000335
-0.248304204,5.699859049E-02;                                    0000203P0000336
144,207,1,0,209;                                                 0000205P0000337
108,0.,-1.,-0.,0.,0,2.2,0.,0.,0.;                                0000207P0000338
142,0,207,0,211,2;                                               0000209P0000339
102,4,213,215,217,219;                                           0000211P0000340
110,3.016E-02,0.,-1.41984,0.46984,0.,-1.41984;                   0000213P0000341
110,0.46984,0.,-1.41984,0.46984,0.,-3.016E-02;                   0000215P0000342
110,0.46984,0.,-3.016E-02,3.016E-02,0.,-3.016E-02;               0000217P0000343
110,3.016E-02,0.,-3.016E-02,3.016E-02,0.,-1.41984;               0000219P0000344
144,223,1,0,225;                                                 0000221P0000345
108,0.,-1.,-0.,0.,0,2.2,0.,0.,0.;                                0000223P0000346
142,0,223,0,227,2;                                               0000225P0000347
102,4,229,231,233,235;                                           0000227P0000348
110,2.16984,0.,-3.016E-02,1.73016,0.,-3.016E-02;                 0000229P0000349
110,1.73016,0.,-3.016E-02,1.73016,0.,-1.41984;                   0000231P0000350
110,1.73016,0.,-1.41984,2.16984,0.,-1.41984;                     0000233P0000351
110,2.16984,0.,-1.41984,2.16984,0.,-3.016E-02;                   0000235P0000352
144,239,1,0,241;                                                 0000237P0000353
108,0.,-0.,-1.,1.41984,0,0.5,0.,-1.41984,0.;                     0000239P0000354
142,0,239,0,243,2;                                               0000241P0000355
102,4,245,247,249,251;                                           0000243P0000356
110,1.7,1.33968,-1.41984,1.7,6.032E-02,-1.41984;                 0000245P0000357
110,1.7,6.032E-02,-1.41984,0.5,6.032E-02,-1.41984;               0000247P0000358
110,0.5,6.032E-02,-1.41984,0.5,1.33968,-1.41984;                 0000249P0000359
110,0.5,1.33968,-1.41984,1.7,1.33968,-1.41984;                   0000251P0000360
144,255,1,0,257;                                                 0000253P0000361
108,-0.,0.,1.,-3.016E-02,0,0.5,0.,-3.016E-02,0.;                 0000255P0000362
142,0,255,0,259,2;                                               0000257P0000363
102,4,261,263,265,267;                                           0000259P0000364
110,0.5,1.33968,-3.016E-02,0.5,6.032E-02,-3.016E-02;             0000261P0000365
110,0.5,6.032E-02,-3.016E-02,1.7,6.032E-02,-3.016E-02;           0000263P0000366
110,1.7,6.032E-02,-3.016E-02,1.7,1.33968,-3.016E-02;             0000265P0000367
110,1.7,1.33968,-3.016E-02,0.5,1.33968,-3.016E-02;               0000267P0000368
144,271,1,0,273;                                                 0000269P0000369
108,-0.,-0.,1.,0.,0,2.2,0.,0.,0.;                                0000271P0000370
142,0,271,0,275,2;                                               0000273P0000371
102,4,277,279,281,283;                                           0000275P0000372
110,3.016E-02,1.36984,0.,3.016E-02,3.016E-02,0.;                 0000277P0000373
110,3.016E-02,3.016E-02,0.,0.46984,3.016E-02,0.;                 0000279P0000374
110,0.46984,3.016E-02,0.,0.46984,1.36984,0.;                     0000281P0000375
110,0.46984,1.36984,0.,3.016E-02,1.36984,0.;                     0000283P0000376
144,287,1,0,289;                                                 0000285P0000377
108,-0.,-0.,1.,0.,0,2.2,0.,0.,0.;                                0000287P0000378
142,0,287,0,291,2;                                               0000289P0000379
102,4,293,295,297,299;                                           0000291P0000380
110,1.73016,1.36984,0.,1.73016,3.016E-02,0.;                     0000293P0000381
110,1.73016,3.016E-02,0.,2.16984,3.016E-02,0.;                   0000295P0000382
110,2.16984,3.016E-02,0.,2.16984,1.36984,0.;                     0000297P0000383
110,2.16984,1.36984,0.,1.73016,1.36984,0.;                       0000299P0000384
144,303,1,0,305;                                                 0000301P0000385
108,-0.,1.,-0.,1.36984,0,0.5,1.36984,-1.45,0.;                   0000303P0000386
142,0,303,0,307,2;                                               0000305P0000387
102,4,309,311,313,315;                                           0000307P0000388
110,1.7,1.36984,-6.032E-02,1.7,1.36984,-1.38968;                 0000309P0000389
110,1.7,1.36984,-1.38968,0.5,1.36984,-1.38968;                   0000311P0000390
110,0.5,1.36984,-1.38968,0.5,1.36984,-6.032E-02;                 0000313P0000391
110,0.5,1.36984,-6.032E-02,1.7,1.36984,-6.032E-02;               0000315P0000392
144,319,1,0,321;                                                 0000317P0000393
108,-0.,-0.,-1.,1.45,0,2.2,0.,-1.45,0.;                          0000319P0000394
142,0,319,0,323,2;                                               0000321P0000395
102,4,325,327,329,331;                                           0000323P0000396
110,0.46984,1.36984,-1.45,0.46984,3.016E-02,-1.45;               0000325P0000397
110,0.46984,3.016E-02,-1.45,3.016E-02,3.016E-02,-1.45;           0000327P0000398
110,3.016E-02,3.016E-02,-1.45,3.016E-02,1.36984,-1.45;           0000329P0000399
110,3.016E-02,1.36984,-1.45,0.46984,1.36984,-1.45;               0000331P0000400
144,335,1,0,337;                                                 0000333P0000401
108,-0.,1.,-0.,1.4,0,2.2,1.4,0.,0.;                              0000335P0000402
142,0,335,0,339,2;                                               0000337P0000403
102,4,341,343,345,347;                                           0000339P0000404
110,0.46984,1.4,-3.016E-02,0.46984,1.4,-1.41984;                 0000341P0000405
110,0.46984,1.4,-1.41984,3.016E-02,1.4,-1.41984;                 0000343P0000406
110,3.016E-02,1.4,-1.41984,3.016E-02,1.4,-3.016E-02;             0000345P0000407
110,3.016E-02,1.4,-3.016E-02,0.46984,1.4,-3.016E-02;             0000347P0000408
144,351,1,0,353;                                                 0000349P0000409
108,-0.,-0.,-1.,1.45,0,2.2,0.,-1.45,0.;                          0000351P0000410
142,0,351,0,355,2;                                               0000353P0000411
102,4,357,359,361,363;                                           0000355P0000412
110,2.16984,3.016E-02,-1.45,1.73016,3.016E-02,-1.45;             0000357P0000413
110,1.73016,3.016E-02,-1.45,1.73016,1.36984,-1.45;               0000359P0000414
110,1.73016,1.36984,-1.45,2.16984,1.36984,-1.45;                 0000361P0000415
110,2.16984,1.36984,-1.45,2.16984,3.016E-02,-1.45;               0000363P0000416
144,367,1,0,369;                                                 0000365P0000417
108,-0.,1.,-0.,1.4,0,2.2,1.4,0.,0.;                              0000367P0000418
142,0,367,0,371,2;                                               0000369P0000419
102,4,373,375,377,379;                                           0000371P0000420
110,1.73016,1.4,-3.016E-02,2.16984,1.4,-3.016E-02;               0000373P0000421
110,2.16984,1.4,-3.016E-02,2.16984,1.4,-1.41984;                 0000375P0000422
110,2.16984,1.4,-1.41984,1.73016,1.4,-1.41984;                   0000377P0000423
110,1.73016,1.4,-1.41984,1.73016,1.4,-3.016E-02;                 0000379P0000424
144,383,1,0,385;                                                 0000381P0000425
108,1.,-0.,-0.,2.2,0,2.2,0.,0.,0.;                               0000383P0000426
142,0,383,0,387,2;                                               0000385P0000427
102,4,389,391,393,395;                                           0000387P0000428
110,2.2,3.016E-02,-3.016E-02,2.2,3.016E-02,-1.41984;             0000389P0000429
110,2.2,3.016E-02,-1.41984,2.2,1.36984,-1.41984;                 0000391P0000430
110,2.2,1.36984,-1.41984,2.2,1.36984,-3.016E-02;                 0000393P0000431
110,2.2,1.36984,-3.016E-02,2.2,3.016E-02,-3.016E-02;             0000395P0000432
144,399,1,0,401;                                                 0000397P0000433
108,-1.,0.,0.,0.,0,0.,0.,0.,0.;                                  0000399P0000434
142,0,399,0,403,2;                                               0000401P0000435
102,4,405,407,409,411;                                           0000403P0000436
110,0.,1.36984,-1.41984,0.,3.016E-02,-1.41984;                   0000405P0000437
110,0.,3.016E-02,-1.41984,0.,3.016E-02,-3.016E-02;               0000407P0000438
110,0.,3.016E-02,-3.016E-02,0.,1.36984,-3.016E-02;               0000409P0000439
110,0.,1.36984,-3.016E-02,0.,1.36984,-1.41984;                   0000411P0000440
144,415,1,0,417;                                                 0000413P0000441
108,0.,-1.,0.,-3.016E-02,0,0.5,3.016E-02,-1.45,0.;               0000415P0000442
142,0,415,0,419,2;                                               0000417P0000443
102,4,421,423,425,427;                                           0000419P0000444
110,0.5,3.016E-02,-6.032E-02,0.5,3.016E-02,-1.38968;             0000421P0000445
110,0.5,3.016E-02,-1.38968,1.7,3.016E-02,-1.38968;               0000423P0000446
110,1.7,3.016E-02,-1.38968,1.7,3.016E-02,-6.032E-02;             0000425P0000447
110,1.7,3.016E-02,-6.032E-02,0.5,3.016E-02,-6.032E-02;           0000427P0000448
144,431,1,0,439;                                                 0000429P0000449
120,435,437,4.71238898,6.283185307;                              0000431P0000450
124,1.,0.,0.,2.16984,0.,1.,0.,1.36984,0.,0.,1.,0.;               0000433P0000451
110,0.,0.,1.,0.,0.,0.;                                           0000435P0000452
110,3.016E-02,0.,-1.41984,3.016E-02,0.,-3.016E-02;               0000437P0000453
142,0,431,441,451,3;                                             0000439P0000454
102,4,443,445,447,449;                                           0000441P0000455
110,1.,4.71238898,0.,1.,6.283185307,0.;                          0000443P0000456
110,1.,6.283185307,0.,-1.597811042E-16,6.283185307,0.;           0000445P0000457
110,1.479114197E-31,6.283185307,0.,-2.509835716E-16,4.71238898,  0000447P0000458
0.;                                                              0000447P0000459
110,-4.440892099E-16,4.71238898,0.,1.,4.71238898,0.;             0000449P0000460
102,4,453,457,459,463;                                           0000451P0000461
100,0.,0.,0.,0.,-3.016E-02,3.016E-02,0.;                         0000453P0000462
124,1.,0.,0.,2.16984,0.,-1.,0.,1.36984,0.,0.,-1.,-3.016E-02;     0000455P0000463
110,2.2,1.36984,-3.016E-02,2.2,1.36984,-1.41984;                 0000457P0000464
100,0.,0.,0.,-3.016E-02,0.,0.,-3.016E-02;                        0000459P0000465
124,-1.,0.,-0.,2.16984,0.,-1.,0.,1.36984,0.,-0.,1.,-1.41984;     0000461P0000466
110,2.16984,1.4,-1.41984,2.16984,1.4,-3.016E-02;                 0000463P0000467
144,467,1,0,477;                                                 0000465P0000468
120,471,473,0.,1.570796327;                                      0000467P0000469
124,1.,0.,0.,2.16984,0.,0.,1.,1.36984,0.,-1.,0.,-3.016E-02;      0000469P0000470
110,0.,0.,1.,0.,0.,0.;                                           0000471P0000471
100,0.,0.,0.,3.016E-02,-2.678746114E-17,1.846767373E-18,         0000473P0000472
3.016E-02;                                                       0000473P0000473
124,1.,0.,0.,0.,0.,0.,-1.,0.,0.,1.,-0.,0.;                       0000475P0000474
142,0,467,479,487,3;                                             0000477P0000475
102,3,481,483,485;                                               0000479P0000476
126,24,3,0,0,1,0,4.71238898,4.71238898,4.71238898,4.71238898,    0000481P0000477
4.783788813,4.855188646,4.926588479,4.997988313,5.069388146,     0000481P0000478
5.140787979,5.212187812,5.283587645,5.354987478,5.426387311,     0000481P0000479
5.497787144,5.569186977,5.64058681,5.711986643,5.783386476,      0000481P0000480
5.854786309,5.926186142,5.997585975,6.068985808,6.140385641,     0000481P0000481
6.211785474,6.283185307,6.283185307,6.283185307,6.283185307,1.,  0000481P0000482
1.,1.,1.,1.,1.,1.,1.,1.,1.,1.,1.,1.,1.,1.,1.,1.,1.,1.,1.,1.,1.,  0000481P0000483
1.,1.,1.,-1.046360549E-15,1.570796327,0.,-1.051645199E-15,       0000481P0000484
1.546996382,0.,-1.062214497E-15,1.499396494,0.,-1.078068445E-15, 0000481P0000485
1.427996661,0.,-1.093922393E-15,1.356596828,0.,-1.10977634E-15,  0000481P0000486
1.285196995,0.,-1.125630288E-15,1.213797162,0.,-1.141484236E-15, 0000481P0000487
1.142397329,0.,-1.157338182E-15,1.070997496,0.,-1.173192137E-15, 0000481P0000488
0.999597663,0.,-1.189046057E-15,0.928197829,0.,-1.204900109E-15, 0000481P0000489
0.856797996,0.,-1.220753668E-15,0.785398163,0.,-1.236609063E-15, 0000481P0000490
0.71399833,0.,-1.25245761E-15,0.642598497,0.,-1.268331714E-15,   0000481P0000491
0.571198664,0.,-1.284110438E-15,0.499798831,0.,-1.300245125E-15, 0000481P0000492
0.428398998,0.,-1.31505134E-15,0.356999165,0.,-1.334815479E-15,  0000481P0000493
0.285599332,0.,-1.336076393E-15,0.214199499,0.,-1.406392284E-15, 0000481P0000494
0.142799666,0.,-1.218991492E-15,7.139983304E-02,0.,              0000481P0000495
-1.735265469E-15,2.379994435E-02,0.,-2.283325819E-15,            0000481P0000496
1.776356839E-15,0.,4.71238898,6.283185307,0.,0.,1.;              0000481P0000497
110,-1.395147399E-15,1.776356839E-15,0.,1.570796327,             0000483P0000498
2.125143689E-15,0.;                                              0000483P0000499
110,1.570796327,1.570796327,0.,0.,1.570796327,0.;                0000485P0000500
102,3,489,493,497;                                               0000487P0000501
100,0.,0.,0.,3.016E-02,0.,3.469446952E-18,3.016E-02;             0000489P0000502
124,0.,1.,0.,2.16984,0.,0.,1.,1.36984,1.,0.,0.,-3.016E-02;       0000491P0000503
100,0.,0.,0.,3.016E-02,0.,0.,3.016E-02;                          0000493P0000504
124,1.,0.,0.,2.16984,0.,1.,0.,1.36984,0.,0.,1.,-3.016E-02;       0000495P0000505
100,0.,0.,0.,3.469446952E-18,3.016E-02,-3.016E-02,0.;            0000497P0000506
124,0.,0.,1.,2.16984,0.,1.,0.,1.36984,-1.,0.,0.,-3.016E-02;      0000499P0000507
144,503,1,0,513;                                                 0000501P0000508
120,507,509,4.71238898,6.283185307;                              0000503P0000509
124,1.,0.,0.,2.16984,0.,0.,1.,1.36984,0.,-1.,0.,-1.41984;        0000505P0000510
110,0.,0.,1.,0.,0.,0.;                                           0000507P0000511
100,0.,0.,0.,3.016E-02,0.,1.846767373E-18,3.016E-02;             0000509P0000512
124,1.,0.,0.,0.,0.,0.,-1.,0.,0.,1.,-0.,0.;                       0000511P0000513
142,0,503,515,523,3;                                             0000513P0000514
102,3,517,519,521;                                               0000515P0000515
126,24,3,0,0,1,0,4.71238898,4.71238898,4.71238898,4.71238898,    0000517P0000516
4.783788813,4.855188646,4.926588479,4.997988313,5.069388146,     0000517P0000517
5.140787979,5.212187812,5.283587645,5.354987478,5.426387311,     0000517P0000518
5.497787144,5.569186977,5.64058681,5.711986643,5.783386476,      0000517P0000519
5.854786309,5.926186142,5.997585975,6.068985808,6.140385641,     0000517P0000520
6.211785474,6.283185307,6.283185307,6.283185307,6.283185307,1.,  0000517P0000521
1.,1.,1.,1.,1.,1.,1.,1.,1.,1.,1.,1.,1.,1.,1.,1.,1.,1.,1.,1.,1.,  0000517P0000522
1.,1.,1.,-3.487868498E-16,4.71238898,0.,2.379994435E-02,         0000517P0000523
4.71238898,0.,7.139983304E-02,4.71238898,0.,0.142799666,         0000517P0000524
4.71238898,0.,0.214199499,4.71238898,0.,0.285599332,4.71238898,  0000517P0000525
0.,0.356999165,4.71238898,0.,0.428398998,4.71238898,0.,          0000517P0000526
0.499798831,4.71238898,0.,0.571198664,4.71238898,0.,0.642598497, 0000517P0000527
4.71238898,0.,0.71399833,4.71238898,0.,0.785398163,4.71238898,   0000517P0000528
0.,0.856797996,4.71238898,0.,0.928197829,4.71238898,0.,          0000517P0000529
0.999597663,4.71238898,0.,1.070997496,4.71238898,0.,1.142397329, 0000517P0000530
4.71238898,0.,1.213797162,4.71238898,0.,1.285196995,4.71238898,  0000517P0000531
0.,1.356596828,4.71238898,0.,1.427996661,4.71238898,0.,          0000517P0000532
1.499396494,4.71238898,0.,1.546996382,4.71238898,0.,1.570796327, 0000517P0000533
4.71238898,0.,4.71238898,6.283185307,0.,0.,1.;                   0000517P0000534
110,1.570796327,6.283185307,0.,-8.881784197E-16,6.283185307,0.;  0000519P0000535
110,1.972152263E-31,6.283185307,0.,-3.487868498E-16,4.71238898,  0000521P0000536
0.;                                                              0000521P0000537
102,3,525,529,533;                                               0000523P0000538
100,0.,0.,0.,3.016E-02,0.,0.,3.016E-02;                          0000525P0000539
124,0.,0.,1.,2.16984,0.,1.,0.,1.36984,-1.,0.,0.,-1.41984;        0000527P0000540
100,0.,0.,0.,0.,3.016E-02,-3.016E-02,0.;                         0000529P0000541
124,-1.,0.,0.,2.16984,0.,1.,0.,1.36984,0.,0.,-1.,-1.41984;       0000531P0000542
100,0.,0.,0.,0.,3.016E-02,-3.016E-02,0.;                         0000533P0000543
124,0.,1.,0.,2.16984,0.,0.,1.,1.36984,1.,0.,0.,-1.41984;         0000535P0000544
144,539,1,0,547;                                                 0000537P0000545
120,543,545,4.71238898,6.283185307;                              0000539P0000546
124,0.,0.,-1.,2.2,0.,1.,0.,1.36984,1.,0.,0.,-3.016E-02;          0000541P0000547
110,0.,0.,1.,0.,0.,0.;                                           0000543P0000548
110,3.016E-02,0.,3.016E-02,3.016E-02,0.,0.46984;                 0000545P0000549
142,0,539,549,559,3;                                             0000547P0000550
102,4,551,553,555,557;                                           0000549P0000551
110,-4.485426362E-31,6.283185307,0.,-7.932743127E-16,4.71238898, 0000551P0000552
0.;                                                              0000551P0000553
110,-8.881784197E-16,4.71238898,0.,1.,4.71238898,0.;             0000553P0000554
110,1.,4.71238898,0.,1.,6.283185307,0.;                          0000555P0000555
110,1.,6.283185307,0.,1.578169101E-17,6.283185307,0.;            0000557P0000556
102,4,561,565,567,571;                                           0000559P0000557
100,0.,0.,0.,-3.016E-02,0.,-6.938893904E-18,-3.016E-02;          0000561P0000558
124,0.,0.,-1.,2.16984,0.,-1.,0.,1.36984,-1.,0.,-0.,-3.016E-02;   0000563P0000559
110,2.16984,1.4,-3.016E-02,1.73016,1.4,-3.016E-02;               0000565P0000560
100,0.,0.,0.,-6.938893904E-18,-3.016E-02,3.016E-02,0.;           0000567P0000561
124,0.,0.,1.,1.73016,0.,-1.,-0.,1.36984,1.,0.,0.,-3.016E-02;     0000569P0000562
110,1.73016,1.36984,0.,2.16984,1.36984,0.;                       0000571P0000563
144,575,1,0,583;                                                 0000573P0000564
120,579,581,3.141592654,4.71238898;                              0000575P0000565
124,0.,1.,0.,2.16984,0.,0.,-1.,0.,-1.,0.,0.,-3.016E-02;          0000577P0000566
110,0.,0.,1.,0.,0.,0.;                                           0000579P0000567
110,3.016E-02,0.,-1.36984,3.016E-02,0.,-3.016E-02;               0000581P0000568
142,0,575,585,595,3;                                             0000583P0000569
102,4,587,589,591,593;                                           0000585P0000570
110,-2.603508672E-16,4.71238898,0.,-5.207017344E-16,3.141592654, 0000587P0000571
0.;                                                              0000587P0000572
110,-6.661338148E-16,3.141592654,0.,1.,3.141592654,0.;           0000589P0000573
110,1.,3.141592654,0.,1.,4.71238898,0.;                          0000591P0000574
110,1.,4.71238898,0.,-4.972335295E-16,4.71238898,0.;             0000593P0000575
102,4,597,601,603,607;                                           0000595P0000576
100,0.,0.,0.,-6.938893904E-18,-3.016E-02,3.016E-02,0.;           0000597P0000577
124,0.,-1.,0.,2.16984,0.,0.,-1.,1.36984,1.,0.,-0.,-3.016E-02;    0000599P0000578
110,2.16984,1.36984,0.,2.16984,3.016E-02,0.;                     0000601P0000579
100,0.,0.,0.,-3.016E-02,0.,-6.938893904E-18,-3.016E-02;          0000603P0000580
124,0.,-1.,0.,2.16984,0.,0.,1.,3.016E-02,-1.,-0.,0.,-3.016E-02;  0000605P0000581
110,2.2,3.016E-02,-3.016E-02,2.2,1.36984,-3.016E-02;             0000607P0000582
144,611,1,0,619;                                                 0000609P0000583
120,615,617,1.570796327,3.141592654;                             0000611P0000584
124,-1.,0.,0.,2.16984,0.,1.,0.,3.016E-02,0.,0.,-1.,0.;           0000613P0000585
110,0.,0.,1.,0.,0.,0.;                                           0000615P0000586
110,3.016E-02,0.,3.016E-02,3.016E-02,0.,1.41984;                 0000617P0000587
142,0,611,621,631,3;                                             0000619P0000588
102,4,623,625,627,629;                                           0000621P0000589
110,1.,1.570796327,0.,1.,3.141592654,0.;                         0000623P0000590
110,1.,3.141592654,0.,-4.96819371E-16,3.141592654,0.;            0000625P0000591
110,-5.019671432E-16,3.141592654,0.,-7.529507148E-16,            0000627P0000592
1.570796327,0.;                                                  0000627P0000593
110,-7.771561172E-16,1.570796327,0.,1.,1.570796327,0.;           0000629P0000594
102,4,633,637,639,643;                                           0000631P0000595
100,0.,0.,0.,0.,3.016E-02,-3.016E-02,3.469446952E-18;            0000633P0000596
124,-1.,0.,-0.,2.16984,0.,-1.,0.,3.016E-02,0.,-0.,1.,-1.41984;   0000635P0000597
110,2.2,3.016E-02,-1.41984,2.2,3.016E-02,-3.016E-02;             0000637P0000598
100,0.,0.,0.,3.016E-02,0.,0.,3.016E-02;                          0000639P0000599
124,1.,0.,0.,2.16984,0.,-1.,-0.,3.016E-02,0.,0.,-1.,-3.016E-02;  0000641P0000600
110,2.16984,0.,-3.016E-02,2.16984,0.,-1.41984;                   0000643P0000601
144,647,1,0,655;                                                 0000645P0000602
120,651,653,3.141592654,4.71238898;                              0000647P0000603
124,0.,1.,0.,2.16984,0.,0.,1.,0.,1.,0.,0.,-1.41984;              0000649P0000604
110,0.,0.,1.,0.,0.,0.;                                           0000651P0000605
110,3.016E-02,0.,3.016E-02,3.016E-02,0.,1.36984;                 0000653P0000606
142,0,647,657,667,3;                                             0000655P0000607
102,4,659,661,663,665;                                           0000657P0000608
110,1.,3.141592654,0.,1.,4.71238898,0.;                          0000659P0000609
110,1.,4.71238898,0.,-2.563860386E-16,4.71238898,0.;             0000661P0000610
110,-2.603508672E-16,4.71238898,0.,-5.207017344E-16,3.141592654, 0000663P0000611
0.;                                                              0000663P0000612
110,-5.551115123E-16,3.141592654,0.,1.,3.141592654,0.;           0000665P0000613
102,4,669,673,675,679;                                           0000667P0000614
100,0.,0.,0.,-3.016E-02,0.,0.,-3.016E-02;                        0000669P0000615
124,0.,-1.,0.,2.16984,0.,0.,-1.,1.36984,1.,0.,0.,-1.41984;       0000671P0000616
110,2.2,1.36984,-1.41984,2.2,3.016E-02,-1.41984;                 0000673P0000617
100,0.,0.,0.,0.,-3.016E-02,3.016E-02,0.;                         0000675P0000618
124,0.,-1.,0.,2.16984,0.,0.,1.,3.016E-02,-1.,-0.,0.,-1.41984;    0000677P0000619
110,2.16984,3.016E-02,-1.45,2.16984,1.36984,-1.45;               0000679P0000620
144,683,1,0,691;                                                 0000681P0000621
120,687,689,3.141592654,4.71238898;                              0000683P0000622
124,0.,0.,-1.,2.2,0.,1.,0.,1.36984,1.,0.,0.,-1.41984;            0000685P0000623
110,0.,0.,1.,0.,0.,0.;                                           0000687P0000624
110,3.016E-02,0.,3.016E-02,3.016E-02,0.,0.46984;                 0000689P0000625
142,0,683,693,703,3;                                             0000691P0000626
102,4,695,697,699,701;                                           0000693P0000627
110,-7.932743127E-16,4.71238898,0.,-1.586548625E-15,3.141592654, 0000695P0000628
0.;                                                              0000695P0000629
110,-1.665334537E-15,3.141592654,0.,1.,3.141592654,0.;           0000697P0000630
110,1.,3.141592654,0.,1.,4.71238898,0.;                          0000699P0000631
110,1.,4.71238898,0.,-7.811937051E-16,4.71238898,0.;             0000701P0000632
102,4,705,709,711,715;                                           0000703P0000633
100,0.,0.,0.,0.,-3.016E-02,3.016E-02,0.;                         0000705P0000634
124,0.,0.,-1.,2.16984,0.,-1.,0.,1.36984,-1.,0.,0.,-1.41984;      0000707P0000635
110,2.16984,1.36984,-1.45,1.73016,1.36984,-1.45;                 0000709P0000636
100,0.,0.,0.,-3.016E-02,0.,0.,-3.016E-02;                        0000711P0000637
124,0.,0.,1.,1.73016,0.,-1.,-0.,1.36984,1.,0.,0.,-1.41984;       0000713P0000638
110,1.73016,1.4,-1.41984,2.16984,1.4,-1.41984;                   0000715P0000639
144,719,1,0,727;                                                 0000717P0000640
120,723,725,2.844341292,4.71238898;                              0000719P0000641
124,1.,0.,0.,1.73016,0.,1.,0.,1.36984,0.,0.,1.,0.;               0000721P0000642
110,0.,0.,1.,0.,0.,0.;                                           0000723P0000643
110,3.016E-02,0.,-1.41984,3.016E-02,0.,-3.016E-02;               0000725P0000644
142,0,719,729,747,3;                                             0000727P0000645
102,8,731,733,735,737,739,741,743,745;                           0000729P0000646
110,1.,3.141592654,0.,1.,4.71238898,0.;                          0000731P0000647
110,1.,4.71238898,0.,-4.793433127E-16,4.71238898,0.;             0000733P0000648
110,-2.509835716E-16,4.71238898,0.,-5.019671432E-16,3.141592654, 0000735P0000649
0.;                                                              0000735P0000650
126,24,3,1,0,1,0,1.570796327,1.570796327,1.570796327,            0000737P0000651
1.570796327,1.584307752,1.597819178,1.611330603,1.624842029,     0000737P0000652
1.638353454,1.65186488,1.665376305,1.678887731,1.692399156,      0000737P0000653
1.705910582,1.719422007,1.732933433,1.746444858,1.759956284,     0000737P0000654
1.77346771,1.786979135,1.800490561,1.814001986,1.827513412,      0000737P0000655
1.841024837,1.854536263,1.868047688,1.868047688,1.868047688,     0000737P0000656
1.868047688,1.,1.,1.,1.,1.,1.,1.,1.,1.,1.,1.,1.,1.,1.,1.,1.,1.,  0000737P0000657
1.,1.,1.,1.,1.,1.,1.,1.,-5.019671432E-16,3.141592654,0.,         0000737P0000658
9.738593175E-05,3.137105409,0.,2.92255524E-04,3.128126419,0.,    0000737P0000659
5.847734606E-04,3.114645647,0.,8.774254449E-04,3.101153796,0.,   0000737P0000660
1.170131495E-03,3.08765208,0.,1.462811404E-03,3.074141722,0.,    0000737P0000661
1.755384765E-03,3.060623947,0.,2.047771052E-03,3.047099986,0.,   0000737P0000662
2.339889698E-03,3.03357107,0.,2.631660163E-03,3.020038438,0.,    0000737P0000663
2.923002008E-03,3.006503325,0.,3.213834975E-03,2.992966973,0.,   0000737P0000664
3.504079053E-03,2.979430621,0.,3.793654555E-03,2.965895508,0.,   0000737P0000665
4.082482192E-03,2.952362875,0.,4.370483143E-03,2.93883396,0.,    0000737P0000666
4.657579128E-03,2.925309999,0.,4.943692477E-03,2.911792224,0.,   0000737P0000667
5.228746204E-03,2.898281866,0.,5.512664066E-03,2.88478015,0.,    0000737P0000668
5.795370661E-03,2.871288299,0.,6.076791374E-03,2.857807527,0.,   0000737P0000669
6.263499063E-03,2.848828537,0.,6.356614098E-03,2.844341292,0.,   0000737P0000670
1.570796327,1.868047688,-0.,-0.,1.;                              0000737P0000671
126,24,3,1,0,1,0,0.,0.,0.,0.,1.072925062E-06,2.145850124E-06,    0000739P0000672
3.218775187E-06,4.291700249E-06,5.364625311E-06,6.437550373E-06, 0000739P0000673
7.510475435E-06,8.583400498E-06,9.65632556E-06,1.072925062E-05,  0000739P0000674
1.180217568E-05,1.287510075E-05,1.394802581E-05,1.502095087E-05, 0000739P0000675
1.609387593E-05,1.7166801E-05,1.823972606E-05,1.931265112E-05,   0000739P0000676
2.038557618E-05,2.145850124E-05,2.253142631E-05,2.360435137E-05, 0000739P0000677
2.360435137E-05,2.360435137E-05,2.360435137E-05,1.,1.,1.,1.,1.,  0000739P0000678
1.,1.,1.,1.,1.,1.,1.,1.,1.,1.,1.,1.,1.,1.,1.,1.,1.,1.,1.,1.,     0000739P0000679
6.356614098E-03,2.844341292,0.,6.534467412E-03,2.852911802,0.,   0000739P0000680
6.898154452E-03,2.869748206,0.,7.466132632E-03,2.894058368,0.,   0000739P0000681
8.05506422E-03,2.917394812,0.,8.663457099E-03,2.939723633,0.,    0000739P0000682
9.289811375E-03,2.961007907,0.,9.932656166E-03,2.981208487,0.,   0000739P0000683
1.059041232E-02,3.000280434,0.,1.126190476E-02,3.018187646,0.,   0000739P0000684
1.194445033E-02,3.034849006,0.,1.26424658E-02,3.050376455,0.,    0000739P0000685
1.335364786E-02,3.064743658,0.,1.407676803E-02,3.077937514,0.,   0000739P0000686
1.481030632E-02,3.089940213,0.,1.555283399E-02,3.100734093,0.,   0000739P0000687
1.630284869E-02,3.110299906,0.,1.705905135E-02,3.118618834,0.,   0000739P0000688
1.781940339E-02,3.125666319,0.,1.858462097E-02,3.131435164,0.,   0000739P0000689
1.936173975E-02,3.135972011,0.,2.014044748E-02,3.139209385,0.,   0000739P0000690
2.09215899E-02,3.141158611,0.,2.144253575E-02,3.141592649,0.,    0000739P0000691
2.170283806E-02,3.141592654,0.,0.,2.360435137E-05,-0.,-0.,1.;    0000739P0000692
110,2.170283806E-02,3.141592654,0.,0.978297162,3.141592654,0.;   0000741P0000693
126,24,3,1,0,1,0,0.,0.,0.,0.,1.074135659E-06,2.148271317E-06,    0000743P0000694
3.222406976E-06,4.296542634E-06,5.370678293E-06,6.444813952E-06, 0000743P0000695
7.51894961E-06,8.593085269E-06,9.667220927E-06,1.074135659E-05,  0000743P0000696
1.181549224E-05,1.28896279E-05,1.396376356E-05,1.503789922E-05,  0000743P0000697
1.611203488E-05,1.718617054E-05,1.82603062E-05,1.933444185E-05,  0000743P0000698
2.040857751E-05,2.148271317E-05,2.255684883E-05,2.363098449E-05, 0000743P0000699
2.363098449E-05,2.363098449E-05,2.363098449E-05,1.,1.,1.,1.,1.,  0000743P0000700
1.,1.,1.,1.,1.,1.,1.,1.,1.,1.,1.,1.,1.,1.,1.,1.,1.,1.,1.,1.,     0000743P0000701
0.978297162,3.141592654,0.,0.978554808,3.141592651,0.,           0000743P0000702
0.979070854,3.141157943,0.,0.979845717,3.139213314,0.,           0000743P0000703
0.980619909,3.135987717,0.,0.981391961,3.13149256,0.,            0000743P0000704
0.982160406,3.125738931,0.,0.982923774,3.118737601,0.,           0000743P0000705
0.983680611,3.110498769,0.,0.984429398,3.101033012,0.,           0000743P0000706
0.985168856,3.090348023,0.,0.985896822,3.078461255,0.,           0000743P0000707
0.986617528,3.065297419,0.,0.987328804,3.050907471,0.,           0000743P0000708
0.988029359,3.035321145,0.,0.988717661,3.018571633,0.,           0000743P0000709
0.989392253,3.00068843,0.,0.990051627,2.981700612,0.,            0000743P0000710
0.990694402,2.961630305,0.,0.991318739,2.940515047,0.,0.9919245, 0000743P0000711
2.918324435,0.,0.992520704,2.894693999,0.,0.993094439,           0000743P0000712
2.870106912,0.,0.993463008,2.853033447,0.,0.993643386,           0000743P0000713
2.844341292,0.,0.,2.363098449E-05,-0.,-0.,1.;                    0000743P0000714
126,24,3,1,0,1,0,1.570796327,1.570796327,1.570796327,            0000745P0000715
1.570796327,1.584307752,1.597819178,1.611330603,1.624842029,     0000745P0000716
1.638353454,1.65186488,1.665376305,1.678887731,1.692399156,      0000745P0000717
1.705910582,1.719422007,1.732933433,1.746444858,1.759956284,     0000745P0000718
1.77346771,1.786979135,1.800490561,1.814001986,1.827513412,      0000745P0000719
1.841024837,1.854536263,1.868047688,1.868047688,1.868047688,     0000745P0000720
1.868047688,1.,1.,1.,1.,1.,1.,1.,1.,1.,1.,1.,1.,1.,1.,1.,1.,1.,  0000745P0000721
1.,1.,1.,1.,1.,1.,1.,1.,0.993643386,2.844341292,0.,0.993736501,  0000745P0000722
2.848828537,0.,0.993923209,2.857807527,0.,0.994204629,           0000745P0000723
2.871288299,0.,0.994487336,2.88478015,0.,0.994771254,            0000745P0000724
2.898281866,0.,0.995056308,2.911792224,0.,0.995342421,           0000745P0000725
2.925309999,0.,0.995629517,2.93883396,0.,0.995917518,            0000745P0000726
2.952362875,0.,0.996206345,2.965895508,0.,0.996495921,           0000745P0000727
2.979430621,0.,0.996786165,2.992966973,0.,0.997076998,           0000745P0000728
3.006503325,0.,0.99736834,3.020038438,0.,0.99766011,3.03357107,  0000745P0000729
0.,0.997952229,3.047099986,0.,0.998244615,3.060623947,0.,        0000745P0000730
0.998537189,3.074141722,0.,0.998829869,3.08765208,0.,            0000745P0000731
0.999122575,3.101153796,0.,0.999415227,3.114645647,0.,           0000745P0000732
0.999707744,3.128126419,0.,0.999902614,3.137105409,0.,1.,        0000745P0000733
3.141592654,0.,1.570796327,1.868047688,-0.,-0.,1.;               0000745P0000734
102,8,749,753,755,759,761,763,765,767;                           0000747P0000735
100,0.,0.,0.,-3.016E-02,0.,0.,-3.016E-02;                        0000749P0000736
124,1.,0.,-1.123385872E-16,1.73016,0.,-1.,0.,1.36984,            0000751P0000737
-1.123385872E-16,0.,-1.,-3.016E-02;                              0000751P0000738
110,1.73016,1.4,-3.016E-02,1.73016,1.4,-1.41984;                 0000753P0000739
100,0.,0.,0.,0.,-3.016E-02,3.016E-02,0.;                         0000755P0000740
124,-1.,0.,-0.,1.73016,0.,-1.,0.,1.36984,0.,-0.,1.,-1.41984;     0000757P0000741
126,3,3,1,0,0,0,1.570796327,1.570796327,1.570796327,1.570796327, 0000759P0000742
1.868047688,1.868047688,1.868047688,1.868047688,1.,0.992650347,  0000759P0000743
0.992650347,1.,1.7,1.36984,-1.41984,1.7,1.366840578,             0000759P0000744
-1.416840578,1.700444152,1.363874223,-1.413874223,1.701322662,   0000759P0000745
1.361006341,-1.411006341,1.570796327,1.868047688,0.,0.707106781, 0000759P0000746
0.707106781;                                                     0000759P0000747
126,9,3,0,0,1,0,0.,0.,0.,0.,9.493065181E-06,9.493065181E-06,     0000761P0000748
9.493065181E-06,1.893605998E-05,1.893605998E-05,1.893605998E-05, 0000761P0000749
2.360435137E-05,2.360435137E-05,2.360435137E-05,2.360435137E-05, 0000761P0000750
1.,1.,1.,1.,1.,1.,1.,1.,1.,1.,1.701322662,1.361006341,           0000761P0000751
-1.411006341,1.700652778,1.363193165,-1.408819516,1.700338002,   0000761P0000752
1.365111276,-1.406198597,1.700180287,1.366547217,-1.403383221,   0000761P0000753
1.700023111,1.367978255,-1.400577456,1.700008297,1.368978197,    0000761P0000754
-1.397502157,1.700002265,1.36947039,-1.394387257,1.699999254,    0000761P0000755
1.36971604,-1.392832633,1.7,1.36984,-1.391253915,1.7,1.36984,    0000761P0000756
-1.38968,0.,2.360435137E-05,-0.967003714,-0.248304204,           0000761P0000757
5.699859049E-02;                                                 0000761P0000758
110,1.7,1.36984,-1.38968,1.7,1.36984,-6.032E-02;                 0000763P0000759
126,9,3,0,0,1,0,0.,0.,0.,0.,1.003666877E-05,1.003666877E-05,     0000765P0000760
1.003666877E-05,2.009406401E-05,2.009406401E-05,2.009406401E-05, 0000765P0000761
2.363098449E-05,2.363098449E-05,2.363098449E-05,2.363098449E-05, 0000765P0000762
1.,1.,1.,1.,1.,1.,1.,1.,1.,1.,1.7,1.36984,-6.032E-02,1.7,        0000765P0000763
1.36984,-5.697444374E-02,1.6999854,1.369267654,-5.358313353E-02, 0000765P0000764
1.700046269,1.36817003,-5.042334501E-02,1.700107203,1.367071229, 0000765P0000765
-4.726016831E-02,1.700253193,1.365408097,-4.423577736E-02,       0000765P0000766
1.700706144,1.363351858,-4.16312665E-02,1.700867675,1.362618567, 0000765P0000767
-4.070245296E-02,1.701069819,1.361831741,-3.981906007E-02,       0000765P0000768
1.701322662,1.361006341,-3.899365948E-02,0.,2.363098449E-05,     0000765P0000769
0.968120385,0.244366949,5.502466168E-02;                         0000765P0000770
126,3,3,1,0,0,0,1.570796327,1.570796327,1.570796327,1.570796327, 0000767P0000771
1.868047688,1.868047688,1.868047688,1.868047688,1.,0.992650347,  0000767P0000772
0.992650347,1.,1.701322662,1.361006341,-3.899365948E-02,         0000767P0000773
1.700444152,1.363874223,-3.612577675E-02,1.7,1.366840578,        0000767P0000774
-3.315942191E-02,1.7,1.36984,-3.016E-02,1.570796327,1.868047688, 0000767P0000775
9.25863403E-13,-0.707106781,0.707106781;                         0000767P0000776
144,771,1,0,781;                                                 0000769P0000777
120,775,777,1.570796327,3.141592654;                             0000771P0000778
124,1.,0.,0.,1.73016,0.,0.,1.,1.36984,0.,-1.,0.,-3.016E-02;      0000773P0000779
110,0.,0.,1.,0.,0.,0.;                                           0000775P0000780
100,0.,0.,0.,3.016E-02,0.,1.846767373E-18,3.016E-02;             0000777P0000781
124,1.,0.,0.,0.,0.,0.,-1.,0.,0.,1.,-0.,0.;                       0000779P0000782
142,0,771,783,791,3;                                             0000781P0000783
102,3,785,787,789;                                               0000783P0000784
110,-1.046360549E-15,1.570796327,0.,1.570796327,1.570796327,0.;  0000785P0000785
126,24,3,0,0,1,0,1.570796327,1.570796327,1.570796327,            0000787P0000786
1.570796327,1.64219616,1.713595993,1.784995826,1.856395659,      0000787P0000787
1.927795492,1.999195325,2.070595158,2.141994991,2.213394824,     0000787P0000788
2.284794657,2.35619449,2.427594323,2.498994156,2.570393989,      0000787P0000789
2.641793822,2.713193655,2.784593488,2.855993321,2.927393154,     0000787P0000790
2.998792988,3.070192821,3.141592654,3.141592654,3.141592654,     0000787P0000791
3.141592654,1.,1.,1.,1.,1.,1.,1.,1.,1.,1.,1.,1.,1.,1.,1.,1.,1.,  0000787P0000792
1.,1.,1.,1.,1.,1.,1.,1.,1.570796327,3.141592654,0.,1.546996382,  0000787P0000793
3.141592654,0.,1.499396494,3.141592654,0.,1.427996661,           0000787P0000794
3.141592654,0.,1.356596828,3.141592654,0.,1.285196995,           0000787P0000795
3.141592654,0.,1.213797162,3.141592654,0.,1.142397329,           0000787P0000796
3.141592654,0.,1.070997496,3.141592654,0.,0.999597663,           0000787P0000797
3.141592654,0.,0.928197829,3.141592654,0.,0.856797996,           0000787P0000798
3.141592654,0.,0.785398163,3.141592654,0.,0.71399833,            0000787P0000799
3.141592654,0.,0.642598497,3.141592654,0.,0.571198664,           0000787P0000800
3.141592654,0.,0.499798831,3.141592654,0.,0.428398998,           0000787P0000801
3.141592654,0.,0.356999165,3.141592654,0.,0.285599332,           0000787P0000802
3.141592654,0.,0.214199499,3.141592654,0.,0.142799666,           0000787P0000803
3.141592654,0.,7.139983304E-02,3.141592654,0.,2.379994435E-02,   0000787P0000804
3.141592654,0.,-6.975736996E-16,3.141592654,0.,1.570796327,      0000787P0000805
3.141592654,0.,0.,1.;                                            0000787P0000806
110,-6.975736996E-16,3.141592654,0.,-1.046360549E-15,            0000789P0000807
1.570796327,0.;                                                  0000789P0000808
102,3,793,797,801;                                               0000791P0000809
100,0.,0.,0.,3.016E-02,0.,3.469446952E-18,3.016E-02;             0000793P0000810
124,0.,0.,-1.,1.73016,0.,1.,0.,1.36984,1.,0.,0.,-3.016E-02;      0000795P0000811
100,0.,0.,0.,0.,3.016E-02,-3.016E-02,0.;                         0000797P0000812
124,1.,0.,1.123385872E-16,1.73016,0.,1.,0.,1.36984,              0000799P0000813
-1.123385872E-16,0.,1.,-3.016E-02;                               0000799P0000814
100,0.,0.,0.,-6.938893904E-18,-3.016E-02,3.016E-02,0.;           0000801P0000815
124,0.,1.,0.,1.73016,0.,0.,1.,1.36984,1.,0.,0.,-3.016E-02;       0000803P0000816
144,807,1,0,817;                                                 0000805P0000817
120,811,813,0.,1.570796327;                                      0000807P0000818
124,1.,0.,0.,2.16984,0.,0.,1.,3.016E-02,0.,-1.,0.,-3.016E-02;    0000809P0000819
110,0.,0.,1.,0.,0.,0.;                                           0000811P0000820
100,0.,0.,0.,1.846767373E-18,-3.016E-02,3.016E-02,               0000813P0000821
4.834707103E-18;                                                 0000813P0000822
124,1.,0.,0.,0.,0.,0.,-1.,0.,0.,1.,-0.,0.;                       0000815P0000823
142,0,807,819,827,3;                                             0000817P0000824
102,3,821,823,825;                                               0000819P0000825
110,-1.570796327,1.046360549E-15,0.,0.,1.395147399E-15,0.;       0000821P0000826
126,24,3,0,0,1,0,1.570796327,1.570796327,1.570796327,            0000823P0000827
1.570796327,1.64219616,1.713595993,1.784995826,1.856395659,      0000823P0000828
1.927795492,1.999195325,2.070595158,2.141994991,2.213394824,     0000823P0000829
2.284794657,2.35619449,2.427594323,2.498994156,2.570393989,      0000823P0000830
2.641793822,2.713193655,2.784593488,2.855993321,2.927393154,     0000823P0000831
2.998792988,3.070192821,3.141592654,3.141592654,3.141592654,     0000823P0000832
3.141592654,1.,1.,1.,1.,1.,1.,1.,1.,1.,1.,1.,1.,1.,1.,1.,1.,1.,  0000823P0000833
1.,1.,1.,1.,1.,1.,1.,1.,-2.283325819E-15,1.776356839E-15,0.,     0000823P0000834
-1.735265469E-15,2.379994435E-02,0.,-1.218991492E-15,            0000823P0000835
7.139983304E-02,0.,-1.406392284E-15,0.142799666,0.,              0000823P0000836
-1.336076393E-15,0.214199499,0.,-1.334815479E-15,0.285599332,0., 0000823P0000837
-1.31505134E-15,0.356999165,0.,-1.300245125E-15,0.428398998,0.,  0000823P0000838
-1.284110438E-15,0.499798831,0.,-1.268331714E-15,0.571198664,0., 0000823P0000839
-1.25245761E-15,0.642598497,0.,-1.236609063E-15,0.71399833,0.,   0000823P0000840
-1.220753668E-15,0.785398163,0.,-1.204900109E-15,0.856797996,0., 0000823P0000841
-1.189046057E-15,0.928197829,0.,-1.173192137E-15,0.999597663,0., 0000823P0000842
-1.157338182E-15,1.070997496,0.,-1.141484236E-15,1.142397329,0., 0000823P0000843
-1.125630288E-15,1.213797162,0.,-1.10977634E-15,1.285196995,0.,  0000823P0000844
-1.093922393E-15,1.356596828,0.,-1.078068445E-15,1.427996661,0., 0000823P0000845
-1.062214497E-15,1.499396494,0.,-1.051645199E-15,1.546996382,0., 0000823P0000846
-1.046360549E-15,1.570796327,0.,1.570796327,3.141592654,0.,0.,   0000823P0000847
1.;                                                              0000823P0000848
126,24,3,0,0,1,0,1.570796327,1.570796327,1.570796327,            0000825P0000849
1.570796327,1.64219616,1.713595993,1.784995826,1.856395659,      0000825P0000850
1.927795492,1.999195325,2.070595158,2.141994991,2.213394824,     0000825P0000851
2.284794657,2.35619449,2.427594323,2.498994156,2.570393989,      0000825P0000852
2.641793822,2.713193655,2.784593488,2.855993321,2.927393154,     0000825P0000853
2.998792988,3.070192821,3.141592654,3.141592654,3.141592654,     0000825P0000854
3.141592654,1.,1.,1.,1.,1.,1.,1.,1.,1.,1.,1.,1.,1.,1.,1.,1.,1.,  0000825P0000855
1.,1.,1.,1.,1.,1.,1.,1.,-1.161395263E-15,1.570796327,0.,         0000825P0000856
-2.379994435E-02,1.570796327,0.,-7.139983304E-02,1.570796327,0., 0000825P0000857
-0.142799666,1.570796327,0.,-0.214199499,1.570796327,0.,         0000825P0000858
-0.285599332,1.570796327,0.,-0.356999165,1.570796327,0.,         0000825P0000859
-0.428398998,1.570796327,0.,-0.499798831,1.570796327,0.,         0000825P0000860
-0.571198664,1.570796327,0.,-0.642598497,1.570796327,0.,         0000825P0000861
-0.71399833,1.570796327,0.,-0.785398163,1.570796327,0.,          0000825P0000862
-0.856797996,1.570796327,0.,-0.928197829,1.570796327,0.,         0000825P0000863
-0.999597663,1.570796327,0.,-1.070997496,1.570796327,0.,         0000825P0000864
-1.142397329,1.570796327,0.,-1.213797162,1.570796327,0.,         0000825P0000865
-1.285196995,1.570796327,0.,-1.356596828,1.570796327,0.,         0000825P0000866
-1.427996661,1.570796327,0.,-1.499396494,1.570796327,0.,         0000825P0000867
-1.546996382,1.570796327,0.,-1.570796327,1.570796327,0.,         0000825P0000868
1.570796327,3.141592654,0.,0.,1.;                                0000825P0000869
102,3,829,833,837;                                               0000827P0000870
100,0.,0.,0.,0.,-3.016E-02,3.016E-02,-6.938893904E-18;           0000829P0000871
124,1.,0.,0.,2.16984,0.,1.,0.,3.016E-02,0.,0.,1.,-3.016E-02;     0000831P0000872
100,0.,0.,0.,3.469446952E-18,3.016E-02,-3.016E-02,0.;            0000833P0000873
124,0.,1.,0.,2.16984,0.,0.,-1.,3.016E-02,-1.,0.,0.,-3.016E-02;   0000835P0000874
100,0.,0.,0.,-3.016E-02,3.469446952E-18,-6.938893904E-18,        0000837P0000875
-3.016E-02;                                                      0000837P0000876
124,0.,0.,1.,2.16984,0.,1.,0.,3.016E-02,-1.,0.,0.,-3.016E-02;    0000839P0000877
144,843,1,0,853;                                                 0000841P0000878
120,847,849,4.71238898,6.283185307;                              0000843P0000879
124,1.,0.,0.,2.16984,0.,0.,1.,3.016E-02,0.,-1.,0.,-1.41984;      0000845P0000880
110,0.,0.,1.,0.,0.,0.;                                           0000847P0000881
100,0.,0.,0.,1.846767373E-18,-3.016E-02,3.016E-02,0.;            0000849P0000882
124,1.,0.,0.,0.,0.,0.,-1.,0.,0.,1.,-0.,0.;                       0000851P0000883
142,0,843,855,863,3;                                             0000853P0000884
102,3,857,859,861;                                               0000855P0000885
110,-3.487868498E-16,4.71238898,0.,9.860761315E-32,6.283185307,  0000857P0000886
0.;                                                              0000857P0000887
110,-8.881784197E-16,6.283185307,0.,-1.570796327,6.283185307,0.; 0000859P0000888
126,24,3,0,0,1,0,0.,0.,0.,0.,7.139983304E-02,0.142799666,        0000861P0000889
0.214199499,0.285599332,0.356999165,0.428398998,0.499798831,     0000861P0000890
0.571198664,0.642598497,0.71399833,0.785398163,0.856797996,      0000861P0000891
0.928197829,0.999597663,1.070997496,1.142397329,1.213797162,     0000861P0000892
1.285196995,1.356596828,1.427996661,1.499396494,1.570796327,     0000861P0000893
1.570796327,1.570796327,1.570796327,1.,1.,1.,1.,1.,1.,1.,1.,1.,  0000861P0000894
1.,1.,1.,1.,1.,1.,1.,1.,1.,1.,1.,1.,1.,1.,1.,1.,-1.570796327,    0000861P0000895
4.71238898,0.,-1.546996382,4.71238898,0.,-1.499396494,           0000861P0000896
4.71238898,0.,-1.427996661,4.71238898,0.,-1.356596828,           0000861P0000897
4.71238898,0.,-1.285196995,4.71238898,0.,-1.213797162,           0000861P0000898
4.71238898,0.,-1.142397329,4.71238898,0.,-1.070997496,           0000861P0000899
4.71238898,0.,-0.999597663,4.71238898,0.,-0.928197829,           0000861P0000900
4.71238898,0.,-0.856797996,4.71238898,0.,-0.785398163,           0000861P0000901
4.71238898,0.,-0.71399833,4.71238898,0.,-0.642598497,4.71238898, 0000861P0000902
0.,-0.571198664,4.71238898,0.,-0.499798831,4.71238898,0.,        0000861P0000903
-0.428398998,4.71238898,0.,-0.356999165,4.71238898,0.,           0000861P0000904
-0.285599332,4.71238898,0.,-0.214199499,4.71238898,0.,           0000861P0000905
-0.142799666,4.71238898,0.,-7.139983304E-02,4.71238898,0.,       0000861P0000906
-2.379994435E-02,4.71238898,0.,-3.487868498E-16,4.71238898,0.,   0000861P0000907
0.,1.570796327,0.,0.,1.;                                         0000861P0000908
102,3,865,869,873;                                               0000863P0000909
100,0.,0.,0.,3.016E-02,0.,0.,3.016E-02;                          0000865P0000910
124,0.,1.,0.,2.16984,0.,0.,-1.,3.016E-02,-1.,0.,0.,-1.41984;     0000867P0000911
100,0.,0.,0.,-3.016E-02,3.469446952E-18,0.,-3.016E-02;           0000869P0000912
124,-1.,0.,0.,2.16984,0.,1.,0.,3.016E-02,0.,0.,-1.,-1.41984;     0000871P0000913
100,0.,0.,0.,0.,-3.016E-02,3.016E-02,-6.938893904E-18;           0000873P0000914
124,0.,0.,1.,2.16984,0.,1.,0.,3.016E-02,-1.,0.,0.,-1.41984;      0000875P0000915
144,879,1,0,889;                                                 0000877P0000916
120,883,885,3.141592654,4.71238898;                              0000879P0000917
124,1.,0.,0.,1.73016,0.,0.,1.,1.36984,0.,-1.,0.,-1.41984;        0000881P0000918
110,0.,0.,1.,0.,0.,0.;                                           0000883P0000919
100,0.,0.,0.,3.016E-02,0.,1.846767373E-18,3.016E-02;             0000885P0000920
124,1.,0.,0.,0.,0.,0.,-1.,0.,0.,1.,-0.,0.;                       0000887P0000921
142,0,879,891,899,3;                                             0000889P0000922
102,3,893,895,897;                                               0000891P0000923
126,24,3,0,0,1,0,0.,0.,0.,0.,7.139983304E-02,0.142799666,        0000893P0000924
0.214199499,0.285599332,0.356999165,0.428398998,0.499798831,     0000893P0000925
0.571198664,0.642598497,0.71399833,0.785398163,0.856797996,      0000893P0000926
0.928197829,0.999597663,1.070997496,1.142397329,1.213797162,     0000893P0000927
1.285196995,1.356596828,1.427996661,1.499396494,1.570796327,     0000893P0000928
1.570796327,1.570796327,1.570796327,1.,1.,1.,1.,1.,1.,1.,1.,1.,  0000893P0000929
1.,1.,1.,1.,1.,1.,1.,1.,1.,1.,1.,1.,1.,1.,1.,1.,                 0000893P0000930
-6.975736996E-16,3.141592654,0.,2.379994435E-02,3.141592654,0.,  0000893P0000931
7.139983304E-02,3.141592654,0.,0.142799666,3.141592654,0.,       0000893P0000932
0.214199499,3.141592654,0.,0.285599332,3.141592654,0.,           0000893P0000933
0.356999165,3.141592654,0.,0.428398998,3.141592654,0.,           0000893P0000934
0.499798831,3.141592654,0.,0.571198664,3.141592654,0.,           0000893P0000935
0.642598497,3.141592654,0.,0.71399833,3.141592654,0.,            0000893P0000936
0.785398163,3.141592654,0.,0.856797996,3.141592654,0.,           0000893P0000937
0.928197829,3.141592654,0.,0.999597663,3.141592654,0.,           0000893P0000938
1.070997496,3.141592654,0.,1.142397329,3.141592654,0.,           0000893P0000939
1.213797162,3.141592654,0.,1.285196995,3.141592654,0.,           0000893P0000940
1.356596828,3.141592654,0.,1.427996661,3.141592654,0.,           0000893P0000941
1.499396494,3.141592654,0.,1.546996382,3.141592654,0.,           0000893P0000942
1.570796327,3.141592654,0.,0.,1.570796327,0.,0.,1.;              0000893P0000943
126,24,3,0,0,1,0,1.570796327,1.570796327,1.570796327,            0000895P0000944
1.570796327,1.64219616,1.713595993,1.784995826,1.856395659,      0000895P0000945
1.927795492,1.999195325,2.070595158,2.141994991,2.213394824,     0000895P0000946
2.284794657,2.35619449,2.427594323,2.498994156,2.570393989,      0000895P0000947
2.641793822,2.713193655,2.784593488,2.855993321,2.927393154,     0000895P0000948
2.998792988,3.070192821,3.141592654,3.141592654,3.141592654,     0000895P0000949
3.141592654,1.,1.,1.,1.,1.,1.,1.,1.,1.,1.,1.,1.,1.,1.,1.,1.,1.,  0000895P0000950
1.,1.,1.,1.,1.,1.,1.,1.,1.570796327,4.71238898,0.,1.546996382,   0000895P0000951
4.71238898,0.,1.499396494,4.71238898,0.,1.427996661,4.71238898,  0000895P0000952
0.,1.356596828,4.71238898,0.,1.285196995,4.71238898,0.,          0000895P0000953
1.213797162,4.71238898,0.,1.142397329,4.71238898,0.,1.070997496, 0000895P0000954
4.71238898,0.,0.999597663,4.71238898,0.,0.928197829,4.71238898,  0000895P0000955
0.,0.856797996,4.71238898,0.,0.785398163,4.71238898,0.,          0000895P0000956
0.71399833,4.71238898,0.,0.642598497,4.71238898,0.,0.571198664,  0000895P0000957
4.71238898,0.,0.499798831,4.71238898,0.,0.428398998,4.71238898,  0000895P0000958
0.,0.356999165,4.71238898,0.,0.285599332,4.71238898,0.,          0000895P0000959
0.214199499,4.71238898,0.,0.142799666,4.71238898,0.,             0000895P0000960
7.139983304E-02,4.71238898,0.,2.379994435E-02,4.71238898,0.,     0000895P0000961
-3.487868498E-16,4.71238898,0.,1.570796327,3.141592654,0.,0.,1.; 0000895P0000962
110,-3.487868498E-16,4.71238898,0.,-6.975736996E-16,3.141592654, 0000897P0000963
0.;                                                              0000897P0000964
102,3,901,905,909;                                               0000899P0000965
100,0.,0.,0.,3.016E-02,0.,0.,3.016E-02;                          0000901P0000966
124,-1.,0.,0.,1.73016,0.,1.,0.,1.36984,0.,0.,-1.,-1.41984;       0000903P0000967
100,0.,0.,0.,0.,3.016E-02,-3.016E-02,0.;                         0000905P0000968
124,0.,0.,-1.,1.73016,0.,1.,0.,1.36984,1.,0.,0.,-1.41984;        0000907P0000969
100,0.,0.,0.,-3.016E-02,0.,0.,-3.016E-02;                        0000909P0000970
124,0.,1.,0.,1.73016,0.,0.,1.,1.36984,1.,0.,0.,-1.41984;         0000911P0000971
144,915,1,0,923;                                                 0000913P0000972
120,919,921,0.,1.868047688;                                      0000915P0000973
124,0.,1.,0.,1.73016,0.,0.,1.,1.4,1.,0.,0.,-3.016E-02;           0000917P0000974
110,0.,0.,1.,0.,0.,0.;                                           0000919P0000975
110,3.016E-02,0.,-1.36984,3.016E-02,0.,-3.016E-02;               0000921P0000976
142,0,915,925,943,3;                                             0000923P0000977
102,8,927,929,931,933,935,937,939,941;                           0000925P0000978
110,1.,1.776356839E-15,0.,1.,1.570796327,0.;                     0000927P0000979
126,24,3,1,0,1,0,1.570796327,1.570796327,1.570796327,            0000929P0000980
1.570796327,1.584307752,1.597819178,1.611330603,1.624842029,     0000929P0000981
1.638353454,1.65186488,1.665376305,1.678887731,1.692399156,      0000929P0000982
1.705910582,1.719422007,1.732933433,1.746444858,1.759956284,     0000929P0000983
1.77346771,1.786979135,1.800490561,1.814001986,1.827513412,      0000929P0000984
1.841024837,1.854536263,1.868047688,1.868047688,1.868047688,     0000929P0000985
1.868047688,1.,1.,1.,1.,1.,1.,1.,1.,1.,1.,1.,1.,1.,1.,1.,1.,1.,  0000929P0000986
1.,1.,1.,1.,1.,1.,1.,1.,1.,1.570796327,0.,0.999898979,           0000929P0000987
1.575283572,0.,0.999696837,1.584262561,0.,0.999393401,           0000929P0000988
1.597743333,0.,0.999089827,1.611235185,0.,0.998786196,1.6247369, 0000929P0000989
0.,0.998482593,1.638247258,0.,0.9981791,1.651765033,0.,          0000929P0000990
0.997875801,1.665288995,0.,0.99757278,1.67881791,0.,0.99727012,  0000929P0000991
1.692350543,0.,0.996967905,1.705885655,0.,0.996666217,           0000929P0000992
1.719422007,0.,0.99636514,1.73295836,0.,0.996064757,1.746493472, 0000929P0000993
0.,0.99576515,1.760026105,0.,0.9954664,1.77355502,0.,            0000929P0000994
0.995168589,1.787078982,0.,0.994871797,1.800596757,0.,           0000929P0000995
0.994576105,1.814107115,0.,0.99428159,1.82760883,0.,0.993988333, 0000929P0000996
1.841100682,0.,0.993696409,1.854581454,0.,0.993502732,           0000929P0000997
1.863560443,0.,0.993406142,1.868047688,0.,1.570796327,           0000929P0000998
1.868047688,-0.,-0.,1.;                                          0000929P0000999
126,24,3,1,0,1,0,0.,0.,0.,0.,1.072925062E-06,2.145850124E-06,    0000931P0001000
3.218775187E-06,4.291700249E-06,5.364625311E-06,6.437550373E-06, 0000931P0001001
7.510475435E-06,8.583400498E-06,9.65632556E-06,1.072925062E-05,  0000931P0001002
1.180217568E-05,1.287510075E-05,1.394802581E-05,1.502095087E-05, 0000931P0001003
1.609387593E-05,1.7166801E-05,1.823972606E-05,1.931265112E-05,   0000931P0001004
2.038557618E-05,2.145850124E-05,2.253142631E-05,2.360435137E-05, 0000931P0001005
2.360435137E-05,2.360435137E-05,2.360435137E-05,1.,1.,1.,1.,1.,  0000931P0001006
1.,1.,1.,1.,1.,1.,1.,1.,1.,1.,1.,1.,1.,1.,1.,1.,1.,1.,1.,1.,     0000931P0001007
0.993406142,1.868047688,0.,0.993221651,1.859477179,0.,           0000931P0001008
0.99284439,1.842640775,0.,0.992255214,1.818330612,0.,            0000931P0001009
0.991644302,1.794994168,0.,0.991013202,1.772665347,0.,           0000931P0001010
0.990363471,1.751381073,0.,0.989696634,1.731180494,0.,           0000931P0001011
0.989014329,1.712108547,0.,0.988317775,1.694201334,0.,           0000931P0001012
0.987609755,1.677539975,0.,0.986885688,1.662012525,0.,           0000931P0001013
0.986147963,1.647645322,0.,0.985397854,1.634451467,0.,           0000931P0001014
0.984636938,1.622448767,0.,0.983866698,1.611654887,0.,           0000931P0001015
0.983088691,1.602089075,0.,0.982304265,1.593770146,0.,           0000931P0001016
0.981515535,1.586722661,0.,0.980721757,1.580953816,0.,           0000931P0001017
0.979915635,1.576416969,0.,0.979107864,1.573179595,0.,           0000931P0001018
0.978297567,1.57123037,0.,0.977757179,1.570796331,0.,            0000931P0001019
0.977487161,1.570796327,0.,0.,2.360435137E-05,-0.,-0.,1.;        0000931P0001020
110,0.977487161,1.570796327,0.,2.251283889E-02,1.570796327,0.;   0000933P0001021
126,24,3,1,0,1,0,0.,0.,0.,0.,1.074135659E-06,2.148271317E-06,    0000935P0001022
3.222406976E-06,4.296542634E-06,5.370678293E-06,6.444813952E-06, 0000935P0001023
7.51894961E-06,8.593085269E-06,9.667220927E-06,1.074135659E-05,  0000935P0001024
1.181549224E-05,1.28896279E-05,1.396376356E-05,1.503789922E-05,  0000935P0001025
1.611203488E-05,1.718617054E-05,1.82603062E-05,1.933444185E-05,  0000935P0001026
2.040857751E-05,2.148271317E-05,2.255684883E-05,2.363098449E-05, 0000935P0001027
2.363098449E-05,2.363098449E-05,2.363098449E-05,1.,1.,1.,1.,1.,  0000935P0001028
1.,1.,1.,1.,1.,1.,1.,1.,1.,1.,1.,1.,1.,1.,1.,1.,1.,1.,1.,1.,     0000935P0001029
2.251283889E-02,1.570796327,0.,2.224557714E-02,1.570796329,0.,   0000935P0001030
2.17102713E-02,1.571231038,0.,2.090648772E-02,1.573175667,0.,    0000935P0001031
2.010340145E-02,1.576401263,0.,1.930253495E-02,1.580896421,0.,   0000935P0001032
1.850540943E-02,1.586650049,0.,1.771355079E-02,1.59365138,0.,    0000935P0001033
1.692846736E-02,1.601890211,0.,1.615173308E-02,1.611355968,0.,   0000935P0001034
1.538467708E-02,1.622040958,0.,1.462954208E-02,1.633927726,0.,   0000935P0001035
1.388193747E-02,1.647091561,0.,1.314411426E-02,1.66148151,0.,    0000935P0001036
1.241741339E-02,1.677067836,0.,1.170342191E-02,1.693817347,0.,   0000935P0001037
1.10036525E-02,1.711700551,0.,1.031966923E-02,1.730688369,0.,    0000935P0001038
9.652904995E-03,1.750758675,0.,9.005265988E-03,1.771873933,0.,   0000935P0001039
8.376896349E-03,1.794064545,0.,7.758441183E-03,1.817694982,0.,   0000935P0001040
7.163292745E-03,1.842282068,0.,6.78096808E-03,1.859355533,0.,    0000935P0001041
6.593857846E-03,1.868047688,0.,0.,2.363098449E-05,-0.,-0.,1.;    0000935P0001042
126,24,3,1,0,1,0,4.71238898,4.71238898,4.71238898,4.71238898,    0000937P0001043
4.725900406,4.739411831,4.752923257,4.766434682,4.779946108,     0000937P0001044
4.793457533,4.806968959,4.820480385,4.83399181,4.847503236,      0000937P0001045
4.861014661,4.874526087,4.888037512,4.901548938,4.915060363,     0000937P0001046
4.928571789,4.942083214,4.95559464,4.969106065,4.982617491,      0000937P0001047
4.996128916,5.009640342,5.009640342,5.009640342,5.009640342,1.,  0000937P0001048
1.,1.,1.,1.,1.,1.,1.,1.,1.,1.,1.,1.,1.,1.,1.,1.,1.,1.,1.,1.,1.,  0000937P0001049
1.,1.,1.,6.593857846E-03,1.868047688,0.,6.49726754E-03,          0000937P0001050
1.863560443,0.,6.303591482E-03,1.854581454,0.,6.011667488E-03,   0000937P0001051
1.841100682,0.,5.718409619E-03,1.82760883,0.,5.423895277E-03,    0000937P0001052
1.814107115,0.,5.128202676E-03,1.800596757,0.,4.831410906E-03,   0000937P0001053
1.787078982,0.,4.533599825E-03,1.77355502,0.,4.234850003E-03,    0000937P0001054
1.760026105,0.,3.935242641E-03,1.746493472,0.,3.634859502E-03,   0000937P0001055
1.73295836,0.,3.333782835E-03,1.719422007,0.,3.0320953E-03,      0000937P0001056
1.705885655,0.,2.729879893E-03,1.692350543,0.,2.42721987E-03,    0000937P0001057
1.67881791,0.,2.124198671E-03,1.665288995,0.,1.820899842E-03,    0000937P0001058
1.651765033,0.,1.517406957E-03,1.638247258,0.,1.213803547E-03,   0000937P0001059
1.6247369,0.,9.101730206E-04,1.611235185,0.,6.065985778E-04,     0000937P0001060
1.597743333,0.,3.031631857E-04,1.584262561,0.,1.010206032E-04,   0000937P0001061
1.575283572,0.,-7.810526017E-16,1.570796327,0.,4.71238898,       0000937P0001062
5.009640342,-0.,-0.,1.;                                          0000937P0001063
110,-6.153080918E-16,1.570796327,0.,-8.756589591E-16,            0000939P0001064
1.776356839E-15,0.;                                              0000939P0001065
110,-8.881784197E-16,1.783053705E-15,0.,1.,2.080522421E-15,0.;   0000941P0001066
102,8,945,949,951,953,955,957,959,963;                           0000943P0001067
100,0.,0.,0.,3.016E-02,0.,3.469446952E-18,3.016E-02;             0000945P0001068
124,0.,-1.,-0.,1.73016,0.,0.,-1.,1.36984,1.,0.,0.,-3.016E-02;    0000947P0001069
126,3,3,1,0,0,0,1.570796327,1.570796327,1.570796327,1.570796327, 0000949P0001070
1.868047688,1.868047688,1.868047688,1.868047688,1.,0.992650347,  0000949P0001071
0.992650347,1.,1.7,1.36984,-3.016E-02,1.7,1.366840578,           0000949P0001072
-3.315942191E-02,1.700444152,1.363874223,-3.612577675E-02,       0000949P0001073
1.701322662,1.361006341,-3.899365948E-02,1.570796327,            0000949P0001074
1.868047688,9.25863403E-13,-0.707106781,0.707106781;             0000949P0001075
126,9,3,0,0,1,0,0.,0.,0.,0.,9.493065181E-06,9.493065181E-06,     0000951P0001076
9.493065181E-06,1.893605998E-05,1.893605998E-05,1.893605998E-05, 0000951P0001077
2.360435137E-05,2.360435137E-05,2.360435137E-05,2.360435137E-05, 0000951P0001078
1.,1.,1.,1.,1.,1.,1.,1.,1.,1.,1.701322662,1.361006341,           0000951P0001079
-3.899365948E-02,1.700652778,1.358819516,-3.680683542E-02,       0000951P0001080
1.700338002,1.356198597,-3.488872359E-02,1.700180287,            0000951P0001081
1.353383221,-3.345278314E-02,1.700023111,1.350577456,            0000951P0001082
-3.202174514E-02,1.700008297,1.347502157,-3.10218035E-02,        0000951P0001083
1.700002265,1.344387257,-3.052961014E-02,1.699999254,            0000951P0001084
1.342832633,-3.028395989E-02,1.7,1.341253915,-3.016E-02,1.7,     0000951P0001085
1.33968,-3.016E-02,0.,2.360435137E-05,0.967003714,               0000951P0001086
5.699859049E-02,0.248304204;                                     0000951P0001087
110,1.7,1.33968,-3.016E-02,1.7,6.032E-02,-3.016E-02;             0000953P0001088
126,9,3,0,0,1,0,0.,0.,0.,0.,1.003666877E-05,1.003666877E-05,     0000955P0001089
1.003666877E-05,2.009406401E-05,2.009406401E-05,2.009406401E-05, 0000955P0001090
2.363098449E-05,2.363098449E-05,2.363098449E-05,2.363098449E-05, 0000955P0001091
1.,1.,1.,1.,1.,1.,1.,1.,1.,1.,1.7,6.032E-02,-3.016E-02,1.7,      0000955P0001092
5.697444374E-02,-3.016E-02,1.6999854,5.358313353E-02,            0000955P0001093
-3.073234596E-02,1.700046269,5.042334501E-02,-3.182996981E-02,   0000955P0001094
1.700107203,4.726016831E-02,-3.292877063E-02,1.700253193,        0000955P0001095
4.423577736E-02,-3.459190291E-02,1.700706144,4.16312665E-02,     0000955P0001096
-3.664814244E-02,1.700867675,4.070245296E-02,-3.738143296E-02,   0000955P0001097
1.701069819,3.981906007E-02,-3.816825889E-02,1.701322662,        0000955P0001098
3.899365948E-02,-3.899365948E-02,0.,2.363098449E-05,0.968120385, 0000955P0001099
-5.502466168E-02,0.244366949;                                    0000955P0001100
126,3,3,1,0,0,0,4.71238898,4.71238898,4.71238898,4.71238898,     0000957P0001101
5.009640342,5.009640342,5.009640342,5.009640342,1.,0.992650347,  0000957P0001102
0.992650347,1.,1.701322662,3.899365948E-02,-3.899365948E-02,     0000957P0001103
1.700444152,3.612577675E-02,-3.612577675E-02,1.7,                0000957P0001104
3.315942191E-02,-3.315942191E-02,1.7,3.016E-02,-3.016E-02,       0000957P0001105
4.71238898,5.009640342,1.735993881E-13,0.707106781,0.707106781;  0000957P0001106
100,0.,0.,0.,3.469446952E-18,3.016E-02,-3.016E-02,0.;            0000959P0001107
124,0.,-1.,0.,1.73016,0.,0.,1.,3.016E-02,-1.,-0.,0.,-3.016E-02;  0000961P0001108
110,1.73016,3.016E-02,0.,1.73016,1.36984,0.;                     0000963P0001109
144,967,1,0,975;                                                 0000965P0001110
120,971,973,0.,1.570796327;                                      0000967P0001111
124,0.,0.,-1.,2.2,0.,1.,0.,3.016E-02,1.,0.,0.,-3.016E-02;        0000969P0001112
110,0.,0.,1.,0.,0.,0.;                                           0000971P0001113
110,3.016E-02,0.,3.016E-02,3.016E-02,0.,0.46984;                 0000973P0001114
142,0,967,977,987,3;                                             0000975P0001115
102,4,979,981,983,985;                                           0000977P0001116
110,-2.379822938E-15,1.570796327,0.,-3.173097251E-15,            0000979P0001117
8.881784197E-16,0.;                                              0000979P0001118
110,-3.108624469E-15,1.783053705E-15,0.,1.,1.880682277E-15,0.;   0000981P0001119
110,1.,0.,0.,1.,1.570796327,0.;                                  0000983P0001120
110,1.,1.570796327,0.,-2.367253652E-15,1.570796327,0.;           0000985P0001121
102,4,989,993,995,999;                                           0000987P0001122
100,0.,0.,0.,3.469446952E-18,3.016E-02,-3.016E-02,               0000989P0001123
3.469446952E-18;                                                 0000989P0001124
124,0.,0.,-1.,2.16984,0.,-1.,0.,3.016E-02,-1.,0.,0.,-3.016E-02;  0000991P0001125
110,2.16984,3.016E-02,0.,1.73016,3.016E-02,0.;                   0000993P0001126
100,0.,0.,0.,3.016E-02,0.,3.469446952E-18,3.016E-02;             0000995P0001127
124,0.,0.,1.,1.73016,0.,-1.,-0.,3.016E-02,1.,0.,0.,-3.016E-02;   0000997P0001128
110,1.73016,0.,-3.016E-02,2.16984,0.,-3.016E-02;                 0000999P0001129
144,1003,1,0,1011;                                               0001001P0001130
120,1007,1009,1.570796327,3.141592654;                           0001003P0001131
124,0.,0.,-1.,2.2,0.,1.,0.,3.016E-02,1.,0.,0.,-1.41984;          0001005P0001132
110,0.,0.,1.,0.,0.,0.;                                           0001007P0001133
110,3.016E-02,0.,3.016E-02,3.016E-02,0.,0.46984;                 0001009P0001134
142,0,1003,1013,1023,3;                                          0001011P0001135
102,4,1015,1017,1019,1021;                                       0001013P0001136
110,-1.586548625E-15,3.141592654,0.,-2.379822938E-15,            0001015P0001137
1.570796327,0.;                                                  0001015P0001138
110,-2.331468352E-15,1.570796327,0.,1.,1.570796327,0.;           0001017P0001139
110,1.,1.570796327,0.,1.,3.141592654,0.;                         0001019P0001140
110,1.,3.141592654,0.,-1.570278256E-15,3.141592654,0.;           0001021P0001141
102,4,1025,1029,1031,1035;                                       0001023P0001142
100,0.,0.,0.,3.016E-02,0.,0.,3.016E-02;                          0001025P0001143
124,0.,0.,-1.,2.16984,0.,-1.,0.,3.016E-02,-1.,0.,-0.,-1.41984;   0001027P0001144
110,2.16984,0.,-1.41984,1.73016,0.,-1.41984;                     0001029P0001145
100,0.,0.,0.,0.,3.016E-02,-3.016E-02,3.469446952E-18;            0001031P0001146
124,0.,0.,1.,1.73016,0.,-1.,0.,3.016E-02,1.,0.,0.,-1.41984;      0001033P0001147
110,1.73016,3.016E-02,-1.45,2.16984,3.016E-02,-1.45;             0001035P0001148
144,1039,1,0,1047;                                               0001037P0001149
120,1043,1045,1.273544965,3.141592654;                           0001039P0001150
124,0.,1.,0.,1.73016,0.,0.,1.,0.,1.,0.,0.,-1.41984;              0001041P0001151
110,0.,0.,1.,0.,0.,0.;                                           0001043P0001152
110,3.016E-02,0.,3.016E-02,3.016E-02,0.,1.36984;                 0001045P0001153
142,0,1039,1049,1067,3;                                          0001047P0001154
102,8,1051,1053,1055,1057,1059,1061,1063,1065;                   0001049P0001155
110,1.,1.570796327,0.,1.,3.141592654,0.;                         0001051P0001156
110,1.,3.141592654,0.,-3.496173254E-16,3.141592654,0.;           0001053P0001157
110,-3.549572246E-16,3.141592654,0.,-6.153080918E-16,            0001055P0001158
1.570796327,0.;                                                  0001055P0001159
126,24,3,1,0,1,0,1.570796327,1.570796327,1.570796327,            0001057P0001160
1.570796327,1.584307752,1.597819178,1.611330603,1.624842029,     0001057P0001161
1.638353454,1.65186488,1.665376305,1.678887731,1.692399156,      0001057P0001162
1.705910582,1.719422007,1.732933433,1.746444858,1.759956284,     0001057P0001163
1.77346771,1.786979135,1.800490561,1.814001986,1.827513412,      0001057P0001164
1.841024837,1.854536263,1.868047688,1.868047688,1.868047688,     0001057P0001165
1.868047688,1.,1.,1.,1.,1.,1.,1.,1.,1.,1.,1.,1.,1.,1.,1.,1.,1.,  0001057P0001166
1.,1.,1.,1.,1.,1.,1.,1.,-7.810526017E-16,1.570796327,0.,         0001057P0001167
1.010206032E-04,1.566309082,0.,3.031631857E-04,1.557330092,0.,   0001057P0001168
6.065985778E-04,1.54384932,0.,9.101730206E-04,1.530357469,0.,    0001057P0001169
1.213803547E-03,1.516855753,0.,1.517406957E-03,1.503345395,0.,   0001057P0001170
1.820899842E-03,1.489827621,0.,2.124198671E-03,1.476303659,0.,   0001057P0001171
2.42721987E-03,1.462774744,0.,2.729879893E-03,1.449242111,0.,    0001057P0001172
3.0320953E-03,1.435706999,0.,3.333782835E-03,1.422170646,0.,     0001057P0001173
3.634859502E-03,1.408634294,0.,3.935242641E-03,1.395099181,0.,   0001057P0001174
4.234850003E-03,1.381566549,0.,4.533599825E-03,1.368037633,0.,   0001057P0001175
4.831410906E-03,1.354513672,0.,5.128202676E-03,1.340995897,0.,   0001057P0001176
5.423895277E-03,1.327485539,0.,5.718409619E-03,1.313983824,0.,   0001057P0001177
6.011667488E-03,1.300491972,0.,6.303591482E-03,1.2870112,0.,     0001057P0001178
6.49726754E-03,1.278032211,0.,6.593857846E-03,1.273544965,0.,    0001057P0001179
1.570796327,1.868047688,-0.,-0.,1.;                              0001057P0001180
126,24,3,1,0,1,0,0.,0.,0.,0.,1.072925062E-06,2.145850124E-06,    0001059P0001181
3.218775187E-06,4.291700249E-06,5.364625311E-06,6.437550373E-06, 0001059P0001182
7.510475435E-06,8.583400498E-06,9.65632556E-06,1.072925062E-05,  0001059P0001183
1.180217568E-05,1.287510075E-05,1.394802581E-05,1.502095087E-05, 0001059P0001184
1.609387593E-05,1.7166801E-05,1.823972606E-05,1.931265112E-05,   0001059P0001185
2.038557618E-05,2.145850124E-05,2.253142631E-05,2.360435137E-05, 0001059P0001186
2.360435137E-05,2.360435137E-05,2.360435137E-05,1.,1.,1.,1.,1.,  0001059P0001187
1.,1.,1.,1.,1.,1.,1.,1.,1.,1.,1.,1.,1.,1.,1.,1.,1.,1.,1.,1.,     0001059P0001188
6.593857846E-03,1.273544965,0.,6.778349064E-03,1.282115475,0.,   0001059P0001189
7.155609757E-03,1.298951879,0.,7.744786215E-03,1.323262042,0.,   0001059P0001190
8.355698111E-03,1.346598485,0.,8.986797639E-03,1.368927306,0.,   0001059P0001191
9.636528926E-03,1.39021158,0.,1.030336619E-02,1.41041216,0.,     0001059P0001192
1.098567134E-02,1.429484107,0.,1.168222546E-02,1.447391319,0.,   0001059P0001193
1.239024524E-02,1.464052679,0.,1.311431228E-02,1.479580128,0.,   0001059P0001194
1.385203732E-02,1.493947331,0.,1.460214604E-02,1.507141187,0.,   0001059P0001195
1.536306169E-02,1.519143886,0.,1.613330223E-02,1.529937767,0.,   0001059P0001196
1.691130924E-02,1.539503579,0.,1.769573516E-02,1.547822507,0.,   0001059P0001197
1.848446532E-02,1.554869992,0.,1.927824262E-02,1.560638837,0.,   0001059P0001198
2.008436529E-02,1.565175685,0.,2.089213622E-02,1.568413058,0.,   0001059P0001199
2.170243271E-02,1.570362284,0.,2.224282148E-02,1.570796322,0.,   0001059P0001200
2.251283889E-02,1.570796327,0.,0.,2.360435137E-05,-0.,-0.,1.;    0001059P0001201
110,2.251283889E-02,1.570796327,0.,0.977487161,1.570796327,0.;   0001061P0001202
126,24,3,1,0,1,0,0.,0.,0.,0.,1.074135659E-06,2.148271317E-06,    0001063P0001203
3.222406976E-06,4.296542634E-06,5.370678293E-06,6.444813952E-06, 0001063P0001204
7.51894961E-06,8.593085269E-06,9.667220927E-06,1.074135659E-05,  0001063P0001205
1.181549224E-05,1.28896279E-05,1.396376356E-05,1.503789922E-05,  0001063P0001206
1.611203488E-05,1.718617054E-05,1.82603062E-05,1.933444185E-05,  0001063P0001207
2.040857751E-05,2.148271317E-05,2.255684883E-05,2.363098449E-05, 0001063P0001208
2.363098449E-05,2.363098449E-05,2.363098449E-05,1.,1.,1.,1.,1.,  0001063P0001209
1.,1.,1.,1.,1.,1.,1.,1.,1.,1.,1.,1.,1.,1.,1.,1.,1.,1.,1.,1.,     0001063P0001210
0.977487161,1.570796327,0.,0.977754423,1.570796324,0.,           0001063P0001211
0.978289729,1.570361616,0.,0.979093512,1.568416987,0.,           0001063P0001212
0.979896599,1.565191391,0.,0.980697465,1.560696233,0.,           0001063P0001213
0.981494591,1.554942604,0.,0.982286449,1.547941274,0.,           0001063P0001214
0.983071533,1.539702443,0.,0.983848267,1.530236685,0.,           0001063P0001215
0.984615323,1.519551696,0.,0.985370458,1.507664928,0.,           0001063P0001216
0.986118063,1.494501092,0.,0.986855886,1.480111144,0.,           0001063P0001217
0.987582587,1.464524818,0.,0.988296578,1.447775306,0.,           0001063P0001218
0.988996347,1.429892103,0.,0.989680331,1.410904285,0.,           0001063P0001219
0.990347095,1.390833978,0.,0.990994734,1.36971872,0.,            0001063P0001220
0.991623104,1.347528109,0.,0.992241559,1.323897672,0.,           0001063P0001221
0.992836707,1.299310585,0.,0.993219032,1.28223712,0.,            0001063P0001222
0.993406142,1.273544965,0.,0.,2.363098449E-05,-0.,-0.,1.;        0001063P0001223
126,24,3,1,0,1,0,1.570796327,1.570796327,1.570796327,            0001065P0001224
1.570796327,1.584307752,1.597819178,1.611330603,1.624842029,     0001065P0001225
1.638353454,1.65186488,1.665376305,1.678887731,1.692399156,      0001065P0001226
1.705910582,1.719422007,1.732933433,1.746444858,1.759956284,     0001065P0001227
1.77346771,1.786979135,1.800490561,1.814001986,1.827513412,      0001065P0001228
1.841024837,1.854536263,1.868047688,1.868047688,1.868047688,     0001065P0001229
1.868047688,1.,1.,1.,1.,1.,1.,1.,1.,1.,1.,1.,1.,1.,1.,1.,1.,1.,  0001065P0001230
1.,1.,1.,1.,1.,1.,1.,1.,0.993406142,1.273544965,0.,0.993502732,  0001065P0001231
1.278032211,0.,0.993696409,1.2870112,0.,0.993988333,1.300491972, 0001065P0001232
0.,0.99428159,1.313983824,0.,0.994576105,1.327485539,0.,         0001065P0001233
0.994871797,1.340995897,0.,0.995168589,1.354513672,0.,0.9954664, 0001065P0001234
1.368037633,0.,0.99576515,1.381566549,0.,0.996064757,            0001065P0001235
1.395099181,0.,0.99636514,1.408634294,0.,0.996666217,            0001065P0001236
1.422170646,0.,0.996967905,1.435706999,0.,0.99727012,            0001065P0001237
1.449242111,0.,0.99757278,1.462774744,0.,0.997875801,            0001065P0001238
1.476303659,0.,0.9981791,1.489827621,0.,0.998482593,1.503345395, 0001065P0001239
0.,0.998786196,1.516855753,0.,0.999089827,1.530357469,0.,        0001065P0001240
0.999393401,1.54384932,0.,0.999696837,1.557330092,0.,            0001065P0001241
0.999898979,1.566309082,0.,1.,1.570796327,0.,1.570796327,        0001065P0001242
1.868047688,-0.,-0.,1.;                                          0001065P0001243
102,8,1069,1073,1075,1079,1081,1083,1085,1087;                   0001067P0001244
100,0.,0.,0.,0.,3.016E-02,-3.016E-02,0.;                         0001069P0001245
124,0.,-1.,0.,1.73016,0.,0.,-1.,1.36984,1.,0.,-0.,-1.41984;      0001071P0001246
110,1.73016,1.36984,-1.45,1.73016,3.016E-02,-1.45;               0001073P0001247
100,0.,0.,0.,3.016E-02,0.,0.,3.016E-02;                          0001075P0001248
124,0.,-1.,0.,1.73016,0.,0.,1.,3.016E-02,-1.,0.,0.,-1.41984;     0001077P0001249
126,3,3,1,0,0,0,1.570796327,1.570796327,1.570796327,1.570796327, 0001079P0001250
1.868047688,1.868047688,1.868047688,1.868047688,1.,0.992650347,  0001079P0001251
0.992650347,1.,1.7,3.016E-02,-1.41984,1.7,3.315942191E-02,       0001079P0001252
-1.416840578,1.700444152,3.612577675E-02,-1.413874223,           0001079P0001253
1.701322662,3.899365948E-02,-1.411006341,1.570796327,            0001079P0001254
1.868047688,9.25863403E-13,-0.707106781,0.707106781;             0001079P0001255
126,9,3,0,0,1,0,0.,0.,0.,0.,9.493065181E-06,9.493065181E-06,     0001081P0001256
9.493065181E-06,1.893605998E-05,1.893605998E-05,1.893605998E-05, 0001081P0001257
2.360435137E-05,2.360435137E-05,2.360435137E-05,2.360435137E-05, 0001081P0001258
1.,1.,1.,1.,1.,1.,1.,1.,1.,1.,1.701322662,3.899365948E-02,       0001081P0001259
-1.411006341,1.700652778,4.118048354E-02,-1.413193165,           0001081P0001260
1.700338002,4.380140293E-02,-1.415111276,1.700180287,            0001081P0001261
4.661677929E-02,-1.416547217,1.700023111,4.942254363E-02,        0001081P0001262
-1.417978255,1.700008297,5.249784345E-02,-1.418978197,           0001081P0001263
1.700002265,5.561274264E-02,-1.41947039,1.699999254,             0001081P0001264
5.716736695E-02,-1.41971604,1.7,5.874608455E-02,-1.41984,1.7,    0001081P0001265
6.032E-02,-1.41984,0.,2.360435137E-05,-0.967003714,              0001081P0001266
5.69985905E-02,0.248304204;                                      0001081P0001267
110,1.7,6.032E-02,-1.41984,1.7,1.33968,-1.41984;                 0001083P0001268
126,9,3,0,0,1,0,0.,0.,0.,0.,1.003666877E-05,1.003666877E-05,     0001085P0001269
1.003666877E-05,2.009406401E-05,2.009406401E-05,2.009406401E-05, 0001085P0001270
2.363098449E-05,2.363098449E-05,2.363098449E-05,2.363098449E-05, 0001085P0001271
1.,1.,1.,1.,1.,1.,1.,1.,1.,1.,1.7,1.33968,-1.41984,1.7,          0001085P0001272
1.343025556,-1.41984,1.6999854,1.346416866,-1.419267654,         0001085P0001273
1.700046269,1.349576655,-1.41817003,1.700107203,1.352739832,     0001085P0001274
-1.417071229,1.700253193,1.355764223,-1.415408097,1.700706144,   0001085P0001275
1.358368734,-1.413351858,1.700867675,1.359297547,-1.412618567,   0001085P0001276
1.701069819,1.36018094,-1.411831741,1.701322662,1.361006341,     0001085P0001277
-1.411006341,0.,2.363098449E-05,-0.968120385,-5.502466168E-02,   0001085P0001278
0.244366949;                                                     0001085P0001279
126,3,3,1,0,0,0,1.570796327,1.570796327,1.570796327,1.570796327, 0001087P0001280
1.868047688,1.868047688,1.868047688,1.868047688,1.,0.992650347,  0001087P0001281
0.992650347,1.,1.701322662,1.361006341,-1.411006341,1.700444152, 0001087P0001282
1.363874223,-1.413874223,1.7,1.366840578,-1.416840578,1.7,       0001087P0001283
1.36984,-1.41984,1.570796327,1.868047688,-0.,0.707106781,        0001087P0001284
0.707106781;                                                     0001087P0001285
144,1091,1,0,1101;                                               0001089P0001286
120,1095,1097,1.570796327,3.141592654;                           0001091P0001287
124,1.,0.,0.,1.73016,0.,0.,1.,3.016E-02,0.,-1.,0.,-3.016E-02;    0001093P0001288
110,0.,0.,1.,0.,0.,0.;                                           0001095P0001289
100,0.,0.,0.,1.846767373E-18,-3.016E-02,3.016E-02,0.;            0001097P0001290
124,1.,0.,0.,0.,0.,0.,-1.,0.,0.,1.,-0.,0.;                       0001099P0001291
142,0,1091,1103,1111,3;                                          0001101P0001292
102,3,1105,1107,1109;                                            0001103P0001293
126,24,3,0,0,1,0,4.71238898,4.71238898,4.71238898,4.71238898,    0001105P0001294
4.783788813,4.855188646,4.926588479,4.997988313,5.069388146,     0001105P0001295
5.140787979,5.212187812,5.283587645,5.354987478,5.426387311,     0001105P0001296
5.497787144,5.569186977,5.64058681,5.711986643,5.783386476,      0001105P0001297
5.854786309,5.926186142,5.997585975,6.068985808,6.140385641,     0001105P0001298
6.211785474,6.283185307,6.283185307,6.283185307,6.283185307,1.,  0001105P0001299
1.,1.,1.,1.,1.,1.,1.,1.,1.,1.,1.,1.,1.,1.,1.,1.,1.,1.,1.,1.,1.,  0001105P0001300
1.,1.,1.,-1.570796327,1.570796327,0.,-1.546996382,1.570796327,   0001105P0001301
0.,-1.499396494,1.570796327,0.,-1.427996661,1.570796327,0.,      0001105P0001302
-1.356596828,1.570796327,0.,-1.285196995,1.570796327,0.,         0001105P0001303
-1.213797162,1.570796327,0.,-1.142397329,1.570796327,0.,         0001105P0001304
-1.070997496,1.570796327,0.,-0.999597663,1.570796327,0.,         0001105P0001305
-0.928197829,1.570796327,0.,-0.856797996,1.570796327,0.,         0001105P0001306
-0.785398163,1.570796327,0.,-0.71399833,1.570796327,0.,          0001105P0001307
-0.642598497,1.570796327,0.,-0.571198664,1.570796327,0.,         0001105P0001308
-0.499798831,1.570796327,0.,-0.428398998,1.570796327,0.,         0001105P0001309
-0.356999165,1.570796327,0.,-0.285599332,1.570796327,0.,         0001105P0001310
-0.214199499,1.570796327,0.,-0.142799666,1.570796327,0.,         0001105P0001311
-7.139983304E-02,1.570796327,0.,-2.379994435E-02,1.570796327,0., 0001105P0001312
-1.276429976E-15,1.570796327,0.,4.71238898,6.283185307,0.,0.,1.; 0001105P0001313
110,-1.046360549E-15,1.570796327,0.,-6.975736996E-16,            0001107P0001314
3.141592654,0.;                                                  0001107P0001315
126,24,3,0,0,1,0,0.,0.,0.,0.,7.139983304E-02,0.142799666,        0001109P0001316
0.214199499,0.285599332,0.356999165,0.428398998,0.499798831,     0001109P0001317
0.571198664,0.642598497,0.71399833,0.785398163,0.856797996,      0001109P0001318
0.928197829,0.999597663,1.070997496,1.142397329,1.213797162,     0001109P0001319
1.285196995,1.356596828,1.427996661,1.499396494,1.570796327,     0001109P0001320
1.570796327,1.570796327,1.570796327,1.,1.,1.,1.,1.,1.,1.,1.,1.,  0001109P0001321
1.,1.,1.,1.,1.,1.,1.,1.,1.,1.,1.,1.,1.,1.,1.,1.,                 0001109P0001322
-8.059795348E-15,3.141592654,0.,-2.379994435E-02,3.141592654,0., 0001109P0001323
-7.139983304E-02,3.141592654,0.,-0.142799666,3.141592654,0.,     0001109P0001324
-0.214199499,3.141592654,0.,-0.285599332,3.141592654,0.,         0001109P0001325
-0.356999165,3.141592654,0.,-0.428398998,3.141592654,0.,         0001109P0001326
-0.499798831,3.141592654,0.,-0.571198664,3.141592654,0.,         0001109P0001327
-0.642598497,3.141592654,0.,-0.71399833,3.141592654,0.,          0001109P0001328
-0.785398163,3.141592654,0.,-0.856797996,3.141592654,0.,         0001109P0001329
-0.928197829,3.141592654,0.,-0.999597663,3.141592654,0.,         0001109P0001330
-1.070997496,3.141592654,0.,-1.142397329,3.141592654,0.,         0001109P0001331
-1.213797162,3.141592654,0.,-1.285196995,3.141592654,0.,         0001109P0001332
-1.356596828,3.141592654,0.,-1.427996661,3.141592654,0.,         0001109P0001333
-1.499396494,3.141592654,0.,-1.546996382,3.141592654,0.,         0001109P0001334
-1.570796327,3.141592654,0.,0.,1.570796327,0.,0.,1.;             0001109P0001335
102,3,1113,1117,1121;                                            0001111P0001336
100,0.,0.,0.,-6.938893904E-18,-3.016E-02,3.016E-02,              0001113P0001337
-6.938893904E-18;                                                0001113P0001338
124,0.,0.,-1.,1.73016,0.,1.,0.,3.016E-02,1.,0.,0.,-3.016E-02;    0001115P0001339
100,0.,0.,0.,-3.016E-02,0.,-6.938893904E-18,-3.016E-02;          0001117P0001340
124,0.,1.,0.,1.73016,0.,0.,-1.,3.016E-02,-1.,0.,0.,-3.016E-02;   0001119P0001341
100,0.,0.,0.,2.081668171E-16,-3.016E-02,3.016E-02,0.;            0001121P0001342
124,0.,1.,0.,1.73016,-1.,0.,-1.123385872E-16,3.016E-02,          0001123P0001343
-1.123385872E-16,0.,1.,-3.016E-02;                               0001123P0001344
144,1127,1,0,1137;                                               0001125P0001345
120,1131,1133,3.141592654,4.71238898;                            0001127P0001346
124,1.,0.,0.,1.73016,0.,0.,1.,3.016E-02,0.,-1.,0.,-1.41984;      0001129P0001347
110,0.,0.,1.,0.,0.,0.;                                           0001131P0001348
100,0.,0.,0.,1.846767373E-18,-3.016E-02,3.016E-02,               0001133P0001349
3.469446952E-18;                                                 0001133P0001350
124,1.,0.,0.,0.,0.,0.,-1.,0.,0.,1.,-0.,0.;                       0001135P0001351
142,0,1127,1139,1147,3;                                          0001137P0001352
102,3,1141,1143,1145;                                            0001139P0001353
110,-6.975736996E-16,3.141592654,0.,-3.487868498E-16,4.71238898, 0001141P0001354
0.;                                                              0001141P0001355
126,24,3,0,0,1,0,3.141592654,3.141592654,3.141592654,            0001143P0001356
3.141592654,3.212992487,3.28439232,3.355792153,3.427191986,      0001143P0001357
3.498591819,3.569991652,3.641391485,3.712791318,3.784191151,     0001143P0001358
3.855590984,3.926990817,3.99839065,4.069790483,4.141190316,      0001143P0001359
4.212590149,4.283989982,4.355389815,4.426789648,4.498189481,     0001143P0001360
4.569589314,4.640989147,4.71238898,4.71238898,4.71238898,        0001143P0001361
4.71238898,1.,1.,1.,1.,1.,1.,1.,1.,1.,1.,1.,1.,1.,1.,1.,1.,1.,   0001143P0001362
1.,1.,1.,1.,1.,1.,1.,1.,-2.337521365E-16,4.71238898,0.,          0001143P0001363
-2.379994435E-02,4.71238898,0.,-7.139983304E-02,4.71238898,0.,   0001143P0001364
-0.142799666,4.71238898,0.,-0.214199499,4.71238898,0.,           0001143P0001365
-0.285599332,4.71238898,0.,-0.356999165,4.71238898,0.,           0001143P0001366
-0.428398998,4.71238898,0.,-0.499798831,4.71238898,0.,           0001143P0001367
-0.571198664,4.71238898,0.,-0.642598497,4.71238898,0.,           0001143P0001368
-0.71399833,4.71238898,0.,-0.785398163,4.71238898,0.,            0001143P0001369
-0.856797996,4.71238898,0.,-0.928197829,4.71238898,0.,           0001143P0001370
-0.999597663,4.71238898,0.,-1.070997496,4.71238898,0.,           0001143P0001371
-1.142397329,4.71238898,0.,-1.213797162,4.71238898,0.,           0001143P0001372
-1.285196995,4.71238898,0.,-1.356596828,4.71238898,0.,           0001143P0001373
-1.427996661,4.71238898,0.,-1.499396494,4.71238898,0.,           0001143P0001374
-1.546996382,4.71238898,0.,-1.570796327,4.71238898,0.,           0001143P0001375
3.141592654,4.71238898,0.,0.,1.;                                 0001143P0001376
126,24,3,0,0,1,0,0.,0.,0.,0.,7.139983304E-02,0.142799666,        0001145P0001377
0.214199499,0.285599332,0.356999165,0.428398998,0.499798831,     0001145P0001378
0.571198664,0.642598497,0.71399833,0.785398163,0.856797996,      0001145P0001379
0.928197829,0.999597663,1.070997496,1.142397329,1.213797162,     0001145P0001380
1.285196995,1.356596828,1.427996661,1.499396494,1.570796327,     0001145P0001381
1.570796327,1.570796327,1.570796327,1.,1.,1.,1.,1.,1.,1.,1.,1.,  0001145P0001382
1.,1.,1.,1.,1.,1.,1.,1.,1.,1.,1.,1.,1.,1.,1.,1.,-1.570796327,    0001145P0001383
3.141592654,0.,-1.546996382,3.141592654,0.,-1.499396494,         0001145P0001384
3.141592654,0.,-1.427996661,3.141592654,0.,-1.356596828,         0001145P0001385
3.141592654,0.,-1.285196995,3.141592654,0.,-1.213797162,         0001145P0001386
3.141592654,0.,-1.142397329,3.141592654,0.,-1.070997496,         0001145P0001387
3.141592654,0.,-0.999597663,3.141592654,0.,-0.928197829,         0001145P0001388
3.141592654,0.,-0.856797996,3.141592654,0.,-0.785398163,         0001145P0001389
3.141592654,0.,-0.71399833,3.141592654,0.,-0.642598497,          0001145P0001390
3.141592654,0.,-0.571198664,3.141592654,0.,-0.499798831,         0001145P0001391
3.141592654,0.,-0.428398998,3.141592654,0.,-0.356999165,         0001145P0001392
3.141592654,0.,-0.285599332,3.141592654,0.,-0.214199499,         0001145P0001393
3.141592654,0.,-0.142799666,3.141592654,0.,-7.139983304E-02,     0001145P0001394
3.141592654,0.,-2.379994435E-02,3.141592654,0.,-6.975736996E-16, 0001145P0001395
3.141592654,0.,0.,1.570796327,0.,0.,1.;                          0001145P0001396
102,3,1149,1153,1157;                                            0001147P0001397
100,0.,0.,0.,0.,-3.016E-02,3.016E-02,0.;                         0001149P0001398
124,0.,1.,0.,1.73016,0.,0.,-1.,3.016E-02,-1.,0.,-0.,-1.41984;    0001151P0001399
100,0.,0.,0.,-3.016E-02,3.469446952E-18,0.,-3.016E-02;           0001153P0001400
124,0.,0.,-1.,1.73016,0.,1.,0.,3.016E-02,1.,0.,-0.,-1.41984;     0001155P0001401
100,0.,0.,0.,0.,-3.016E-02,3.016E-02,-6.938893904E-18;           0001157P0001402
124,-1.,0.,0.,1.73016,0.,1.,0.,3.016E-02,0.,0.,-1.,-1.41984;     0001159P0001403
144,1163,1,0,1171;                                               0001161P0001404
120,1167,1169,5.985933946,6.283185307;                           0001163P0001405
124,-1.,0.,0.,1.73016,0.,1.,0.,3.016E-02,0.,0.,-1.,0.;           0001165P0001406
110,0.,0.,1.,0.,0.,0.;                                           0001167P0001407
110,3.016E-02,0.,1.38968,3.016E-02,0.,1.41984;                   0001169P0001408
142,0,1163,1173,1181,3;                                          0001171P0001409
102,3,1175,1177,1179;                                            0001173P0001410
110,1.,6.283185307,0.,7.362221649E-15,6.283185307,0.;            0001175P0001411
126,24,3,1,0,1,0,0.,0.,0.,0.,1.074135659E-06,2.148271317E-06,    0001177P0001412
3.222406976E-06,4.296542634E-06,5.370678293E-06,6.444813952E-06, 0001177P0001413
7.51894961E-06,8.593085269E-06,9.667220927E-06,1.074135659E-05,  0001177P0001414
1.181549224E-05,1.28896279E-05,1.396376356E-05,1.503789922E-05,  0001177P0001415
1.611203488E-05,1.718617054E-05,1.82603062E-05,1.933444185E-05,  0001177P0001416
2.040857751E-05,2.148271317E-05,2.255684883E-05,2.363098449E-05, 0001177P0001417
2.363098449E-05,2.363098449E-05,2.363098449E-05,1.,1.,1.,1.,1.,  0001177P0001418
1.,1.,1.,1.,1.,1.,1.,1.,1.,1.,1.,1.,1.,1.,1.,1.,1.,1.,1.,1.,0.,  0001177P0001419
6.283185307,0.,1.187152585E-02,6.283185305,0.,3.564932859E-02,   0001177P0001420
6.282750596,0.,7.13526702E-02,6.280805967,0.,0.107025038,        0001177P0001421
6.277580371,0.,0.142598806,6.273085213,0.,0.178006402,           0001177P0001422
6.267331585,0.,0.213180049,6.260330254,0.,0.248052747,           0001177P0001423
6.252091423,0.,0.282554583,6.242625666,0.,0.316626519,           0001177P0001424
6.231940676,0.,0.350168935,6.220053908,0.,0.383376857,           0001177P0001425
6.206890073,0.,0.416150299,6.192500124,0.,0.448429696,           0001177P0001426
6.176913798,0.,0.480144554,6.160164287,0.,0.51122768,            0001177P0001427
6.142281083,0.,0.5416096,6.123293265,0.,0.571226666,6.103222959, 0001177P0001428
0.,0.599994206,6.082107701,0.,0.627905819,6.059917089,0.,        0001177P0001429
0.65537704,6.036286652,0.,0.681812997,6.011699566,0.,            0001177P0001430
0.698795513,5.994626101,0.,0.707106781,5.985933946,0.,0.,        0001177P0001431
2.363098449E-05,-0.,-0.,1.;                                      0001177P0001432
126,24,3,1,0,1,0,1.570796327,1.570796327,1.570796327,            0001179P0001433
1.570796327,1.584307752,1.597819178,1.611330603,1.624842029,     0001179P0001434
1.638353454,1.65186488,1.665376305,1.678887731,1.692399156,      0001179P0001435
1.705910582,1.719422007,1.732933433,1.746444858,1.759956284,     0001179P0001436
1.77346771,1.786979135,1.800490561,1.814001986,1.827513412,      0001179P0001437
1.841024837,1.854536263,1.868047688,1.868047688,1.868047688,     0001179P0001438
1.868047688,1.,1.,1.,1.,1.,1.,1.,1.,1.,1.,1.,1.,1.,1.,1.,1.,1.,  0001179P0001439
1.,1.,1.,1.,1.,1.,1.,1.,0.707106781,5.985933946,0.,0.711397235,  0001179P0001440
5.990421191,0.,0.720000151,5.99940018,0.,0.732967152,            0001179P0001441
6.012880952,0.,0.745993402,6.026372804,0.,0.759075463,           0001179P0001442
6.039874519,0.,0.772209862,6.053384877,0.,0.785393085,           0001179P0001443
6.066902652,0.,0.798621584,6.080426614,0.,0.811891782,           0001179P0001444
6.093955529,0.,0.825200071,6.107488162,0.,0.838542819,           0001179P0001445
6.121023274,0.,0.851916373,6.134559627,0.,0.865317061,           0001179P0001446
6.148095979,0.,0.878741197,6.161631091,0.,0.892185082,           0001179P0001447
6.175163724,0.,0.905645011,6.188692639,0.,0.919117271,           0001179P0001448
6.202216601,0.,0.932598151,6.215734376,0.,0.946083941,           0001179P0001449
6.229244734,0.,0.959570935,6.242746449,0.,0.973055438,           0001179P0001450
6.256238301,0.,0.986533765,6.269719073,0.,0.995512756,           0001179P0001451
6.278698062,0.,1.,6.283185307,0.,1.570796327,1.868047688,-0.,    0001179P0001452
-0.,1.;                                                          0001179P0001453
102,3,1183,1185,1187;                                            0001181P0001454
110,1.7,3.016E-02,-1.41984,1.7,3.016E-02,-1.38968;               0001183P0001455
126,9,3,0,0,1,0,0.,0.,0.,0.,1.003666877E-05,1.003666877E-05,     0001185P0001456
1.003666877E-05,2.009406401E-05,2.009406401E-05,2.009406401E-05, 0001185P0001457
2.363098449E-05,2.363098449E-05,2.363098449E-05,2.363098449E-05, 0001185P0001458
1.,1.,1.,1.,1.,1.,1.,1.,1.,1.,1.7,3.016E-02,-1.38968,1.7,        0001185P0001459
3.016E-02,-1.393025556,1.6999854,3.073234596E-02,-1.396416866,   0001185P0001460
1.700046269,3.182996981E-02,-1.399576655,1.700107203,            0001185P0001461
3.292877063E-02,-1.402739832,1.700253193,3.459190291E-02,        0001185P0001462
-1.405764223,1.700706144,3.664814244E-02,-1.408368734,           0001185P0001463
1.700867675,3.738143296E-02,-1.409297547,1.701069819,            0001185P0001464
3.816825889E-02,-1.41018094,1.701322662,3.899365948E-02,         0001185P0001465
-1.411006341,0.,2.363098449E-05,-0.968120385,0.244366949,        0001185P0001466
5.502466168E-02;                                                 0001185P0001467
126,3,3,1,0,0,0,1.570796327,1.570796327,1.570796327,1.570796327, 0001187P0001468
1.868047688,1.868047688,1.868047688,1.868047688,1.,0.992650347,  0001187P0001469
0.992650347,1.,1.701322662,3.899365948E-02,-1.411006341,         0001187P0001470
1.700444152,3.612577675E-02,-1.413874223,1.7,3.315942191E-02,    0001187P0001471
-1.416840578,1.7,3.016E-02,-1.41984,1.570796327,1.868047688,     0001187P0001472
9.25863403E-13,-0.707106781,0.707106781;                         0001187P0001473
144,1191,1,0,1199;                                               0001189P0001474
120,1195,1197,4.71238898,6.283185307;                            0001191P0001475
124,-1.,0.,0.,3.016E-02,0.,1.,0.,1.36984,0.,0.,-1.,0.;           0001193P0001476
110,0.,0.,1.,0.,0.,0.;                                           0001195P0001477
110,3.016E-02,0.,3.016E-02,3.016E-02,0.,1.41984;                 0001197P0001478
142,0,1191,1201,1211,3;                                          0001199P0001479
102,4,1203,1205,1207,1209;                                       0001201P0001480
110,1.,4.71238898,0.,1.,6.283185307,0.;                          0001203P0001481
110,1.,6.283185307,0.,-1.597811042E-16,6.283185307,0.;           0001205P0001482
110,2.496579754E-17,6.283185307,0.,-2.260177741E-16,4.71238898,  0001207P0001483
0.;                                                              0001207P0001484
110,-2.220446049E-16,4.71238898,0.,1.,4.71238898,0.;             0001209P0001485
102,4,1213,1217,1219,1223;                                       0001211P0001486
100,0.,0.,0.,-6.938893904E-18,-3.016E-02,3.016E-02,0.;           0001213P0001487
124,-1.,0.,-0.,3.016E-02,0.,-1.,0.,1.36984,0.,-0.,1.,-1.41984;   0001215P0001488
110,0.,1.36984,-1.41984,0.,1.36984,-3.016E-02;                   0001217P0001489
100,0.,0.,0.,-3.016E-02,0.,-6.938893904E-18,-3.016E-02;          0001219P0001490
124,1.,0.,0.,3.016E-02,0.,-1.,0.,1.36984,0.,0.,-1.,-3.016E-02;   0001221P0001491
110,3.016E-02,1.4,-3.016E-02,3.016E-02,1.4,-1.41984;             0001223P0001492
144,1227,1,0,1237;                                               0001225P0001493
120,1231,1233,3.141592654,4.71238898;                            0001227P0001494
124,1.,0.,0.,3.016E-02,0.,0.,1.,1.36984,0.,-1.,0.,-1.41984;      0001229P0001495
110,0.,0.,1.,0.,0.,0.;                                           0001231P0001496
100,0.,0.,0.,3.016E-02,0.,1.846767373E-18,3.016E-02;             0001233P0001497
124,1.,0.,0.,0.,0.,0.,-1.,0.,0.,1.,-0.,0.;                       0001235P0001498
142,0,1227,1239,1247,3;                                          0001237P0001499
102,3,1241,1243,1245;                                            0001239P0001500
110,-3.487868498E-16,4.71238898,0.,-6.975736996E-16,3.141592654, 0001241P0001501
0.;                                                              0001241P0001502
110,-6.975736996E-16,3.141592654,0.,1.570796327,3.141592654,0.;  0001243P0001503
126,24,3,0,0,1,0,3.141592654,3.141592654,3.141592654,            0001245P0001504
3.141592654,3.212992487,3.28439232,3.355792153,3.427191986,      0001245P0001505
3.498591819,3.569991652,3.641391485,3.712791318,3.784191151,     0001245P0001506
3.855590984,3.926990817,3.99839065,4.069790483,4.141190316,      0001245P0001507
4.212590149,4.283989982,4.355389815,4.426789648,4.498189481,     0001245P0001508
4.569589314,4.640989147,4.71238898,4.71238898,4.71238898,        0001245P0001509
4.71238898,1.,1.,1.,1.,1.,1.,1.,1.,1.,1.,1.,1.,1.,1.,1.,1.,1.,   0001245P0001510
1.,1.,1.,1.,1.,1.,1.,1.,1.570796327,4.71238898,0.,1.546996382,   0001245P0001511
4.71238898,0.,1.499396494,4.71238898,0.,1.427996661,4.71238898,  0001245P0001512
0.,1.356596828,4.71238898,0.,1.285196995,4.71238898,0.,          0001245P0001513
1.213797162,4.71238898,0.,1.142397329,4.71238898,0.,1.070997496, 0001245P0001514
4.71238898,0.,0.999597663,4.71238898,0.,0.928197829,4.71238898,  0001245P0001515
0.,0.856797996,4.71238898,0.,0.785398163,4.71238898,0.,          0001245P0001516
0.71399833,4.71238898,0.,0.642598497,4.71238898,0.,0.571198664,  0001245P0001517
4.71238898,0.,0.499798831,4.71238898,0.,0.428398998,4.71238898,  0001245P0001518
0.,0.356999165,4.71238898,0.,0.285599332,4.71238898,0.,          0001245P0001519
0.214199499,4.71238898,0.,0.142799666,4.71238898,0.,             0001245P0001520
7.139983304E-02,4.71238898,0.,2.379994435E-02,4.71238898,0.,     0001245P0001521
-3.487868498E-16,4.71238898,0.,3.141592654,4.71238898,0.,0.,1.;  0001245P0001522
102,3,1249,1253,1257;                                            0001247P0001523
100,0.,0.,0.,-3.016E-02,3.469446952E-18,0.,-3.016E-02;           0001249P0001524
124,0.,1.,0.,3.016E-02,0.,0.,1.,1.36984,1.,0.,0.,-1.41984;       0001251P0001525
100,0.,0.,0.,3.016E-02,0.,3.469446952E-18,3.016E-02;             0001253P0001526
124,-1.,0.,0.,3.016E-02,0.,1.,0.,1.36984,0.,0.,-1.,-1.41984;     0001255P0001527
100,0.,0.,0.,0.,3.016E-02,-3.016E-02,0.;                         0001257P0001528
124,0.,0.,-1.,3.016E-02,0.,1.,0.,1.36984,1.,0.,0.,-1.41984;      0001259P0001529
144,1263,1,0,1273;                                               0001261P0001530
120,1267,1269,1.570796327,3.141592654;                           0001263P0001531
124,1.,0.,0.,3.016E-02,0.,0.,1.,1.36984,0.,-1.,0.,-3.016E-02;    0001265P0001532
110,0.,0.,1.,0.,0.,0.;                                           0001267P0001533
100,0.,0.,0.,3.016E-02,0.,1.846767373E-18,3.016E-02;             0001269P0001534
124,1.,0.,0.,0.,0.,0.,-1.,0.,0.,1.,-0.,0.;                       0001271P0001535
142,0,1263,1275,1283,3;                                          0001273P0001536
102,3,1277,1279,1281;                                            0001275P0001537
126,24,3,0,0,1,0,4.71238898,4.71238898,4.71238898,4.71238898,    0001277P0001538
4.783788813,4.855188646,4.926588479,4.997988313,5.069388146,     0001277P0001539
5.140787979,5.212187812,5.283587645,5.354987478,5.426387311,     0001277P0001540
5.497787144,5.569186977,5.64058681,5.711986643,5.783386476,      0001277P0001541
5.854786309,5.926186142,5.997585975,6.068985808,6.140385641,     0001277P0001542
6.211785474,6.283185307,6.283185307,6.283185307,6.283185307,1.,  0001277P0001543
1.,1.,1.,1.,1.,1.,1.,1.,1.,1.,1.,1.,1.,1.,1.,1.,1.,1.,1.,1.,1.,  0001277P0001544
1.,1.,1.,-1.046360549E-15,1.570796327,0.,2.379994435E-02,        0001277P0001545
1.570796327,0.,7.139983304E-02,1.570796327,0.,0.142799666,       0001277P0001546
1.570796327,0.,0.214199499,1.570796327,0.,0.285599332,           0001277P0001547
1.570796327,0.,0.356999165,1.570796327,0.,0.428398998,           0001277P0001548
1.570796327,0.,0.499798831,1.570796327,0.,0.571198664,           0001277P0001549
1.570796327,0.,0.642598497,1.570796327,0.,0.71399833,            0001277P0001550
1.570796327,0.,0.785398163,1.570796327,0.,0.856797996,           0001277P0001551
1.570796327,0.,0.928197829,1.570796327,0.,0.999597663,           0001277P0001552
1.570796327,0.,1.070997496,1.570796327,0.,1.142397329,           0001277P0001553
1.570796327,0.,1.213797162,1.570796327,0.,1.285196995,           0001277P0001554
1.570796327,0.,1.356596828,1.570796327,0.,1.427996661,           0001277P0001555
1.570796327,0.,1.499396494,1.570796327,0.,1.546996382,           0001277P0001556
1.570796327,0.,1.570796327,1.570796327,0.,4.71238898,            0001277P0001557
6.283185307,0.,0.,1.;                                            0001277P0001558
126,24,3,0,0,1,0,1.570796327,1.570796327,1.570796327,            0001279P0001559
1.570796327,1.64219616,1.713595993,1.784995826,1.856395659,      0001279P0001560
1.927795492,1.999195325,2.070595158,2.141994991,2.213394824,     0001279P0001561
2.284794657,2.35619449,2.427594323,2.498994156,2.570393989,      0001279P0001562
2.641793822,2.713193655,2.784593488,2.855993321,2.927393154,     0001279P0001563
2.998792988,3.070192821,3.141592654,3.141592654,3.141592654,     0001279P0001564
3.141592654,1.,1.,1.,1.,1.,1.,1.,1.,1.,1.,1.,1.,1.,1.,1.,1.,1.,  0001279P0001565
1.,1.,1.,1.,1.,1.,1.,1.,1.570796327,3.141592654,0.,1.546996382,  0001279P0001566
3.141592654,0.,1.499396494,3.141592654,0.,1.427996661,           0001279P0001567
3.141592654,0.,1.356596828,3.141592654,0.,1.285196995,           0001279P0001568
3.141592654,0.,1.213797162,3.141592654,0.,1.142397329,           0001279P0001569
3.141592654,0.,1.070997496,3.141592654,0.,0.999597663,           0001279P0001570
3.141592654,0.,0.928197829,3.141592654,0.,0.856797996,           0001279P0001571
3.141592654,0.,0.785398163,3.141592654,0.,0.71399833,            0001279P0001572
3.141592654,0.,0.642598497,3.141592654,0.,0.571198664,           0001279P0001573
3.141592654,0.,0.499798831,3.141592654,0.,0.428398998,           0001279P0001574
3.141592654,0.,0.356999165,3.141592654,0.,0.285599332,           0001279P0001575
3.141592654,0.,0.214199499,3.141592654,0.,0.142799666,           0001279P0001576
3.141592654,0.,7.139983304E-02,3.141592654,0.,2.379994435E-02,   0001279P0001577
3.141592654,0.,-6.975736996E-16,3.141592654,0.,1.570796327,      0001279P0001578
3.141592654,0.,0.,1.;                                            0001279P0001579
110,-6.975736996E-16,3.141592654,0.,-1.046360549E-15,            0001281P0001580
1.570796327,0.;                                                  0001281P0001581
102,3,1285,1289,1293;                                            0001283P0001582
100,0.,0.,0.,3.016E-02,0.,3.469446952E-18,3.016E-02;             0001285P0001583
124,0.,0.,-1.,3.016E-02,0.,1.,0.,1.36984,1.,0.,0.,-3.016E-02;    0001287P0001584
100,0.,0.,0.,3.469446952E-18,3.016E-02,-3.016E-02,0.;            0001289P0001585
124,1.,0.,0.,3.016E-02,0.,1.,0.,1.36984,0.,0.,1.,-3.016E-02;     0001291P0001586
100,0.,0.,0.,-6.938893904E-18,-3.016E-02,3.016E-02,              0001293P0001587
-6.938893904E-18;                                                0001293P0001588
124,0.,1.,0.,3.016E-02,0.,0.,1.,1.36984,1.,0.,0.,-3.016E-02;     0001295P0001589
144,1299,1,0,1307;                                               0001297P0001590
120,1303,1305,3.141592654,4.71238898;                            0001299P0001591
124,0.,0.,-1.,2.2,0.,1.,0.,1.36984,1.,0.,0.,-1.41984;            0001301P0001592
110,0.,0.,1.,0.,0.,0.;                                           0001303P0001593
110,3.016E-02,0.,1.73016,3.016E-02,0.,2.16984;                   0001305P0001594
142,0,1299,1309,1319,3;                                          0001307P0001595
102,4,1311,1313,1315,1317;                                       0001309P0001596
110,1.,3.141592654,0.,1.,4.71238898,0.;                          0001311P0001597
110,1.,4.71238898,0.,0.,4.71238898,0.;                           0001313P0001598
110,-7.932743127E-16,4.71238898,0.,-1.586548625E-15,3.141592654, 0001315P0001599
0.;                                                              0001315P0001600
110,-4.440892099E-16,3.141592654,0.,1.,3.141592654,0.;           0001317P0001601
102,4,1321,1325,1327,1331;                                       0001319P0001602
100,0.,0.,0.,-3.016E-02,0.,0.,-3.016E-02;                        0001321P0001603
124,0.,0.,1.,3.016E-02,0.,-1.,-0.,1.36984,1.,0.,0.,-1.41984;     0001323P0001604
110,3.016E-02,1.4,-1.41984,0.46984,1.4,-1.41984;                 0001325P0001605
100,0.,0.,0.,0.,-3.016E-02,3.016E-02,0.;                         0001327P0001606
124,0.,0.,-1.,0.46984,0.,-1.,0.,1.36984,-1.,0.,0.,-1.41984;      0001329P0001607
110,0.46984,1.36984,-1.45,3.016E-02,1.36984,-1.45;               0001331P0001608
144,1335,1,0,1343;                                               0001333P0001609
120,1339,1341,0.,1.570796327;                                    0001335P0001610
124,0.,1.,0.,3.016E-02,0.,0.,-1.,0.,-1.,0.,0.,-1.41984;          0001337P0001611
110,0.,0.,1.,0.,0.,0.;                                           0001339P0001612
110,3.016E-02,0.,-1.36984,3.016E-02,0.,-3.016E-02;               0001341P0001613
142,0,1335,1345,1355,3;                                          0001343P0001614
102,4,1347,1349,1351,1353;                                       0001345P0001615
110,-7.810526017E-16,1.570796327,0.,-1.041403469E-15,            0001347P0001616
8.881784197E-16,0.;                                              0001347P0001617
110,-9.992007222E-16,1.783053705E-15,0.,1.,2.080522421E-15,0.;   0001349P0001618
110,1.,0.,0.,1.,1.570796327,0.;                                  0001351P0001619
110,1.,1.570796327,0.,-9.94467059E-16,1.570796327,0.;            0001353P0001620
102,4,1357,1361,1363,1367;                                       0001355P0001621
100,0.,0.,0.,0.,3.016E-02,-3.016E-02,3.469446952E-18;            0001357P0001622
124,0.,-1.,0.,3.016E-02,0.,0.,-1.,1.36984,1.,0.,-0.,-1.41984;    0001359P0001623
110,3.016E-02,1.36984,-1.45,3.016E-02,3.016E-02,-1.45;           0001361P0001624
100,0.,0.,0.,3.016E-02,0.,0.,3.016E-02;                          0001363P0001625
124,0.,-1.,0.,3.016E-02,0.,0.,1.,3.016E-02,-1.,0.,0.,-1.41984;   0001365P0001626
110,0.,3.016E-02,-1.41984,0.,1.36984,-1.41984;                   0001367P0001627
144,1371,1,0,1379;                                               0001369P0001628
120,1375,1377,1.570796327,3.141592654;                           0001371P0001629
124,1.,0.,0.,3.016E-02,0.,1.,0.,3.016E-02,0.,0.,1.,0.;           0001373P0001630
110,0.,0.,1.,0.,0.,0.;                                           0001375P0001631
110,3.016E-02,0.,-1.41984,3.016E-02,0.,-3.016E-02;               0001377P0001632
142,0,1371,1381,1391,3;                                          0001379P0001633
102,4,1383,1385,1387,1389;                                       0001381P0001634
110,1.,1.570796327,0.,1.,3.141592654,0.;                         0001383P0001635
110,1.,3.141592654,0.,-6.391244169E-16,3.141592654,0.;           0001385P0001636
110,-5.019671432E-16,3.141592654,0.,-7.529507148E-16,            0001387P0001637
1.570796327,0.;                                                  0001387P0001638
110,-7.771561172E-16,1.570796327,0.,1.,1.570796327,0.;           0001389P0001639
102,4,1393,1397,1399,1403;                                       0001391P0001640
100,0.,0.,0.,3.469446952E-18,3.016E-02,-3.016E-02,               0001393P0001641
3.469446952E-18;                                                 0001393P0001642
124,1.,0.,0.,3.016E-02,0.,-1.,0.,3.016E-02,0.,0.,-1.,-3.016E-02; 0001395P0001643
110,0.,3.016E-02,-3.016E-02,0.,3.016E-02,-1.41984;               0001397P0001644
100,0.,0.,0.,3.016E-02,0.,3.469446952E-18,3.016E-02;             0001399P0001645
124,-1.,0.,0.,3.016E-02,0.,-1.,0.,3.016E-02,0.,0.,1.,-1.41984;   0001401P0001646
110,3.016E-02,0.,-1.41984,3.016E-02,0.,-3.016E-02;               0001403P0001647
144,1407,1,0,1415;                                               0001405P0001648
120,1411,1413,0.,1.570796327;                                    0001407P0001649
124,0.,1.,0.,3.016E-02,0.,0.,1.,0.,1.,0.,0.,-3.016E-02;          0001409P0001650
110,0.,0.,1.,0.,0.,0.;                                           0001411P0001651
110,3.016E-02,0.,3.016E-02,3.016E-02,0.,1.36984;                 0001413P0001652
142,0,1407,1417,1427,3;                                          0001415P0001653
102,4,1419,1421,1423,1425;                                       0001417P0001654
110,1.,1.776356839E-15,0.,1.,1.570796327,0.;                     0001419P0001655
110,1.,1.570796327,0.,-9.94467059E-16,1.570796327,0.;            0001421P0001656
110,-7.55155022E-16,1.570796327,0.,-1.015505889E-15,             0001423P0001657
1.776356839E-15,0.;                                              0001423P0001658
110,-9.992007222E-16,1.783053705E-15,0.,1.,2.080522421E-15,0.;   0001425P0001659
102,4,1429,1433,1435,1439;                                       0001427P0001660
100,0.,0.,0.,3.016E-02,0.,3.469446952E-18,3.016E-02;             0001429P0001661
124,0.,-1.,0.,3.016E-02,0.,0.,-1.,1.36984,1.,0.,-0.,-3.016E-02;  0001431P0001662
110,0.,1.36984,-3.016E-02,0.,3.016E-02,-3.016E-02;               0001433P0001663
100,0.,0.,0.,3.469446952E-18,3.016E-02,-3.016E-02,               0001435P0001664
3.469446952E-18;                                                 0001435P0001665
124,0.,-1.,0.,3.016E-02,0.,0.,1.,3.016E-02,-1.,-0.,0.,           0001437P0001666
-3.016E-02;                                                      0001437P0001667
110,3.016E-02,3.016E-02,0.,3.016E-02,1.36984,0.;                 0001439P0001668
144,1443,1,0,1451;                                               0001441P0001669
120,1447,1449,4.71238898,6.283185307;                            0001443P0001670
124,0.,0.,-1.,2.2,0.,1.,0.,1.36984,1.,0.,0.,-3.016E-02;          0001445P0001671
110,0.,0.,1.,0.,0.,0.;                                           0001447P0001672
110,3.016E-02,0.,1.73016,3.016E-02,0.,2.16984;                   0001449P0001673
142,0,1443,1453,1463,3;                                          0001451P0001674
102,4,1455,1457,1459,1461;                                       0001453P0001675
110,1.,4.71238898,0.,1.,6.283185307,0.;                          0001455P0001676
110,1.,6.283185307,0.,1.010028225E-15,6.283185307,0.;            0001457P0001677
110,3.944304526E-31,6.283185307,0.,-7.932743127E-16,4.71238898,  0001459P0001678
0.;                                                              0001459P0001679
110,0.,4.71238898,0.,1.,4.71238898,0.;                           0001461P0001680
102,4,1465,1469,1471,1475;                                       0001463P0001681
100,0.,0.,0.,-6.938893904E-18,-3.016E-02,3.016E-02,0.;           0001465P0001682
124,0.,0.,1.,3.016E-02,0.,-1.,-0.,1.36984,1.,0.,0.,-3.016E-02;   0001467P0001683
110,3.016E-02,1.36984,0.,0.46984,1.36984,0.;                     0001469P0001684
100,0.,0.,0.,-3.016E-02,0.,-6.938893904E-18,-3.016E-02;          0001471P0001685
124,0.,0.,-1.,0.46984,0.,-1.,0.,1.36984,-1.,0.,-0.,-3.016E-02;   0001473P0001686
110,0.46984,1.4,-3.016E-02,3.016E-02,1.4,-3.016E-02;             0001475P0001687
144,1479,1,0,1487;                                               0001477P0001688
120,1483,1485,4.71238898,6.283185307;                            0001479P0001689
124,1.,0.,0.,0.46984,0.,1.,0.,1.36984,0.,0.,1.,-1.45;            0001481P0001690
110,0.,0.,1.,0.,0.,0.;                                           0001483P0001691
110,3.016E-02,0.,3.016E-02,3.016E-02,0.,1.41984;                 0001485P0001692
142,0,1479,1489,1503,3;                                          0001487P0001693
102,6,1491,1493,1495,1497,1499,1501;                             0001489P0001694
110,2.170283806E-02,6.283185307,0.,4.993159507E-18,6.283185307,  0001491P0001695
0.;                                                              0001491P0001696
110,1.479114197E-31,6.283185307,0.,-2.509835716E-16,4.71238898,  0001493P0001697
0.;                                                              0001493P0001698
110,-4.440892099E-16,4.71238898,0.,1.,4.71238898,0.;             0001495P0001699
110,1.,4.71238898,0.,1.,6.283185307,0.;                          0001497P0001700
110,1.,6.283185307,0.,0.978297162,6.283185307,0.;                0001499P0001701
110,0.978297162,6.283185307,0.,2.170283806E-02,6.283185307,0.;   0001501P0001702
102,6,1505,1507,1511,1513,1517,1519;                             0001503P0001703
110,0.5,1.36984,-1.38968,0.5,1.36984,-1.41984;                   0001505P0001704
100,0.,0.,0.,-3.016E-02,0.,0.,-3.016E-02;                        0001507P0001705
124,-1.,0.,-0.,0.46984,0.,-1.,0.,1.36984,0.,-0.,1.,-1.41984;     0001509P0001706
110,0.46984,1.4,-1.41984,0.46984,1.4,-3.016E-02;                 0001511P0001707
100,0.,0.,0.,-3.016E-02,0.,-2.220446049E-16,-3.016E-02;          0001513P0001708
124,0.,-1.,0.,0.46984,-1.,0.,-1.123385872E-16,1.36984,           0001515P0001709
1.123385872E-16,0.,-1.,-3.016E-02;                               0001515P0001710
110,0.5,1.36984,-3.016E-02,0.5,1.36984,-6.032E-02;               0001517P0001711
110,0.5,1.36984,-6.032E-02,0.5,1.36984,-1.38968;                 0001519P0001712
144,1523,1,0,1533;                                               0001521P0001713
120,1527,1529,4.71238898,6.283185307;                            0001523P0001714
124,1.,0.,0.,0.46984,0.,0.,1.,1.36984,0.,-1.,0.,-1.41984;        0001525P0001715
110,0.,0.,1.,0.,0.,0.;                                           0001527P0001716
100,0.,0.,0.,3.016E-02,0.,1.846767373E-18,3.016E-02;             0001529P0001717
124,1.,0.,0.,0.,0.,0.,-1.,0.,0.,1.,-0.,0.;                       0001531P0001718
142,0,1523,1535,1543,3;                                          0001533P0001719
102,3,1537,1539,1541;                                            0001535P0001720
126,24,3,0,0,1,0,0.,0.,0.,0.,7.139983304E-02,0.142799666,        0001537P0001721
0.214199499,0.285599332,0.356999165,0.428398998,0.499798831,     0001537P0001722
0.571198664,0.642598497,0.71399833,0.785398163,0.856797996,      0001537P0001723
0.928197829,0.999597663,1.070997496,1.142397329,1.213797162,     0001537P0001724
1.285196995,1.356596828,1.427996661,1.499396494,1.570796327,     0001537P0001725
1.570796327,1.570796327,1.570796327,1.,1.,1.,1.,1.,1.,1.,1.,1.,  0001537P0001726
1.,1.,1.,1.,1.,1.,1.,1.,1.,1.,1.,1.,1.,1.,1.,1.,                 0001537P0001727
-3.487868498E-16,4.71238898,0.,2.379994435E-02,4.71238898,0.,    0001537P0001728
7.139983304E-02,4.71238898,0.,0.142799666,4.71238898,0.,         0001537P0001729
0.214199499,4.71238898,0.,0.285599332,4.71238898,0.,0.356999165, 0001537P0001730
4.71238898,0.,0.428398998,4.71238898,0.,0.499798831,4.71238898,  0001537P0001731
0.,0.571198664,4.71238898,0.,0.642598497,4.71238898,0.,          0001537P0001732
0.71399833,4.71238898,0.,0.785398163,4.71238898,0.,0.856797996,  0001537P0001733
4.71238898,0.,0.928197829,4.71238898,0.,0.999597663,4.71238898,  0001537P0001734
0.,1.070997496,4.71238898,0.,1.142397329,4.71238898,0.,          0001537P0001735
1.213797162,4.71238898,0.,1.285196995,4.71238898,0.,1.356596828, 0001537P0001736
4.71238898,0.,1.427996661,4.71238898,0.,1.499396494,4.71238898,  0001537P0001737
0.,1.546996382,4.71238898,0.,1.570796327,4.71238898,0.,0.,       0001537P0001738
1.570796327,0.,0.,1.;                                            0001537P0001739
110,1.570796327,6.283185307,0.,-8.881784197E-16,6.283185307,0.;  0001539P0001740
110,1.972152263E-31,6.283185307,0.,-3.487868498E-16,4.71238898,  0001541P0001741
0.;                                                              0001541P0001742
102,3,1545,1549,1553;                                            0001543P0001743
100,0.,0.,0.,3.016E-02,0.,0.,3.016E-02;                          0001545P0001744
124,0.,0.,1.,0.46984,0.,1.,0.,1.36984,-1.,0.,0.,-1.41984;        0001547P0001745
100,0.,0.,0.,0.,3.016E-02,-3.016E-02,0.;                         0001549P0001746
124,-1.,0.,0.,0.46984,0.,1.,0.,1.36984,0.,0.,-1.,-1.41984;       0001551P0001747
100,0.,0.,0.,0.,3.016E-02,-3.016E-02,0.;                         0001553P0001748
124,0.,1.,0.,0.46984,0.,0.,1.,1.36984,1.,0.,0.,-1.41984;         0001555P0001749
144,1559,1,0,1569;                                               0001557P0001750
120,1563,1565,3.141592654,4.71238898;                            0001559P0001751
124,1.,0.,0.,3.016E-02,0.,0.,1.,3.016E-02,0.,-1.,0.,-1.41984;    0001561P0001752
110,0.,0.,1.,0.,0.,0.;                                           0001563P0001753
100,0.,0.,0.,1.846767373E-18,-3.016E-02,3.016E-02,0.;            0001565P0001754
124,1.,0.,0.,0.,0.,0.,-1.,0.,0.,1.,-0.,0.;                       0001567P0001755
142,0,1559,1571,1579,3;                                          0001569P0001756
102,3,1573,1575,1577;                                            0001571P0001757
126,24,3,0,0,1,0,4.71238898,4.71238898,4.71238898,4.71238898,    0001573P0001758
4.783788813,4.855188646,4.926588479,4.997988313,5.069388146,     0001573P0001759
5.140787979,5.212187812,5.283587645,5.354987478,5.426387311,     0001573P0001760
5.497787144,5.569186977,5.64058681,5.711986643,5.783386476,      0001573P0001761
5.854786309,5.926186142,5.997585975,6.068985808,6.140385641,     0001573P0001762
6.211785474,6.283185307,6.283185307,6.283185307,6.283185307,1.,  0001573P0001763
1.,1.,1.,1.,1.,1.,1.,1.,1.,1.,1.,1.,1.,1.,1.,1.,1.,1.,1.,1.,1.,  0001573P0001764
1.,1.,1.,-1.570796327,3.141592654,0.,-1.546996382,3.141592654,   0001573P0001765
0.,-1.499396494,3.141592654,0.,-1.427996661,3.141592654,0.,      0001573P0001766
-1.356596828,3.141592654,0.,-1.285196995,3.141592654,0.,         0001573P0001767
-1.213797162,3.141592654,0.,-1.142397329,3.141592654,0.,         0001573P0001768
-1.070997496,3.141592654,0.,-0.999597663,3.141592654,0.,         0001573P0001769
-0.928197829,3.141592654,0.,-0.856797996,3.141592654,0.,         0001573P0001770
-0.785398163,3.141592654,0.,-0.71399833,3.141592654,0.,          0001573P0001771
-0.642598497,3.141592654,0.,-0.571198664,3.141592654,0.,         0001573P0001772
-0.499798831,3.141592654,0.,-0.428398998,3.141592654,0.,         0001573P0001773
-0.356999165,3.141592654,0.,-0.285599332,3.141592654,0.,         0001573P0001774
-0.214199499,3.141592654,0.,-0.142799666,3.141592654,0.,         0001573P0001775
-7.139983304E-02,3.141592654,0.,-2.379994435E-02,3.141592654,0., 0001573P0001776
-9.276431261E-16,3.141592654,0.,4.71238898,6.283185307,0.,0.,1.; 0001573P0001777
110,-6.975736996E-16,3.141592654,0.,-3.487868498E-16,4.71238898, 0001575P0001778
0.;                                                              0001575P0001779
126,24,3,0,0,1,0,1.570796327,1.570796327,1.570796327,            0001577P0001780
1.570796327,1.64219616,1.713595993,1.784995826,1.856395659,      0001577P0001781
1.927795492,1.999195325,2.070595158,2.141994991,2.213394824,     0001577P0001782
2.284794657,2.35619449,2.427594323,2.498994156,2.570393989,      0001577P0001783
2.641793822,2.713193655,2.784593488,2.855993321,2.927393154,     0001577P0001784
2.998792988,3.070192821,3.141592654,3.141592654,3.141592654,     0001577P0001785
3.141592654,1.,1.,1.,1.,1.,1.,1.,1.,1.,1.,1.,1.,1.,1.,1.,1.,1.,  0001577P0001786
1.,1.,1.,1.,1.,1.,1.,1.,-4.638215631E-16,4.71238898,0.,          0001577P0001787
-2.379994435E-02,4.71238898,0.,-7.139983304E-02,4.71238898,0.,   0001577P0001788
-0.142799666,4.71238898,0.,-0.214199499,4.71238898,0.,           0001577P0001789
-0.285599332,4.71238898,0.,-0.356999165,4.71238898,0.,           0001577P0001790
-0.428398998,4.71238898,0.,-0.499798831,4.71238898,0.,           0001577P0001791
-0.571198664,4.71238898,0.,-0.642598497,4.71238898,0.,           0001577P0001792
-0.71399833,4.71238898,0.,-0.785398163,4.71238898,0.,            0001577P0001793
-0.856797996,4.71238898,0.,-0.928197829,4.71238898,0.,           0001577P0001794
-0.999597663,4.71238898,0.,-1.070997496,4.71238898,0.,           0001577P0001795
-1.142397329,4.71238898,0.,-1.213797162,4.71238898,0.,           0001577P0001796
-1.285196995,4.71238898,0.,-1.356596828,4.71238898,0.,           0001577P0001797
-1.427996661,4.71238898,0.,-1.499396494,4.71238898,0.,           0001577P0001798
-1.546996382,4.71238898,0.,-1.570796327,4.71238898,0.,           0001577P0001799
1.570796327,3.141592654,0.,0.,1.;                                0001577P0001800
102,3,1581,1585,1589;                                            0001579P0001801
100,0.,0.,0.,-6.938893904E-18,-3.016E-02,3.016E-02,              0001581P0001802
-6.938893904E-18;                                                0001581P0001803
124,-1.,0.,0.,3.016E-02,0.,1.,0.,3.016E-02,0.,0.,-1.,-1.41984;   0001583P0001804
100,0.,0.,0.,0.,-3.016E-02,3.016E-02,-6.938893904E-18;           0001585P0001805
124,0.,1.,-0.,3.016E-02,0.,-0.,-1.,3.016E-02,-1.,0.,0.,-1.41984; 0001587P0001806
100,0.,0.,0.,-3.016E-02,3.469446952E-18,0.,-3.016E-02;           0001589P0001807
124,0.,0.,-1.,3.016E-02,0.,1.,0.,3.016E-02,1.,0.,-0.,-1.41984;   0001591P0001808
144,1595,1,0,1605;                                               0001593P0001809
120,1599,1601,1.570796327,3.141592654;                           0001595P0001810
124,1.,0.,0.,3.016E-02,0.,0.,1.,3.016E-02,0.,-1.,0.,-3.016E-02;  0001597P0001811
110,0.,0.,1.,0.,0.,0.;                                           0001599P0001812
100,0.,0.,0.,1.846767373E-18,-3.016E-02,3.016E-02,0.;            0001601P0001813
124,1.,0.,0.,0.,0.,0.,-1.,0.,0.,1.,-0.,0.;                       0001603P0001814
142,0,1595,1607,1615,3;                                          0001605P0001815
102,3,1609,1611,1613;                                            0001607P0001816
110,-1.046360549E-15,1.570796327,0.,-6.975736996E-16,            0001609P0001817
3.141592654,0.;                                                  0001609P0001818
110,-1.776356839E-15,3.141592654,0.,-1.570796327,3.141592654,0.; 0001611P0001819
126,24,3,0,0,1,0,0.,0.,0.,0.,7.139983304E-02,0.142799666,        0001613P0001820
0.214199499,0.285599332,0.356999165,0.428398998,0.499798831,     0001613P0001821
0.571198664,0.642598497,0.71399833,0.785398163,0.856797996,      0001613P0001822
0.928197829,0.999597663,1.070997496,1.142397329,1.213797162,     0001613P0001823
1.285196995,1.356596828,1.427996661,1.499396494,1.570796327,     0001613P0001824
1.570796327,1.570796327,1.570796327,1.,1.,1.,1.,1.,1.,1.,1.,1.,  0001613P0001825
1.,1.,1.,1.,1.,1.,1.,1.,1.,1.,1.,1.,1.,1.,1.,1.,-1.570796327,    0001613P0001826
1.570796327,0.,-1.546996382,1.570796327,0.,-1.499396494,         0001613P0001827
1.570796327,0.,-1.427996661,1.570796327,0.,-1.356596828,         0001613P0001828
1.570796327,0.,-1.285196995,1.570796327,0.,-1.213797162,         0001613P0001829
1.570796327,0.,-1.142397329,1.570796327,0.,-1.070997496,         0001613P0001830
1.570796327,0.,-0.999597663,1.570796327,0.,-0.928197829,         0001613P0001831
1.570796327,0.,-0.856797996,1.570796327,0.,-0.785398163,         0001613P0001832
1.570796327,0.,-0.71399833,1.570796327,0.,-0.642598497,          0001613P0001833
1.570796327,0.,-0.571198664,1.570796327,0.,-0.499798831,         0001613P0001834
1.570796327,0.,-0.428398998,1.570796327,0.,-0.356999165,         0001613P0001835
1.570796327,0.,-0.285599332,1.570796327,0.,-0.214199499,         0001613P0001836
1.570796327,0.,-0.142799666,1.570796327,0.,-7.139983304E-02,     0001613P0001837
1.570796327,0.,-2.379994435E-02,1.570796327,0.,-1.046360549E-15, 0001613P0001838
1.570796327,0.,0.,1.570796327,0.,0.,1.;                          0001613P0001839
102,3,1617,1621,1625;                                            0001615P0001840
100,0.,0.,0.,-3.016E-02,3.469446952E-18,-6.938893904E-18,        0001617P0001841
-3.016E-02;                                                      0001617P0001842
124,0.,1.,0.,3.016E-02,0.,0.,-1.,3.016E-02,-1.,0.,0.,-3.016E-02; 0001619P0001843
100,0.,0.,0.,-3.016E-02,3.469446952E-18,-6.938893904E-18,        0001621P0001844
-3.016E-02;                                                      0001621P0001845
124,1.,0.,0.,3.016E-02,0.,1.,0.,3.016E-02,0.,0.,1.,-3.016E-02;   0001623P0001846
100,0.,0.,0.,-6.938893904E-18,-3.016E-02,3.016E-02,              0001625P0001847
-6.938893904E-18;                                                0001625P0001848
124,0.,0.,-1.,3.016E-02,0.,1.,0.,3.016E-02,1.,0.,0.,-3.016E-02;  0001627P0001849
144,1631,1,0,1641;                                               0001629P0001850
120,1635,1637,0.,1.570796327;                                    0001631P0001851
124,1.,0.,0.,0.46984,0.,0.,1.,1.36984,0.,-1.,0.,-3.016E-02;      0001633P0001852
110,0.,0.,1.,0.,0.,0.;                                           0001635P0001853
100,0.,0.,0.,3.016E-02,-2.678746114E-17,1.846767373E-18,         0001637P0001854
3.016E-02;                                                       0001637P0001855
124,1.,0.,0.,0.,0.,0.,-1.,0.,0.,1.,-0.,0.;                       0001639P0001856
142,0,1631,1643,1651,3;                                          0001641P0001857
102,3,1645,1647,1649;                                            0001643P0001858
126,24,3,0,0,1,0,1.570796327,1.570796327,1.570796327,            0001645P0001859
1.570796327,1.64219616,1.713595993,1.784995826,1.856395659,      0001645P0001860
1.927795492,1.999195325,2.070595158,2.141994991,2.213394824,     0001645P0001861
2.284794657,2.35619449,2.427594323,2.498994156,2.570393989,      0001645P0001862
2.641793822,2.713193655,2.784593488,2.855993321,2.927393154,     0001645P0001863
2.998792988,3.070192821,3.141592654,3.141592654,3.141592654,     0001645P0001864
3.141592654,1.,1.,1.,1.,1.,1.,1.,1.,1.,1.,1.,1.,1.,1.,1.,1.,1.,  0001645P0001865
1.,1.,1.,1.,1.,1.,1.,1.,4.822101539E-15,1.776356839E-15,0.,      0001645P0001866
2.379994435E-02,1.776356839E-15,0.,7.139983304E-02,              0001645P0001867
1.776356839E-15,0.,0.142799666,1.776356839E-15,0.,0.214199499,   0001645P0001868
1.776356839E-15,0.,0.285599332,1.776356839E-15,0.,0.356999165,   0001645P0001869
1.776356839E-15,0.,0.428398998,1.776356839E-15,0.,0.499798831,   0001645P0001870
1.776356839E-15,0.,0.571198664,1.776356839E-15,0.,0.642598497,   0001645P0001871
1.776356839E-15,0.,0.71399833,1.776356839E-15,0.,0.785398163,    0001645P0001872
1.776356839E-15,0.,0.856797996,1.776356839E-15,0.,0.928197829,   0001645P0001873
1.776356839E-15,0.,0.999597663,1.776356839E-15,0.,1.070997496,   0001645P0001874
1.776356839E-15,0.,1.142397329,1.776356839E-15,0.,1.213797162,   0001645P0001875
1.776356839E-15,0.,1.285196995,1.776356839E-15,0.,1.356596828,   0001645P0001876
1.776356839E-15,0.,1.427996661,1.776356839E-15,0.,1.499396494,   0001645P0001877
1.776356839E-15,0.,1.546996382,1.776356839E-15,0.,1.570796327,   0001645P0001878
1.776356839E-15,0.,1.570796327,3.141592654,0.,0.,1.;             0001645P0001879
126,24,3,0,0,1,0,1.570796327,1.570796327,1.570796327,            0001647P0001880
1.570796327,1.64219616,1.713595993,1.784995826,1.856395659,      0001647P0001881
1.927795492,1.999195325,2.070595158,2.141994991,2.213394824,     0001647P0001882
2.284794657,2.35619449,2.427594323,2.498994156,2.570393989,      0001647P0001883
2.641793822,2.713193655,2.784593488,2.855993321,2.927393154,     0001647P0001884
2.998792988,3.070192821,3.141592654,3.141592654,3.141592654,     0001647P0001885
3.141592654,1.,1.,1.,1.,1.,1.,1.,1.,1.,1.,1.,1.,1.,1.,1.,1.,1.,  0001647P0001886
1.,1.,1.,1.,1.,1.,1.,1.,1.570796327,1.570796327,0.,1.546996382,  0001647P0001887
1.570796327,0.,1.499396494,1.570796327,0.,1.427996661,           0001647P0001888
1.570796327,0.,1.356596828,1.570796327,0.,1.285196995,           0001647P0001889
1.570796327,0.,1.213797162,1.570796327,0.,1.142397329,           0001647P0001890
1.570796327,0.,1.070997496,1.570796327,0.,0.999597663,           0001647P0001891
1.570796327,0.,0.928197829,1.570796327,0.,0.856797996,           0001647P0001892
1.570796327,0.,0.785398163,1.570796327,0.,0.71399833,            0001647P0001893
1.570796327,0.,0.642598497,1.570796327,0.,0.571198664,           0001647P0001894
1.570796327,0.,0.499798831,1.570796327,0.,0.428398998,           0001647P0001895
1.570796327,0.,0.356999165,1.570796327,0.,0.285599332,           0001647P0001896
1.570796327,0.,0.214199499,1.570796327,0.,0.142799666,           0001647P0001897
1.570796327,0.,7.139983304E-02,1.570796327,0.,2.379994435E-02,   0001647P0001898
1.570796327,0.,-1.046360549E-15,1.570796327,0.,1.570796327,      0001647P0001899
3.141592654,0.,0.,1.;                                            0001647P0001900
126,24,3,0,0,1,0,4.71238898,4.71238898,4.71238898,4.71238898,    0001649P0001901
4.783788813,4.855188646,4.926588479,4.997988313,5.069388146,     0001649P0001902
5.140787979,5.212187812,5.283587645,5.354987478,5.426387311,     0001649P0001903
5.497787144,5.569186977,5.64058681,5.711986643,5.783386476,      0001649P0001904
5.854786309,5.926186142,5.997585975,6.068985808,6.140385641,     0001649P0001905
6.211785474,6.283185307,6.283185307,6.283185307,6.283185307,1.,  0001649P0001906
1.,1.,1.,1.,1.,1.,1.,1.,1.,1.,1.,1.,1.,1.,1.,1.,1.,1.,1.,1.,1.,  0001649P0001907
1.,1.,1.,-1.046360549E-15,1.570796327,0.,-1.051645199E-15,       0001649P0001908
1.546996382,0.,-1.062214497E-15,1.499396494,0.,-1.078068445E-15, 0001649P0001909
1.427996661,0.,-1.093922393E-15,1.356596828,0.,-1.10977634E-15,  0001649P0001910
1.285196995,0.,-1.125630288E-15,1.213797162,0.,-1.141484236E-15, 0001649P0001911
1.142397329,0.,-1.157338182E-15,1.070997496,0.,-1.173192137E-15, 0001649P0001912
0.999597663,0.,-1.189046057E-15,0.928197829,0.,-1.204900109E-15, 0001649P0001913
0.856797996,0.,-1.220753668E-15,0.785398163,0.,-1.236609063E-15, 0001649P0001914
0.71399833,0.,-1.25245761E-15,0.642598497,0.,-1.268331714E-15,   0001649P0001915
0.571198664,0.,-1.284110438E-15,0.499798831,0.,-1.300245125E-15, 0001649P0001916
0.428398998,0.,-1.31505134E-15,0.356999165,0.,-1.334815479E-15,  0001649P0001917
0.285599332,0.,-1.336076393E-15,0.214199499,0.,-1.406392284E-15, 0001649P0001918
0.142799666,0.,-1.218991492E-15,7.139983304E-02,0.,              0001649P0001919
-1.735265469E-15,2.379994435E-02,0.,-2.283325819E-15,            0001649P0001920
1.776356839E-15,0.,4.71238898,6.283185307,0.,0.,1.;              0001649P0001921
102,3,1653,1657,1661;                                            0001651P0001922
100,0.,0.,0.,-2.220446049E-16,3.016E-02,-3.016E-02,0.;           0001653P0001923
124,0.,1.,0.,0.46984,-1.,0.,1.123385872E-16,1.36984,             0001655P0001924
1.123385872E-16,0.,1.,-3.016E-02;                                0001655P0001925
100,0.,0.,0.,3.469446952E-18,3.016E-02,-3.016E-02,0.;            0001657P0001926
124,0.,0.,1.,0.46984,0.,1.,0.,1.36984,-1.,0.,0.,-3.016E-02;      0001659P0001927
100,0.,0.,0.,3.016E-02,0.,3.469446952E-18,3.016E-02;             0001661P0001928
124,0.,1.,0.,0.46984,0.,0.,1.,1.36984,1.,0.,0.,-3.016E-02;       0001663P0001929
144,1667,1,0,1675;                                               0001665P0001930
120,1671,1673,4.415137619,6.283185307;                           0001667P0001931
124,0.,1.,0.,0.46984,0.,0.,-1.,0.,-1.,0.,0.,-1.41984;            0001669P0001932
110,0.,0.,1.,0.,0.,0.;                                           0001671P0001933
110,3.016E-02,0.,-1.36984,3.016E-02,0.,-3.016E-02;               0001673P0001934
142,0,1667,1677,1695,3;                                          0001675P0001935
102,8,1679,1681,1683,1685,1687,1689,1691,1693;                   0001677P0001936
110,1.657445098E-16,6.283185307,0.,-9.46063574E-17,4.71238898,   0001679P0001937
0.;                                                              0001679P0001938
126,24,3,1,0,1,0,4.71238898,4.71238898,4.71238898,4.71238898,    0001681P0001939
4.725900406,4.739411831,4.752923257,4.766434682,4.779946108,     0001681P0001940
4.793457533,4.806968959,4.820480385,4.83399181,4.847503236,      0001681P0001941
4.861014661,4.874526087,4.888037512,4.901548938,4.915060363,     0001681P0001942
4.928571789,4.942083214,4.95559464,4.969106065,4.982617491,      0001681P0001943
4.996128916,5.009640342,5.009640342,5.009640342,5.009640342,1.,  0001681P0001944
1.,1.,1.,1.,1.,1.,1.,1.,1.,1.,1.,1.,1.,1.,1.,1.,1.,1.,1.,1.,1.,  0001681P0001945
1.,1.,1.,-2.603508672E-16,4.71238898,0.,1.010206032E-04,         0001681P0001946
4.707901735,0.,3.031631857E-04,4.698922746,0.,6.065985778E-04,   0001681P0001947
4.685441974,0.,9.101730206E-04,4.671950122,0.,1.213803547E-03,   0001681P0001948
4.658448407,0.,1.517406957E-03,4.644938049,0.,1.820899842E-03,   0001681P0001949
4.631420274,0.,2.124198671E-03,4.617896312,0.,2.42721987E-03,    0001681P0001950
4.604367397,0.,2.729879893E-03,4.590834764,0.,3.0320953E-03,     0001681P0001951
4.577299652,0.,3.333782835E-03,4.5637633,0.,3.634859502E-03,     0001681P0001952
4.550226947,0.,3.935242641E-03,4.536691835,0.,4.234850003E-03,   0001681P0001953
4.523159202,0.,4.533599825E-03,4.509630287,0.,4.831410906E-03,   0001681P0001954
4.496106325,0.,5.128202676E-03,4.482588551,0.,5.423895277E-03,   0001681P0001955
4.469078193,0.,5.718409619E-03,4.455576477,0.,6.011667488E-03,   0001681P0001956
4.442084625,0.,6.303591482E-03,4.428603854,0.,6.49726754E-03,    0001681P0001957
4.419624864,0.,6.593857846E-03,4.415137619,0.,4.71238898,        0001681P0001958
5.009640342,-0.,-0.,1.;                                          0001681P0001959
126,24,3,1,0,1,0,0.,0.,0.,0.,1.072925062E-06,2.145850124E-06,    0001683P0001960
3.218775187E-06,4.291700249E-06,5.364625311E-06,6.437550373E-06, 0001683P0001961
7.510475435E-06,8.583400498E-06,9.65632556E-06,1.072925062E-05,  0001683P0001962
1.180217568E-05,1.287510075E-05,1.394802581E-05,1.502095087E-05, 0001683P0001963
1.609387593E-05,1.7166801E-05,1.823972606E-05,1.931265112E-05,   0001683P0001964
2.038557618E-05,2.145850124E-05,2.253142631E-05,2.360435137E-05, 0001683P0001965
2.360435137E-05,2.360435137E-05,2.360435137E-05,1.,1.,1.,1.,1.,  0001683P0001966
1.,1.,1.,1.,1.,1.,1.,1.,1.,1.,1.,1.,1.,1.,1.,1.,1.,1.,1.,1.,     0001683P0001967
6.593857846E-03,4.415137619,0.,6.778349064E-03,4.423708129,0.,   0001683P0001968
7.155609757E-03,4.440544532,0.,7.744786215E-03,4.464854695,0.,   0001683P0001969
8.355698111E-03,4.488191139,0.,8.986797639E-03,4.51051996,0.,    0001683P0001970
9.636528926E-03,4.531804234,0.,1.030336619E-02,4.552004814,0.,   0001683P0001971
1.098567134E-02,4.571076761,0.,1.168222546E-02,4.588983973,0.,   0001683P0001972
1.239024524E-02,4.605645333,0.,1.311431228E-02,4.621172782,0.,   0001683P0001973
1.385203732E-02,4.635539985,0.,1.460214604E-02,4.648733841,0.,   0001683P0001974
1.536306169E-02,4.66073654,0.,1.613330223E-02,4.67153042,0.,     0001683P0001975
1.691130924E-02,4.681096233,0.,1.769573516E-02,4.689415161,0.,   0001683P0001976
1.848446532E-02,4.696462646,0.,1.927824262E-02,4.702231491,0.,   0001683P0001977
2.008436529E-02,4.706768338,0.,2.089213622E-02,4.710005712,0.,   0001683P0001978
2.170243271E-02,4.711954937,0.,2.224282148E-02,4.712388976,0.,   0001683P0001979
2.251283889E-02,4.71238898,0.,0.,2.360435137E-05,-0.,-0.,1.;     0001683P0001980
110,2.251283889E-02,4.71238898,0.,0.977487161,4.71238898,0.;     0001685P0001981
126,24,3,1,0,1,0,0.,0.,0.,0.,1.074135659E-06,2.148271317E-06,    0001687P0001982
3.222406976E-06,4.296542634E-06,5.370678293E-06,6.444813952E-06, 0001687P0001983
7.51894961E-06,8.593085269E-06,9.667220927E-06,1.074135659E-05,  0001687P0001984
1.181549224E-05,1.28896279E-05,1.396376356E-05,1.503789922E-05,  0001687P0001985
1.611203488E-05,1.718617054E-05,1.82603062E-05,1.933444185E-05,  0001687P0001986
2.040857751E-05,2.148271317E-05,2.255684883E-05,2.363098449E-05, 0001687P0001987
2.363098449E-05,2.363098449E-05,2.363098449E-05,1.,1.,1.,1.,1.,  0001687P0001988
1.,1.,1.,1.,1.,1.,1.,1.,1.,1.,1.,1.,1.,1.,1.,1.,1.,1.,1.,1.,     0001687P0001989
0.977487161,4.71238898,0.,0.977754423,4.712388978,0.,            0001687P0001990
0.978289729,4.711954269,0.,0.979093512,4.710009641,0.,           0001687P0001991
0.979896599,4.706784044,0.,0.980697465,4.702288887,0.,           0001687P0001992
0.981494591,4.696535258,0.,0.982286449,4.689533928,0.,           0001687P0001993
0.983071533,4.681295096,0.,0.983848267,4.671829339,0.,           0001687P0001994
0.984615323,4.661144349,0.,0.985370458,4.649257582,0.,           0001687P0001995
0.986118063,4.636093746,0.,0.986855886,4.621703797,0.,           0001687P0001996
0.987582587,4.606117472,0.,0.988296578,4.58936796,0.,            0001687P0001997
0.988996347,4.571484757,0.,0.989680331,4.552496939,0.,           0001687P0001998
0.990347095,4.532426632,0.,0.990994734,4.511311374,0.,           0001687P0001999
0.991623104,4.489120762,0.,0.992241559,4.465490325,0.,           0001687P0002000
0.992836707,4.440903239,0.,0.993219032,4.423829774,0.,           0001687P0002001
0.993406142,4.415137619,0.,0.,2.363098449E-05,-0.,-0.,1.;        0001687P0002002
126,24,3,1,0,1,0,1.570796327,1.570796327,1.570796327,            0001689P0002003
1.570796327,1.584307752,1.597819178,1.611330603,1.624842029,     0001689P0002004
1.638353454,1.65186488,1.665376305,1.678887731,1.692399156,      0001689P0002005
1.705910582,1.719422007,1.732933433,1.746444858,1.759956284,     0001689P0002006
1.77346771,1.786979135,1.800490561,1.814001986,1.827513412,      0001689P0002007
1.841024837,1.854536263,1.868047688,1.868047688,1.868047688,     0001689P0002008
1.868047688,1.,1.,1.,1.,1.,1.,1.,1.,1.,1.,1.,1.,1.,1.,1.,1.,1.,  0001689P0002009
1.,1.,1.,1.,1.,1.,1.,1.,0.993406142,4.415137619,0.,0.993502732,  0001689P0002010
4.419624864,0.,0.993696409,4.428603854,0.,0.993988333,           0001689P0002011
4.442084625,0.,0.99428159,4.455576477,0.,0.994576105,            0001689P0002012
4.469078193,0.,0.994871797,4.482588551,0.,0.995168589,           0001689P0002013
4.496106325,0.,0.9954664,4.509630287,0.,0.99576515,4.523159202,  0001689P0002014
0.,0.996064757,4.536691835,0.,0.99636514,4.550226947,0.,         0001689P0002015
0.996666217,4.5637633,0.,0.996967905,4.577299652,0.,0.99727012,  0001689P0002016
4.590834764,0.,0.99757278,4.604367397,0.,0.997875801,            0001689P0002017
4.617896312,0.,0.9981791,4.631420274,0.,0.998482593,4.644938049, 0001689P0002018
0.,0.998786196,4.658448407,0.,0.999089827,4.671950122,0.,        0001689P0002019
0.999393401,4.685441974,0.,0.999696837,4.698922746,0.,           0001689P0002020
0.999898979,4.707901735,0.,1.,4.71238898,0.,1.570796327,         0001689P0002021
1.868047688,-0.,-0.,1.;                                          0001689P0002022
110,1.,4.71238898,0.,1.,6.283185307,0.;                          0001691P0002023
110,1.,6.283185307,0.,0.,6.283185307,0.;                         0001693P0002024
102,8,1697,1701,1703,1705,1707,1709,1711,1715;                   0001695P0002025
100,0.,0.,0.,-3.016E-02,0.,0.,-3.016E-02;                        0001697P0002026
124,0.,-1.,0.,0.46984,0.,0.,-1.,1.36984,1.,0.,0.,-1.41984;       0001699P0002027
126,3,3,1,0,0,0,4.71238898,4.71238898,4.71238898,4.71238898,     0001701P0002028
5.009640342,5.009640342,5.009640342,5.009640342,1.,0.992650347,  0001701P0002029
0.992650347,1.,0.5,1.36984,-1.41984,0.5,1.366840578,             0001701P0002030
-1.416840578,0.499555848,1.363874223,-1.413874223,0.498677338,   0001701P0002031
1.361006341,-1.411006341,4.71238898,5.009640342,-2.96276289E-11, 0001701P0002032
0.707106781,0.707106781;                                         0001701P0002033
126,9,3,0,0,1,0,0.,0.,0.,0.,9.493065181E-06,9.493065181E-06,     0001703P0002034
9.493065181E-06,1.893605998E-05,1.893605998E-05,1.893605998E-05, 0001703P0002035
2.360435137E-05,2.360435137E-05,2.360435137E-05,2.360435137E-05, 0001703P0002036
1.,1.,1.,1.,1.,1.,1.,1.,1.,1.,0.498677338,1.361006341,           0001703P0002037
-1.411006341,0.499347222,1.358819516,-1.413193165,0.499661998,   0001703P0002038
1.356198597,-1.415111276,0.499819713,1.353383221,-1.416547217,   0001703P0002039
0.499976889,1.350577456,-1.417978255,0.499991703,1.347502157,    0001703P0002040
-1.418978197,0.499997735,1.344387257,-1.41947039,0.500000746,    0001703P0002041
1.342832633,-1.41971604,0.5,1.341253915,-1.41984,0.5,1.33968,    0001703P0002042
-1.41984,0.,2.360435137E-05,0.967003714,-5.699859049E-02,        0001703P0002043
0.248304204;                                                     0001703P0002044
110,0.5,1.33968,-1.41984,0.5,6.032E-02,-1.41984;                 0001705P0002045
126,9,3,0,0,1,0,0.,0.,0.,0.,1.003666877E-05,1.003666877E-05,     0001707P0002046
1.003666877E-05,2.009406401E-05,2.009406401E-05,2.009406401E-05, 0001707P0002047
2.363098449E-05,2.363098449E-05,2.363098449E-05,2.363098449E-05, 0001707P0002048
1.,1.,1.,1.,1.,1.,1.,1.,1.,1.,0.5,6.032E-02,-1.41984,0.5,        0001707P0002049
5.697444374E-02,-1.41984,0.5000146,5.358313353E-02,-1.419267654, 0001707P0002050
0.499953731,5.042334501E-02,-1.41817003,0.499892797,             0001707P0002051
4.726016831E-02,-1.417071229,0.499746807,4.423577736E-02,        0001707P0002052
-1.415408097,0.499293856,4.16312665E-02,-1.413351858,            0001707P0002053
0.499132325,4.070245296E-02,-1.412618567,0.498930181,            0001707P0002054
3.981906007E-02,-1.411831741,0.498677338,3.899365948E-02,        0001707P0002055
-1.411006341,0.,2.363098449E-05,0.968120385,5.502466168E-02,     0001707P0002056
0.244366949;                                                     0001707P0002057
126,3,3,1,0,0,0,1.570796327,1.570796327,1.570796327,1.570796327, 0001709P0002058
1.868047688,1.868047688,1.868047688,1.868047688,1.,0.992650347,  0001709P0002059
0.992650347,1.,0.498677338,3.899365948E-02,-1.411006341,         0001709P0002060
0.499555848,3.612577675E-02,-1.413874223,0.5,3.315942191E-02,    0001709P0002061
-1.416840578,0.5,3.016E-02,-1.41984,1.570796327,1.868047688,-0., 0001709P0002062
-0.707106781,0.707106781;                                        0001709P0002063
100,0.,0.,0.,0.,-3.016E-02,3.016E-02,0.;                         0001711P0002064
124,0.,-1.,0.,0.46984,0.,0.,1.,3.016E-02,-1.,-0.,0.,-1.41984;    0001713P0002065
110,0.46984,3.016E-02,-1.45,0.46984,1.36984,-1.45;               0001715P0002066
144,1719,1,0,1727;                                               0001717P0002067
120,1723,1725,1.570796327,3.141592654;                           0001719P0002068
124,0.,0.,-1.,2.2,0.,1.,0.,3.016E-02,1.,0.,0.,-1.41984;          0001721P0002069
110,0.,0.,1.,0.,0.,0.;                                           0001723P0002070
110,3.016E-02,0.,1.73016,3.016E-02,0.,2.16984;                   0001725P0002071
142,0,1719,1729,1739,3;                                          0001727P0002072
102,4,1731,1733,1735,1737;                                       0001729P0002073
110,1.,1.570796327,0.,1.,3.141592654,0.;                         0001731P0002074
110,1.,3.141592654,0.,-5.050141124E-16,3.141592654,0.;           0001733P0002075
110,-1.586548625E-15,3.141592654,0.,-2.379822938E-15,            0001735P0002076
1.570796327,0.;                                                  0001735P0002077
110,-1.443289932E-15,1.570796327,0.,1.,1.570796327,0.;           0001737P0002078
102,4,1741,1745,1747,1751;                                       0001739P0002079
100,0.,0.,0.,0.,3.016E-02,-3.016E-02,3.469446952E-18;            0001741P0002080
124,0.,0.,1.,3.016E-02,0.,-1.,0.,3.016E-02,1.,0.,0.,-1.41984;    0001743P0002081
110,3.016E-02,3.016E-02,-1.45,0.46984,3.016E-02,-1.45;           0001745P0002082
100,0.,0.,0.,3.016E-02,0.,0.,3.016E-02;                          0001747P0002083
124,0.,0.,-1.,0.46984,0.,-1.,0.,3.016E-02,-1.,0.,-0.,-1.41984;   0001749P0002084
110,0.46984,0.,-1.41984,3.016E-02,0.,-1.41984;                   0001751P0002085
144,1755,1,0,1763;                                               0001753P0002086
120,1759,1761,0.,1.570796327;                                    0001755P0002087
124,0.,0.,-1.,2.2,0.,1.,0.,3.016E-02,1.,0.,0.,-3.016E-02;        0001757P0002088
110,0.,0.,1.,0.,0.,0.;                                           0001759P0002089
110,3.016E-02,0.,1.73016,3.016E-02,0.,2.16984;                   0001761P0002090
142,0,1755,1765,1775,3;                                          0001763P0002091
102,4,1767,1769,1771,1773;                                       0001765P0002092
110,1.,1.776356839E-15,0.,1.,1.570796327,0.;                     0001767P0002093
110,1.,1.570796327,0.,-1.515042337E-15,1.570796327,0.;           0001769P0002094
110,-2.379822938E-15,1.570796327,0.,-3.173097251E-15,            0001771P0002095
1.776356839E-15,0.;                                              0001771P0002096
110,-1.998401444E-15,2.160529533E-15,0.,1.,2.258158105E-15,0.;   0001773P0002097
102,4,1777,1781,1783,1787;                                       0001775P0002098
100,0.,0.,0.,3.016E-02,0.,3.469446952E-18,3.016E-02;             0001777P0002099
124,0.,0.,1.,3.016E-02,0.,-1.,-0.,3.016E-02,1.,0.,0.,-3.016E-02; 0001779P0002100
110,3.016E-02,0.,-3.016E-02,0.46984,0.,-3.016E-02;               0001781P0002101
100,0.,0.,0.,3.469446952E-18,3.016E-02,-3.016E-02,               0001783P0002102
3.469446952E-18;                                                 0001783P0002103
124,0.,0.,-1.,0.46984,-0.,-1.,0.,3.016E-02,-1.,0.,0.,-3.016E-02; 0001785P0002104
110,0.46984,3.016E-02,0.,3.016E-02,3.016E-02,0.;                 0001787P0002105
144,1791,1,0,1799;                                               0001789P0002106
120,1795,1797,3.141592654,5.009640342;                           0001791P0002107
124,0.,1.,0.,0.46984,0.,0.,-1.,1.4,-1.,0.,0.,-3.016E-02;         0001793P0002108
110,0.,0.,1.,0.,0.,0.;                                           0001795P0002109
110,3.016E-02,0.,3.016E-02,3.016E-02,0.,1.36984;                 0001797P0002110
142,0,1791,1801,1819,3;                                          0001799P0002111
102,8,1803,1805,1807,1809,1811,1813,1815,1817;                   0001801P0002112
110,-9.46063574E-17,4.71238898,0.,-3.549572246E-16,3.141592654,  0001803P0002113
0.;                                                              0001803P0002114
110,-4.440892099E-16,3.141592654,0.,1.,3.141592654,0.;           0001805P0002115
110,1.,3.141592654,0.,1.,4.71238898,0.;                          0001807P0002116
126,24,3,1,0,1,0,1.570796327,1.570796327,1.570796327,            0001809P0002117
1.570796327,1.584307752,1.597819178,1.611330603,1.624842029,     0001809P0002118
1.638353454,1.65186488,1.665376305,1.678887731,1.692399156,      0001809P0002119
1.705910582,1.719422007,1.732933433,1.746444858,1.759956284,     0001809P0002120
1.77346771,1.786979135,1.800490561,1.814001986,1.827513412,      0001809P0002121
1.841024837,1.854536263,1.868047688,1.868047688,1.868047688,     0001809P0002122
1.868047688,1.,1.,1.,1.,1.,1.,1.,1.,1.,1.,1.,1.,1.,1.,1.,1.,1.,  0001809P0002123
1.,1.,1.,1.,1.,1.,1.,1.,1.,4.71238898,0.,0.999898979,            0001809P0002124
4.716876225,0.,0.999696837,4.725855215,0.,0.999393401,           0001809P0002125
4.739335987,0.,0.999089827,4.752827838,0.,0.998786196,           0001809P0002126
4.766329554,0.,0.998482593,4.779839912,0.,0.9981791,4.793357687, 0001809P0002127
0.,0.997875801,4.806881648,0.,0.99757278,4.820410564,0.,         0001809P0002128
0.99727012,4.833943196,0.,0.996967905,4.847478309,0.,            0001809P0002129
0.996666217,4.861014661,0.,0.99636514,4.874551013,0.,            0001809P0002130
0.996064757,4.888086126,0.,0.99576515,4.901618759,0.,0.9954664,  0001809P0002131
4.915147674,0.,0.995168589,4.928671635,0.,0.994871797,           0001809P0002132
4.94218941,0.,0.994576105,4.955699768,0.,0.99428159,4.969201484, 0001809P0002133
0.,0.993988333,4.982693335,0.,0.993696409,4.996174107,0.,        0001809P0002134
0.993502732,5.005153097,0.,0.993406142,5.009640342,0.,           0001809P0002135
1.570796327,1.868047688,-0.,-0.,1.;                              0001809P0002136
126,24,3,1,0,1,0,0.,0.,0.,0.,1.072925062E-06,2.145850124E-06,    0001811P0002137
3.218775187E-06,4.291700249E-06,5.364625311E-06,6.437550373E-06, 0001811P0002138
7.510475435E-06,8.583400498E-06,9.65632556E-06,1.072925062E-05,  0001811P0002139
1.180217568E-05,1.287510075E-05,1.394802581E-05,1.502095087E-05, 0001811P0002140
1.609387593E-05,1.7166801E-05,1.823972606E-05,1.931265112E-05,   0001811P0002141
2.038557618E-05,2.145850124E-05,2.253142631E-05,2.360435137E-05, 0001811P0002142
2.360435137E-05,2.360435137E-05,2.360435137E-05,1.,1.,1.,1.,1.,  0001811P0002143
1.,1.,1.,1.,1.,1.,1.,1.,1.,1.,1.,1.,1.,1.,1.,1.,1.,1.,1.,1.,     0001811P0002144
0.993406142,5.009640342,0.,0.993221651,5.001069832,0.,           0001811P0002145
0.99284439,4.984233428,0.,0.992255214,4.959923266,0.,            0001811P0002146
0.991644302,4.936586822,0.,0.991013202,4.914258001,0.,           0001811P0002147
0.990363471,4.892973727,0.,0.989696634,4.872773147,0.,           0001811P0002148
0.989014329,4.8537012,0.,0.988317775,4.835793988,0.,0.987609755, 0001811P0002149
4.819132628,0.,0.986885688,4.803605179,0.,0.986147963,           0001811P0002150
4.789237976,0.,0.985397854,4.77604412,0.,0.984636938,            0001811P0002151
4.764041421,0.,0.983866698,4.753247541,0.,0.983088691,           0001811P0002152
4.743681728,0.,0.982304265,4.7353628,0.,0.981515535,4.728315315, 0001811P0002153
0.,0.980721757,4.72254647,0.,0.979915635,4.718009623,0.,         0001811P0002154
0.979107864,4.714772249,0.,0.978297567,4.712823023,0.,           0001811P0002155
0.977757179,4.712388985,0.,0.977487161,4.71238898,0.,0.,         0001811P0002156
2.360435137E-05,-0.,-0.,1.;                                      0001811P0002157
110,0.977487161,4.71238898,0.,2.251283889E-02,4.71238898,0.;     0001813P0002158
126,24,3,1,0,1,0,0.,0.,0.,0.,1.074135659E-06,2.148271317E-06,    0001815P0002159
3.222406976E-06,4.296542634E-06,5.370678293E-06,6.444813952E-06, 0001815P0002160
7.51894961E-06,8.593085269E-06,9.667220927E-06,1.074135659E-05,  0001815P0002161
1.181549224E-05,1.28896279E-05,1.396376356E-05,1.503789922E-05,  0001815P0002162
1.611203488E-05,1.718617054E-05,1.82603062E-05,1.933444185E-05,  0001815P0002163
2.040857751E-05,2.148271317E-05,2.255684883E-05,2.363098449E-05, 0001815P0002164
2.363098449E-05,2.363098449E-05,2.363098449E-05,1.,1.,1.,1.,1.,  0001815P0002165
1.,1.,1.,1.,1.,1.,1.,1.,1.,1.,1.,1.,1.,1.,1.,1.,1.,1.,1.,1.,     0001815P0002166
2.251283889E-02,4.71238898,0.,2.224557714E-02,4.712388983,0.,    0001815P0002167
2.17102713E-02,4.712823691,0.,2.090648772E-02,4.71476832,0.,     0001815P0002168
2.010340145E-02,4.717993917,0.,1.930253495E-02,4.722489074,0.,   0001815P0002169
1.850540943E-02,4.728242703,0.,1.771355079E-02,4.735244033,0.,   0001815P0002170
1.692846736E-02,4.743482864,0.,1.615173308E-02,4.752948622,0.,   0001815P0002171
1.538467708E-02,4.763633611,0.,1.462954208E-02,4.775520379,0.,   0001815P0002172
1.388193747E-02,4.788684215,0.,1.314411426E-02,4.803074163,0.,   0001815P0002173
1.241741339E-02,4.818660489,0.,1.170342191E-02,4.835410001,0.,   0001815P0002174
1.10036525E-02,4.853293204,0.,1.031966923E-02,4.872281022,0.,    0001815P0002175
9.652904995E-03,4.892351329,0.,9.005265988E-03,4.913466587,0.,   0001815P0002176
8.376896349E-03,4.935657199,0.,7.758441183E-03,4.959287635,0.,   0001815P0002177
7.163292745E-03,4.983874722,0.,6.78096808E-03,5.000948187,0.,    0001815P0002178
6.593857846E-03,5.009640342,0.,0.,2.363098449E-05,-0.,-0.,1.;    0001815P0002179
126,24,3,1,0,1,0,4.71238898,4.71238898,4.71238898,4.71238898,    0001817P0002180
4.725900406,4.739411831,4.752923257,4.766434682,4.779946108,     0001817P0002181
4.793457533,4.806968959,4.820480385,4.83399181,4.847503236,      0001817P0002182
4.861014661,4.874526087,4.888037512,4.901548938,4.915060363,     0001817P0002183
4.928571789,4.942083214,4.95559464,4.969106065,4.982617491,      0001817P0002184
4.996128916,5.009640342,5.009640342,5.009640342,5.009640342,1.,  0001817P0002185
1.,1.,1.,1.,1.,1.,1.,1.,1.,1.,1.,1.,1.,1.,1.,1.,1.,1.,1.,1.,1.,  0001817P0002186
1.,1.,1.,6.593857846E-03,5.009640342,0.,6.49726754E-03,          0001817P0002187
5.005153097,0.,6.303591482E-03,4.996174107,0.,6.011667488E-03,   0001817P0002188
4.982693335,0.,5.718409619E-03,4.969201484,0.,5.423895277E-03,   0001817P0002189
4.955699768,0.,5.128202676E-03,4.94218941,0.,4.831410906E-03,    0001817P0002190
4.928671635,0.,4.533599825E-03,4.915147674,0.,4.234850003E-03,   0001817P0002191
4.901618759,0.,3.935242641E-03,4.888086126,0.,3.634859502E-03,   0001817P0002192
4.874551013,0.,3.333782835E-03,4.861014661,0.,3.0320953E-03,     0001817P0002193
4.847478309,0.,2.729879893E-03,4.833943196,0.,2.42721987E-03,    0001817P0002194
4.820410564,0.,2.124198671E-03,4.806881648,0.,1.820899842E-03,   0001817P0002195
4.793357687,0.,1.517406957E-03,4.779839912,0.,1.213803547E-03,   0001817P0002196
4.766329554,0.,9.101730206E-04,4.752827838,0.,6.065985778E-04,   0001817P0002197
4.739335987,0.,3.031631857E-04,4.725855215,0.,1.010206032E-04,   0001817P0002198
4.716876225,0.,-2.603508672E-16,4.71238898,0.,4.71238898,        0001817P0002199
5.009640342,-0.,-0.,1.;                                          0001817P0002200
102,8,1821,1825,1827,1831,1833,1835,1837,1839;                   0001819P0002201
100,0.,0.,0.,-6.938893904E-18,-3.016E-02,3.016E-02,0.;           0001821P0002202
124,0.,-1.,0.,0.46984,0.,0.,-1.,1.36984,1.,0.,-0.,-3.016E-02;    0001823P0002203
110,0.46984,1.36984,0.,0.46984,3.016E-02,0.;                     0001825P0002204
100,0.,0.,0.,-3.016E-02,0.,-6.938893904E-18,-3.016E-02;          0001827P0002205
124,0.,-1.,0.,0.46984,0.,0.,1.,3.016E-02,-1.,-0.,0.,-3.016E-02;  0001829P0002206
126,3,3,1,0,0,0,1.570796327,1.570796327,1.570796327,1.570796327, 0001831P0002207
1.868047688,1.868047688,1.868047688,1.868047688,1.,0.992650347,  0001831P0002208
0.992650347,1.,0.5,3.016E-02,-3.016E-02,0.5,3.315942191E-02,     0001831P0002209
-3.315942191E-02,0.499555848,3.612577675E-02,-3.612577675E-02,   0001831P0002210
0.498677338,3.899365948E-02,-3.899365948E-02,1.570796327,        0001831P0002211
1.868047688,-1.157329254E-13,0.707106781,0.707106781;            0001831P0002212
126,9,3,0,0,1,0,0.,0.,0.,0.,9.493065181E-06,9.493065181E-06,     0001833P0002213
9.493065181E-06,1.893605998E-05,1.893605998E-05,1.893605998E-05, 0001833P0002214
2.360435137E-05,2.360435137E-05,2.360435137E-05,2.360435137E-05, 0001833P0002215
1.,1.,1.,1.,1.,1.,1.,1.,1.,1.,0.498677338,3.899365948E-02,       0001833P0002216
-3.899365948E-02,0.499347222,4.118048354E-02,-3.680683542E-02,   0001833P0002217
0.499661998,4.380140293E-02,-3.488872359E-02,0.499819713,        0001833P0002218
4.661677929E-02,-3.345278314E-02,0.499976889,4.942254363E-02,    0001833P0002219
-3.202174514E-02,0.499991703,5.249784345E-02,-3.10218035E-02,    0001833P0002220
0.499997735,5.561274264E-02,-3.052961014E-02,0.500000746,        0001833P0002221
5.716736695E-02,-3.028395989E-02,0.5,5.874608455E-02,-3.016E-02, 0001833P0002222
0.5,6.032E-02,-3.016E-02,0.,2.360435137E-05,-0.967003714,        0001833P0002223
-5.699859049E-02,0.248304204;                                    0001833P0002224
110,0.5,6.032E-02,-3.016E-02,0.5,1.33968,-3.016E-02;             0001835P0002225
126,9,3,0,0,1,0,0.,0.,0.,0.,1.003666877E-05,1.003666877E-05,     0001837P0002226
1.003666877E-05,2.009406401E-05,2.009406401E-05,2.009406401E-05, 0001837P0002227
2.363098449E-05,2.363098449E-05,2.363098449E-05,2.363098449E-05, 0001837P0002228
1.,1.,1.,1.,1.,1.,1.,1.,1.,1.,0.5,1.33968,-3.016E-02,0.5,        0001837P0002229
1.343025556,-3.016E-02,0.5000146,1.346416866,-3.073234596E-02,   0001837P0002230
0.499953731,1.349576655,-3.182996981E-02,0.499892797,            0001837P0002231
1.352739832,-3.292877063E-02,0.499746807,1.355764223,            0001837P0002232
-3.459190291E-02,0.499293856,1.358368734,-3.664814244E-02,       0001837P0002233
0.499132325,1.359297547,-3.738143296E-02,0.498930181,1.36018094, 0001837P0002234
-3.816825889E-02,0.498677338,1.361006341,-3.899365948E-02,0.,    0001837P0002235
2.363098449E-05,-0.968120385,5.502466168E-02,0.244366949;        0001837P0002236
126,3,3,1,0,0,0,4.71238898,4.71238898,4.71238898,4.71238898,     0001839P0002237
5.009640342,5.009640342,5.009640342,5.009640342,1.,0.992650347,  0001839P0002238
0.992650347,1.,0.498677338,1.361006341,-3.899365948E-02,         0001839P0002239
0.499555848,1.363874223,-3.612577675E-02,0.5,1.366840578,        0001839P0002240
-3.315942191E-02,0.5,1.36984,-3.016E-02,4.71238898,5.009640342,  0001839P0002241
-9.25863403E-13,-0.707106781,0.707106781;                        0001839P0002242
144,1843,1,0,1853;                                               0001841P0002243
120,1847,1849,4.71238898,6.283185307;                            0001843P0002244
124,1.,0.,0.,0.46984,0.,0.,1.,3.016E-02,0.,-1.,0.,-1.41984;      0001845P0002245
110,0.,0.,1.,0.,0.,0.;                                           0001847P0002246
100,0.,0.,0.,1.846767373E-18,-3.016E-02,3.016E-02,0.;            0001849P0002247
124,1.,0.,0.,0.,0.,0.,-1.,0.,0.,1.,-0.,0.;                       0001851P0002248
142,0,1843,1855,1863,3;                                          0001853P0002249
102,3,1857,1859,1861;                                            0001855P0002250
126,24,3,0,0,1,0,4.71238898,4.71238898,4.71238898,4.71238898,    0001857P0002251
4.783788813,4.855188646,4.926588479,4.997988313,5.069388146,     0001857P0002252
5.140787979,5.212187812,5.283587645,5.354987478,5.426387311,     0001857P0002253
5.497787144,5.569186977,5.64058681,5.711986643,5.783386476,      0001857P0002254
5.854786309,5.926186142,5.997585975,6.068985808,6.140385641,     0001857P0002255
6.211785474,6.283185307,6.283185307,6.283185307,6.283185307,1.,  0001857P0002256
1.,1.,1.,1.,1.,1.,1.,1.,1.,1.,1.,1.,1.,1.,1.,1.,1.,1.,1.,1.,1.,  0001857P0002257
1.,1.,1.,-1.570796327,4.71238898,0.,-1.546996382,4.71238898,0.,  0001857P0002258
-1.499396494,4.71238898,0.,-1.427996661,4.71238898,0.,           0001857P0002259
-1.356596828,4.71238898,0.,-1.285196995,4.71238898,0.,           0001857P0002260
-1.213797162,4.71238898,0.,-1.142397329,4.71238898,0.,           0001857P0002261
-1.070997496,4.71238898,0.,-0.999597663,4.71238898,0.,           0001857P0002262
-0.928197829,4.71238898,0.,-0.856797996,4.71238898,0.,           0001857P0002263
-0.785398163,4.71238898,0.,-0.71399833,4.71238898,0.,            0001857P0002264
-0.642598497,4.71238898,0.,-0.571198664,4.71238898,0.,           0001857P0002265
-0.499798831,4.71238898,0.,-0.428398998,4.71238898,0.,           0001857P0002266
-0.356999165,4.71238898,0.,-0.285599332,4.71238898,0.,           0001857P0002267
-0.214199499,4.71238898,0.,-0.142799666,4.71238898,0.,           0001857P0002268
-7.139983304E-02,4.71238898,0.,-2.379994435E-02,4.71238898,0.,   0001857P0002269
-5.788562763E-16,4.71238898,0.,4.71238898,6.283185307,0.,0.,1.;  0001857P0002270
110,-3.487868498E-16,4.71238898,0.,9.860761315E-32,6.283185307,  0001859P0002271
0.;                                                              0001859P0002272
110,8.881784197E-16,6.283185307,0.,-1.570796327,6.283185307,0.;  0001861P0002273
102,3,1865,1869,1873;                                            0001863P0002274
100,0.,0.,0.,0.,-3.016E-02,3.016E-02,-6.938893904E-18;           0001865P0002275
124,0.,0.,1.,0.46984,0.,1.,0.,3.016E-02,-1.,0.,0.,-1.41984;      0001867P0002276
100,0.,0.,0.,3.016E-02,0.,0.,3.016E-02;                          0001869P0002277
124,0.,1.,0.,0.46984,0.,0.,-1.,3.016E-02,-1.,0.,0.,-1.41984;     0001871P0002278
100,0.,0.,0.,-3.016E-02,3.469446952E-18,0.,-3.016E-02;           0001873P0002279
124,-1.,0.,0.,0.46984,0.,1.,0.,3.016E-02,0.,0.,-1.,-1.41984;     0001875P0002280
144,1879,1,0,1889;                                               0001877P0002281
120,1883,1885,0.,1.570796327;                                    0001879P0002282
124,1.,0.,0.,0.46984,0.,0.,1.,3.016E-02,0.,-1.,0.,-3.016E-02;    0001881P0002283
110,0.,0.,1.,0.,0.,0.;                                           0001883P0002284
100,0.,0.,0.,1.846767373E-18,-3.016E-02,3.016E-02,               0001885P0002285
4.834707103E-18;                                                 0001885P0002286
124,1.,0.,0.,0.,0.,0.,-1.,0.,0.,1.,-0.,0.;                       0001887P0002287
142,0,1879,1891,1899,3;                                          0001889P0002288
102,3,1893,1895,1897;                                            0001891P0002289
126,24,3,0,0,1,0,1.570796327,1.570796327,1.570796327,            0001893P0002290
1.570796327,1.64219616,1.713595993,1.784995826,1.856395659,      0001893P0002291
1.927795492,1.999195325,2.070595158,2.141994991,2.213394824,     0001893P0002292
2.284794657,2.35619449,2.427594323,2.498994156,2.570393989,      0001893P0002293
2.641793822,2.713193655,2.784593488,2.855993321,2.927393154,     0001893P0002294
2.998792988,3.070192821,3.141592654,3.141592654,3.141592654,     0001893P0002295
3.141592654,1.,1.,1.,1.,1.,1.,1.,1.,1.,1.,1.,1.,1.,1.,1.,1.,1.,  0001893P0002296
1.,1.,1.,1.,1.,1.,1.,1.,-2.283325819E-15,1.776356839E-15,0.,     0001893P0002297
-1.735265469E-15,2.379994435E-02,0.,-1.218991492E-15,            0001893P0002298
7.139983304E-02,0.,-1.406392284E-15,0.142799666,0.,              0001893P0002299
-1.336076393E-15,0.214199499,0.,-1.334815479E-15,0.285599332,0., 0001893P0002300
-1.31505134E-15,0.356999165,0.,-1.300245125E-15,0.428398998,0.,  0001893P0002301
-1.284110438E-15,0.499798831,0.,-1.268331714E-15,0.571198664,0., 0001893P0002302
-1.25245761E-15,0.642598497,0.,-1.236609063E-15,0.71399833,0.,   0001893P0002303
-1.220753668E-15,0.785398163,0.,-1.204900109E-15,0.856797996,0., 0001893P0002304
-1.189046057E-15,0.928197829,0.,-1.173192137E-15,0.999597663,0., 0001893P0002305
-1.157338182E-15,1.070997496,0.,-1.141484236E-15,1.142397329,0., 0001893P0002306
-1.125630288E-15,1.213797162,0.,-1.10977634E-15,1.285196995,0.,  0001893P0002307
-1.093922393E-15,1.356596828,0.,-1.078068445E-15,1.427996661,0., 0001893P0002308
-1.062214497E-15,1.499396494,0.,-1.051645199E-15,1.546996382,0., 0001893P0002309
-1.046360549E-15,1.570796327,0.,1.570796327,3.141592654,0.,0.,   0001893P0002310
1.;                                                              0001893P0002311
110,-1.776356839E-15,1.570796327,0.,-1.570796327,1.570796327,0.; 0001895P0002312
126,24,3,0,0,1,0,0.,0.,0.,0.,7.139983304E-02,0.142799666,        0001897P0002313
0.214199499,0.285599332,0.356999165,0.428398998,0.499798831,     0001897P0002314
0.571198664,0.642598497,0.71399833,0.785398163,0.856797996,      0001897P0002315
0.928197829,0.999597663,1.070997496,1.142397329,1.213797162,     0001897P0002316
1.285196995,1.356596828,1.427996661,1.499396494,1.570796327,     0001897P0002317
1.570796327,1.570796327,1.570796327,1.,1.,1.,1.,1.,1.,1.,1.,1.,  0001897P0002318
1.,1.,1.,1.,1.,1.,1.,1.,1.,1.,1.,1.,1.,1.,1.,1.,-1.570796327,    0001897P0002319
1.776356839E-15,0.,-1.546996382,1.776356839E-15,0.,-1.499396494, 0001897P0002320
1.776356839E-15,0.,-1.427996661,1.776356839E-15,0.,-1.356596828, 0001897P0002321
1.776356839E-15,0.,-1.285196995,1.776356839E-15,0.,-1.213797162, 0001897P0002322
1.776356839E-15,0.,-1.142397329,1.776356839E-15,0.,-1.070997496, 0001897P0002323
1.776356839E-15,0.,-0.999597663,1.776356839E-15,0.,-0.928197829, 0001897P0002324
1.776356839E-15,0.,-0.856797996,1.776356839E-15,0.,-0.785398163, 0001897P0002325
1.776356839E-15,0.,-0.71399833,1.776356839E-15,0.,-0.642598497,  0001897P0002326
1.776356839E-15,0.,-0.571198664,1.776356839E-15,0.,-0.499798831, 0001897P0002327
1.776356839E-15,0.,-0.428398998,1.776356839E-15,0.,-0.356999165, 0001897P0002328
1.776356839E-15,0.,-0.285599332,1.776356839E-15,0.,-0.214199499, 0001897P0002329
1.776356839E-15,0.,-0.142799666,1.776356839E-15,0.,              0001897P0002330
-7.139983304E-02,1.776356839E-15,0.,-2.379994435E-02,            0001897P0002331
1.776356839E-15,0.,-2.283325819E-15,1.776356839E-15,0.,0.,       0001897P0002332
1.570796327,0.,0.,1.;                                            0001897P0002333
102,3,1901,1905,1909;                                            0001899P0002334
100,0.,0.,0.,3.469446952E-18,3.016E-02,-3.016E-02,0.;            0001901P0002335
124,0.,1.,0.,0.46984,0.,0.,-1.,3.016E-02,-1.,0.,0.,-3.016E-02;   0001903P0002336
100,0.,0.,0.,-3.016E-02,3.469446952E-18,-6.938893904E-18,        0001905P0002337
-3.016E-02;                                                      0001905P0002338
124,0.,0.,1.,0.46984,-0.,1.,0.,3.016E-02,-1.,0.,0.,-3.016E-02;   0001907P0002339
100,0.,0.,0.,0.,-3.016E-02,3.016E-02,-6.938893904E-18;           0001909P0002340
124,1.,0.,-1.123385872E-16,0.46984,0.,1.,0.,3.016E-02,           0001911P0002341
1.123385872E-16,0.,1.,-3.016E-02;                                0001911P0002342
144,1915,1,0,1923;                                               0001913P0002343
120,1919,1921,5.985933946,6.283185307;                           0001915P0002344
124,1.,0.,0.,0.46984,0.,1.,0.,3.016E-02,0.,0.,1.,0.;             0001917P0002345
110,0.,0.,1.,0.,0.,0.;                                           0001919P0002346
110,3.016E-02,0.,-6.032E-02,3.016E-02,0.,-3.016E-02;             0001921P0002347
142,0,1915,1925,1933,3;                                          0001923P0002348
102,3,1927,1929,1931;                                            0001925P0002349
110,1.,6.283185307,0.,-4.60138853E-16,6.283185307,0.;            0001927P0002350
126,24,3,1,0,1,0,0.,0.,0.,0.,1.074135659E-06,2.148271317E-06,    0001929P0002351
3.222406976E-06,4.296542634E-06,5.370678293E-06,6.444813952E-06, 0001929P0002352
7.51894961E-06,8.593085269E-06,9.667220927E-06,1.074135659E-05,  0001929P0002353
1.181549224E-05,1.28896279E-05,1.396376356E-05,1.503789922E-05,  0001929P0002354
1.611203488E-05,1.718617054E-05,1.82603062E-05,1.933444185E-05,  0001929P0002355
2.040857751E-05,2.148271317E-05,2.255684883E-05,2.363098449E-05, 0001929P0002356
2.363098449E-05,2.363098449E-05,2.363098449E-05,1.,1.,1.,1.,1.,  0001929P0002357
1.,1.,1.,1.,1.,1.,1.,1.,1.,1.,1.,1.,1.,1.,1.,1.,1.,1.,1.,1.,0.,  0001929P0002358
6.283185307,0.,1.187152585E-02,6.283185305,0.,3.564932859E-02,   0001929P0002359
6.282750596,0.,7.13526702E-02,6.280805967,0.,0.107025038,        0001929P0002360
6.277580371,0.,0.142598806,6.273085213,0.,0.178006402,           0001929P0002361
6.267331585,0.,0.213180049,6.260330254,0.,0.248052747,           0001929P0002362
6.252091423,0.,0.282554583,6.242625666,0.,0.316626519,           0001929P0002363
6.231940676,0.,0.350168935,6.220053908,0.,0.383376857,           0001929P0002364
6.206890073,0.,0.416150299,6.192500124,0.,0.448429696,           0001929P0002365
6.176913798,0.,0.480144554,6.160164287,0.,0.51122768,            0001929P0002366
6.142281083,0.,0.5416096,6.123293265,0.,0.571226666,6.103222959, 0001929P0002367
0.,0.599994206,6.082107701,0.,0.627905819,6.059917089,0.,        0001929P0002368
0.65537704,6.036286652,0.,0.681812997,6.011699566,0.,            0001929P0002369
0.698795513,5.994626101,0.,0.707106781,5.985933946,0.,0.,        0001929P0002370
2.363098449E-05,-0.,-0.,1.;                                      0001929P0002371
126,24,3,1,0,1,0,1.570796327,1.570796327,1.570796327,            0001931P0002372
1.570796327,1.584307752,1.597819178,1.611330603,1.624842029,     0001931P0002373
1.638353454,1.65186488,1.665376305,1.678887731,1.692399156,      0001931P0002374
1.705910582,1.719422007,1.732933433,1.746444858,1.759956284,     0001931P0002375
1.77346771,1.786979135,1.800490561,1.814001986,1.827513412,      0001931P0002376
1.841024837,1.854536263,1.868047688,1.868047688,1.868047688,     0001931P0002377
1.868047688,1.,1.,1.,1.,1.,1.,1.,1.,1.,1.,1.,1.,1.,1.,1.,1.,1.,  0001931P0002378
1.,1.,1.,1.,1.,1.,1.,1.,0.707106781,5.985933946,0.,0.711397235,  0001931P0002379
5.990421191,0.,0.720000151,5.99940018,0.,0.732967152,            0001931P0002380
6.012880952,0.,0.745993402,6.026372804,0.,0.759075463,           0001931P0002381
6.039874519,0.,0.772209862,6.053384877,0.,0.785393085,           0001931P0002382
6.066902652,0.,0.798621584,6.080426614,0.,0.811891782,           0001931P0002383
6.093955529,0.,0.825200071,6.107488162,0.,0.838542819,           0001931P0002384
6.121023274,0.,0.851916373,6.134559627,0.,0.865317061,           0001931P0002385
6.148095979,0.,0.878741197,6.161631091,0.,0.892185082,           0001931P0002386
6.175163724,0.,0.905645011,6.188692639,0.,0.919117271,           0001931P0002387
6.202216601,0.,0.932598151,6.215734376,0.,0.946083941,           0001931P0002388
6.229244734,0.,0.959570935,6.242746449,0.,0.973055438,           0001931P0002389
6.256238301,0.,0.986533765,6.269719073,0.,0.995512756,           0001931P0002390
6.278698062,0.,1.,6.283185307,0.,1.570796327,1.868047688,-0.,    0001931P0002391
-0.,1.;                                                          0001931P0002392
102,3,1935,1937,1939;                                            0001933P0002393
110,0.5,3.016E-02,-3.016E-02,0.5,3.016E-02,-6.032E-02;           0001935P0002394
126,9,3,0,0,1,0,0.,0.,0.,0.,1.003666877E-05,1.003666877E-05,     0001937P0002395
1.003666877E-05,2.009406401E-05,2.009406401E-05,2.009406401E-05, 0001937P0002396
2.363098449E-05,2.363098449E-05,2.363098449E-05,2.363098449E-05, 0001937P0002397
1.,1.,1.,1.,1.,1.,1.,1.,1.,1.,0.5,3.016E-02,-6.032E-02,0.5,      0001937P0002398
3.016E-02,-5.697444374E-02,0.5000146,3.073234596E-02,            0001937P0002399
-5.358313353E-02,0.499953731,3.182996981E-02,-5.042334501E-02,   0001937P0002400
0.499892797,3.292877063E-02,-4.726016831E-02,0.499746807,        0001937P0002401
3.459190291E-02,-4.423577736E-02,0.499293856,3.664814244E-02,    0001937P0002402
-4.16312665E-02,0.499132325,3.738143296E-02,-4.070245296E-02,    0001937P0002403
0.498930181,3.816825889E-02,-3.981906007E-02,0.498677338,        0001937P0002404
3.899365948E-02,-3.899365948E-02,0.,2.363098449E-05,             0001937P0002405
-0.968120385,-0.244366949,5.502466168E-02;                       0001937P0002406
126,3,3,1,0,0,0,1.570796327,1.570796327,1.570796327,1.570796327, 0001939P0002407
1.868047688,1.868047688,1.868047688,1.868047688,1.,0.992650347,  0001939P0002408
0.992650347,1.,0.498677338,3.899365948E-02,-3.899365948E-02,     0001939P0002409
0.499555848,3.612577675E-02,-3.612577675E-02,0.5,                0001939P0002410
3.315942191E-02,-3.315942191E-02,0.5,3.016E-02,-3.016E-02,       0001939P0002411
1.570796327,1.868047688,-1.157329254E-13,0.707106781,            0001939P0002412
0.707106781;                                                     0001939P0002413
144,1943,1,0,1951;                                               0001941P0002414
120,1947,1949,1.570796327,3.141592654;                           0001943P0002415
124,0.,0.,-1.,0.5,0.,1.,0.,6.032E-02,1.,0.,0.,-1.38968;          0001945P0002416
110,0.,0.,1.,0.,0.,0.;                                           0001947P0002417
110,3.016E-02,0.,-1.201322662,3.016E-02,0.,1.322662047E-03;      0001949P0002418
142,0,1943,1953,1967,3;                                          0001951P0002419
102,6,1955,1957,1959,1961,1963,1965;                             0001953P0002420
126,24,3,1,0,1,0,0.,0.,0.,0.,1.074135659E-06,2.148271317E-06,    0001955P0002421
3.222406976E-06,4.296542634E-06,5.370678293E-06,6.444813952E-06, 0001955P0002422
7.51894961E-06,8.593085269E-06,9.667220927E-06,1.074135659E-05,  0001955P0002423
1.181549224E-05,1.28896279E-05,1.396376356E-05,1.503789922E-05,  0001955P0002424
1.611203488E-05,1.718617054E-05,1.82603062E-05,1.933444185E-05,  0001955P0002425
2.040857751E-05,2.148271317E-05,2.255684883E-05,2.363098449E-05, 0001955P0002426
2.363098449E-05,2.363098449E-05,2.363098449E-05,1.,1.,1.,1.,1.,  0001955P0002427
1.,1.,1.,1.,1.,1.,1.,1.,1.,1.,1.,1.,1.,1.,1.,1.,1.,1.,1.,1.,1.,  0001955P0002428
2.35619449,0.,0.999936152,2.367948453,0.,0.99981621,2.391546954, 0001955P0002429
0.,0.999658349,2.42709231,0.,0.99952053,2.462904855,0.,          0001955P0002430
0.999403548,2.498251194,0.,0.999303167,2.533706905,0.,           0001955P0002431
0.999217928,2.569319628,0.,0.999146513,2.605032694,0.,           0001955P0002432
0.999087564,2.640815889,0.,0.999039735,2.676630999,0.,           0001955P0002433
0.999001677,2.712442911,0.,0.998972043,2.748213754,0.,           0001955P0002434
0.998949474,2.783919344,0.,0.998932665,2.819493304,0.,           0001955P0002435
0.998919913,2.855192227,0.,0.998910751,2.890962917,0.,           0001955P0002436
0.998904606,2.926791835,0.,0.998900933,2.962653114,0.,           0001955P0002437
0.998899179,2.998523153,0.,0.998898794,3.034377371,0.,           0001955P0002438
0.998899227,3.070191814,0.,0.998899928,3.105943191,0.,           0001955P0002439
0.998900206,3.12972128,0.,0.998900206,3.141592654,0.,0.,         0001955P0002440
2.363098449E-05,-0.,-0.,1.;                                      0001955P0002441
110,0.998900206,3.141592654,0.,1.099793947E-03,3.141592654,0.;   0001957P0002442
126,24,3,1,0,1,0,0.,0.,0.,0.,1.072925062E-06,2.145850124E-06,    0001959P0002443
3.218775187E-06,4.291700249E-06,5.364625311E-06,6.437550373E-06, 0001959P0002444
7.510475435E-06,8.583400498E-06,9.65632556E-06,1.072925062E-05,  0001959P0002445
1.180217568E-05,1.287510075E-05,1.394802581E-05,1.502095087E-05, 0001959P0002446
1.609387593E-05,1.7166801E-05,1.823972606E-05,1.931265112E-05,   0001959P0002447
2.038557618E-05,2.145850124E-05,2.253142631E-05,2.360435137E-05, 0001959P0002448
2.360435137E-05,2.360435137E-05,2.360435137E-05,1.,1.,1.,1.,1.,  0001959P0002449
1.,1.,1.,1.,1.,1.,1.,1.,1.,1.,1.,1.,1.,1.,1.,1.,1.,1.,1.,1.,     0001959P0002450
1.099793947E-03,3.141592654,0.,1.099793947E-03,3.129598768,0.,   0001959P0002451
1.09985976E-03,3.105595105,0.,1.099880533E-03,3.06955539,0.,     0001959P0002452
1.099558735E-03,3.033534845,0.,1.098592079E-03,2.997447097,0.,   0001959P0002453
1.096818156E-03,2.961725465,0.,1.093959931E-03,2.925994444,0.,   0001959P0002454
1.088893134E-03,2.8901762,0.,1.080679501E-03,2.854322796,0.,     0001959P0002455
1.068331089E-03,2.818452869,0.,1.050872666E-03,2.78259499,0.,    0001959P0002456
1.027327835E-03,2.746774187,0.,9.967121477E-04,2.711019111,0.,   0001959P0002457
9.580745309E-04,2.67534349,0.,9.103384548E-04,2.639809808,0.,    0001959P0002458
8.512331192E-04,2.604143113,0.,7.795227163E-04,2.568450829,0.,   0001959P0002459
6.937296723E-04,2.532762204,0.,5.924411947E-04,2.497130136,0.,   0001959P0002460
4.742271324E-04,2.461602848,0.,3.376619861E-04,2.426230346,0.,   0001959P0002461
1.813190092E-04,2.391061857,0.,6.295419726E-05,2.367783713,0.,   0001959P0002462
-7.250409635E-16,2.35619449,0.,0.,2.360435137E-05,-0.,-0.,1.;    0001959P0002463
126,24,3,1,0,1,0,0.,0.,0.,0.,1.074135659E-06,2.148271317E-06,    0001961P0002464
3.222406976E-06,4.296542634E-06,5.370678293E-06,6.444813952E-06, 0001961P0002465
7.51894961E-06,8.593085269E-06,9.667220927E-06,1.074135659E-05,  0001961P0002466
1.181549224E-05,1.28896279E-05,1.396376356E-05,1.503789922E-05,  0001961P0002467
1.611203488E-05,1.718617054E-05,1.82603062E-05,1.933444185E-05,  0001961P0002468
2.040857751E-05,2.148271317E-05,2.255684883E-05,2.363098449E-05, 0001961P0002469
2.363098449E-05,2.363098449E-05,2.363098449E-05,1.,1.,1.,1.,1.,  0001961P0002470
1.,1.,1.,1.,1.,1.,1.,1.,1.,1.,1.,1.,1.,1.,1.,1.,1.,1.,1.,1.,     0001961P0002471
-7.250409635E-16,2.35619449,0.,6.384788785E-05,2.344440527,0.,   0001961P0002472
1.837900252E-04,2.320842026,0.,3.416509934E-04,2.28529667,0.,    0001961P0002473
4.794700785E-04,2.249484126,0.,5.964517652E-04,2.214137786,0.,   0001961P0002474
6.96833073E-04,2.178682075,0.,7.820717654E-04,2.143069352,0.,    0001961P0002475
8.534872693E-04,2.107356287,0.,9.124361505E-04,2.071573091,0.,   0001961P0002476
9.602647551E-04,2.035757981,0.,9.983231698E-04,1.999946069,0.,   0001961P0002477
1.027956738E-03,1.964175227,0.,1.050526035E-03,1.928469637,0.,   0001961P0002478
1.067335456E-03,1.892895676,0.,1.080086924E-03,1.857196754,0.,   0001961P0002479
1.089248771E-03,1.821426064,0.,1.095393905E-03,1.785597145,0.,   0001961P0002480
1.099067216E-03,1.749735866,0.,1.1008211E-03,1.713865827,0.,     0001961P0002481
1.10120594E-03,1.67801161,0.,1.100772661E-03,1.642197167,0.,     0001961P0002482
1.100072041E-03,1.60644579,0.,1.099793947E-03,1.582667701,0.,    0001961P0002483
1.099793947E-03,1.570796327,0.,0.,2.363098449E-05,-0.,-0.,1.;    0001961P0002484
110,1.099793947E-03,1.570796327,0.,0.998900206,1.570796327,0.;   0001963P0002485
126,24,3,1,0,1,0,0.,0.,0.,0.,1.072925062E-06,2.145850124E-06,    0001965P0002486
3.218775187E-06,4.291700249E-06,5.364625311E-06,6.437550373E-06, 0001965P0002487
7.510475435E-06,8.583400498E-06,9.65632556E-06,1.072925062E-05,  0001965P0002488
1.180217568E-05,1.287510075E-05,1.394802581E-05,1.502095087E-05, 0001965P0002489
1.609387593E-05,1.7166801E-05,1.823972606E-05,1.931265112E-05,   0001965P0002490
2.038557618E-05,2.145850124E-05,2.253142631E-05,2.360435137E-05, 0001965P0002491
2.360435137E-05,2.360435137E-05,2.360435137E-05,1.,1.,1.,1.,1.,  0001965P0002492
1.,1.,1.,1.,1.,1.,1.,1.,1.,1.,1.,1.,1.,1.,1.,1.,1.,1.,1.,1.,     0001965P0002493
0.998900206,1.570796327,0.,0.998900206,1.582790212,0.,           0001965P0002494
0.99890014,1.606793875,0.,0.998900119,1.64283359,0.,0.998900441, 0001965P0002495
1.678854135,0.,0.998901408,1.714941883,0.,0.998903182,           0001965P0002496
1.750663515,0.,0.99890604,1.786394537,0.,0.998911107,            0001965P0002497
1.822212781,0.,0.99891932,1.858066184,0.,0.998931669,            0001965P0002498
1.893936111,0.,0.998949127,1.929793991,0.,0.998972672,           0001965P0002499
1.965614793,0.,0.999003288,2.00136987,0.,0.999041925,            0001965P0002500
2.037045491,0.,0.999089662,2.072579173,0.,0.999148767,           0001965P0002501
2.108245868,0.,0.999220477,2.143938152,0.,0.99930627,            0001965P0002502
2.179626776,0.,0.999407559,2.215258844,0.,0.999525773,           0001965P0002503
2.250786132,0.,0.999662338,2.286158634,0.,0.999818681,           0001965P0002504
2.321327123,0.,0.999937046,2.344605267,0.,1.,2.35619449,0.,0.,   0001965P0002505
2.360435137E-05,-0.,-0.,1.;                                      0001965P0002506
102,6,1969,1971,1973,1975,1977,1979;                             0001967P0002507
126,9,3,0,0,1,0,0.,0.,0.,0.,3.536920478E-06,3.536920478E-06,     0001969P0002508
3.536920478E-06,1.359431572E-05,1.359431572E-05,1.359431572E-05, 0001969P0002509
2.363098449E-05,2.363098449E-05,2.363098449E-05,2.363098449E-05, 0001969P0002510
1.,1.,1.,1.,1.,1.,1.,1.,1.,1.,0.498677338,3.899365948E-02,       0001969P0002511
-1.411006341,0.498930181,3.981906007E-02,-1.411831741,           0001969P0002512
0.499132325,4.070245296E-02,-1.412618567,0.499293856,            0001969P0002513
4.16312665E-02,-1.413351858,0.499746807,4.423577736E-02,         0001969P0002514
-1.415408097,0.499892797,4.726016831E-02,-1.417071229,           0001969P0002515
0.499953731,5.042334501E-02,-1.41817003,0.5000146,               0001969P0002516
5.358313353E-02,-1.419267654,0.5,5.697444374E-02,-1.41984,0.5,   0001969P0002517
6.032E-02,-1.41984,0.,2.363098449E-05,0.968120385,               0001969P0002518
5.502466168E-02,0.244366949;                                     0001969P0002519
110,0.5,6.032E-02,-1.41984,1.7,6.032E-02,-1.41984;               0001971P0002520
126,9,3,0,0,1,0,0.,0.,0.,0.,4.668291387E-06,4.668291387E-06,     0001973P0002521
4.668291387E-06,1.411128619E-05,1.411128619E-05,1.411128619E-05, 0001973P0002522
2.360435137E-05,2.360435137E-05,2.360435137E-05,2.360435137E-05, 0001973P0002523
1.,1.,1.,1.,1.,1.,1.,1.,1.,1.,1.7,6.032E-02,-1.41984,1.7,        0001973P0002524
5.874608455E-02,-1.41984,1.699999254,5.716736695E-02,            0001973P0002525
-1.41971604,1.700002265,5.561274264E-02,-1.41947039,1.700008297, 0001973P0002526
5.249784345E-02,-1.418978197,1.700023111,4.942254363E-02,        0001973P0002527
-1.417978255,1.700180287,4.661677929E-02,-1.416547217,           0001973P0002528
1.700338002,4.380140293E-02,-1.415111276,1.700652778,            0001973P0002529
4.118048354E-02,-1.413193165,1.701322662,3.899365948E-02,        0001973P0002530
-1.411006341,0.,2.360435137E-05,-0.967003714,5.69985905E-02,     0001973P0002531
0.248304204;                                                     0001973P0002532
126,9,3,0,0,1,0,0.,0.,0.,0.,3.536920478E-06,3.536920478E-06,     0001975P0002533
3.536920478E-06,1.359431572E-05,1.359431572E-05,1.359431572E-05, 0001975P0002534
2.363098449E-05,2.363098449E-05,2.363098449E-05,2.363098449E-05, 0001975P0002535
1.,1.,1.,1.,1.,1.,1.,1.,1.,1.,1.701322662,3.899365948E-02,       0001975P0002536
-1.411006341,1.701069819,3.816825889E-02,-1.41018094,            0001975P0002537
1.700867675,3.738143296E-02,-1.409297547,1.700706144,            0001975P0002538
3.664814244E-02,-1.408368734,1.700253193,3.459190291E-02,        0001975P0002539
-1.405764223,1.700107203,3.292877063E-02,-1.402739832,           0001975P0002540
1.700046269,3.182996981E-02,-1.399576655,1.6999854,              0001975P0002541
3.073234596E-02,-1.396416866,1.7,3.016E-02,-1.393025556,1.7,     0001975P0002542
3.016E-02,-1.38968,0.,2.363098449E-05,-0.968120385,0.244366949,  0001975P0002543
5.502466168E-02;                                                 0001975P0002544
110,1.7,3.016E-02,-1.38968,0.5,3.016E-02,-1.38968;               0001977P0002545
126,9,3,0,0,1,0,0.,0.,0.,0.,4.668291387E-06,4.668291387E-06,     0001979P0002546
4.668291387E-06,1.411128619E-05,1.411128619E-05,1.411128619E-05, 0001979P0002547
2.360435137E-05,2.360435137E-05,2.360435137E-05,2.360435137E-05, 0001979P0002548
1.,1.,1.,1.,1.,1.,1.,1.,1.,1.,0.5,3.016E-02,-1.38968,0.5,        0001979P0002549
3.016E-02,-1.391253915,0.500000746,3.028395989E-02,-1.392832633, 0001979P0002550
0.499997735,3.052961014E-02,-1.394387257,0.499991703,            0001979P0002551
3.10218035E-02,-1.397502157,0.499976889,3.202174514E-02,         0001979P0002552
-1.400577456,0.499819713,3.345278314E-02,-1.403383221,           0001979P0002553
0.499661998,3.488872359E-02,-1.406198597,0.499347222,            0001979P0002554
3.680683542E-02,-1.408819516,0.498677338,3.899365948E-02,        0001979P0002555
-1.411006341,0.,2.360435137E-05,0.967003714,0.248304204,         0001979P0002556
5.699859049E-02;                                                 0001979P0002557
144,1983,1,0,1991;                                               0001981P0002558
120,1987,1989,1.570796327,3.141592654;                           0001983P0002559
124,0.,0.,1.,0.5,0.,1.,0.,6.032E-02,-1.,0.,0.,-6.032E-02;        0001985P0002560
110,0.,0.,1.,0.,0.,0.;                                           0001987P0002561
110,3.016E-02,0.,-1.322662047E-03,3.016E-02,0.,1.201322662;      0001989P0002562
142,0,1983,1993,2007,3;                                          0001991P0002563
102,6,1995,1997,1999,2001,2003,2005;                             0001993P0002564
126,24,3,1,0,1,0,0.,0.,0.,0.,1.074135659E-06,2.148271317E-06,    0001995P0002565
3.222406976E-06,4.296542634E-06,5.370678293E-06,6.444813952E-06, 0001995P0002566
7.51894961E-06,8.593085269E-06,9.667220927E-06,1.074135659E-05,  0001995P0002567
1.181549224E-05,1.28896279E-05,1.396376356E-05,1.503789922E-05,  0001995P0002568
1.611203488E-05,1.718617054E-05,1.82603062E-05,1.933444185E-05,  0001995P0002569
2.040857751E-05,2.148271317E-05,2.255684883E-05,2.363098449E-05, 0001995P0002570
2.363098449E-05,2.363098449E-05,2.363098449E-05,1.,1.,1.,1.,1.,  0001995P0002571
1.,1.,1.,1.,1.,1.,1.,1.,1.,1.,1.,1.,1.,1.,1.,1.,1.,1.,1.,1.,     0001995P0002572
-7.250409635E-16,2.35619449,0.,6.384788785E-05,2.344440527,0.,   0001995P0002573
1.837900252E-04,2.320842026,0.,3.416509934E-04,2.28529667,0.,    0001995P0002574
4.794700785E-04,2.249484126,0.,5.964517652E-04,2.214137786,0.,   0001995P0002575
6.96833073E-04,2.178682075,0.,7.820717654E-04,2.143069352,0.,    0001995P0002576
8.534872693E-04,2.107356287,0.,9.124361505E-04,2.071573091,0.,   0001995P0002577
9.602647551E-04,2.035757981,0.,9.983231698E-04,1.999946069,0.,   0001995P0002578
1.027956738E-03,1.964175227,0.,1.050526035E-03,1.928469637,0.,   0001995P0002579
1.067335456E-03,1.892895676,0.,1.080086924E-03,1.857196754,0.,   0001995P0002580
1.089248771E-03,1.821426064,0.,1.095393905E-03,1.785597145,0.,   0001995P0002581
1.099067216E-03,1.749735866,0.,1.1008211E-03,1.713865827,0.,     0001995P0002582
1.10120594E-03,1.67801161,0.,1.100772661E-03,1.642197167,0.,     0001995P0002583
1.100072041E-03,1.60644579,0.,1.099793947E-03,1.582667701,0.,    0001995P0002584
1.099793947E-03,1.570796327,0.,0.,2.363098449E-05,-0.,-0.,1.;    0001995P0002585
110,1.099793947E-03,1.570796327,0.,0.998900206,1.570796327,0.;   0001997P0002586
126,24,3,1,0,1,0,0.,0.,0.,0.,1.072925062E-06,2.145850124E-06,    0001999P0002587
3.218775187E-06,4.291700249E-06,5.364625311E-06,6.437550373E-06, 0001999P0002588
7.510475435E-06,8.583400498E-06,9.65632556E-06,1.072925062E-05,  0001999P0002589
1.180217568E-05,1.287510075E-05,1.394802581E-05,1.502095087E-05, 0001999P0002590
1.609387593E-05,1.7166801E-05,1.823972606E-05,1.931265112E-05,   0001999P0002591
2.038557618E-05,2.145850124E-05,2.253142631E-05,2.360435137E-05, 0001999P0002592
2.360435137E-05,2.360435137E-05,2.360435137E-05,1.,1.,1.,1.,1.,  0001999P0002593
1.,1.,1.,1.,1.,1.,1.,1.,1.,1.,1.,1.,1.,1.,1.,1.,1.,1.,1.,1.,     0001999P0002594
0.998900206,1.570796327,0.,0.998900206,1.582790212,0.,           0001999P0002595
0.99890014,1.606793875,0.,0.998900119,1.64283359,0.,0.998900441, 0001999P0002596
1.678854135,0.,0.998901408,1.714941883,0.,0.998903182,           0001999P0002597
1.750663515,0.,0.99890604,1.786394537,0.,0.998911107,            0001999P0002598
1.822212781,0.,0.99891932,1.858066184,0.,0.998931669,            0001999P0002599
1.893936111,0.,0.998949127,1.929793991,0.,0.998972672,           0001999P0002600
1.965614793,0.,0.999003288,2.00136987,0.,0.999041925,            0001999P0002601
2.037045491,0.,0.999089662,2.072579173,0.,0.999148767,           0001999P0002602
2.108245868,0.,0.999220477,2.143938152,0.,0.99930627,            0001999P0002603
2.179626776,0.,0.999407559,2.215258844,0.,0.999525773,           0001999P0002604
2.250786132,0.,0.999662338,2.286158634,0.,0.999818681,           0001999P0002605
2.321327123,0.,0.999937046,2.344605267,0.,1.,2.35619449,0.,0.,   0001999P0002606
2.360435137E-05,-0.,-0.,1.;                                      0001999P0002607
126,24,3,1,0,1,0,0.,0.,0.,0.,1.074135659E-06,2.148271317E-06,    0002001P0002608
3.222406976E-06,4.296542634E-06,5.370678293E-06,6.444813952E-06, 0002001P0002609
7.51894961E-06,8.593085269E-06,9.667220927E-06,1.074135659E-05,  0002001P0002610
1.181549224E-05,1.28896279E-05,1.396376356E-05,1.503789922E-05,  0002001P0002611
1.611203488E-05,1.718617054E-05,1.82603062E-05,1.933444185E-05,  0002001P0002612
2.040857751E-05,2.148271317E-05,2.255684883E-05,2.363098449E-05, 0002001P0002613
2.363098449E-05,2.363098449E-05,2.363098449E-05,1.,1.,1.,1.,1.,  0002001P0002614
1.,1.,1.,1.,1.,1.,1.,1.,1.,1.,1.,1.,1.,1.,1.,1.,1.,1.,1.,1.,1.,  0002001P0002615
2.35619449,0.,0.999936152,2.367948453,0.,0.99981621,2.391546954, 0002001P0002616
0.,0.999658349,2.42709231,0.,0.99952053,2.462904855,0.,          0002001P0002617
0.999403548,2.498251194,0.,0.999303167,2.533706905,0.,           0002001P0002618
0.999217928,2.569319628,0.,0.999146513,2.605032694,0.,           0002001P0002619
0.999087564,2.640815889,0.,0.999039735,2.676630999,0.,           0002001P0002620
0.999001677,2.712442911,0.,0.998972043,2.748213754,0.,           0002001P0002621
0.998949474,2.783919344,0.,0.998932665,2.819493304,0.,           0002001P0002622
0.998919913,2.855192227,0.,0.998910751,2.890962917,0.,           0002001P0002623
0.998904606,2.926791835,0.,0.998900933,2.962653114,0.,           0002001P0002624
0.998899179,2.998523153,0.,0.998898794,3.034377371,0.,           0002001P0002625
0.998899227,3.070191814,0.,0.998899928,3.105943191,0.,           0002001P0002626
0.998900206,3.12972128,0.,0.998900206,3.141592654,0.,0.,         0002001P0002627
2.363098449E-05,-0.,-0.,1.;                                      0002001P0002628
110,0.998900206,3.141592654,0.,1.099793947E-03,3.141592654,0.;   0002003P0002629
126,24,3,1,0,1,0,0.,0.,0.,0.,1.072925062E-06,2.145850124E-06,    0002005P0002630
3.218775187E-06,4.291700249E-06,5.364625311E-06,6.437550373E-06, 0002005P0002631
7.510475435E-06,8.583400498E-06,9.65632556E-06,1.072925062E-05,  0002005P0002632
1.180217568E-05,1.287510075E-05,1.394802581E-05,1.502095087E-05, 0002005P0002633
1.609387593E-05,1.7166801E-05,1.823972606E-05,1.931265112E-05,   0002005P0002634
2.038557618E-05,2.145850124E-05,2.253142631E-05,2.360435137E-05, 0002005P0002635
2.360435137E-05,2.360435137E-05,2.360435137E-05,1.,1.,1.,1.,1.,  0002005P0002636
1.,1.,1.,1.,1.,1.,1.,1.,1.,1.,1.,1.,1.,1.,1.,1.,1.,1.,1.,1.,     0002005P0002637
1.099793947E-03,3.141592654,0.,1.099793947E-03,3.129598768,0.,   0002005P0002638
1.09985976E-03,3.105595105,0.,1.099880533E-03,3.06955539,0.,     0002005P0002639
1.099558735E-03,3.033534845,0.,1.098592079E-03,2.997447097,0.,   0002005P0002640
1.096818156E-03,2.961725465,0.,1.093959931E-03,2.925994444,0.,   0002005P0002641
1.088893134E-03,2.8901762,0.,1.080679501E-03,2.854322796,0.,     0002005P0002642
1.068331089E-03,2.818452869,0.,1.050872666E-03,2.78259499,0.,    0002005P0002643
1.027327835E-03,2.746774187,0.,9.967121477E-04,2.711019111,0.,   0002005P0002644
9.580745309E-04,2.67534349,0.,9.103384548E-04,2.639809808,0.,    0002005P0002645
8.512331192E-04,2.604143113,0.,7.795227163E-04,2.568450829,0.,   0002005P0002646
6.937296723E-04,2.532762204,0.,5.924411947E-04,2.497130136,0.,   0002005P0002647
4.742271324E-04,2.461602848,0.,3.376619861E-04,2.426230346,0.,   0002005P0002648
1.813190092E-04,2.391061857,0.,6.295419726E-05,2.367783713,0.,   0002005P0002649
-7.250409635E-16,2.35619449,0.,0.,2.360435137E-05,-0.,-0.,1.;    0002005P0002650
102,6,2009,2011,2013,2015,2017,2019;                             0002007P0002651
126,9,3,0,0,1,0,0.,0.,0.,0.,3.536920478E-06,3.536920478E-06,     0002009P0002652
3.536920478E-06,1.359431572E-05,1.359431572E-05,1.359431572E-05, 0002009P0002653
2.363098449E-05,2.363098449E-05,2.363098449E-05,2.363098449E-05, 0002009P0002654
1.,1.,1.,1.,1.,1.,1.,1.,1.,1.,0.498677338,3.899365948E-02,       0002009P0002655
-3.899365948E-02,0.498930181,3.816825889E-02,-3.981906007E-02,   0002009P0002656
0.499132325,3.738143296E-02,-4.070245296E-02,0.499293856,        0002009P0002657
3.664814244E-02,-4.16312665E-02,0.499746807,3.459190291E-02,     0002009P0002658
-4.423577736E-02,0.499892797,3.292877063E-02,-4.726016831E-02,   0002009P0002659
0.499953731,3.182996981E-02,-5.042334501E-02,0.5000146,          0002009P0002660
3.073234596E-02,-5.358313353E-02,0.5,3.016E-02,-5.697444374E-02, 0002009P0002661
0.5,3.016E-02,-6.032E-02,0.,2.363098449E-05,-0.968120385,        0002009P0002662
-0.244366949,5.502466168E-02;                                    0002009P0002663
110,0.5,3.016E-02,-6.032E-02,1.7,3.016E-02,-6.032E-02;           0002011P0002664
126,9,3,0,0,1,0,0.,0.,0.,0.,4.668291387E-06,4.668291387E-06,     0002013P0002665
4.668291387E-06,1.411128619E-05,1.411128619E-05,1.411128619E-05, 0002013P0002666
2.360435137E-05,2.360435137E-05,2.360435137E-05,2.360435137E-05, 0002013P0002667
1.,1.,1.,1.,1.,1.,1.,1.,1.,1.,1.7,3.016E-02,-6.032E-02,1.7,      0002013P0002668
3.016E-02,-5.874608455E-02,1.699999254,3.028395989E-02,          0002013P0002669
-5.716736695E-02,1.700002265,3.052961014E-02,-5.561274264E-02,   0002013P0002670
1.700008297,3.10218035E-02,-5.249784345E-02,1.700023111,         0002013P0002671
3.202174514E-02,-4.942254363E-02,1.700180287,3.345278314E-02,    0002013P0002672
-4.661677929E-02,1.700338002,3.488872359E-02,-4.380140293E-02,   0002013P0002673
1.700652778,3.680683542E-02,-4.118048354E-02,1.701322662,        0002013P0002674
3.899365948E-02,-3.899365948E-02,0.,2.360435137E-05,0.967003714, 0002013P0002675
-0.248304204,5.699859049E-02;                                    0002013P0002676
126,9,3,0,0,1,0,0.,0.,0.,0.,3.536920478E-06,3.536920478E-06,     0002015P0002677
3.536920478E-06,1.359431572E-05,1.359431572E-05,1.359431572E-05, 0002015P0002678
2.363098449E-05,2.363098449E-05,2.363098449E-05,2.363098449E-05, 0002015P0002679
1.,1.,1.,1.,1.,1.,1.,1.,1.,1.,1.701322662,3.899365948E-02,       0002015P0002680
-3.899365948E-02,1.701069819,3.981906007E-02,-3.816825889E-02,   0002015P0002681
1.700867675,4.070245296E-02,-3.738143296E-02,1.700706144,        0002015P0002682
4.16312665E-02,-3.664814244E-02,1.700253193,4.423577736E-02,     0002015P0002683
-3.459190291E-02,1.700107203,4.726016831E-02,-3.292877063E-02,   0002015P0002684
1.700046269,5.042334501E-02,-3.182996981E-02,1.6999854,          0002015P0002685
5.358313353E-02,-3.073234596E-02,1.7,5.697444374E-02,-3.016E-02, 0002015P0002686
1.7,6.032E-02,-3.016E-02,0.,2.363098449E-05,0.968120385,         0002015P0002687
-5.502466168E-02,0.244366949;                                    0002015P0002688
110,1.7,6.032E-02,-3.016E-02,0.5,6.032E-02,-3.016E-02;           0002017P0002689
126,9,3,0,0,1,0,0.,0.,0.,0.,4.668291387E-06,4.668291387E-06,     0002019P0002690
4.668291387E-06,1.411128619E-05,1.411128619E-05,1.411128619E-05, 0002019P0002691
2.360435137E-05,2.360435137E-05,2.360435137E-05,2.360435137E-05, 0002019P0002692
1.,1.,1.,1.,1.,1.,1.,1.,1.,1.,0.5,6.032E-02,-3.016E-02,0.5,      0002019P0002693
5.874608455E-02,-3.016E-02,0.500000746,5.716736695E-02,          0002019P0002694
-3.028395989E-02,0.499997735,5.561274264E-02,-3.052961014E-02,   0002019P0002695
0.499991703,5.249784345E-02,-3.10218035E-02,0.499976889,         0002019P0002696
4.942254363E-02,-3.202174514E-02,0.499819713,4.661677929E-02,    0002019P0002697
-3.345278314E-02,0.499661998,4.380140293E-02,-3.488872359E-02,   0002019P0002698
0.499347222,4.118048354E-02,-3.680683542E-02,0.498677338,        0002019P0002699
3.899365948E-02,-3.899365948E-02,0.,2.360435137E-05,             0002019P0002700
-0.967003714,-5.699859049E-02,0.248304204;                       0002019P0002701
144,2023,1,0,2031;                                               0002021P0002702
120,2027,2029,4.71238898,6.283185307;                            0002023P0002703
124,0.,0.,1.,0.5,0.,1.,0.,1.33968,-1.,0.,0.,-1.38968;            0002025P0002704
110,0.,0.,1.,0.,0.,0.;                                           0002027P0002705
110,3.016E-02,0.,-1.322662047E-03,3.016E-02,0.,1.201322662;      0002029P0002706
142,0,2023,2033,2047,3;                                          0002031P0002707
102,6,2035,2037,2039,2041,2043,2045;                             0002033P0002708
126,24,3,1,0,1,0,0.,0.,0.,0.,1.074135659E-06,2.148271317E-06,    0002035P0002709
3.222406976E-06,4.296542634E-06,5.370678293E-06,6.444813952E-06, 0002035P0002710
7.51894961E-06,8.593085269E-06,9.667220927E-06,1.074135659E-05,  0002035P0002711
1.181549224E-05,1.28896279E-05,1.396376356E-05,1.503789922E-05,  0002035P0002712
1.611203488E-05,1.718617054E-05,1.82603062E-05,1.933444185E-05,  0002035P0002713
2.040857751E-05,2.148271317E-05,2.255684883E-05,2.363098449E-05, 0002035P0002714
2.363098449E-05,2.363098449E-05,2.363098449E-05,1.,1.,1.,1.,1.,  0002035P0002715
1.,1.,1.,1.,1.,1.,1.,1.,1.,1.,1.,1.,1.,1.,1.,1.,1.,1.,1.,1.,     0002035P0002716
-1.450081927E-16,5.497787144,0.,6.384788785E-05,5.486033181,0.,  0002035P0002717
1.837900252E-04,5.46243468,0.,3.416509934E-04,5.426889324,0.,    0002035P0002718
4.794700785E-04,5.391076779,0.,5.964517652E-04,5.35573044,0.,    0002035P0002719
6.96833073E-04,5.320274729,0.,7.820717654E-04,5.284662006,0.,    0002035P0002720
8.534872693E-04,5.24894894,0.,9.124361505E-04,5.213165745,0.,    0002035P0002721
9.602647551E-04,5.177350635,0.,9.983231698E-04,5.141538723,0.,   0002035P0002722
1.027956738E-03,5.10576788,0.,1.050526035E-03,5.07006229,0.,     0002035P0002723
1.067335456E-03,5.03448833,0.,1.080086924E-03,4.998789407,0.,    0002035P0002724
1.089248771E-03,4.963018717,0.,1.095393905E-03,4.927189799,0.,   0002035P0002725
1.099067216E-03,4.89132852,0.,1.1008211E-03,4.855458481,0.,      0002035P0002726
1.10120594E-03,4.819604263,0.,1.100772661E-03,4.78378982,0.,     0002035P0002727
1.100072041E-03,4.748038443,0.,1.099793947E-03,4.724260354,0.,   0002035P0002728
1.099793947E-03,4.71238898,0.,0.,2.363098449E-05,-0.,-0.,1.;     0002035P0002729
110,1.099793947E-03,4.71238898,0.,0.998900206,4.71238898,0.;     0002037P0002730
126,24,3,1,0,1,0,0.,0.,0.,0.,1.072925062E-06,2.145850124E-06,    0002039P0002731
3.218775187E-06,4.291700249E-06,5.364625311E-06,6.437550373E-06, 0002039P0002732
7.510475435E-06,8.583400498E-06,9.65632556E-06,1.072925062E-05,  0002039P0002733
1.180217568E-05,1.287510075E-05,1.394802581E-05,1.502095087E-05, 0002039P0002734
1.609387593E-05,1.7166801E-05,1.823972606E-05,1.931265112E-05,   0002039P0002735
2.038557618E-05,2.145850124E-05,2.253142631E-05,2.360435137E-05, 0002039P0002736
2.360435137E-05,2.360435137E-05,2.360435137E-05,1.,1.,1.,1.,1.,  0002039P0002737
1.,1.,1.,1.,1.,1.,1.,1.,1.,1.,1.,1.,1.,1.,1.,1.,1.,1.,1.,1.,     0002039P0002738
0.998900206,4.71238898,0.,0.998900206,4.724382866,0.,0.99890014, 0002039P0002739
4.748386529,0.,0.998900119,4.784426244,0.,0.998900441,           0002039P0002740
4.820446789,0.,0.998901408,4.856534537,0.,0.998903182,           0002039P0002741
4.892256169,0.,0.99890604,4.92798719,0.,0.998911107,4.963805434, 0002039P0002742
0.,0.99891932,4.999658838,0.,0.998931669,5.035528765,0.,         0002039P0002743
0.998949127,5.071386644,0.,0.998972672,5.107207447,0.,           0002039P0002744
0.999003288,5.142962523,0.,0.999041925,5.178638144,0.,           0002039P0002745
0.999089662,5.214171826,0.,0.999148767,5.249838521,0.,           0002039P0002746
0.999220477,5.285530805,0.,0.99930627,5.32121943,0.,0.999407559, 0002039P0002747
5.356851498,0.,0.999525773,5.392378786,0.,0.999662338,           0002039P0002748
5.427751288,0.,0.999818681,5.462919777,0.,0.999937046,           0002039P0002749
5.486197921,0.,1.,5.497787144,0.,0.,2.360435137E-05,-0.,-0.,1.;  0002039P0002750
126,24,3,1,0,1,0,0.,0.,0.,0.,1.074135659E-06,2.148271317E-06,    0002041P0002751
3.222406976E-06,4.296542634E-06,5.370678293E-06,6.444813952E-06, 0002041P0002752
7.51894961E-06,8.593085269E-06,9.667220927E-06,1.074135659E-05,  0002041P0002753
1.181549224E-05,1.28896279E-05,1.396376356E-05,1.503789922E-05,  0002041P0002754
1.611203488E-05,1.718617054E-05,1.82603062E-05,1.933444185E-05,  0002041P0002755
2.040857751E-05,2.148271317E-05,2.255684883E-05,2.363098449E-05, 0002041P0002756
2.363098449E-05,2.363098449E-05,2.363098449E-05,1.,1.,1.,1.,1.,  0002041P0002757
1.,1.,1.,1.,1.,1.,1.,1.,1.,1.,1.,1.,1.,1.,1.,1.,1.,1.,1.,1.,1.,  0002041P0002758
5.497787144,0.,0.999936152,5.509541107,0.,0.99981621,            0002041P0002759
5.533139608,0.,0.999658349,5.568684964,0.,0.99952053,            0002041P0002760
5.604497508,0.,0.999403548,5.639843848,0.,0.999303167,           0002041P0002761
5.675299559,0.,0.999217928,5.710912282,0.,0.999146513,           0002041P0002762
5.746625347,0.,0.999087564,5.782408543,0.,0.999039735,           0002041P0002763
5.818223653,0.,0.999001677,5.854035564,0.,0.998972043,           0002041P0002764
5.889806407,0.,0.998949474,5.925511997,0.,0.998932665,           0002041P0002765
5.961085958,0.,0.998919913,5.99678488,0.,0.998910751,6.03255557, 0002041P0002766
0.,0.998904606,6.068384489,0.,0.998900933,6.104245768,0.,        0002041P0002767
0.998899179,6.140115807,0.,0.998898794,6.175970024,0.,           0002041P0002768
0.998899227,6.211784467,0.,0.998899928,6.247535844,0.,           0002041P0002769
0.998900206,6.271313933,0.,0.998900206,6.283185307,0.,0.,        0002041P0002770
2.363098449E-05,-0.,-0.,1.;                                      0002041P0002771
110,0.998900206,6.283185307,0.,1.099793947E-03,6.283185307,0.;   0002043P0002772
126,24,3,1,0,1,0,0.,0.,0.,0.,1.072925062E-06,2.145850124E-06,    0002045P0002773
3.218775187E-06,4.291700249E-06,5.364625311E-06,6.437550373E-06, 0002045P0002774
7.510475435E-06,8.583400498E-06,9.65632556E-06,1.072925062E-05,  0002045P0002775
1.180217568E-05,1.287510075E-05,1.394802581E-05,1.502095087E-05, 0002045P0002776
1.609387593E-05,1.7166801E-05,1.823972606E-05,1.931265112E-05,   0002045P0002777
2.038557618E-05,2.145850124E-05,2.253142631E-05,2.360435137E-05, 0002045P0002778
2.360435137E-05,2.360435137E-05,2.360435137E-05,1.,1.,1.,1.,1.,  0002045P0002779
1.,1.,1.,1.,1.,1.,1.,1.,1.,1.,1.,1.,1.,1.,1.,1.,1.,1.,1.,1.,     0002045P0002780
1.099793947E-03,6.283185307,0.,1.099793947E-03,6.271191422,0.,   0002045P0002781
1.09985976E-03,6.247187759,0.,1.099880533E-03,6.211148044,0.,    0002045P0002782
1.099558735E-03,6.175127499,0.,1.098592079E-03,6.139039751,0.,   0002045P0002783
1.096818156E-03,6.103318119,0.,1.093959931E-03,6.067587097,0.,   0002045P0002784
1.088893134E-03,6.031768853,0.,1.080679501E-03,5.99591545,0.,    0002045P0002785
1.068331089E-03,5.960045523,0.,1.050872666E-03,5.924187643,0.,   0002045P0002786
1.027327835E-03,5.888366841,0.,9.967121477E-04,5.852611764,0.,   0002045P0002787
9.580745309E-04,5.816936143,0.,9.103384548E-04,5.781402461,0.,   0002045P0002788
8.512331192E-04,5.745735766,0.,7.795227163E-04,5.710043482,0.,   0002045P0002789
6.937296723E-04,5.674354857,0.,5.924411947E-04,5.63872279,0.,    0002045P0002790
4.742271324E-04,5.603195502,0.,3.376619861E-04,5.567823,0.,      0002045P0002791
1.813190092E-04,5.532654511,0.,6.295419726E-05,5.509376367,0.,   0002045P0002792
-1.450081927E-16,5.497787144,0.,0.,2.360435137E-05,-0.,-0.,1.;   0002045P0002793
102,6,2049,2051,2053,2055,2057,2059;                             0002047P0002794
126,9,3,0,0,1,0,0.,0.,0.,0.,3.536920478E-06,3.536920478E-06,     0002049P0002795
3.536920478E-06,1.359431572E-05,1.359431572E-05,1.359431572E-05, 0002049P0002796
2.363098449E-05,2.363098449E-05,2.363098449E-05,2.363098449E-05, 0002049P0002797
1.,1.,1.,1.,1.,1.,1.,1.,1.,1.,0.498677338,1.361006341,           0002049P0002798
-1.411006341,0.498930181,1.361831741,-1.41018094,0.499132325,    0002049P0002799
1.362618567,-1.409297547,0.499293856,1.363351858,-1.408368734,   0002049P0002800
0.499746807,1.365408097,-1.405764223,0.499892797,1.367071229,    0002049P0002801
-1.402739832,0.499953731,1.36817003,-1.399576655,0.5000146,      0002049P0002802
1.369267654,-1.396416866,0.5,1.36984,-1.393025556,0.5,1.36984,   0002049P0002803
-1.38968,0.,2.363098449E-05,0.968120385,-0.244366949,            0002049P0002804
5.502466169E-02;                                                 0002049P0002805
110,0.5,1.36984,-1.38968,1.7,1.36984,-1.38968;                   0002051P0002806
126,9,3,0,0,1,0,0.,0.,0.,0.,4.668291387E-06,4.668291387E-06,     0002053P0002807
4.668291387E-06,1.411128619E-05,1.411128619E-05,1.411128619E-05, 0002053P0002808
2.360435137E-05,2.360435137E-05,2.360435137E-05,2.360435137E-05, 0002053P0002809
1.,1.,1.,1.,1.,1.,1.,1.,1.,1.,1.7,1.36984,-1.38968,1.7,1.36984,  0002053P0002810
-1.391253915,1.699999254,1.36971604,-1.392832633,1.700002265,    0002053P0002811
1.36947039,-1.394387257,1.700008297,1.368978197,-1.397502157,    0002053P0002812
1.700023111,1.367978255,-1.400577456,1.700180287,1.366547217,    0002053P0002813
-1.403383221,1.700338002,1.365111276,-1.406198597,1.700652778,   0002053P0002814
1.363193165,-1.408819516,1.701322662,1.361006341,-1.411006341,   0002053P0002815
0.,2.360435137E-05,-0.967003714,-0.248304204,5.699859049E-02;    0002053P0002816
126,9,3,0,0,1,0,0.,0.,0.,0.,3.536920478E-06,3.536920478E-06,     0002055P0002817
3.536920478E-06,1.359431572E-05,1.359431572E-05,1.359431572E-05, 0002055P0002818
2.363098449E-05,2.363098449E-05,2.363098449E-05,2.363098449E-05, 0002055P0002819
1.,1.,1.,1.,1.,1.,1.,1.,1.,1.,1.701322662,1.361006341,           0002055P0002820
-1.411006341,1.701069819,1.36018094,-1.411831741,1.700867675,    0002055P0002821
1.359297547,-1.412618567,1.700706144,1.358368734,-1.413351858,   0002055P0002822
1.700253193,1.355764223,-1.415408097,1.700107203,1.352739832,    0002055P0002823
-1.417071229,1.700046269,1.349576655,-1.41817003,1.6999854,      0002055P0002824
1.346416866,-1.419267654,1.7,1.343025556,-1.41984,1.7,1.33968,   0002055P0002825
-1.41984,0.,2.363098449E-05,-0.968120385,-5.502466168E-02,       0002055P0002826
0.244366949;                                                     0002055P0002827
110,1.7,1.33968,-1.41984,0.5,1.33968,-1.41984;                   0002057P0002828
126,9,3,0,0,1,0,0.,0.,0.,0.,4.668291387E-06,4.668291387E-06,     0002059P0002829
4.668291387E-06,1.411128619E-05,1.411128619E-05,1.411128619E-05, 0002059P0002830
2.360435137E-05,2.360435137E-05,2.360435137E-05,2.360435137E-05, 0002059P0002831
1.,1.,1.,1.,1.,1.,1.,1.,1.,1.,0.5,1.33968,-1.41984,0.5,          0002059P0002832
1.341253915,-1.41984,0.500000746,1.342832633,-1.41971604,        0002059P0002833
0.499997735,1.344387257,-1.41947039,0.499991703,1.347502157,     0002059P0002834
-1.418978197,0.499976889,1.350577456,-1.417978255,0.499819713,   0002059P0002835
1.353383221,-1.416547217,0.499661998,1.356198597,-1.415111276,   0002059P0002836
0.499347222,1.358819516,-1.413193165,0.498677338,1.361006341,    0002059P0002837
-1.411006341,0.,2.360435137E-05,0.967003714,-5.699859049E-02,    0002059P0002838
0.248304204;                                                     0002059P0002839
144,2063,1,0,2071;                                               0002061P0002840
120,2067,2069,4.71238898,6.283185307;                            0002063P0002841
124,0.,0.,-1.,0.5,0.,1.,0.,1.33968,1.,0.,0.,-6.032E-02;          0002065P0002842
110,0.,0.,1.,0.,0.,0.;                                           0002067P0002843
110,3.016E-02,0.,-1.201322662,3.016E-02,0.,1.322662047E-03;      0002069P0002844
142,0,2063,2073,2087,3;                                          0002071P0002845
102,6,2075,2077,2079,2081,2083,2085;                             0002073P0002846
126,24,3,1,0,1,0,0.,0.,0.,0.,1.074135659E-06,2.148271317E-06,    0002075P0002847
3.222406976E-06,4.296542634E-06,5.370678293E-06,6.444813952E-06, 0002075P0002848
7.51894961E-06,8.593085269E-06,9.667220927E-06,1.074135659E-05,  0002075P0002849
1.181549224E-05,1.28896279E-05,1.396376356E-05,1.503789922E-05,  0002075P0002850
1.611203488E-05,1.718617054E-05,1.82603062E-05,1.933444185E-05,  0002075P0002851
2.040857751E-05,2.148271317E-05,2.255684883E-05,2.363098449E-05, 0002075P0002852
2.363098449E-05,2.363098449E-05,2.363098449E-05,1.,1.,1.,1.,1.,  0002075P0002853
1.,1.,1.,1.,1.,1.,1.,1.,1.,1.,1.,1.,1.,1.,1.,1.,1.,1.,1.,1.,1.,  0002075P0002854
5.497787144,0.,0.999936152,5.509541107,0.,0.99981621,            0002075P0002855
5.533139608,0.,0.999658349,5.568684964,0.,0.99952053,            0002075P0002856
5.604497508,0.,0.999403548,5.639843848,0.,0.999303167,           0002075P0002857
5.675299559,0.,0.999217928,5.710912282,0.,0.999146513,           0002075P0002858
5.746625347,0.,0.999087564,5.782408543,0.,0.999039735,           0002075P0002859
5.818223653,0.,0.999001677,5.854035564,0.,0.998972043,           0002075P0002860
5.889806407,0.,0.998949474,5.925511997,0.,0.998932665,           0002075P0002861
5.961085958,0.,0.998919913,5.99678488,0.,0.998910751,6.03255557, 0002075P0002862
0.,0.998904606,6.068384489,0.,0.998900933,6.104245768,0.,        0002075P0002863
0.998899179,6.140115807,0.,0.998898794,6.175970024,0.,           0002075P0002864
0.998899227,6.211784467,0.,0.998899928,6.247535844,0.,           0002075P0002865
0.998900206,6.271313933,0.,0.998900206,6.283185307,0.,0.,        0002075P0002866
2.363098449E-05,-0.,-0.,1.;                                      0002075P0002867
110,0.998900206,6.283185307,0.,1.099793947E-03,6.283185307,0.;   0002077P0002868
126,24,3,1,0,1,0,0.,0.,0.,0.,1.072925062E-06,2.145850124E-06,    0002079P0002869
3.218775187E-06,4.291700249E-06,5.364625311E-06,6.437550373E-06, 0002079P0002870
7.510475435E-06,8.583400498E-06,9.65632556E-06,1.072925062E-05,  0002079P0002871
1.180217568E-05,1.287510075E-05,1.394802581E-05,1.502095087E-05, 0002079P0002872
1.609387593E-05,1.7166801E-05,1.823972606E-05,1.931265112E-05,   0002079P0002873
2.038557618E-05,2.145850124E-05,2.253142631E-05,2.360435137E-05, 0002079P0002874
2.360435137E-05,2.360435137E-05,2.360435137E-05,1.,1.,1.,1.,1.,  0002079P0002875
1.,1.,1.,1.,1.,1.,1.,1.,1.,1.,1.,1.,1.,1.,1.,1.,1.,1.,1.,1.,     0002079P0002876
1.099793947E-03,6.283185307,0.,1.099793947E-03,6.271191422,0.,   0002079P0002877
1.09985976E-03,6.247187759,0.,1.099880533E-03,6.211148044,0.,    0002079P0002878
1.099558735E-03,6.175127499,0.,1.098592079E-03,6.139039751,0.,   0002079P0002879
1.096818156E-03,6.103318119,0.,1.093959931E-03,6.067587097,0.,   0002079P0002880
1.088893134E-03,6.031768853,0.,1.080679501E-03,5.99591545,0.,    0002079P0002881
1.068331089E-03,5.960045523,0.,1.050872666E-03,5.924187643,0.,   0002079P0002882
1.027327835E-03,5.888366841,0.,9.967121477E-04,5.852611764,0.,   0002079P0002883
9.580745309E-04,5.816936143,0.,9.103384548E-04,5.781402461,0.,   0002079P0002884
8.512331192E-04,5.745735766,0.,7.795227163E-04,5.710043482,0.,   0002079P0002885
6.937296724E-04,5.674354857,0.,5.924411947E-04,5.63872279,0.,    0002079P0002886
4.742271324E-04,5.603195502,0.,3.376619861E-04,5.567823,0.,      0002079P0002887
1.813190092E-04,5.532654511,0.,6.295419726E-05,5.509376367,0.,   0002079P0002888
-1.450081927E-16,5.497787144,0.,0.,2.360435137E-05,-0.,-0.,1.;   0002079P0002889
126,24,3,1,0,1,0,0.,0.,0.,0.,1.074135659E-06,2.148271317E-06,    0002081P0002890
3.222406976E-06,4.296542634E-06,5.370678293E-06,6.444813952E-06, 0002081P0002891
7.51894961E-06,8.593085269E-06,9.667220927E-06,1.074135659E-05,  0002081P0002892
1.181549224E-05,1.28896279E-05,1.396376356E-05,1.503789922E-05,  0002081P0002893
1.611203488E-05,1.718617054E-05,1.82603062E-05,1.933444185E-05,  0002081P0002894
2.040857751E-05,2.148271317E-05,2.255684883E-05,2.363098449E-05, 0002081P0002895
2.363098449E-05,2.363098449E-05,2.363098449E-05,1.,1.,1.,1.,1.,  0002081P0002896
1.,1.,1.,1.,1.,1.,1.,1.,1.,1.,1.,1.,1.,1.,1.,1.,1.,1.,1.,1.,     0002081P0002897
-1.450081927E-16,5.497787144,0.,6.384788785E-05,5.486033181,0.,  0002081P0002898
1.837900252E-04,5.46243468,0.,3.416509934E-04,5.426889324,0.,    0002081P0002899
4.794700785E-04,5.391076779,0.,5.964517652E-04,5.35573044,0.,    0002081P0002900
6.96833073E-04,5.320274729,0.,7.820717654E-04,5.284662006,0.,    0002081P0002901
8.534872693E-04,5.24894894,0.,9.124361505E-04,5.213165745,0.,    0002081P0002902
9.602647551E-04,5.177350635,0.,9.983231698E-04,5.141538723,0.,   0002081P0002903
1.027956738E-03,5.10576788,0.,1.050526035E-03,5.07006229,0.,     0002081P0002904
1.067335456E-03,5.03448833,0.,1.080086924E-03,4.998789407,0.,    0002081P0002905
1.089248771E-03,4.963018717,0.,1.095393905E-03,4.927189799,0.,   0002081P0002906
1.099067216E-03,4.89132852,0.,1.1008211E-03,4.855458481,0.,      0002081P0002907
1.10120594E-03,4.819604263,0.,1.100772661E-03,4.78378982,0.,     0002081P0002908
1.100072041E-03,4.748038443,0.,1.099793947E-03,4.724260354,0.,   0002081P0002909
1.099793947E-03,4.71238898,0.,0.,2.363098449E-05,-0.,-0.,1.;     0002081P0002910
110,1.099793947E-03,4.71238898,0.,0.998900206,4.71238898,0.;     0002083P0002911
126,24,3,1,0,1,0,0.,0.,0.,0.,1.072925062E-06,2.145850124E-06,    0002085P0002912
3.218775187E-06,4.291700249E-06,5.364625311E-06,6.437550373E-06, 0002085P0002913
7.510475435E-06,8.583400498E-06,9.65632556E-06,1.072925062E-05,  0002085P0002914
1.180217568E-05,1.287510075E-05,1.394802581E-05,1.502095087E-05, 0002085P0002915
1.609387593E-05,1.7166801E-05,1.823972606E-05,1.931265112E-05,   0002085P0002916
2.038557618E-05,2.145850124E-05,2.253142631E-05,2.360435137E-05, 0002085P0002917
2.360435137E-05,2.360435137E-05,2.360435137E-05,1.,1.,1.,1.,1.,  0002085P0002918
1.,1.,1.,1.,1.,1.,1.,1.,1.,1.,1.,1.,1.,1.,1.,1.,1.,1.,1.,1.,     0002085P0002919
0.998900206,4.71238898,0.,0.998900206,4.724382866,0.,0.99890014, 0002085P0002920
4.748386529,0.,0.998900119,4.784426244,0.,0.998900441,           0002085P0002921
4.820446789,0.,0.998901408,4.856534537,0.,0.998903182,           0002085P0002922
4.892256169,0.,0.99890604,4.92798719,0.,0.998911107,4.963805434, 0002085P0002923
0.,0.99891932,4.999658838,0.,0.998931669,5.035528765,0.,         0002085P0002924
0.998949127,5.071386644,0.,0.998972672,5.107207447,0.,           0002085P0002925
0.999003288,5.142962523,0.,0.999041925,5.178638144,0.,           0002085P0002926
0.999089662,5.214171826,0.,0.999148767,5.249838521,0.,           0002085P0002927
0.999220477,5.285530805,0.,0.99930627,5.32121943,0.,0.999407559, 0002085P0002928
5.356851498,0.,0.999525773,5.392378786,0.,0.999662338,           0002085P0002929
5.427751288,0.,0.999818681,5.462919777,0.,0.999937046,           0002085P0002930
5.486197921,0.,1.,5.497787144,0.,0.,2.360435137E-05,-0.,-0.,1.;  0002085P0002931
102,6,2089,2091,2093,2095,2097,2099;                             0002087P0002932
126,9,3,0,0,1,0,0.,0.,0.,0.,3.536920478E-06,3.536920478E-06,     0002089P0002933
3.536920478E-06,1.359431572E-05,1.359431572E-05,1.359431572E-05, 0002089P0002934
2.363098449E-05,2.363098449E-05,2.363098449E-05,2.363098449E-05, 0002089P0002935
1.,1.,1.,1.,1.,1.,1.,1.,1.,1.,0.498677338,1.361006341,           0002089P0002936
-3.899365948E-02,0.498930181,1.36018094,-3.816825889E-02,        0002089P0002937
0.499132325,1.359297547,-3.738143296E-02,0.499293856,            0002089P0002938
1.358368734,-3.664814244E-02,0.499746807,1.355764223,            0002089P0002939
-3.459190291E-02,0.499892797,1.352739832,-3.292877063E-02,       0002089P0002940
0.499953731,1.349576655,-3.182996981E-02,0.5000146,1.346416866,  0002089P0002941
-3.073234596E-02,0.5,1.343025556,-3.016E-02,0.5,1.33968,         0002089P0002942
-3.016E-02,0.,2.363098449E-05,-0.968120385,5.502466168E-02,      0002089P0002943
0.244366949;                                                     0002089P0002944
110,0.5,1.33968,-3.016E-02,1.7,1.33968,-3.016E-02;               0002091P0002945
126,9,3,0,0,1,0,0.,0.,0.,0.,4.668291387E-06,4.668291387E-06,     0002093P0002946
4.668291387E-06,1.411128619E-05,1.411128619E-05,1.411128619E-05, 0002093P0002947
2.360435137E-05,2.360435137E-05,2.360435137E-05,2.360435137E-05, 0002093P0002948
1.,1.,1.,1.,1.,1.,1.,1.,1.,1.,1.7,1.33968,-3.016E-02,1.7,        0002093P0002949
1.341253915,-3.016E-02,1.699999254,1.342832633,-3.028395989E-02, 0002093P0002950
1.700002265,1.344387257,-3.052961014E-02,1.700008297,            0002093P0002951
1.347502157,-3.10218035E-02,1.700023111,1.350577456,             0002093P0002952
-3.202174514E-02,1.700180287,1.353383221,-3.345278314E-02,       0002093P0002953
1.700338002,1.356198597,-3.488872359E-02,1.700652778,            0002093P0002954
1.358819516,-3.680683542E-02,1.701322662,1.361006341,            0002093P0002955
-3.899365948E-02,0.,2.360435137E-05,0.967003714,5.699859049E-02, 0002093P0002956
0.248304204;                                                     0002093P0002957
126,9,3,0,0,1,0,0.,0.,0.,0.,3.536920478E-06,3.536920478E-06,     0002095P0002958
3.536920478E-06,1.359431572E-05,1.359431572E-05,1.359431572E-05, 0002095P0002959
2.363098449E-05,2.363098449E-05,2.363098449E-05,2.363098449E-05, 0002095P0002960
1.,1.,1.,1.,1.,1.,1.,1.,1.,1.,1.701322662,1.361006341,           0002095P0002961
-3.899365948E-02,1.701069819,1.361831741,-3.981906007E-02,       0002095P0002962
1.700867675,1.362618567,-4.070245296E-02,1.700706144,            0002095P0002963
1.363351858,-4.16312665E-02,1.700253193,1.365408097,             0002095P0002964
-4.423577736E-02,1.700107203,1.367071229,-4.726016831E-02,       0002095P0002965
1.700046269,1.36817003,-5.042334501E-02,1.6999854,1.369267654,   0002095P0002966
-5.358313353E-02,1.7,1.36984,-5.697444374E-02,1.7,1.36984,       0002095P0002967
-6.032E-02,0.,2.363098449E-05,0.968120385,0.244366949,           0002095P0002968
5.502466168E-02;                                                 0002095P0002969
110,1.7,1.36984,-6.032E-02,0.5,1.36984,-6.032E-02;               0002097P0002970
126,9,3,0,0,1,0,0.,0.,0.,0.,4.668291387E-06,4.668291387E-06,     0002099P0002971
4.668291387E-06,1.411128619E-05,1.411128619E-05,1.411128619E-05, 0002099P0002972
2.360435137E-05,2.360435137E-05,2.360435137E-05,2.360435137E-05, 0002099P0002973
1.,1.,1.,1.,1.,1.,1.,1.,1.,1.,0.5,1.36984,-6.032E-02,0.5,        0002099P0002974
1.36984,-5.874608455E-02,0.500000746,1.36971604,                 0002099P0002975
-5.716736695E-02,0.499997735,1.36947039,-5.561274264E-02,        0002099P0002976
0.499991703,1.368978197,-5.249784345E-02,0.499976889,            0002099P0002977
1.367978255,-4.942254363E-02,0.499819713,1.366547217,            0002099P0002978
-4.661677929E-02,0.499661998,1.365111276,-4.380140293E-02,       0002099P0002979
0.499347222,1.363193165,-4.118048354E-02,0.498677338,            0002099P0002980
1.361006341,-3.899365948E-02,0.,2.360435137E-05,-0.967003714,    0002099P0002981
0.248304204,5.699859049E-02;                                     0002099P0002982
402,19,2103,2119,2135,2151,2167,2183,2199,2215,2231,2247,2263,   0002101P0002983
2279,2295,2311,2327,2343,2359,2375,2417;                         0002101P0002984
144,2105,1,0,2107;                                               0002103P0002985
108,0.999996043,-0.,2.813301676E-03,1.01266546,0,1.015416155,    0002105P0002986
1.37484,-0.976317605,0.;                                         0002105P0002987
142,0,2105,0,2109,2;                                             0002107P0002988
102,4,2111,2113,2115,2117;                                       0002109P0002989
110,1.015416155,1.36984,-0.976317605,1.015690972,1.36984,        0002111P0002990
-1.074002122;                                                    0002111P0002991
110,1.015690972,1.36984,-1.074002122,1.015690972,1.37484,        0002113P0002992
-1.074002122;                                                    0002113P0002993
110,1.015690972,1.37484,-1.074002122,1.015416155,1.37484,        0002115P0002994
-0.976317605;                                                    0002115P0002995
110,1.015416155,1.37484,-0.976317605,1.015416155,1.36984,        0002117P0002996
-0.976317605;                                                    0002117P0002997
144,2121,1,0,2123;                                               0002119P0002998
108,0.999989185,-0.,4.650693824E-03,1.010685133,0,1.015690972,   0002121P0002999
1.37484,-1.074002122,0.;                                         0002121P0003000
142,0,2121,0,2125,2;                                             0002123P0003001
102,4,2127,2129,2131,2133;                                       0002125P0003002
110,1.015690972,1.36984,-1.074002122,1.015992363,1.36984,        0002127P0003003
-1.138807106;                                                    0002127P0003004
110,1.015992363,1.36984,-1.138807106,1.015992363,1.37484,        0002129P0003005
-1.138807106;                                                    0002129P0003006
110,1.015992363,1.37484,-1.138807106,1.015690972,1.37484,        0002131P0003007
-1.074002122;                                                    0002131P0003008
110,1.015690972,1.37484,-1.074002122,1.015690972,1.36984,        0002133P0003009
-1.074002122;                                                    0002133P0003010
144,2137,1,0,2139;                                               0002135P0003011
108,-0.276317334,-0.,0.961066455,-1.37520561,0,1.015992363,      0002137P0003012
1.37484,-1.138807106,0.;                                         0002137P0003013
142,0,2137,0,2141,2;                                             0002139P0003014
102,4,2143,2145,2147,2149;                                       0002141P0003015
110,1.015992363,1.36984,-1.138807106,1.188,1.36984,-1.089352991; 0002143P0003016
110,1.188,1.36984,-1.089352991,1.188,1.37484,-1.089352991;       0002145P0003017
110,1.188,1.37484,-1.089352991,1.015992363,1.37484,-1.138807106; 0002147P0003018
110,1.015992363,1.37484,-1.138807106,1.015992363,1.36984,        0002149P0003019
-1.138807106;                                                    0002149P0003020
144,2153,1,0,2155;                                               0002151P0003021
108,1.,-0.,-0.,1.188,0,1.188,1.37484,-1.089352991,0.;            0002153P0003022
142,0,2153,0,2157,2;                                             0002155P0003023
102,4,2159,2161,2163,2165;                                       0002157P0003024
110,1.188,1.36984,-1.089352991,1.188,1.36984,-1.150075904;       0002159P0003025
110,1.188,1.36984,-1.150075904,1.188,1.37484,-1.150075904;       0002161P0003026
110,1.188,1.37484,-1.150075904,1.188,1.37484,-1.089352991;       0002163P0003027
110,1.188,1.37484,-1.089352991,1.188,1.36984,-1.089352991;       0002165P0003028
144,2169,1,0,2171;                                               0002167P0003029
108,0.276243743,-0.,-0.96108761,1.433501269,0,1.188,1.37484,     0002169P0003030
-1.150075904,0.;                                                 0002169P0003031
142,0,2169,0,2173,2;                                             0002171P0003032
102,4,2175,2177,2179,2181;                                       0002173P0003033
110,1.188,1.36984,-1.150075904,1.015992363,1.36984,-1.19951576;  0002175P0003034
110,1.015992363,1.36984,-1.19951576,1.015992363,1.37484,         0002177P0003035
-1.19951576;                                                     0002177P0003036
110,1.015992363,1.37484,-1.19951576,1.188,1.37484,-1.150075904;  0002179P0003037
110,1.188,1.37484,-1.150075904,1.188,1.36984,-1.150075904;       0002181P0003038
144,2185,1,0,2187;                                               0002183P0003039
108,0.999999997,-0.,7.93884711E-05,1.015897132,0,1.015992363,    0002185P0003040
1.37484,-1.19951576,0.;                                          0002185P0003041
142,0,2185,0,2189,2;                                             0002187P0003042
102,4,2191,2193,2195,2197;                                       0002189P0003043
110,1.015992363,1.36984,-1.19951576,1.015996997,1.36984,         0002191P0003044
-1.257878654;                                                    0002191P0003045
110,1.015996997,1.36984,-1.257878654,1.015996997,1.37484,        0002193P0003046
-1.257878654;                                                    0002193P0003047
110,1.015996997,1.37484,-1.257878654,1.015992363,1.37484,        0002195P0003048
-1.19951576;                                                     0002195P0003049
110,1.015992363,1.37484,-1.19951576,1.015992363,1.36984,         0002197P0003050
-1.19951576;                                                     0002197P0003051
144,2201,1,0,2203;                                               0002199P0003052
108,0.276203301,-0.,-0.961099233,1.489567934,0,1.015996997,      0002201P0003053
1.37484,-1.257878654,0.;                                         0002201P0003054
142,0,2201,0,2205,2;                                             0002203P0003055
102,4,2207,2209,2211,2213;                                       0002205P0003056
110,1.015996997,1.36984,-1.257878654,0.974833965,1.36984,        0002207P0003057
-1.269708197;                                                    0002207P0003058
110,0.974833965,1.36984,-1.269708197,0.974833965,1.37484,        0002209P0003059
-1.269708197;                                                    0002209P0003060
110,0.974833965,1.37484,-1.269708197,1.015996997,1.37484,        0002211P0003061
-1.257878654;                                                    0002211P0003062
110,1.015996997,1.37484,-1.257878654,1.015996997,1.36984,        0002213P0003063
-1.257878654;                                                    0002213P0003064
144,2217,1,0,2219;                                               0002215P0003065
108,-1.,0.,-0.,-0.974833965,0,0.974833965,1.37484,-1.085754442,  0002217P0003066
0.;                                                              0002217P0003067
142,0,2217,0,2221,2;                                             0002219P0003068
102,4,2223,2225,2227,2229;                                       0002221P0003069
110,0.974833965,1.36984,-1.269708197,0.974833965,1.36984,        0002223P0003070
-0.92750905;                                                     0002223P0003071
110,0.974833965,1.36984,-0.92750905,0.974833965,1.37484,         0002225P0003072
-0.92750905;                                                     0002225P0003073
110,0.974833965,1.37484,-0.92750905,0.974833965,1.37484,         0002227P0003074
-1.269708197;                                                    0002227P0003075
110,0.974833965,1.37484,-1.269708197,0.974833965,1.36984,        0002229P0003076
-1.269708197;                                                    0002229P0003077
144,2233,1,0,2235;                                               0002231P0003078
108,-0.276427328,-0.,0.961034824,-1.160839245,0,0.974833965,     0002233P0003079
1.37484,-0.92750905,0.;                                          0002233P0003080
142,0,2233,0,2237,2;                                             0002235P0003081
102,4,2239,2241,2243,2245;                                       0002237P0003082
110,0.974833965,1.36984,-0.92750905,1.188,1.36984,-0.86619502;   0002239P0003083
110,1.188,1.36984,-0.86619502,1.188,1.37484,-0.86619502;         0002241P0003084
110,1.188,1.37484,-0.86619502,0.974833965,1.37484,-0.92750905;   0002243P0003085
110,0.974833965,1.37484,-0.92750905,0.974833965,1.36984,         0002245P0003086
-0.92750905;                                                     0002245P0003087
144,2249,1,0,2251;                                               0002247P0003088
108,1.,-0.,-0.,1.188,0,1.188,1.37484,-0.86619502,0.;             0002249P0003089
142,0,2249,0,2253,2;                                             0002251P0003090
102,4,2255,2257,2259,2261;                                       0002253P0003091
110,1.188,1.36984,-0.86619502,1.188,1.36984,-1.027248214;        0002255P0003092
110,1.188,1.36984,-1.027248214,1.188,1.37484,-1.027248214;       0002257P0003093
110,1.188,1.37484,-1.027248214,1.188,1.37484,-0.86619502;        0002259P0003094
110,1.188,1.37484,-0.86619502,1.188,1.36984,-0.86619502;         0002261P0003095
144,2265,1,0,2267;                                               0002263P0003096
108,0.272978693,-0.,-0.962020079,1.312532096,0,1.188,1.37484,    0002265P0003097
-1.027248214,0.;                                                 0002265P0003098
142,0,2265,0,2269,2;                                             0002267P0003099
102,4,2271,2273,2275,2277;                                       0002269P0003100
110,1.188,1.36984,-1.027248214,1.147437255,1.36984,-1.038758125; 0002271P0003101
110,1.147437255,1.36984,-1.038758125,1.147437255,1.37484,        0002273P0003102
-1.038758125;                                                    0002273P0003103
110,1.147437255,1.37484,-1.038758125,1.188,1.37484,-1.027248214; 0002275P0003104
110,1.188,1.37484,-1.027248214,1.188,1.36984,-1.027248214;       0002277P0003105
144,2281,1,0,2283;                                               0002279P0003106
108,-1.,0.,-0.,-1.147437255,0,1.147437255,1.37484,-1.038758125,  0002281P0003107
0.;                                                              0002281P0003108
142,0,2281,0,2285,2;                                             0002283P0003109
102,4,2287,2289,2291,2293;                                       0002285P0003110
110,1.147437255,1.36984,-1.038758125,1.147437255,1.36984,        0002287P0003111
-0.938414881;                                                    0002287P0003112
110,1.147437255,1.36984,-0.938414881,1.147437255,1.37484,        0002289P0003113
-0.938414881;                                                    0002289P0003114
110,1.147437255,1.37484,-0.938414881,1.147437255,1.37484,        0002291P0003115
-1.038758125;                                                    0002291P0003116
110,1.147437255,1.37484,-1.038758125,1.147437255,1.36984,        0002293P0003117
-1.038758125;                                                    0002293P0003118
144,2297,1,0,2299;                                               0002295P0003119
108,0.274516,-0.,-0.961582532,1.217353243,0,1.147437255,1.37484, 0002297P0003120
-0.938414881,0.;                                                 0002297P0003121
142,0,2297,0,2301,2;                                             0002299P0003122
102,4,2303,2305,2307,2309;                                       0002301P0003123
110,1.147437255,1.36984,-0.938414881,1.094464962,1.36984,        0002303P0003124
-0.9535376;                                                      0002303P0003125
110,1.094464962,1.36984,-0.9535376,1.094464962,1.37484,          0002305P0003126
-0.9535376;                                                      0002305P0003127
110,1.094464962,1.37484,-0.9535376,1.147437255,1.37484,          0002307P0003128
-0.938414881;                                                    0002307P0003129
110,1.147437255,1.37484,-0.938414881,1.147437255,1.36984,        0002309P0003130
-0.938414881;                                                    0002309P0003131
144,2313,1,0,2315;                                               0002311P0003132
108,1.,-0.,-0.,1.094464962,0,1.094464962,1.37484,-0.9535376,0.;  0002313P0003133
142,0,2313,0,2317,2;                                             0002315P0003134
102,4,2319,2321,2323,2325;                                       0002317P0003135
110,1.094464962,1.36984,-0.9535376,1.094464962,1.36984,          0002319P0003136
-1.045003732;                                                    0002319P0003137
110,1.094464962,1.36984,-1.045003732,1.094464962,1.37484,        0002321P0003138
-1.045003732;                                                    0002321P0003139
110,1.094464962,1.37484,-1.045003732,1.094464962,1.37484,        0002323P0003140
-0.9535376;                                                      0002323P0003141
110,1.094464962,1.37484,-0.9535376,1.094464962,1.36984,          0002325P0003142
-0.9535376;                                                      0002325P0003143
144,2329,1,0,2331;                                               0002327P0003144
108,0.27469188,-0.,-0.961532304,1.305445484,0,1.094464962,       0002329P0003145
1.37484,-1.045003732,0.;                                         0002329P0003146
142,0,2329,0,2333,2;                                             0002331P0003147
102,4,2335,2337,2339,2341;                                       0002333P0003148
110,1.094464962,1.36984,-1.045003732,1.055065004,1.36984,        0002335P0003149
-1.056259567;                                                    0002335P0003150
110,1.055065004,1.36984,-1.056259567,1.055065004,1.37484,        0002337P0003151
-1.056259567;                                                    0002337P0003152
110,1.055065004,1.37484,-1.056259567,1.094464962,1.37484,        0002339P0003153
-1.045003732;                                                    0002339P0003154
110,1.094464962,1.37484,-1.045003732,1.094464962,1.36984,        0002341P0003155
-1.045003732;                                                    0002341P0003156
144,2345,1,0,2347;                                               0002343P0003157
108,-1.,0.,-0.,-1.055065004,0,1.055065004,1.37484,-1.056259567,  0002345P0003158
0.;                                                              0002345P0003159
142,0,2345,0,2349,2;                                             0002347P0003160
102,4,2351,2353,2355,2357;                                       0002349P0003161
110,1.055065004,1.36984,-1.056259567,1.055065004,1.36984,        0002351P0003162
-0.964780471;                                                    0002351P0003163
110,1.055065004,1.36984,-0.964780471,1.055065004,1.37484,        0002353P0003164
-0.964780471;                                                    0002353P0003165
110,1.055065004,1.37484,-0.964780471,1.055065004,1.37484,        0002355P0003166
-1.056259567;                                                    0002355P0003167
110,1.055065004,1.37484,-1.056259567,1.055065004,1.36984,        0002357P0003168
-1.056259567;                                                    0002357P0003169
144,2361,1,0,2363;                                               0002359P0003170
108,0.279394794,-0.,-0.960176311,1.221139024,0,1.055065004,      0002361P0003171
1.37484,-0.964780471,0.;                                         0002361P0003172
142,0,2361,0,2365,2;                                             0002363P0003173
102,4,2367,2369,2371,2373;                                       0002365P0003174
110,1.055065004,1.36984,-0.964780471,1.015416155,1.36984,        0002367P0003175
-0.976317605;                                                    0002367P0003176
110,1.015416155,1.36984,-0.976317605,1.015416155,1.37484,        0002369P0003177
-0.976317605;                                                    0002369P0003178
110,1.015416155,1.37484,-0.976317605,1.055065004,1.37484,        0002371P0003179
-0.964780471;                                                    0002371P0003180
110,1.055065004,1.37484,-0.964780471,1.055065004,1.36984,        0002373P0003181
-0.964780471;                                                    0002373P0003182
144,2377,1,0,2379;                                               0002375P0003183
108,0.,1.,0.,1.37484,0,-0.242535356,1.37484,3.280988966E-03,0.;  0002377P0003184
142,0,2377,0,2381,2;                                             0002379P0003185
102,17,2383,2385,2387,2389,2391,2393,2395,2397,2399,2401,2403,   0002381P0003186
2405,2407,2409,2411,2413,2415;                                   0002381P0003187
110,1.015416155,1.37484,-0.976317605,1.015690972,1.37484,        0002383P0003188
-1.074002122;                                                    0002383P0003189
110,1.015690972,1.37484,-1.074002122,1.015992363,1.37484,        0002385P0003190
-1.138807106;                                                    0002385P0003191
110,1.015992363,1.37484,-1.138807106,1.188,1.37484,-1.089352991; 0002387P0003192
110,1.188,1.37484,-1.089352991,1.188,1.37484,-1.150075904;       0002389P0003193
110,1.188,1.37484,-1.150075904,1.015992363,1.37484,-1.19951576;  0002391P0003194
110,1.015992363,1.37484,-1.19951576,1.015996997,1.37484,         0002393P0003195
-1.257878654;                                                    0002393P0003196
110,1.015996997,1.37484,-1.257878654,0.974833965,1.37484,        0002395P0003197
-1.269708197;                                                    0002395P0003198
110,0.974833965,1.37484,-1.269708197,0.974833965,1.37484,        0002397P0003199
-0.92750905;                                                     0002397P0003200
110,0.974833965,1.37484,-0.92750905,1.188,1.37484,-0.86619502;   0002399P0003201
110,1.188,1.37484,-0.86619502,1.188,1.37484,-1.027248214;        0002401P0003202
110,1.188,1.37484,-1.027248214,1.147437255,1.37484,-1.038758125; 0002403P0003203
110,1.147437255,1.37484,-1.038758125,1.147437255,1.37484,        0002405P0003204
-0.938414881;                                                    0002405P0003205
110,1.147437255,1.37484,-0.938414881,1.094464962,1.37484,        0002407P0003206
-0.9535376;                                                      0002407P0003207
110,1.094464962,1.37484,-0.9535376,1.094464962,1.37484,          0002409P0003208
-1.045003732;                                                    0002409P0003209
110,1.094464962,1.37484,-1.045003732,1.055065004,1.37484,        0002411P0003210
-1.056259567;                                                    0002411P0003211
110,1.055065004,1.37484,-1.056259567,1.055065004,1.37484,        0002413P0003212
-0.964780471;                                                    0002413P0003213
110,1.055065004,1.37484,-0.964780471,1.015416155,1.37484,        0002415P0003214
-0.976317605;                                                    0002415P0003215
144,2419,1,0,2421;                                               0002417P0003216
108,-0.,-1.,-0.,-1.36984,0,-0.242535356,1.36984,3.280988966E-03, 0002419P0003217
0.;                                                              0002419P0003218
142,0,2419,0,2423,2;                                             0002421P0003219
102,17,2425,2427,2429,2431,2433,2435,2437,2439,2441,2443,2445,   0002423P0003220
2447,2449,2451,2453,2455,2457;                                   0002423P0003221
110,1.015690972,1.36984,-1.074002122,1.015416155,1.36984,        0002425P0003222
-0.976317605;                                                    0002425P0003223
110,1.015416155,1.36984,-0.976317605,1.055065004,1.36984,        0002427P0003224
-0.964780471;                                                    0002427P0003225
110,1.055065004,1.36984,-0.964780471,1.055065004,1.36984,        0002429P0003226
-1.056259567;                                                    0002429P0003227
110,1.055065004,1.36984,-1.056259567,1.094464962,1.36984,        0002431P0003228
-1.045003732;                                                    0002431P0003229
110,1.094464962,1.36984,-1.045003732,1.094464962,1.36984,        0002433P0003230
-0.9535376;                                                      0002433P0003231
110,1.094464962,1.36984,-0.9535376,1.147437255,1.36984,          0002435P0003232
-0.938414881;                                                    0002435P0003233
110,1.147437255,1.36984,-0.938414881,1.147437255,1.36984,        0002437P0003234
-1.038758125;                                                    0002437P0003235
110,1.147437255,1.36984,-1.038758125,1.188,1.36984,-1.027248214; 0002439P0003236
110,1.188,1.36984,-1.027248214,1.188,1.36984,-0.86619502;        0002441P0003237
110,1.188,1.36984,-0.86619502,0.974833965,1.36984,-0.92750905;   0002443P0003238
110,0.974833965,1.36984,-0.92750905,0.974833965,1.36984,         0002445P0003239
-1.269708197;                                                    0002445P0003240
110,0.974833965,1.36984,-1.269708197,1.015996997,1.36984,        0002447P0003241
-1.257878654;                                                    0002447P0003242
110,1.015996997,1.36984,-1.257878654,1.015992363,1.36984,        0002449P0003243
-1.19951576;                                                     0002449P0003244
110,1.015992363,1.36984,-1.19951576,1.188,1.36984,-1.150075904;  0002451P0003245
110,1.188,1.36984,-1.150075904,1.188,1.36984,-1.089352991;       0002453P0003246
110,1.188,1.36984,-1.089352991,1.015992363,1.36984,-1.138807106; 0002455P0003247
110,1.015992363,1.36984,-1.138807106,1.015690972,1.36984,        0002457P0003248
-1.074002122;                                                    0002457P0003249
402,25,2461,2477,2493,2509,2525,2541,2557,2573,2589,2605,2621,   0002459P0003250
2637,2653,2669,2685,2701,2717,2733,2749,2765,2781,2797,2813,     0002459P0003251
2829,2883;                                                       0002459P0003252
144,2463,1,0,2465;                                               0002461P0003253
108,-1.,0.,-0.,-0.974833965,0,0.974833965,1.37484,-0.90182791,   0002463P0003254
0.;                                                              0002463P0003255
142,0,2463,0,2467,2;                                             0002465P0003256
102,4,2469,2471,2473,2475;                                       0002467P0003257
110,0.974833965,1.36984,-0.90182791,0.974833965,1.36984,         0002469P0003258
-0.808334737;                                                    0002469P0003259
110,0.974833965,1.36984,-0.808334737,0.974833965,1.37484,        0002471P0003260
-0.808334737;                                                    0002471P0003261
110,0.974833965,1.37484,-0.808334737,0.974833965,1.37484,        0002473P0003262
-0.90182791;                                                     0002473P0003263
110,0.974833965,1.37484,-0.90182791,0.974833965,1.36984,         0002475P0003264
-0.90182791;                                                     0002475P0003265
144,2479,1,0,2481;                                               0002477P0003266
108,-0.444321031,-0.,0.895867636,-1.157300162,0,0.974833965,     0002479P0003267
1.37484,-0.808334737,0.;                                         0002479P0003268
142,0,2479,0,2483,2;                                             0002481P0003269
102,4,2485,2487,2489,2491;                                       0002483P0003270
110,0.974833965,1.36984,-0.808334737,1.127122519,1.36984,        0002485P0003271
-0.732804597;                                                    0002485P0003272
110,1.127122519,1.36984,-0.732804597,1.127122519,1.37484,        0002487P0003273
-0.732804597;                                                    0002487P0003274
110,1.127122519,1.37484,-0.732804597,0.974833965,1.37484,        0002489P0003275
-0.808334737;                                                    0002489P0003276
110,0.974833965,1.37484,-0.808334737,0.974833965,1.36984,        0002491P0003277
-0.808334737;                                                    0002491P0003278
144,2495,1,0,2497;                                               0002493P0003279
108,5.375259207E-02,-0.,-0.998554284,0.792330927,0,1.127122519,  0002495P0003280
1.37484,-0.732804597,0.;                                         0002495P0003281
142,0,2495,0,2499,2;                                             0002497P0003282
102,4,2501,2503,2505,2507;                                       0002499P0003283
110,1.127122519,1.36984,-0.732804597,0.974833965,1.36984,        0002501P0003284
-0.741002353;                                                    0002501P0003285
110,0.974833965,1.36984,-0.741002353,0.974833965,1.37484,        0002503P0003286
-0.741002353;                                                    0002503P0003287
110,0.974833965,1.37484,-0.741002353,1.127122519,1.37484,        0002505P0003288
-0.732804597;                                                    0002505P0003289
110,1.127122519,1.37484,-0.732804597,1.127122519,1.36984,        0002507P0003290
-0.732804597;                                                    0002507P0003291
144,2511,1,0,2513;                                               0002509P0003292
108,-1.,0.,-0.,-0.974833965,0,0.974833965,1.37484,-0.741002353,  0002511P0003293
0.;                                                              0002511P0003294
142,0,2511,0,2515,2;                                             0002513P0003295
102,4,2517,2519,2521,2523;                                       0002515P0003296
110,0.974833965,1.36984,-0.741002353,0.974833965,1.36984,        0002517P0003297
-0.650222481;                                                    0002517P0003298
110,0.974833965,1.36984,-0.650222481,0.974833965,1.37484,        0002519P0003299
-0.650222481;                                                    0002519P0003300
110,0.974833965,1.37484,-0.650222481,0.974833965,1.37484,        0002521P0003301
-0.741002353;                                                    0002521P0003302
110,0.974833965,1.37484,-0.741002353,0.974833965,1.36984,        0002523P0003303
-0.741002353;                                                    0002523P0003304
144,2527,1,0,2529;                                               0002525P0003305
108,-0.276251758,-0.,0.961085307,-0.894218868,0,0.974833965,     0002527P0003306
1.37484,-0.650222481,0.;                                         0002527P0003307
142,0,2527,0,2531,2;                                             0002529P0003308
102,4,2533,2535,2537,2539;                                       0002531P0003309
110,0.974833965,1.36984,-0.650222481,1.147445033,1.36984,        0002533P0003310
-0.600607623;                                                    0002533P0003311
110,1.147445033,1.36984,-0.600607623,1.147445033,1.37484,        0002535P0003312
-0.600607623;                                                    0002535P0003313
110,1.147445033,1.37484,-0.600607623,0.974833965,1.37484,        0002537P0003314
-0.650222481;                                                    0002537P0003315
110,0.974833965,1.37484,-0.650222481,0.974833965,1.36984,        0002539P0003316
-0.650222481;                                                    0002539P0003317
144,2543,1,0,2545;                                               0002541P0003318
108,-1.,0.,-0.,-1.147445033,0,1.147445033,1.37484,-0.600607623,  0002543P0003319
0.;                                                              0002543P0003320
142,0,2543,0,2547,2;                                             0002545P0003321
102,4,2549,2551,2553,2555;                                       0002547P0003322
110,1.147445033,1.36984,-0.600607623,1.147445033,1.36984,        0002549P0003323
-0.482440157;                                                    0002549P0003324
110,1.147445033,1.36984,-0.482440157,1.147445033,1.37484,        0002551P0003325
-0.482440157;                                                    0002551P0003326
110,1.147445033,1.37484,-0.482440157,1.147445033,1.37484,        0002553P0003327
-0.600607623;                                                    0002553P0003328
110,1.147445033,1.37484,-0.600607623,1.147445033,1.36984,        0002555P0003329
-0.600607623;                                                    0002555P0003330
144,2559,1,0,2561;                                               0002557P0003331
108,0.274021777,-0.,-0.961723487,0.778398956,0,1.147445033,      0002559P0003332
1.37484,-0.482440157,0.;                                         0002559P0003333
142,0,2559,0,2563,2;                                             0002561P0003334
102,4,2565,2567,2569,2571;                                       0002563P0003335
110,1.147445033,1.36984,-0.482440157,1.094464962,1.36984,        0002565P0003336
-0.497535653;                                                    0002565P0003337
110,1.094464962,1.36984,-0.497535653,1.094464962,1.37484,        0002567P0003338
-0.497535653;                                                    0002567P0003339
110,1.094464962,1.37484,-0.497535653,1.147445033,1.37484,        0002569P0003340
-0.482440157;                                                    0002569P0003341
110,1.147445033,1.37484,-0.482440157,1.147445033,1.36984,        0002571P0003342
-0.482440157;                                                    0002571P0003343
144,2575,1,0,2577;                                               0002573P0003344
108,1.,-0.,-0.,1.094464962,0,1.094464962,1.37484,-0.497535653,   0002575P0003345
0.;                                                              0002575P0003346
142,0,2575,0,2579,2;                                             0002577P0003347
102,4,2581,2583,2585,2587;                                       0002579P0003348
110,1.094464962,1.36984,-0.497535653,1.094464962,1.36984,        0002581P0003349
-0.589016045;                                                    0002581P0003350
110,1.094464962,1.36984,-0.589016045,1.094464962,1.37484,        0002583P0003351
-0.589016045;                                                    0002583P0003352
110,1.094464962,1.37484,-0.589016045,1.094464962,1.37484,        0002585P0003353
-0.497535653;                                                    0002585P0003354
110,1.094464962,1.37484,-0.497535653,1.094464962,1.36984,        0002587P0003355
-0.497535653;                                                    0002587P0003356
144,2591,1,0,2593;                                               0002589P0003357
108,0.27464593,-0.,-0.961545429,0.866956033,0,1.094464962,       0002591P0003358
1.37484,-0.589016045,0.;                                         0002591P0003359
142,0,2591,0,2595,2;                                             0002593P0003360
102,4,2597,2599,2601,2603;                                       0002595P0003361
110,1.094464962,1.36984,-0.589016045,1.055057874,1.36984,        0002597P0003362
-0.600271879;                                                    0002597P0003363
110,1.055057874,1.36984,-0.600271879,1.055057874,1.37484,        0002599P0003364
-0.600271879;                                                    0002599P0003365
110,1.055057874,1.37484,-0.600271879,1.094464962,1.37484,        0002601P0003366
-0.589016045;                                                    0002601P0003367
110,1.094464962,1.37484,-0.589016045,1.094464962,1.36984,        0002603P0003368
-0.589016045;                                                    0002603P0003369
144,2607,1,0,2609;                                               0002605P0003370
108,-1.,0.,-0.,-1.055057874,0,1.055057874,1.37484,-0.600271879,  0002607P0003371
0.;                                                              0002607P0003372
142,0,2607,0,2611,2;                                             0002609P0003373
102,4,2613,2615,2617,2619;                                       0002611P0003374
110,1.055057874,1.36984,-0.600271879,1.055057874,1.36984,        0002613P0003375
-0.508778525;                                                    0002613P0003376
110,1.055057874,1.36984,-0.508778525,1.055057874,1.37484,        0002615P0003377
-0.508778525;                                                    0002615P0003378
110,1.055057874,1.37484,-0.508778525,1.055057874,1.37484,        0002617P0003379
-0.600271879;                                                    0002617P0003380
110,1.055057874,1.37484,-0.600271879,1.055057874,1.36984,        0002619P0003381
-0.600271879;                                                    0002619P0003382
144,2623,1,0,2625;                                               0002621P0003383
108,0.279394794,-0.,-0.960176311,0.783294764,0,1.055057874,      0002623P0003384
1.37484,-0.508778525,0.;                                         0002623P0003385
142,0,2623,0,2627,2;                                             0002625P0003386
102,4,2629,2631,2633,2635;                                       0002627P0003387
110,1.055057874,1.36984,-0.508778525,1.015409025,1.36984,        0002629P0003388
-0.520315658;                                                    0002629P0003389
110,1.015409025,1.36984,-0.520315658,1.015409025,1.37484,        0002631P0003390
-0.520315658;                                                    0002631P0003391
110,1.015409025,1.37484,-0.520315658,1.055057874,1.37484,        0002633P0003392
-0.508778525;                                                    0002633P0003393
110,1.055057874,1.37484,-0.508778525,1.055057874,1.36984,        0002635P0003394
-0.508778525;                                                    0002635P0003395
144,2639,1,0,2641;                                               0002637P0003396
108,1.,-0.,-0.,1.015409025,0,1.015409025,1.37484,-0.520315658,   0002639P0003397
0.;                                                              0002639P0003398
142,0,2639,0,2643,2;                                             0002641P0003399
102,4,2645,2647,2649,2651;                                       0002643P0003400
110,1.015409025,1.36984,-0.520315658,1.015409025,1.36984,        0002645P0003401
-0.617436282;                                                    0002645P0003402
110,1.015409025,1.36984,-0.617436282,1.015409025,1.37484,        0002647P0003403
-0.617436282;                                                    0002647P0003404
110,1.015409025,1.37484,-0.617436282,1.015409025,1.37484,        0002649P0003405
-0.520315658;                                                    0002649P0003406
110,1.015409025,1.37484,-0.520315658,1.015409025,1.36984,        0002651P0003407
-0.520315658;                                                    0002651P0003408
144,2655,1,0,2657;                                               0002653P0003409
108,0.273214882,-0.,-0.961953028,0.871369558,0,1.015409025,      0002655P0003410
1.37484,-0.617436282,0.;                                         0002655P0003411
142,0,2655,0,2659,2;                                             0002657P0003412
102,4,2661,2663,2665,2667;                                       0002659P0003413
110,1.015409025,1.36984,-0.617436282,0.974833965,1.36984,        0002661P0003414
-0.628960452;                                                    0002661P0003415
110,0.974833965,1.36984,-0.628960452,0.974833965,1.37484,        0002663P0003416
-0.628960452;                                                    0002663P0003417
110,0.974833965,1.37484,-0.628960452,1.015409025,1.37484,        0002665P0003418
-0.617436282;                                                    0002665P0003419
110,1.015409025,1.37484,-0.617436282,1.015409025,1.36984,        0002667P0003420
-0.617436282;                                                    0002667P0003421
144,2671,1,0,2673;                                               0002669P0003422
108,-1.,0.,-0.,-0.974833965,0,0.974833965,1.37484,-0.628960452,  0002671P0003423
0.;                                                              0002671P0003424
142,0,2671,0,2675,2;                                             0002673P0003425
102,4,2677,2679,2681,2683;                                       0002675P0003426
110,0.974833965,1.36984,-0.628960452,0.974833965,1.36984,        0002677P0003427
-0.471480529;                                                    0002677P0003428
110,0.974833965,1.36984,-0.471480529,0.974833965,1.37484,        0002679P0003429
-0.471480529;                                                    0002679P0003430
110,0.974833965,1.37484,-0.471480529,0.974833965,1.37484,        0002681P0003431
-0.628960452;                                                    0002681P0003432
110,0.974833965,1.37484,-0.628960452,0.974833965,1.36984,        0002683P0003433
-0.628960452;                                                    0002683P0003434
144,2687,1,0,2689;                                               0002685P0003435
108,-0.276537975,-0.,0.961002991,-0.722672809,0,0.974833965,     0002687P0003436
1.37484,-0.471480529,0.;                                         0002687P0003437
142,0,2687,0,2691,2;                                             0002689P0003438
102,4,2693,2695,2697,2699;                                       0002691P0003439
110,0.974833965,1.36984,-0.471480529,1.188,1.36984,-0.410139925; 0002693P0003440
110,1.188,1.36984,-0.410139925,1.188,1.37484,-0.410139925;       0002695P0003441
110,1.188,1.37484,-0.410139925,0.974833965,1.37484,-0.471480529; 0002697P0003442
110,0.974833965,1.37484,-0.471480529,0.974833965,1.36984,        0002699P0003443
-0.471480529;                                                    0002699P0003444
144,2703,1,0,2705;                                               0002701P0003445
108,1.,-0.,-0.,1.188,0,1.188,1.37484,-0.601842355,0.;            0002703P0003446
142,0,2703,0,2707,2;                                             0002705P0003447
102,4,2709,2711,2713,2715;                                       0002707P0003448
110,1.188,1.36984,-0.410139925,1.188,1.36984,-0.639785264;       0002709P0003449
110,1.188,1.36984,-0.639785264,1.188,1.37484,-0.639785264;       0002711P0003450
110,1.188,1.37484,-0.639785264,1.188,1.37484,-0.410139925;       0002713P0003451
110,1.188,1.37484,-0.410139925,1.188,1.36984,-0.410139925;       0002715P0003452
144,2719,1,0,2721;                                               0002717P0003453
108,0.275978237,-0.,-0.961163885,0.942800635,0,1.188,1.37484,    0002719P0003454
-0.639785264,0.;                                                 0002719P0003455
142,0,2719,0,2723,2;                                             0002721P0003456
102,4,2725,2727,2729,2731;                                       0002723P0003457
110,1.188,1.36984,-0.639785264,0.998223882,1.36984,-0.694275533; 0002725P0003458
110,0.998223882,1.36984,-0.694275533,0.998223882,1.37484,        0002727P0003459
-0.694275533;                                                    0002727P0003460
110,0.998223882,1.37484,-0.694275533,1.188,1.37484,-0.639785264; 0002729P0003461
110,1.188,1.37484,-0.639785264,1.188,1.36984,-0.639785264;       0002731P0003462
144,2735,1,0,2737;                                               0002733P0003463
108,-5.596501978E-02,-0.,0.99843273,-0.749053035,0,0.998223882,  0002735P0003464
1.37484,-0.694275533,0.;                                         0002735P0003465
142,0,2735,0,2739,2;                                             0002737P0003466
102,4,2741,2743,2745,2747;                                       0002739P0003467
110,0.998223882,1.36984,-0.694275533,1.188,1.36984,-0.683638037; 0002741P0003468
110,1.188,1.36984,-0.683638037,1.188,1.37484,-0.683638037;       0002743P0003469
110,1.188,1.37484,-0.683638037,0.998223882,1.37484,-0.694275533; 0002745P0003470
110,0.998223882,1.37484,-0.694275533,0.998223882,1.36984,        0002747P0003471
-0.694275533;                                                    0002747P0003472
144,2751,1,0,2753;                                               0002749P0003473
108,1.,-0.,-0.,1.188,0,1.188,1.37484,-0.683638037,0.;            0002751P0003474
142,0,2751,0,2755,2;                                             0002753P0003475
102,4,2757,2759,2761,2763;                                       0002755P0003476
110,1.188,1.36984,-0.683638037,1.188,1.36984,-0.740466195;       0002757P0003477
110,1.188,1.36984,-0.740466195,1.188,1.37484,-0.740466195;       0002759P0003478
110,1.188,1.37484,-0.740466195,1.188,1.37484,-0.683638037;       0002761P0003479
110,1.188,1.37484,-0.683638037,1.188,1.36984,-0.683638037;       0002763P0003480
144,2767,1,0,2769;                                               0002765P0003481
108,0.46684593,-0.,-0.884338667,1.209435853,0,1.188,1.37484,     0002767P0003482
-0.740466195,0.;                                                 0002767P0003483
142,0,2767,0,2771,2;                                             0002769P0003484
102,4,2773,2775,2777,2779;                                       0002771P0003485
110,1.188,1.36984,-0.740466195,0.997309985,1.36984,-0.841132219; 0002773P0003486
110,0.997309985,1.36984,-0.841132219,0.997309985,1.37484,        0002775P0003487
-0.841132219;                                                    0002775P0003488
110,0.997309985,1.37484,-0.841132219,1.188,1.37484,-0.740466195; 0002777P0003489
110,1.188,1.37484,-0.740466195,1.188,1.36984,-0.740466195;       0002779P0003490
144,2783,1,0,2785;                                               0002781P0003491
108,-0.276011882,-0.,0.961154223,-1.083727191,0,0.997309985,     0002783P0003492
1.37484,-0.841132219,0.;                                         0002783P0003493
142,0,2783,0,2787,2;                                             0002785P0003494
102,4,2789,2791,2793,2795;                                       0002787P0003495
110,0.997309985,1.36984,-0.841132219,1.188,1.36984,-0.786372318; 0002789P0003496
110,1.188,1.36984,-0.786372318,1.188,1.37484,-0.786372318;       0002791P0003497
110,1.188,1.37484,-0.786372318,0.997309985,1.37484,-0.841132219; 0002793P0003498
110,0.997309985,1.37484,-0.841132219,0.997309985,1.36984,        0002795P0003499
-0.841132219;                                                    0002795P0003500
144,2799,1,0,2801;                                               0002797P0003501
108,1.,-0.,-0.,1.188,0,1.188,1.37484,-0.786372318,0.;            0002799P0003502
142,0,2799,0,2803,2;                                             0002801P0003503
102,4,2805,2807,2809,2811;                                       0002803P0003504
110,1.188,1.36984,-0.786372318,1.188,1.36984,-0.840541103;       0002805P0003505
110,1.188,1.36984,-0.840541103,1.188,1.37484,-0.840541103;       0002807P0003506
110,1.188,1.37484,-0.840541103,1.188,1.37484,-0.786372318;       0002809P0003507
110,1.188,1.37484,-0.786372318,1.188,1.36984,-0.786372318;       0002811P0003508
144,2815,1,0,2817;                                               0002813P0003509
108,0.27631397,-0.,-0.961067422,1.136077668,0,1.188,1.37484,     0002815P0003510
-0.840541103,0.;                                                 0002815P0003511
142,0,2815,0,2819,2;                                             0002817P0003512
102,4,2821,2823,2825,2827;                                       0002819P0003513
110,1.188,1.36984,-0.840541103,0.974833965,1.36984,-0.90182791;  0002821P0003514
110,0.974833965,1.36984,-0.90182791,0.974833965,1.37484,         0002823P0003515
-0.90182791;                                                     0002823P0003516
110,0.974833965,1.37484,-0.90182791,1.188,1.37484,-0.840541103;  0002825P0003517
110,1.188,1.37484,-0.840541103,1.188,1.36984,-0.840541103;       0002827P0003518
144,2831,1,0,2833;                                               0002829P0003519
108,-0.,1.,-0.,1.37484,0,-0.242535356,1.37484,3.280988966E-03,   0002831P0003520
0.;                                                              0002831P0003521
142,0,2831,0,2835,2;                                             0002833P0003522
102,23,2837,2839,2841,2843,2845,2847,2849,2851,2853,2855,2857,   0002835P0003523
2859,2861,2863,2865,2867,2869,2871,2873,2875,2877,2879,2881;     0002835P0003524
110,0.974833965,1.37484,-0.90182791,0.974833965,1.37484,         0002837P0003525
-0.808334737;                                                    0002837P0003526
110,0.974833965,1.37484,-0.808334737,1.127122519,1.37484,        0002839P0003527
-0.732804597;                                                    0002839P0003528
110,1.127122519,1.37484,-0.732804597,0.974833965,1.37484,        0002841P0003529
-0.741002353;                                                    0002841P0003530
110,0.974833965,1.37484,-0.741002353,0.974833965,1.37484,        0002843P0003531
-0.650222481;                                                    0002843P0003532
110,0.974833965,1.37484,-0.650222481,1.147445033,1.37484,        0002845P0003533
-0.600607623;                                                    0002845P0003534
110,1.147445033,1.37484,-0.600607623,1.147445033,1.37484,        0002847P0003535
-0.482440157;                                                    0002847P0003536
110,1.147445033,1.37484,-0.482440157,1.094464962,1.37484,        0002849P0003537
-0.497535653;                                                    0002849P0003538
110,1.094464962,1.37484,-0.497535653,1.094464962,1.37484,        0002851P0003539
-0.589016045;                                                    0002851P0003540
110,1.094464962,1.37484,-0.589016045,1.055057874,1.37484,        0002853P0003541
-0.600271879;                                                    0002853P0003542
110,1.055057874,1.37484,-0.600271879,1.055057874,1.37484,        0002855P0003543
-0.508778525;                                                    0002855P0003544
110,1.055057874,1.37484,-0.508778525,1.015409025,1.37484,        0002857P0003545
-0.520315658;                                                    0002857P0003546
110,1.015409025,1.37484,-0.520315658,1.015409025,1.37484,        0002859P0003547
-0.617436282;                                                    0002859P0003548
110,1.015409025,1.37484,-0.617436282,0.974833965,1.37484,        0002861P0003549
-0.628960452;                                                    0002861P0003550
110,0.974833965,1.37484,-0.628960452,0.974833965,1.37484,        0002863P0003551
-0.471480529;                                                    0002863P0003552
110,0.974833965,1.37484,-0.471480529,1.188,1.37484,-0.410139925; 0002865P0003553
110,1.188,1.37484,-0.410139925,1.188,1.37484,-0.639785264;       0002867P0003554
110,1.188,1.37484,-0.639785264,0.998223882,1.37484,-0.694275533; 0002869P0003555
110,0.998223882,1.37484,-0.694275533,1.188,1.37484,-0.683638037; 0002871P0003556
110,1.188,1.37484,-0.683638037,1.188,1.37484,-0.740466195;       0002873P0003557
110,1.188,1.37484,-0.740466195,0.997309985,1.37484,-0.841132219; 0002875P0003558
110,0.997309985,1.37484,-0.841132219,1.188,1.37484,-0.786372318; 0002877P0003559
110,1.188,1.37484,-0.786372318,1.188,1.37484,-0.840541103;       0002879P0003560
110,1.188,1.37484,-0.840541103,0.974833965,1.37484,-0.90182791;  0002881P0003561
144,2885,1,0,2887;                                               0002883P0003562
108,0.,-1.,0.,-1.36984,0,-0.242535356,1.36984,3.280988966E-03,   0002885P0003563
0.;                                                              0002885P0003564
142,0,2885,0,2889,2;                                             0002887P0003565
102,23,2891,2893,2895,2897,2899,2901,2903,2905,2907,2909,2911,   0002889P0003566
2913,2915,2917,2919,2921,2923,2925,2927,2929,2931,2933,2935;     0002889P0003567
110,0.974833965,1.36984,-0.808334737,0.974833965,1.36984,        0002891P0003568
-0.90182791;                                                     0002891P0003569
110,0.974833965,1.36984,-0.90182791,1.188,1.36984,-0.840541103;  0002893P0003570
110,1.188,1.36984,-0.840541103,1.188,1.36984,-0.786372318;       0002895P0003571
110,1.188,1.36984,-0.786372318,0.997309985,1.36984,-0.841132219; 0002897P0003572
110,0.997309985,1.36984,-0.841132219,1.188,1.36984,-0.740466195; 0002899P0003573
110,1.188,1.36984,-0.740466195,1.188,1.36984,-0.683638037;       0002901P0003574
110,1.188,1.36984,-0.683638037,0.998223882,1.36984,-0.694275533; 0002903P0003575
110,0.998223882,1.36984,-0.694275533,1.188,1.36984,-0.639785264; 0002905P0003576
110,1.188,1.36984,-0.639785264,1.188,1.36984,-0.410139925;       0002907P0003577
110,1.188,1.36984,-0.410139925,0.974833965,1.36984,-0.471480529; 0002909P0003578
110,0.974833965,1.36984,-0.471480529,0.974833965,1.36984,        0002911P0003579
-0.628960452;                                                    0002911P0003580
110,0.974833965,1.36984,-0.628960452,1.015409025,1.36984,        0002913P0003581
-0.617436282;                                                    0002913P0003582
110,1.015409025,1.36984,-0.617436282,1.015409025,1.36984,        0002915P0003583
-0.520315658;                                                    0002915P0003584
110,1.015409025,1.36984,-0.520315658,1.055057874,1.36984,        0002917P0003585
-0.508778525;                                                    0002917P0003586
110,1.055057874,1.36984,-0.508778525,1.055057874,1.36984,        0002919P0003587
-0.600271879;                                                    0002919P0003588
110,1.055057874,1.36984,-0.600271879,1.094464962,1.36984,        0002921P0003589
-0.589016045;                                                    0002921P0003590
110,1.094464962,1.36984,-0.589016045,1.094464962,1.36984,        0002923P0003591
-0.497535653;                                                    0002923P0003592
110,1.094464962,1.36984,-0.497535653,1.147445033,1.36984,        0002925P0003593
-0.482440157;                                                    0002925P0003594
110,1.147445033,1.36984,-0.482440157,1.147445033,1.36984,        0002927P0003595
-0.600607623;                                                    0002927P0003596
110,1.147445033,1.36984,-0.600607623,0.974833965,1.36984,        0002929P0003597
-0.650222481;                                                    0002929P0003598
110,0.974833965,1.36984,-0.650222481,0.974833965,1.36984,        0002931P0003599
-0.741002353;                                                    0002931P0003600
110,0.974833965,1.36984,-0.741002353,1.127122519,1.36984,        0002933P0003601
-0.732804597;                                                    0002933P0003602
110,1.127122519,1.36984,-0.732804597,0.974833965,1.36984,        0002935P0003603
-0.808334737;                                                    0002935P0003604
402,13,2939,2955,2971,2987,3003,3019,3035,3051,3067,3083,3099,   0002937P0003605
3115,3145;                                                       0002937P0003606
144,2941,1,0,2943;                                               0002939P0003607
108,-0.276203301,-0.,0.961099233,-0.502328758,0,1.188,1.37484,   0002941P0003608
-0.18125,0.;                                                     0002941P0003609
142,0,2941,0,2945,2;                                             0002943P0003610
102,4,2947,2949,2951,2953;                                       0002945P0003611
110,0.974833965,1.36984,-0.242510233,1.188,1.36984,-0.18125;     0002947P0003612
110,1.188,1.36984,-0.18125,1.188,1.37484,-0.18125;               0002949P0003613
110,1.188,1.37484,-0.18125,0.974833965,1.37484,-0.242510233;     0002951P0003614
110,0.974833965,1.37484,-0.242510233,0.974833965,1.36984,        0002953P0003615
-0.242510233;                                                    0002953P0003616
144,2957,1,0,2959;                                               0002955P0003617
108,1.,-0.,5.943634068E-14,1.188,0,1.188,1.37484,-0.241864671,   0002957P0003618
0.;                                                              0002957P0003619
142,0,2957,0,2961,2;                                             0002959P0003620
102,4,2963,2965,2967,2969;                                       0002961P0003621
110,1.188,1.36984,-0.18125,1.188,1.36984,-0.241864671;           0002963P0003622
110,1.188,1.36984,-0.241864671,1.188,1.37484,-0.241864671;       0002965P0003623
110,1.188,1.37484,-0.241864671,1.188,1.37484,-0.18125;           0002967P0003624
110,1.188,1.37484,-0.18125,1.188,1.36984,-0.18125;               0002969P0003625
144,2973,1,0,2975;                                               0002971P0003626
108,0.275526577,-0.,-0.961293454,0.559828498,0,1.072256628,      0002973P0003627
1.37484,-0.275039115,0.;                                         0002973P0003628
142,0,2973,0,2977,2;                                             0002975P0003629
102,4,2979,2981,2983,2985;                                       0002977P0003630
110,1.188,1.36984,-0.241864671,1.072256628,1.36984,-0.275039115; 0002979P0003631
110,1.072256628,1.36984,-0.275039115,1.072256628,1.37484,        0002981P0003632
-0.275039115;                                                    0002981P0003633
110,1.072256628,1.37484,-0.275039115,1.188,1.37484,-0.241864671; 0002983P0003634
110,1.188,1.37484,-0.241864671,1.188,1.36984,-0.241864671;       0002985P0003635
144,2989,1,0,2991;                                               0002987P0003636
108,0.372507738,-0.,0.928029086,0.144179593,0,1.188,1.37484,     0002989P0003637
-0.321498113,0.;                                                 0002989P0003638
142,0,2989,0,2993,2;                                             0002991P0003639
102,4,2995,2997,2999,3001;                                       0002993P0003640
110,1.072256628,1.36984,-0.275039115,1.188,1.36984,-0.321498113; 0002995P0003641
110,1.188,1.36984,-0.321498113,1.188,1.37484,-0.321498113;       0002997P0003642
110,1.188,1.37484,-0.321498113,1.072256628,1.37484,-0.275039115; 0002999P0003643
110,1.072256628,1.37484,-0.275039115,1.072256628,1.36984,        0003001P0003644
-0.275039115;                                                    0003001P0003645
144,3005,1,0,3007;                                               0003003P0003646
108,1.,-0.,-0.,1.188,0,1.188,1.37484,-0.386357542,0.;            0003005P0003647
142,0,3005,0,3009,2;                                             0003007P0003648
102,4,3011,3013,3015,3017;                                       0003009P0003649
110,1.188,1.36984,-0.321498113,1.188,1.36984,-0.386357542;       0003011P0003650
110,1.188,1.36984,-0.386357542,1.188,1.37484,-0.386357542;       0003013P0003651
110,1.188,1.37484,-0.386357542,1.188,1.37484,-0.321498113;       0003015P0003652
110,1.188,1.37484,-0.321498113,1.188,1.36984,-0.321498113;       0003017P0003653
144,3021,1,0,3023;                                               0003019P0003654
108,-0.382914032,-0.,-0.923783981,-9.799096139E-02,0,            0003021P0003655
1.072256628,1.37484,-0.338381216,0.;                             0003021P0003656
142,0,3021,0,3025,2;                                             0003023P0003657
102,4,3027,3029,3031,3033;                                       0003025P0003658
110,1.188,1.36984,-0.386357542,1.072256628,1.36984,-0.338381216; 0003027P0003659
110,1.072256628,1.36984,-0.338381216,1.072256628,1.37484,        0003029P0003660
-0.338381216;                                                    0003029P0003661
110,1.072256628,1.37484,-0.338381216,1.188,1.37484,-0.386357542; 0003031P0003662
110,1.188,1.37484,-0.386357542,1.188,1.36984,-0.386357542;       0003033P0003663
144,3037,1,0,3039;                                               0003035P0003664
108,0.714569559,-0.,-0.699564397,1.002921397,0,0.974833965,      0003037P0003665
1.37484,-0.437893527,0.;                                         0003037P0003666
142,0,3037,0,3041,2;                                             0003039P0003667
102,4,3043,3045,3047,3049;                                       0003041P0003668
110,1.072256628,1.36984,-0.338381216,0.974833965,1.36984,        0003043P0003669
-0.437893527;                                                    0003043P0003670
110,0.974833965,1.36984,-0.437893527,0.974833965,1.37484,        0003045P0003671
-0.437893527;                                                    0003045P0003672
110,0.974833965,1.37484,-0.437893527,1.072256628,1.37484,        0003047P0003673
-0.338381216;                                                    0003047P0003674
110,1.072256628,1.37484,-0.338381216,1.072256628,1.36984,        0003049P0003675
-0.338381216;                                                    0003049P0003676
144,3053,1,0,3055;                                               0003051P0003677
108,-1.,0.,-0.,-0.974833965,0,0.974833965,1.37484,-0.367742572,  0003053P0003678
0.;                                                              0003053P0003679
142,0,3053,0,3057,2;                                             0003055P0003680
102,4,3059,3061,3063,3065;                                       0003057P0003681
110,0.974833965,1.36984,-0.437893527,0.974833965,1.36984,        0003059P0003682
-0.367742572;                                                    0003059P0003683
110,0.974833965,1.36984,-0.367742572,0.974833965,1.37484,        0003061P0003684
-0.367742572;                                                    0003061P0003685
110,0.974833965,1.37484,-0.367742572,0.974833965,1.37484,        0003063P0003686
-0.437893527;                                                    0003063P0003687
110,0.974833965,1.37484,-0.437893527,0.974833965,1.36984,        0003065P0003688
-0.437893527;                                                    0003065P0003689
144,3069,1,0,3071;                                               0003067P0003690
108,-0.705903766,-0.,0.708307753,-0.948613882,0,1.065736204,     0003069P0003691
1.37484,-0.277148854,0.;                                         0003069P0003692
142,0,3069,0,3073,2;                                             0003071P0003693
102,4,3075,3077,3079,3081;                                       0003073P0003694
110,0.974833965,1.36984,-0.367742572,1.065736204,1.36984,        0003075P0003695
-0.277148854;                                                    0003075P0003696
110,1.065736204,1.36984,-0.277148854,1.065736204,1.37484,        0003077P0003697
-0.277148854;                                                    0003077P0003698
110,1.065736204,1.37484,-0.277148854,0.974833965,1.37484,        0003079P0003699
-0.367742572;                                                    0003079P0003700
110,0.974833965,1.37484,-0.367742572,0.974833965,1.36984,        0003081P0003701
-0.367742572;                                                    0003081P0003702
144,3085,1,0,3087;                                               0003083P0003703
108,0.275552063,-0.,-0.961286149,0.560085165,0,0.974833965,      0003085P0003704
1.37484,-0.303205923,0.;                                         0003085P0003705
142,0,3085,0,3089,2;                                             0003087P0003706
102,4,3091,3093,3095,3097;                                       0003089P0003707
110,1.065736204,1.36984,-0.277148854,0.974833965,1.36984,        0003091P0003708
-0.303205923;                                                    0003091P0003709
110,0.974833965,1.36984,-0.303205923,0.974833965,1.37484,        0003093P0003710
-0.303205923;                                                    0003093P0003711
110,0.974833965,1.37484,-0.303205923,1.065736204,1.37484,        0003095P0003712
-0.277148854;                                                    0003095P0003713
110,1.065736204,1.37484,-0.277148854,1.065736204,1.36984,        0003097P0003714
-0.277148854;                                                    0003097P0003715
144,3101,1,0,3103;                                               0003099P0003716
108,-1.,0.,-0.,-0.974833965,0,0.974833965,1.37484,-0.242510233,  0003101P0003717
0.;                                                              0003101P0003718
142,0,3101,0,3105,2;                                             0003103P0003719
102,4,3107,3109,3111,3113;                                       0003105P0003720
110,0.974833965,1.36984,-0.303205923,0.974833965,1.36984,        0003107P0003721
-0.242510233;                                                    0003107P0003722
110,0.974833965,1.36984,-0.242510233,0.974833965,1.37484,        0003109P0003723
-0.242510233;                                                    0003109P0003724
110,0.974833965,1.37484,-0.242510233,0.974833965,1.37484,        0003111P0003725
-0.303205923;                                                    0003111P0003726
110,0.974833965,1.37484,-0.303205923,0.974833965,1.36984,        0003113P0003727
-0.303205923;                                                    0003113P0003728
144,3117,1,0,3119;                                               0003115P0003729
108,-0.,1.,-0.,1.37484,0,-0.242535356,1.37484,3.280988966E-03,   0003117P0003730
0.;                                                              0003117P0003731
142,0,3117,0,3121,2;                                             0003119P0003732
102,11,3123,3125,3127,3129,3131,3133,3135,3137,3139,3141,3143;   0003121P0003733
110,0.974833965,1.37484,-0.242510233,1.188,1.37484,-0.18125;     0003123P0003734
110,1.188,1.37484,-0.18125,1.188,1.37484,-0.241864671;           0003125P0003735
110,1.188,1.37484,-0.241864671,1.072256628,1.37484,-0.275039115; 0003127P0003736
110,1.072256628,1.37484,-0.275039115,1.188,1.37484,-0.321498113; 0003129P0003737
110,1.188,1.37484,-0.321498113,1.188,1.37484,-0.386357542;       0003131P0003738
110,1.188,1.37484,-0.386357542,1.072256628,1.37484,-0.338381216; 0003133P0003739
110,1.072256628,1.37484,-0.338381216,0.974833965,1.37484,        0003135P0003740
-0.437893527;                                                    0003135P0003741
110,0.974833965,1.37484,-0.437893527,0.974833965,1.37484,        0003137P0003742
-0.367742572;                                                    0003137P0003743
110,0.974833965,1.37484,-0.367742572,1.065736204,1.37484,        0003139P0003744
-0.277148854;                                                    0003139P0003745
110,1.065736204,1.37484,-0.277148854,0.974833965,1.37484,        0003141P0003746
-0.303205923;                                                    0003141P0003747
110,0.974833965,1.37484,-0.303205923,0.974833965,1.37484,        0003143P0003748
-0.242510233;                                                    0003143P0003749
144,3147,1,0,3149;                                               0003145P0003750
108,0.,-1.,0.,-1.36984,0,-0.242535356,1.36984,3.280988966E-03,   0003147P0003751
0.;                                                              0003147P0003752
142,0,3147,0,3151,2;                                             0003149P0003753
102,11,3153,3155,3157,3159,3161,3163,3165,3167,3169,3171,3173;   0003151P0003754
110,1.188,1.36984,-0.18125,0.974833965,1.36984,-0.242510233;     0003153P0003755
110,0.974833965,1.36984,-0.242510233,0.974833965,1.36984,        0003155P0003756
-0.303205923;                                                    0003155P0003757
110,0.974833965,1.36984,-0.303205923,1.065736204,1.36984,        0003157P0003758
-0.277148854;                                                    0003157P0003759
110,1.065736204,1.36984,-0.277148854,0.974833965,1.36984,        0003159P0003760
-0.367742572;                                                    0003159P0003761
110,0.974833965,1.36984,-0.367742572,0.974833965,1.36984,        0003161P0003762
-0.437893527;                                                    0003161P0003763
110,0.974833965,1.36984,-0.437893527,1.072256628,1.36984,        0003163P0003764
-0.338381216;                                                    0003163P0003765
110,1.072256628,1.36984,-0.338381216,1.188,1.36984,-0.386357542; 0003165P0003766
110,1.188,1.36984,-0.386357542,1.188,1.36984,-0.321498113;       0003167P0003767
110,1.188,1.36984,-0.321498113,1.072256628,1.36984,-0.275039115; 0003169P0003768
110,1.072256628,1.36984,-0.275039115,1.188,1.36984,-0.241864671; 0003171P0003769
110,1.188,1.36984,-0.241864671,1.188,1.36984,-0.18125;           0003173P0003770
314,79.215686746,81.960782692,93.333334295,15HLIGHTSTEELBLUE2;   0003175P0003771
314,76.862746885,76.862746885,76.862746885,6HGRAY77;             0003177P0003772
314,64.70588277,51.764706598,0.,13HDARKGOLDENROD;                0003179P0003773
406,1,32HCCS_CCSTD_0805_L2.2W1.45T1.4B0.5;                       0003181P0003774
S      1G      4D   3182P   3774                                        T0000001
