                                                                        S0000001
,,31HOpen CASCADE IGES processor 7.7,13HFilename.iges,                  G0000001
16HOpen CASCADE 7.7,31HOpen CASCADE IGES processor 7.7,32,308,15,308,15,G0000002
,1.,2,2HMM,1,0.01,15H20260408.144242,1E-07,1.,6HSYSTEM,,11,0,           G0000003
15H20260408.144242,;                                                    G0000004
     402       1       0       0       0       0       0       000000000D0000001
     402       0       0       2       1                DQK0006A        D0000002
     402       3       0       0       0       0       0       000020000D0000003
     402       0       0       1       1                               0D0000004
     144       4       0       0       0       0       0       000020000D0000005
     144       0   -2729       1       0                               0D0000006
     108       5       0       0       0       0       0       000010000D0000007
     108       0       0       1       0                               0D0000008
     142       6       0       0       0       0       0       000010500D0000009
     142       0       0       1       0                               0D0000010
     102       7       0       0       0       0       0       000010000D0000011
     102       0       0       1       0                               0D0000012
     110       8       0       0       0       0       0       000010000D0000013
     110       0       0       1       0                               0D0000014
     110       9       0       0       0       0       0       000010000D0000015
     110       0       0       1       0                               0D0000016
     110      10       0       0       0       0       0       000010000D0000017
     110       0       0       1       0                               0D0000018
     110      11       0       0       0       0       0       000010000D0000019
     110       0       0       1       0                               0D0000020
     144      12       0       0       0       0       0       000020000D0000021
     144       0   -2731       1       0                               0D0000022
     108      13       0       0       0       0       0       000010000D0000023
     108       0       0       1       0                               0D0000024
     142      14       0       0       0       0       0       000010500D0000025
     142       0       0       1       0                               0D0000026
     102      15       0       0       0       0       0       000010000D0000027
     102       0       0       1       0                               0D0000028
     110      16       0       0       0       0       0       000010000D0000029
     110       0       0       1       0                               0D0000030
     110      17       0       0       0       0       0       000010000D0000031
     110       0       0       1       0                               0D0000032
     110      18       0       0       0       0       0       000010000D0000033
     110       0       0       1       0                               0D0000034
     110      19       0       0       0       0       0       000010000D0000035
     110       0       0       1       0                               0D0000036
     144      20       0       0       0       0       0       000020000D0000037
     144       0   -2729       1       0                               0D0000038
     108      21       0       0       0       0       0       000010000D0000039
     108       0       0       1       0                               0D0000040
     142      22       0       0       0       0       0       000010500D0000041
     142       0       0       1       0                               0D0000042
     102      23       0       0       0       0       0       000010000D0000043
     102       0       0       1       0                               0D0000044
     110      24       0       0       0       0       0       000010000D0000045
     110       0       0       1       0                               0D0000046
     110      25       0       0       0       0       0       000010000D0000047
     110       0       0       1       0                               0D0000048
     110      26       0       0       0       0       0       000010000D0000049
     110       0       0       1       0                               0D0000050
     110      27       0       0       0       0       0       000010000D0000051
     110       0       0       1       0                               0D0000052
     144      28       0       0       0       0       0       000020000D0000053
     144       0   -2729       1       0                               0D0000054
     108      29       0       0       0       0       0       000010000D0000055
     108       0       0       1       0                               0D0000056
     142      30       0       0       0       0       0       000010500D0000057
     142       0       0       1       0                               0D0000058
     102      31       0       0       0       0       0       000010000D0000059
     102       0       0       1       0                               0D0000060
     110      32       0       0       0       0       0       000010000D0000061
     110       0       0       1       0                               0D0000062
     110      33       0       0       0       0       0       000010000D0000063
     110       0       0       1       0                               0D0000064
     110      34       0       0       0       0       0       000010000D0000065
     110       0       0       1       0                               0D0000066
     110      35       0       0       0       0       0       000010000D0000067
     110       0       0       1       0                               0D0000068
     144      36       0       0       0       0       0       000020000D0000069
     144       0   -2729       1       0                               0D0000070
     108      37       0       0       0       0       0       000010000D0000071
     108       0       0       1       0                               0D0000072
     142      38       0       0       0       0       0       000010500D0000073
     142       0       0       1       0                               0D0000074
     102      39       0       0       0       0       0       000010000D0000075
     102       0       0       1       0                               0D0000076
     110      40       0       0       0       0       0       000010000D0000077
     110       0       0       1       0                               0D0000078
     110      41       0       0       0       0       0       000010000D0000079
     110       0       0       1       0                               0D0000080
     110      42       0       0       0       0       0       000010000D0000081
     110       0       0       1       0                               0D0000082
     110      43       0       0       0       0       0       000010000D0000083
     110       0       0       1       0                               0D0000084
     144      44       0       0       0       0       0       000020000D0000085
     144       0   -2729       1       0                               0D0000086
     108      45       0       0       0       0       0       000010000D0000087
     108       0       0       1       0                               0D0000088
     142      46       0       0       0       0       0       000010500D0000089
     142       0       0       1       0                               0D0000090
     102      47       0       0       0       0       0       000010000D0000091
     102       0       0       1       0                               0D0000092
     110      48       0       0       0       0       0       000010000D0000093
     110       0       0       1       0                               0D0000094
     110      49       0       0       0       0       0       000010000D0000095
     110       0       0       1       0                               0D0000096
     110      50       0       0       0       0       0       000010000D0000097
     110       0       0       1       0                               0D0000098
     110      51       0       0       0       0       0       000010000D0000099
     110       0       0       1       0                               0D0000100
     402      52       0       0       0       0       0       000020000D0000101
     402       0       0       1       1                               0D0000102
     144      53       0       0       0       0       0       000020000D0000103
     144       0   -2729       1       0                               0D0000104
     108      54       0       0       0       0       0       000010000D0000105
     108       0       0       1       0                               0D0000106
     142      55       0       0       0       0       0       000010500D0000107
     142       0       0       1       0                               0D0000108
     102      56       0       0       0       0       0       000010000D0000109
     102       0       0       1       0                               0D0000110
     110      57       0       0       0       0       0       000010000D0000111
     110       0       0       1       0                               0D0000112
     110      58       0       0       0       0       0       000010000D0000113
     110       0       0       1       0                               0D0000114
     110      59       0       0       0       0       0       000010000D0000115
     110       0       0       1       0                               0D0000116
     110      60       0       0       0       0       0       000010000D0000117
     110       0       0       1       0                               0D0000118
     144      61       0       0       0       0       0       000020000D0000119
     144       0   -2731       1       0                               0D0000120
     108      62       0       0       0       0       0       000010000D0000121
     108       0       0       1       0                               0D0000122
     142      63       0       0       0       0       0       000010500D0000123
     142       0       0       1       0                               0D0000124
     102      64       0       0       0       0       0       000010000D0000125
     102       0       0       1       0                               0D0000126
     110      65       0       0       0       0       0       000010000D0000127
     110       0       0       1       0                               0D0000128
     110      66       0       0       0       0       0       000010000D0000129
     110       0       0       1       0                               0D0000130
     110      67       0       0       0       0       0       000010000D0000131
     110       0       0       1       0                               0D0000132
     110      68       0       0       0       0       0       000010000D0000133
     110       0       0       1       0                               0D0000134
     144      69       0       0       0       0       0       000020000D0000135
     144       0   -2729       1       0                               0D0000136
     108      70       0       0       0       0       0       000010000D0000137
     108       0       0       1       0                               0D0000138
     142      71       0       0       0       0       0       000010500D0000139
     142       0       0       1       0                               0D0000140
     102      72       0       0       0       0       0       000010000D0000141
     102       0       0       1       0                               0D0000142
     110      73       0       0       0       0       0       000010000D0000143
     110       0       0       1       0                               0D0000144
     110      74       0       0       0       0       0       000010000D0000145
     110       0       0       1       0                               0D0000146
     110      75       0       0       0       0       0       000010000D0000147
     110       0       0       1       0                               0D0000148
     110      76       0       0       0       0       0       000010000D0000149
     110       0       0       1       0                               0D0000150
     144      77       0       0       0       0       0       000020000D0000151
     144       0   -2729       1       0                               0D0000152
     108      78       0       0       0       0       0       000010000D0000153
     108       0       0       1       0                               0D0000154
     142      79       0       0       0       0       0       000010500D0000155
     142       0       0       1       0                               0D0000156
     102      80       0       0       0       0       0       000010000D0000157
     102       0       0       1       0                               0D0000158
     110      81       0       0       0       0       0       000010000D0000159
     110       0       0       1       0                               0D0000160
     110      82       0       0       0       0       0       000010000D0000161
     110       0       0       1       0                               0D0000162
     110      83       0       0       0       0       0       000010000D0000163
     110       0       0       1       0                               0D0000164
     110      84       0       0       0       0       0       000010000D0000165
     110       0       0       1       0                               0D0000166
     144      85       0       0       0       0       0       000020000D0000167
     144       0   -2729       1       0                               0D0000168
     108      86       0       0       0       0       0       000010000D0000169
     108       0       0       1       0                               0D0000170
     142      87       0       0       0       0       0       000010500D0000171
     142       0       0       1       0                               0D0000172
     102      88       0       0       0       0       0       000010000D0000173
     102       0       0       1       0                               0D0000174
     110      89       0       0       0       0       0       000010000D0000175
     110       0       0       1       0                               0D0000176
     110      90       0       0       0       0       0       000010000D0000177
     110       0       0       1       0                               0D0000178
     110      91       0       0       0       0       0       000010000D0000179
     110       0       0       1       0                               0D0000180
     110      92       0       0       0       0       0       000010000D0000181
     110       0       0       1       0                               0D0000182
     144      93       0       0       0       0       0       000020000D0000183
     144       0   -2729       1       0                               0D0000184
     108      94       0       0       0       0       0       000010000D0000185
     108       0       0       1       0                               0D0000186
     142      95       0       0       0       0       0       000010500D0000187
     142       0       0       1       0                               0D0000188
     102      96       0       0       0       0       0       000010000D0000189
     102       0       0       1       0                               0D0000190
     110      97       0       0       0       0       0       000010000D0000191
     110       0       0       1       0                               0D0000192
     110      98       0       0       0       0       0       000010000D0000193
     110       0       0       1       0                               0D0000194
     110      99       0       0       0       0       0       000010000D0000195
     110       0       0       1       0                               0D0000196
     110     100       0       0       0       0       0       000010000D0000197
     110       0       0       1       0                               0D0000198
     402     101       0       0       0       0       0       000020000D0000199
     402       0       0       1       1                               0D0000200
     144     102       0       0       0       0       0       000020000D0000201
     144       0   -2729       1       0                               0D0000202
     108     103       0       0       0       0       0       000010000D0000203
     108       0       0       1       0                               0D0000204
     142     104       0       0       0       0       0       000010500D0000205
     142       0       0       1       0                               0D0000206
     102     105       0       0       0       0       0       000010000D0000207
     102       0       0       1       0                               0D0000208
     110     106       0       0       0       0       0       000010000D0000209
     110       0       0       1       0                               0D0000210
     110     107       0       0       0       0       0       000010000D0000211
     110       0       0       1       0                               0D0000212
     110     108       0       0       0       0       0       000010000D0000213
     110       0       0       1       0                               0D0000214
     110     109       0       0       0       0       0       000010000D0000215
     110       0       0       1       0                               0D0000216
     144     110       0       0       0       0       0       000020000D0000217
     144       0   -2731       1       0                               0D0000218
     108     111       0       0       0       0       0       000010000D0000219
     108       0       0       1       0                               0D0000220
     142     112       0       0       0       0       0       000010500D0000221
     142       0       0       1       0                               0D0000222
     102     113       0       0       0       0       0       000010000D0000223
     102       0       0       1       0                               0D0000224
     110     114       0       0       0       0       0       000010000D0000225
     110       0       0       1       0                               0D0000226
     110     115       0       0       0       0       0       000010000D0000227
     110       0       0       1       0                               0D0000228
     110     116       0       0       0       0       0       000010000D0000229
     110       0       0       1       0                               0D0000230
     110     117       0       0       0       0       0       000010000D0000231
     110       0       0       1       0                               0D0000232
     144     118       0       0       0       0       0       000020000D0000233
     144       0   -2729       1       0                               0D0000234
     108     119       0       0       0       0       0       000010000D0000235
     108       0       0       1       0                               0D0000236
     142     120       0       0       0       0       0       000010500D0000237
     142       0       0       1       0                               0D0000238
     102     121       0       0       0       0       0       000010000D0000239
     102       0       0       1       0                               0D0000240
     110     122       0       0       0       0       0       000010000D0000241
     110       0       0       1       0                               0D0000242
     110     123       0       0       0       0       0       000010000D0000243
     110       0       0       1       0                               0D0000244
     110     124       0       0       0       0       0       000010000D0000245
     110       0       0       1       0                               0D0000246
     110     125       0       0       0       0       0       000010000D0000247
     110       0       0       1       0                               0D0000248
     144     126       0       0       0       0       0       000020000D0000249
     144       0   -2729       1       0                               0D0000250
     108     127       0       0       0       0       0       000010000D0000251
     108       0       0       1       0                               0D0000252
     142     128       0       0       0       0       0       000010500D0000253
     142       0       0       1       0                               0D0000254
     102     129       0       0       0       0       0       000010000D0000255
     102       0       0       1       0                               0D0000256
     110     130       0       0       0       0       0       000010000D0000257
     110       0       0       1       0                               0D0000258
     110     131       0       0       0       0       0       000010000D0000259
     110       0       0       1       0                               0D0000260
     110     132       0       0       0       0       0       000010000D0000261
     110       0       0       1       0                               0D0000262
     110     133       0       0       0       0       0       000010000D0000263
     110       0       0       1       0                               0D0000264
     144     134       0       0       0       0       0       000020000D0000265
     144       0   -2729       1       0                               0D0000266
     108     135       0       0       0       0       0       000010000D0000267
     108       0       0       1       0                               0D0000268
     142     136       0       0       0       0       0       000010500D0000269
     142       0       0       1       0                               0D0000270
     102     137       0       0       0       0       0       000010000D0000271
     102       0       0       1       0                               0D0000272
     110     138       0       0       0       0       0       000010000D0000273
     110       0       0       1       0                               0D0000274
     110     139       0       0       0       0       0       000010000D0000275
     110       0       0       1       0                               0D0000276
     110     140       0       0       0       0       0       000010000D0000277
     110       0       0       1       0                               0D0000278
     110     141       0       0       0       0       0       000010000D0000279
     110       0       0       1       0                               0D0000280
     144     142       0       0       0       0       0       000020000D0000281
     144       0   -2729       1       0                               0D0000282
     108     143       0       0       0       0       0       000010000D0000283
     108       0       0       1       0                               0D0000284
     142     144       0       0       0       0       0       000010500D0000285
     142       0       0       1       0                               0D0000286
     102     145       0       0       0       0       0       000010000D0000287
     102       0       0       1       0                               0D0000288
     110     146       0       0       0       0       0       000010000D0000289
     110       0       0       1       0                               0D0000290
     110     147       0       0       0       0       0       000010000D0000291
     110       0       0       1       0                               0D0000292
     110     148       0       0       0       0       0       000010000D0000293
     110       0       0       1       0                               0D0000294
     110     149       0       0       0       0       0       000010000D0000295
     110       0       0       1       0                               0D0000296
     402     150       0       0       0       0       0       000020000D0000297
     402       0       0       1       1                               0D0000298
     144     151       0       0       0       0       0       000020000D0000299
     144       0   -2729       1       0                               0D0000300
     108     152       0       0       0       0       0       000010000D0000301
     108       0       0       1       0                               0D0000302
     142     153       0       0       0       0       0       000010500D0000303
     142       0       0       1       0                               0D0000304
     102     154       0       0       0       0       0       000010000D0000305
     102       0       0       1       0                               0D0000306
     110     155       0       0       0       0       0       000010000D0000307
     110       0       0       1       0                               0D0000308
     110     156       0       0       0       0       0       000010000D0000309
     110       0       0       1       0                               0D0000310
     110     157       0       0       0       0       0       000010000D0000311
     110       0       0       1       0                               0D0000312
     110     158       0       0       0       0       0       000010000D0000313
     110       0       0       1       0                               0D0000314
     144     159       0       0       0       0       0       000020000D0000315
     144       0   -2731       1       0                               0D0000316
     108     160       0       0       0       0       0       000010000D0000317
     108       0       0       1       0                               0D0000318
     142     161       0       0       0       0       0       000010500D0000319
     142       0       0       1       0                               0D0000320
     102     162       0       0       0       0       0       000010000D0000321
     102       0       0       1       0                               0D0000322
     110     163       0       0       0       0       0       000010000D0000323
     110       0       0       1       0                               0D0000324
     110     164       0       0       0       0       0       000010000D0000325
     110       0       0       1       0                               0D0000326
     110     165       0       0       0       0       0       000010000D0000327
     110       0       0       1       0                               0D0000328
     110     166       0       0       0       0       0       000010000D0000329
     110       0       0       1       0                               0D0000330
     144     167       0       0       0       0       0       000020000D0000331
     144       0   -2729       1       0                               0D0000332
     108     168       0       0       0       0       0       000010000D0000333
     108       0       0       1       0                               0D0000334
     142     169       0       0       0       0       0       000010500D0000335
     142       0       0       1       0                               0D0000336
     102     170       0       0       0       0       0       000010000D0000337
     102       0       0       1       0                               0D0000338
     110     171       0       0       0       0       0       000010000D0000339
     110       0       0       1       0                               0D0000340
     110     172       0       0       0       0       0       000010000D0000341
     110       0       0       1       0                               0D0000342
     110     173       0       0       0       0       0       000010000D0000343
     110       0       0       1       0                               0D0000344
     110     174       0       0       0       0       0       000010000D0000345
     110       0       0       1       0                               0D0000346
     144     175       0       0       0       0       0       000020000D0000347
     144       0   -2729       1       0                               0D0000348
     108     176       0       0       0       0       0       000010000D0000349
     108       0       0       1       0                               0D0000350
     142     177       0       0       0       0       0       000010500D0000351
     142       0       0       1       0                               0D0000352
     102     178       0       0       0       0       0       000010000D0000353
     102       0       0       1       0                               0D0000354
     110     179       0       0       0       0       0       000010000D0000355
     110       0       0       1       0                               0D0000356
     110     180       0       0       0       0       0       000010000D0000357
     110       0       0       1       0                               0D0000358
     110     181       0       0       0       0       0       000010000D0000359
     110       0       0       1       0                               0D0000360
     110     182       0       0       0       0       0       000010000D0000361
     110       0       0       1       0                               0D0000362
     144     183       0       0       0       0       0       000020000D0000363
     144       0   -2729       1       0                               0D0000364
     108     184       0       0       0       0       0       000010000D0000365
     108       0       0       1       0                               0D0000366
     142     185       0       0       0       0       0       000010500D0000367
     142       0       0       1       0                               0D0000368
     102     186       0       0       0       0       0       000010000D0000369
     102       0       0       1       0                               0D0000370
     110     187       0       0       0       0       0       000010000D0000371
     110       0       0       1       0                               0D0000372
     110     188       0       0       0       0       0       000010000D0000373
     110       0       0       1       0                               0D0000374
     110     189       0       0       0       0       0       000010000D0000375
     110       0       0       1       0                               0D0000376
     110     190       0       0       0       0       0       000010000D0000377
     110       0       0       1       0                               0D0000378
     144     191       0       0       0       0       0       000020000D0000379
     144       0   -2729       1       0                               0D0000380
     108     192       0       0       0       0       0       000010000D0000381
     108       0       0       1       0                               0D0000382
     142     193       0       0       0       0       0       000010500D0000383
     142       0       0       1       0                               0D0000384
     102     194       0       0       0       0       0       000010000D0000385
     102       0       0       1       0                               0D0000386
     110     195       0       0       0       0       0       000010000D0000387
     110       0       0       1       0                               0D0000388
     110     196       0       0       0       0       0       000010000D0000389
     110       0       0       1       0                               0D0000390
     110     197       0       0       0       0       0       000010000D0000391
     110       0       0       1       0                               0D0000392
     110     198       0       0       0       0       0       000010000D0000393
     110       0       0       1       0                               0D0000394
     402     199       0       0       0       0       0       000020000D0000395
     402       0       0       1       1                               0D0000396
     144     200       0       0       0       0       0       000020000D0000397
     144       0   -2729       1       0                               0D0000398
     108     201       0       0       0       0       0       000010000D0000399
     108       0       0       1       0                               0D0000400
     142     202       0       0       0       0       0       000010500D0000401
     142       0       0       1       0                               0D0000402
     102     203       0       0       0       0       0       000010000D0000403
     102       0       0       1       0                               0D0000404
     110     204       0       0       0       0       0       000010000D0000405
     110       0       0       1       0                               0D0000406
     110     205       0       0       0       0       0       000010000D0000407
     110       0       0       1       0                               0D0000408
     110     206       0       0       0       0       0       000010000D0000409
     110       0       0       1       0                               0D0000410
     110     207       0       0       0       0       0       000010000D0000411
     110       0       0       1       0                               0D0000412
     144     208       0       0       0       0       0       000020000D0000413
     144       0   -2731       1       0                               0D0000414
     108     209       0       0       0       0       0       000010000D0000415
     108       0       0       1       0                               0D0000416
     142     210       0       0       0       0       0       000010500D0000417
     142       0       0       1       0                               0D0000418
     102     211       0       0       0       0       0       000010000D0000419
     102       0       0       1       0                               0D0000420
     110     212       0       0       0       0       0       000010000D0000421
     110       0       0       1       0                               0D0000422
     110     213       0       0       0       0       0       000010000D0000423
     110       0       0       1       0                               0D0000424
     110     214       0       0       0       0       0       000010000D0000425
     110       0       0       1       0                               0D0000426
     110     215       0       0       0       0       0       000010000D0000427
     110       0       0       1       0                               0D0000428
     144     216       0       0       0       0       0       000020000D0000429
     144       0   -2729       1       0                               0D0000430
     108     217       0       0       0       0       0       000010000D0000431
     108       0       0       1       0                               0D0000432
     142     218       0       0       0       0       0       000010500D0000433
     142       0       0       1       0                               0D0000434
     102     219       0       0       0       0       0       000010000D0000435
     102       0       0       1       0                               0D0000436
     110     220       0       0       0       0       0       000010000D0000437
     110       0       0       1       0                               0D0000438
     110     221       0       0       0       0       0       000010000D0000439
     110       0       0       1       0                               0D0000440
     110     222       0       0       0       0       0       000010000D0000441
     110       0       0       1       0                               0D0000442
     110     223       0       0       0       0       0       000010000D0000443
     110       0       0       1       0                               0D0000444
     144     224       0       0       0       0       0       000020000D0000445
     144       0   -2729       1       0                               0D0000446
     108     225       0       0       0       0       0       000010000D0000447
     108       0       0       1       0                               0D0000448
     142     226       0       0       0       0       0       000010500D0000449
     142       0       0       1       0                               0D0000450
     102     227       0       0       0       0       0       000010000D0000451
     102       0       0       1       0                               0D0000452
     110     228       0       0       0       0       0       000010000D0000453
     110       0       0       1       0                               0D0000454
     110     229       0       0       0       0       0       000010000D0000455
     110       0       0       1       0                               0D0000456
     110     230       0       0       0       0       0       000010000D0000457
     110       0       0       1       0                               0D0000458
     110     231       0       0       0       0       0       000010000D0000459
     110       0       0       1       0                               0D0000460
     144     232       0       0       0       0       0       000020000D0000461
     144       0   -2729       1       0                               0D0000462
     108     233       0       0       0       0       0       000010000D0000463
     108       0       0       1       0                               0D0000464
     142     234       0       0       0       0       0       000010500D0000465
     142       0       0       1       0                               0D0000466
     102     235       0       0       0       0       0       000010000D0000467
     102       0       0       1       0                               0D0000468
     110     236       0       0       0       0       0       000010000D0000469
     110       0       0       1       0                               0D0000470
     110     237       0       0       0       0       0       000010000D0000471
     110       0       0       1       0                               0D0000472
     110     238       0       0       0       0       0       000010000D0000473
     110       0       0       1       0                               0D0000474
     110     239       0       0       0       0       0       000010000D0000475
     110       0       0       1       0                               0D0000476
     144     240       0       0       0       0       0       000020000D0000477
     144       0   -2729       1       0                               0D0000478
     108     241       0       0       0       0       0       000010000D0000479
     108       0       0       1       0                               0D0000480
     142     242       0       0       0       0       0       000010500D0000481
     142       0       0       1       0                               0D0000482
     102     243       0       0       0       0       0       000010000D0000483
     102       0       0       1       0                               0D0000484
     110     244       0       0       0       0       0       000010000D0000485
     110       0       0       1       0                               0D0000486
     110     245       0       0       0       0       0       000010000D0000487
     110       0       0       1       0                               0D0000488
     110     246       0       0       0       0       0       000010000D0000489
     110       0       0       1       0                               0D0000490
     110     247       0       0       0       0       0       000010000D0000491
     110       0       0       1       0                               0D0000492
     402     248       0       0       0       0       0       000020000D0000493
     402       0       0       1       1                               0D0000494
     144     249       0       0       0       0       0       000020000D0000495
     144       0   -2729       1       0                               0D0000496
     108     250       0       0       0       0       0       000010000D0000497
     108       0       0       1       0                               0D0000498
     142     251       0       0       0       0       0       000010500D0000499
     142       0       0       1       0                               0D0000500
     102     252       0       0       0       0       0       000010000D0000501
     102       0       0       1       0                               0D0000502
     110     253       0       0       0       0       0       000010000D0000503
     110       0       0       1       0                               0D0000504
     110     254       0       0       0       0       0       000010000D0000505
     110       0       0       1       0                               0D0000506
     110     255       0       0       0       0       0       000010000D0000507
     110       0       0       1       0                               0D0000508
     110     256       0       0       0       0       0       000010000D0000509
     110       0       0       1       0                               0D0000510
     144     257       0       0       0       0       0       000020000D0000511
     144       0   -2731       1       0                               0D0000512
     108     258       0       0       0       0       0       000010000D0000513
     108       0       0       1       0                               0D0000514
     142     259       0       0       0       0       0       000010500D0000515
     142       0       0       1       0                               0D0000516
     102     260       0       0       0       0       0       000010000D0000517
     102       0       0       1       0                               0D0000518
     110     261       0       0       0       0       0       000010000D0000519
     110       0       0       1       0                               0D0000520
     110     262       0       0       0       0       0       000010000D0000521
     110       0       0       1       0                               0D0000522
     110     263       0       0       0       0       0       000010000D0000523
     110       0       0       1       0                               0D0000524
     110     264       0       0       0       0       0       000010000D0000525
     110       0       0       1       0                               0D0000526
     144     265       0       0       0       0       0       000020000D0000527
     144       0   -2729       1       0                               0D0000528
     108     266       0       0       0       0       0       000010000D0000529
     108       0       0       1       0                               0D0000530
     142     267       0       0       0       0       0       000010500D0000531
     142       0       0       1       0                               0D0000532
     102     268       0       0       0       0       0       000010000D0000533
     102       0       0       1       0                               0D0000534
     110     269       0       0       0       0       0       000010000D0000535
     110       0       0       1       0                               0D0000536
     110     270       0       0       0       0       0       000010000D0000537
     110       0       0       1       0                               0D0000538
     110     271       0       0       0       0       0       000010000D0000539
     110       0       0       1       0                               0D0000540
     110     272       0       0       0       0       0       000010000D0000541
     110       0       0       1       0                               0D0000542
     144     273       0       0       0       0       0       000020000D0000543
     144       0   -2729       1       0                               0D0000544
     108     274       0       0       0       0       0       000010000D0000545
     108       0       0       1       0                               0D0000546
     142     275       0       0       0       0       0       000010500D0000547
     142       0       0       1       0                               0D0000548
     102     276       0       0       0       0       0       000010000D0000549
     102       0       0       1       0                               0D0000550
     110     277       0       0       0       0       0       000010000D0000551
     110       0       0       1       0                               0D0000552
     110     278       0       0       0       0       0       000010000D0000553
     110       0       0       1       0                               0D0000554
     110     279       0       0       0       0       0       000010000D0000555
     110       0       0       1       0                               0D0000556
     110     280       0       0       0       0       0       000010000D0000557
     110       0       0       1       0                               0D0000558
     144     281       0       0       0       0       0       000020000D0000559
     144       0   -2729       1       0                               0D0000560
     108     282       0       0       0       0       0       000010000D0000561
     108       0       0       1       0                               0D0000562
     142     283       0       0       0       0       0       000010500D0000563
     142       0       0       1       0                               0D0000564
     102     284       0       0       0       0       0       000010000D0000565
     102       0       0       1       0                               0D0000566
     110     285       0       0       0       0       0       000010000D0000567
     110       0       0       1       0                               0D0000568
     110     286       0       0       0       0       0       000010000D0000569
     110       0       0       1       0                               0D0000570
     110     287       0       0       0       0       0       000010000D0000571
     110       0       0       1       0                               0D0000572
     110     288       0       0       0       0       0       000010000D0000573
     110       0       0       1       0                               0D0000574
     144     289       0       0       0       0       0       000020000D0000575
     144       0   -2729       1       0                               0D0000576
     108     290       0       0       0       0       0       000010000D0000577
     108       0       0       1       0                               0D0000578
     142     291       0       0       0       0       0       000010500D0000579
     142       0       0       1       0                               0D0000580
     102     292       0       0       0       0       0       000010000D0000581
     102       0       0       1       0                               0D0000582
     110     293       0       0       0       0       0       000010000D0000583
     110       0       0       1       0                               0D0000584
     110     294       0       0       0       0       0       000010000D0000585
     110       0       0       1       0                               0D0000586
     110     295       0       0       0       0       0       000010000D0000587
     110       0       0       1       0                               0D0000588
     110     296       0       0       0       0       0       000010000D0000589
     110       0       0       1       0                               0D0000590
     402     297       0       0       0       0       0       000020000D0000591
     402       0       0       1       1                               0D0000592
     144     298       0       0       0       0       0       000020000D0000593
     144       0   -2729       1       0                               0D0000594
     108     299       0       0       0       0       0       000010000D0000595
     108       0       0       1       0                               0D0000596
     142     300       0       0       0       0       0       000010500D0000597
     142       0       0       1       0                               0D0000598
     102     301       0       0       0       0       0       000010000D0000599
     102       0       0       1       0                               0D0000600
     110     302       0       0       0       0       0       000010000D0000601
     110       0       0       1       0                               0D0000602
     110     303       0       0       0       0       0       000010000D0000603
     110       0       0       1       0                               0D0000604
     110     304       0       0       0       0       0       000010000D0000605
     110       0       0       1       0                               0D0000606
     110     305       0       0       0       0       0       000010000D0000607
     110       0       0       1       0                               0D0000608
     110     306       0       0       0       0       0       000010000D0000609
     110       0       0       1       0                               0D0000610
     144     307       0       0       0       0       0       000020000D0000611
     144       0   -2729       1       0                               0D0000612
     108     308       0       0       0       0       0       000010000D0000613
     108       0       0       1       0                               0D0000614
     142     309       0       0       0       0       0       000010500D0000615
     142       0       0       1       0                               0D0000616
     102     310       0       0       0       0       0       000010000D0000617
     102       0       0       1       0                               0D0000618
     110     311       0       0       0       0       0       000010000D0000619
     110       0       0       1       0                               0D0000620
     110     312       0       0       0       0       0       000010000D0000621
     110       0       0       1       0                               0D0000622
     110     313       0       0       0       0       0       000010000D0000623
     110       0       0       1       0                               0D0000624
     110     314       0       0       0       0       0       000010000D0000625
     110       0       0       1       0                               0D0000626
     144     315       0       0       0       0       0       000020000D0000627
     144       0   -2729       1       0                               0D0000628
     108     316       0       0       0       0       0       000010000D0000629
     108       0       0       1       0                               0D0000630
     142     317       0       0       0       0       0       000010500D0000631
     142       0       0       1       0                               0D0000632
     102     318       0       0       0       0       0       000010000D0000633
     102       0       0       1       0                               0D0000634
     110     319       0       0       0       0       0       000010000D0000635
     110       0       0       1       0                               0D0000636
     110     320       0       0       0       0       0       000010000D0000637
     110       0       0       1       0                               0D0000638
     110     321       0       0       0       0       0       000010000D0000639
     110       0       0       1       0                               0D0000640
     110     322       0       0       0       0       0       000010000D0000641
     110       0       0       1       0                               0D0000642
     144     323       0       0       0       0       0       000020000D0000643
     144       0   -2729       1       0                               0D0000644
     108     324       0       0       0       0       0       000010000D0000645
     108       0       0       1       0                               0D0000646
     142     325       0       0       0       0       0       000010500D0000647
     142       0       0       1       0                               0D0000648
     102     326       0       0       0       0       0       000010000D0000649
     102       0       0       1       0                               0D0000650
     110     327       0       0       0       0       0       000010000D0000651
     110       0       0       1       0                               0D0000652
     110     328       0       0       0       0       0       000010000D0000653
     110       0       0       1       0                               0D0000654
     110     329       0       0       0       0       0       000010000D0000655
     110       0       0       1       0                               0D0000656
     110     330       0       0       0       0       0       000010000D0000657
     110       0       0       1       0                               0D0000658
     144     331       0       0       0       0       0       000020000D0000659
     144       0   -2729       1       0                               0D0000660
     108     332       0       0       0       0       0       000010000D0000661
     108       0       0       1       0                               0D0000662
     142     333       0       0       0       0       0       000010500D0000663
     142       0       0       1       0                               0D0000664
     102     334       0       0       0       0       0       000010000D0000665
     102       0       0       1       0                               0D0000666
     110     335       0       0       0       0       0       000010000D0000667
     110       0       0       1       0                               0D0000668
     110     336       0       0       0       0       0       000010000D0000669
     110       0       0       1       0                               0D0000670
     110     337       0       0       0       0       0       000010000D0000671
     110       0       0       1       0                               0D0000672
     110     338       0       0       0       0       0       000010000D0000673
     110       0       0       1       0                               0D0000674
     144     339       0       0       0       0       0       000020000D0000675
     144       0   -2729       1       0                               0D0000676
     108     340       0       0       0       0       0       000010000D0000677
     108       0       0       1       0                               0D0000678
     142     341       0       0       0       0       0       000010500D0000679
     142       0       0       1       0                               0D0000680
     102     342       0       0       0       0       0       000010000D0000681
     102       0       0       1       0                               0D0000682
     110     343       0       0       0       0       0       000010000D0000683
     110       0       0       1       0                               0D0000684
     110     344       0       0       0       0       0       000010000D0000685
     110       0       0       1       0                               0D0000686
     110     345       0       0       0       0       0       000010000D0000687
     110       0       0       1       0                               0D0000688
     110     346       0       0       0       0       0       000010000D0000689
     110       0       0       1       0                               0D0000690
     144     347       0       0       0       0       0       000020000D0000691
     144       0   -2729       1       0                               0D0000692
     108     348       0       0       0       0       0       000010000D0000693
     108       0       0       1       0                               0D0000694
     142     349       0       0       0       0       0       000010500D0000695
     142       0       0       1       0                               0D0000696
     102     350       0       0       0       0       0       000010000D0000697
     102       0       0       1       0                               0D0000698
     110     351       0       0       0       0       0       000010000D0000699
     110       0       0       1       0                               0D0000700
     110     352       0       0       0       0       0       000010000D0000701
     110       0       0       1       0                               0D0000702
     110     353       0       0       0       0       0       000010000D0000703
     110       0       0       1       0                               0D0000704
     110     354       0       0       0       0       0       000010000D0000705
     110       0       0       1       0                               0D0000706
     110     355       0       0       0       0       0       000010000D0000707
     110       0       0       1       0                               0D0000708
     402     356       0       0       0       0       0       000020000D0000709
     402       0       0       1       1                               0D0000710
     144     357       0       0       0       0       0       000020000D0000711
     144       0   -2729       1       0                               0D0000712
     108     358       0       0       0       0       0       000010000D0000713
     108       0       0       1       0                               0D0000714
     142     359       0       0       0       0       0       000010500D0000715
     142       0       0       1       0                               0D0000716
     102     360       0       0       0       0       0       000010000D0000717
     102       0       0       1       0                               0D0000718
     110     361       0       0       0       0       0       000010000D0000719
     110       0       0       1       0                               0D0000720
     110     362       0       0       0       0       0       000010000D0000721
     110       0       0       1       0                               0D0000722
     110     363       0       0       0       0       0       000010000D0000723
     110       0       0       1       0                               0D0000724
     110     364       0       0       0       0       0       000010000D0000725
     110       0       0       1       0                               0D0000726
     144     365       0       0       0       0       0       000020000D0000727
     144       0   -2729       1       0                               0D0000728
     108     366       0       0       0       0       0       000010000D0000729
     108       0       0       1       0                               0D0000730
     142     367       0       0       0       0       0       000010500D0000731
     142       0       0       1       0                               0D0000732
     102     368       0       0       0       0       0       000010000D0000733
     102       0       0       1       0                               0D0000734
     110     369       0       0       0       0       0       000010000D0000735
     110       0       0       1       0                               0D0000736
     110     370       0       0       0       0       0       000010000D0000737
     110       0       0       1       0                               0D0000738
     110     371       0       0       0       0       0       000010000D0000739
     110       0       0       1       0                               0D0000740
     110     372       0       0       0       0       0       000010000D0000741
     110       0       0       1       0                               0D0000742
     144     373       0       0       0       0       0       000020000D0000743
     144       0   -2729       1       0                               0D0000744
     108     374       0       0       0       0       0       000010000D0000745
     108       0       0       1       0                               0D0000746
     142     375       0       0       0       0       0       000010500D0000747
     142       0       0       1       0                               0D0000748
     102     376       0       0       0       0       0       000010000D0000749
     102       0       0       1       0                               0D0000750
     110     377       0       0       0       0       0       000010000D0000751
     110       0       0       1       0                               0D0000752
     110     378       0       0       0       0       0       000010000D0000753
     110       0       0       1       0                               0D0000754
     110     379       0       0       0       0       0       000010000D0000755
     110       0       0       1       0                               0D0000756
     110     380       0       0       0       0       0       000010000D0000757
     110       0       0       1       0                               0D0000758
     144     381       0       0       0       0       0       000020000D0000759
     144       0   -2729       1       0                               0D0000760
     108     382       0       0       0       0       0       000010000D0000761
     108       0       0       1       0                               0D0000762
     142     383       0       0       0       0       0       000010500D0000763
     142       0       0       1       0                               0D0000764
     102     384       0       0       0       0       0       000010000D0000765
     102       0       0       1       0                               0D0000766
     110     385       0       0       0       0       0       000010000D0000767
     110       0       0       1       0                               0D0000768
     110     386       0       0       0       0       0       000010000D0000769
     110       0       0       1       0                               0D0000770
     110     387       0       0       0       0       0       000010000D0000771
     110       0       0       1       0                               0D0000772
     110     388       0       0       0       0       0       000010000D0000773
     110       0       0       1       0                               0D0000774
     144     389       0       0       0       0       0       000020000D0000775
     144       0   -2729       1       0                               0D0000776
     108     390       0       0       0       0       0       000010000D0000777
     108       0       0       1       0                               0D0000778
     142     391       0       0       0       0       0       000010500D0000779
     142       0       0       1       0                               0D0000780
     102     392       0       0       0       0       0       000010000D0000781
     102       0       0       1       0                               0D0000782
     110     393       0       0       0       0       0       000010000D0000783
     110       0       0       1       0                               0D0000784
     110     394       0       0       0       0       0       000010000D0000785
     110       0       0       1       0                               0D0000786
     110     395       0       0       0       0       0       000010000D0000787
     110       0       0       1       0                               0D0000788
     110     396       0       0       0       0       0       000010000D0000789
     110       0       0       1       0                               0D0000790
     144     397       0       0       0       0       0       000020000D0000791
     144       0   -2729       1       0                               0D0000792
     108     398       0       0       0       0       0       000010000D0000793
     108       0       0       1       0                               0D0000794
     142     399       0       0       0       0       0       000010500D0000795
     142       0       0       1       0                               0D0000796
     102     400       0       0       0       0       0       000010000D0000797
     102       0       0       1       0                               0D0000798
     110     401       0       0       0       0       0       000010000D0000799
     110       0       0       1       0                               0D0000800
     110     402       0       0       0       0       0       000010000D0000801
     110       0       0       1       0                               0D0000802
     110     403       0       0       0       0       0       000010000D0000803
     110       0       0       1       0                               0D0000804
     110     404       0       0       0       0       0       000010000D0000805
     110       0       0       1       0                               0D0000806
     402     405       0       0       0       0       0       000020000D0000807
     402       0       0       1       1                               0D0000808
     144     406       0       0       0       0       0       000020000D0000809
     144       0   -2729       1       0                               0D0000810
     108     407       0       0       0       0       0       000010000D0000811
     108       0       0       1       0                               0D0000812
     142     408       0       0       0       0       0       000010500D0000813
     142       0       0       1       0                               0D0000814
     102     409       0       0       0       0       0       000010000D0000815
     102       0       0       1       0                               0D0000816
     110     410       0       0       0       0       0       000010000D0000817
     110       0       0       1       0                               0D0000818
     110     411       0       0       0       0       0       000010000D0000819
     110       0       0       1       0                               0D0000820
     110     412       0       0       0       0       0       000010000D0000821
     110       0       0       1       0                               0D0000822
     110     413       0       0       0       0       0       000010000D0000823
     110       0       0       1       0                               0D0000824
     144     414       0       0       0       0       0       000020000D0000825
     144       0   -2729       1       0                               0D0000826
     108     415       0       0       0       0       0       000010000D0000827
     108       0       0       1       0                               0D0000828
     142     416       0       0       0       0       0       000010500D0000829
     142       0       0       1       0                               0D0000830
     102     417       0       0       0       0       0       000010000D0000831
     102       0       0       1       0                               0D0000832
     110     418       0       0       0       0       0       000010000D0000833
     110       0       0       1       0                               0D0000834
     110     419       0       0       0       0       0       000010000D0000835
     110       0       0       1       0                               0D0000836
     110     420       0       0       0       0       0       000010000D0000837
     110       0       0       1       0                               0D0000838
     110     421       0       0       0       0       0       000010000D0000839
     110       0       0       1       0                               0D0000840
     144     422       0       0       0       0       0       000020000D0000841
     144       0   -2729       1       0                               0D0000842
     108     423       0       0       0       0       0       000010000D0000843
     108       0       0       1       0                               0D0000844
     142     424       0       0       0       0       0       000010500D0000845
     142       0       0       1       0                               0D0000846
     102     425       0       0       0       0       0       000010000D0000847
     102       0       0       1       0                               0D0000848
     110     426       0       0       0       0       0       000010000D0000849
     110       0       0       1       0                               0D0000850
     110     427       0       0       0       0       0       000010000D0000851
     110       0       0       1       0                               0D0000852
     110     428       0       0       0       0       0       000010000D0000853
     110       0       0       1       0                               0D0000854
     110     429       0       0       0       0       0       000010000D0000855
     110       0       0       1       0                               0D0000856
     144     430       0       0       0       0       0       000020000D0000857
     144       0   -2729       1       0                               0D0000858
     108     431       0       0       0       0       0       000010000D0000859
     108       0       0       1       0                               0D0000860
     142     432       0       0       0       0       0       000010500D0000861
     142       0       0       1       0                               0D0000862
     102     433       0       0       0       0       0       000010000D0000863
     102       0       0       1       0                               0D0000864
     110     434       0       0       0       0       0       000010000D0000865
     110       0       0       1       0                               0D0000866
     110     435       0       0       0       0       0       000010000D0000867
     110       0       0       1       0                               0D0000868
     110     436       0       0       0       0       0       000010000D0000869
     110       0       0       1       0                               0D0000870
     110     437       0       0       0       0       0       000010000D0000871
     110       0       0       1       0                               0D0000872
     144     438       0       0       0       0       0       000020000D0000873
     144       0   -2731       1       0                               0D0000874
     108     439       0       0       0       0       0       000010000D0000875
     108       0       0       1       0                               0D0000876
     142     440       0       0       0       0       0       000010500D0000877
     142       0       0       1       0                               0D0000878
     102     441       0       0       0       0       0       000010000D0000879
     102       0       0       1       0                               0D0000880
     110     442       0       0       0       0       0       000010000D0000881
     110       0       0       1       0                               0D0000882
     110     443       0       0       0       0       0       000010000D0000883
     110       0       0       1       0                               0D0000884
     110     444       0       0       0       0       0       000010000D0000885
     110       0       0       1       0                               0D0000886
     110     445       0       0       0       0       0       000010000D0000887
     110       0       0       1       0                               0D0000888
     144     446       0       0       0       0       0       000020000D0000889
     144       0   -2729       1       0                               0D0000890
     108     447       0       0       0       0       0       000010000D0000891
     108       0       0       1       0                               0D0000892
     142     448       0       0       0       0       0       000010500D0000893
     142       0       0       1       0                               0D0000894
     102     449       0       0       0       0       0       000010000D0000895
     102       0       0       1       0                               0D0000896
     110     450       0       0       0       0       0       000010000D0000897
     110       0       0       1       0                               0D0000898
     110     451       0       0       0       0       0       000010000D0000899
     110       0       0       1       0                               0D0000900
     110     452       0       0       0       0       0       000010000D0000901
     110       0       0       1       0                               0D0000902
     110     453       0       0       0       0       0       000010000D0000903
     110       0       0       1       0                               0D0000904
     402     454       0       0       0       0       0       000020000D0000905
     402       0       0       1       1                               0D0000906
     144     455       0       0       0       0       0       000020000D0000907
     144       0   -2729       1       0                               0D0000908
     108     456       0       0       0       0       0       000010000D0000909
     108       0       0       1       0                               0D0000910
     142     457       0       0       0       0       0       000010500D0000911
     142       0       0       1       0                               0D0000912
     102     458       0       0       0       0       0       000010000D0000913
     102       0       0       1       0                               0D0000914
     110     459       0       0       0       0       0       000010000D0000915
     110       0       0       1       0                               0D0000916
     110     460       0       0       0       0       0       000010000D0000917
     110       0       0       1       0                               0D0000918
     110     461       0       0       0       0       0       000010000D0000919
     110       0       0       1       0                               0D0000920
     110     462       0       0       0       0       0       000010000D0000921
     110       0       0       1       0                               0D0000922
     144     463       0       0       0       0       0       000020000D0000923
     144       0   -2729       1       0                               0D0000924
     108     464       0       0       0       0       0       000010000D0000925
     108       0       0       1       0                               0D0000926
     142     465       0       0       0       0       0       000010500D0000927
     142       0       0       1       0                               0D0000928
     102     466       0       0       0       0       0       000010000D0000929
     102       0       0       1       0                               0D0000930
     110     467       0       0       0       0       0       000010000D0000931
     110       0       0       1       0                               0D0000932
     110     468       0       0       0       0       0       000010000D0000933
     110       0       0       1       0                               0D0000934
     110     469       0       0       0       0       0       000010000D0000935
     110       0       0       1       0                               0D0000936
     110     470       0       0       0       0       0       000010000D0000937
     110       0       0       1       0                               0D0000938
     144     471       0       0       0       0       0       000020000D0000939
     144       0   -2729       1       0                               0D0000940
     108     472       0       0       0       0       0       000010000D0000941
     108       0       0       1       0                               0D0000942
     142     473       0       0       0       0       0       000010500D0000943
     142       0       0       1       0                               0D0000944
     102     474       0       0       0       0       0       000010000D0000945
     102       0       0       1       0                               0D0000946
     110     475       0       0       0       0       0       000010000D0000947
     110       0       0       1       0                               0D0000948
     110     476       0       0       0       0       0       000010000D0000949
     110       0       0       1       0                               0D0000950
     110     477       0       0       0       0       0       000010000D0000951
     110       0       0       1       0                               0D0000952
     110     478       0       0       0       0       0       000010000D0000953
     110       0       0       1       0                               0D0000954
     144     479       0       0       0       0       0       000020000D0000955
     144       0   -2729       1       0                               0D0000956
     108     480       0       0       0       0       0       000010000D0000957
     108       0       0       1       0                               0D0000958
     142     481       0       0       0       0       0       000010500D0000959
     142       0       0       1       0                               0D0000960
     102     482       0       0       0       0       0       000010000D0000961
     102       0       0       1       0                               0D0000962
     110     483       0       0       0       0       0       000010000D0000963
     110       0       0       1       0                               0D0000964
     110     484       0       0       0       0       0       000010000D0000965
     110       0       0       1       0                               0D0000966
     110     485       0       0       0       0       0       000010000D0000967
     110       0       0       1       0                               0D0000968
     110     486       0       0       0       0       0       000010000D0000969
     110       0       0       1       0                               0D0000970
     144     487       0       0       0       0       0       000020000D0000971
     144       0   -2731       1       0                               0D0000972
     108     488       0       0       0       0       0       000010000D0000973
     108       0       0       1       0                               0D0000974
     142     489       0       0       0       0       0       000010500D0000975
     142       0       0       1       0                               0D0000976
     102     490       0       0       0       0       0       000010000D0000977
     102       0       0       1       0                               0D0000978
     110     491       0       0       0       0       0       000010000D0000979
     110       0       0       1       0                               0D0000980
     110     492       0       0       0       0       0       000010000D0000981
     110       0       0       1       0                               0D0000982
     110     493       0       0       0       0       0       000010000D0000983
     110       0       0       1       0                               0D0000984
     110     494       0       0       0       0       0       000010000D0000985
     110       0       0       1       0                               0D0000986
     144     495       0       0       0       0       0       000020000D0000987
     144       0   -2729       1       0                               0D0000988
     108     496       0       0       0       0       0       000010000D0000989
     108       0       0       1       0                               0D0000990
     142     497       0       0       0       0       0       000010500D0000991
     142       0       0       1       0                               0D0000992
     102     498       0       0       0       0       0       000010000D0000993
     102       0       0       1       0                               0D0000994
     110     499       0       0       0       0       0       000010000D0000995
     110       0       0       1       0                               0D0000996
     110     500       0       0       0       0       0       000010000D0000997
     110       0       0       1       0                               0D0000998
     110     501       0       0       0       0       0       000010000D0000999
     110       0       0       1       0                               0D0001000
     110     502       0       0       0       0       0       000010000D0001001
     110       0       0       1       0                               0D0001002
     402     503       0       0       0       0       0       000020000D0001003
     402       0       0       1       1                               0D0001004
     144     504       0       0       0       0       0       000020000D0001005
     144       0   -2729       1       0                               0D0001006
     108     505       0       0       0       0       0       000010000D0001007
     108       0       0       1       0                               0D0001008
     142     506       0       0       0       0       0       000010500D0001009
     142       0       0       1       0                               0D0001010
     102     507       0       0       0       0       0       000010000D0001011
     102       0       0       1       0                               0D0001012
     110     508       0       0       0       0       0       000010000D0001013
     110       0       0       1       0                               0D0001014
     110     509       0       0       0       0       0       000010000D0001015
     110       0       0       1       0                               0D0001016
     110     510       0       0       0       0       0       000010000D0001017
     110       0       0       1       0                               0D0001018
     110     511       0       0       0       0       0       000010000D0001019
     110       0       0       1       0                               0D0001020
     144     512       0       0       0       0       0       000020000D0001021
     144       0   -2729       1       0                               0D0001022
     108     513       0       0       0       0       0       000010000D0001023
     108       0       0       1       0                               0D0001024
     142     514       0       0       0       0       0       000010500D0001025
     142       0       0       1       0                               0D0001026
     102     515       0       0       0       0       0       000010000D0001027
     102       0       0       1       0                               0D0001028
     110     516       0       0       0       0       0       000010000D0001029
     110       0       0       1       0                               0D0001030
     110     517       0       0       0       0       0       000010000D0001031
     110       0       0       1       0                               0D0001032
     110     518       0       0       0       0       0       000010000D0001033
     110       0       0       1       0                               0D0001034
     110     519       0       0       0       0       0       000010000D0001035
     110       0       0       1       0                               0D0001036
     144     520       0       0       0       0       0       000020000D0001037
     144       0   -2729       1       0                               0D0001038
     108     521       0       0       0       0       0       000010000D0001039
     108       0       0       1       0                               0D0001040
     142     522       0       0       0       0       0       000010500D0001041
     142       0       0       1       0                               0D0001042
     102     523       0       0       0       0       0       000010000D0001043
     102       0       0       1       0                               0D0001044
     110     524       0       0       0       0       0       000010000D0001045
     110       0       0       1       0                               0D0001046
     110     525       0       0       0       0       0       000010000D0001047
     110       0       0       1       0                               0D0001048
     110     526       0       0       0       0       0       000010000D0001049
     110       0       0       1       0                               0D0001050
     110     527       0       0       0       0       0       000010000D0001051
     110       0       0       1       0                               0D0001052
     144     528       0       0       0       0       0       000020000D0001053
     144       0   -2729       1       0                               0D0001054
     108     529       0       0       0       0       0       000010000D0001055
     108       0       0       1       0                               0D0001056
     142     530       0       0       0       0       0       000010500D0001057
     142       0       0       1       0                               0D0001058
     102     531       0       0       0       0       0       000010000D0001059
     102       0       0       1       0                               0D0001060
     110     532       0       0       0       0       0       000010000D0001061
     110       0       0       1       0                               0D0001062
     110     533       0       0       0       0       0       000010000D0001063
     110       0       0       1       0                               0D0001064
     110     534       0       0       0       0       0       000010000D0001065
     110       0       0       1       0                               0D0001066
     110     535       0       0       0       0       0       000010000D0001067
     110       0       0       1       0                               0D0001068
     144     536       0       0       0       0       0       000020000D0001069
     144       0   -2731       1       0                               0D0001070
     108     537       0       0       0       0       0       000010000D0001071
     108       0       0       1       0                               0D0001072
     142     538       0       0       0       0       0       000010500D0001073
     142       0       0       1       0                               0D0001074
     102     539       0       0       0       0       0       000010000D0001075
     102       0       0       1       0                               0D0001076
     110     540       0       0       0       0       0       000010000D0001077
     110       0       0       1       0                               0D0001078
     110     541       0       0       0       0       0       000010000D0001079
     110       0       0       1       0                               0D0001080
     110     542       0       0       0       0       0       000010000D0001081
     110       0       0       1       0                               0D0001082
     110     543       0       0       0       0       0       000010000D0001083
     110       0       0       1       0                               0D0001084
     144     544       0       0       0       0       0       000020000D0001085
     144       0   -2729       1       0                               0D0001086
     108     545       0       0       0       0       0       000010000D0001087
     108       0       0       1       0                               0D0001088
     142     546       0       0       0       0       0       000010500D0001089
     142       0       0       1       0                               0D0001090
     102     547       0       0       0       0       0       000010000D0001091
     102       0       0       1       0                               0D0001092
     110     548       0       0       0       0       0       000010000D0001093
     110       0       0       1       0                               0D0001094
     110     549       0       0       0       0       0       000010000D0001095
     110       0       0       1       0                               0D0001096
     110     550       0       0       0       0       0       000010000D0001097
     110       0       0       1       0                               0D0001098
     110     551       0       0       0       0       0       000010000D0001099
     110       0       0       1       0                               0D0001100
     402     552       0       0       0       0       0       000020000D0001101
     402       0       0       1       1                               0D0001102
     144     553       0       0       0       0       0       000020000D0001103
     144       0   -2729       1       0                               0D0001104
     108     554       0       0       0       0       0       000010000D0001105
     108       0       0       1       0                               0D0001106
     142     555       0       0       0       0       0       000010500D0001107
     142       0       0       1       0                               0D0001108
     102     556       0       0       0       0       0       000010000D0001109
     102       0       0       1       0                               0D0001110
     110     557       0       0       0       0       0       000010000D0001111
     110       0       0       1       0                               0D0001112
     110     558       0       0       0       0       0       000010000D0001113
     110       0       0       1       0                               0D0001114
     110     559       0       0       0       0       0       000010000D0001115
     110       0       0       1       0                               0D0001116
     110     560       0       0       0       0       0       000010000D0001117
     110       0       0       1       0                               0D0001118
     144     561       0       0       0       0       0       000020000D0001119
     144       0   -2729       1       0                               0D0001120
     108     562       0       0       0       0       0       000010000D0001121
     108       0       0       1       0                               0D0001122
     142     563       0       0       0       0       0       000010500D0001123
     142       0       0       1       0                               0D0001124
     102     564       0       0       0       0       0       000010000D0001125
     102       0       0       1       0                               0D0001126
     110     565       0       0       0       0       0       000010000D0001127
     110       0       0       1       0                               0D0001128
     110     566       0       0       0       0       0       000010000D0001129
     110       0       0       1       0                               0D0001130
     110     567       0       0       0       0       0       000010000D0001131
     110       0       0       1       0                               0D0001132
     110     568       0       0       0       0       0       000010000D0001133
     110       0       0       1       0                               0D0001134
     144     569       0       0       0       0       0       000020000D0001135
     144       0   -2731       1       0                               0D0001136
     108     570       0       0       0       0       0       000010000D0001137
     108       0       0       1       0                               0D0001138
     142     571       0       0       0       0       0       000010500D0001139
     142       0       0       1       0                               0D0001140
     102     572       0       0       0       0       0       000010000D0001141
     102       0       0       1       0                               0D0001142
     110     573       0       0       0       0       0       000010000D0001143
     110       0       0       1       0                               0D0001144
     110     574       0       0       0       0       0       000010000D0001145
     110       0       0       1       0                               0D0001146
     110     575       0       0       0       0       0       000010000D0001147
     110       0       0       1       0                               0D0001148
     110     576       0       0       0       0       0       000010000D0001149
     110       0       0       1       0                               0D0001150
     144     577       0       0       0       0       0       000020000D0001151
     144       0   -2729       1       0                               0D0001152
     108     578       0       0       0       0       0       000010000D0001153
     108       0       0       1       0                               0D0001154
     142     579       0       0       0       0       0       000010500D0001155
     142       0       0       1       0                               0D0001156
     102     580       0       0       0       0       0       000010000D0001157
     102       0       0       1       0                               0D0001158
     110     581       0       0       0       0       0       000010000D0001159
     110       0       0       1       0                               0D0001160
     110     582       0       0       0       0       0       000010000D0001161
     110       0       0       1       0                               0D0001162
     110     583       0       0       0       0       0       000010000D0001163
     110       0       0       1       0                               0D0001164
     110     584       0       0       0       0       0       000010000D0001165
     110       0       0       1       0                               0D0001166
     144     585       0       0       0       0       0       000020000D0001167
     144       0   -2729       1       0                               0D0001168
     108     586       0       0       0       0       0       000010000D0001169
     108       0       0       1       0                               0D0001170
     142     587       0       0       0       0       0       000010500D0001171
     142       0       0       1       0                               0D0001172
     102     588       0       0       0       0       0       000010000D0001173
     102       0       0       1       0                               0D0001174
     110     589       0       0       0       0       0       000010000D0001175
     110       0       0       1       0                               0D0001176
     110     590       0       0       0       0       0       000010000D0001177
     110       0       0       1       0                               0D0001178
     110     591       0       0       0       0       0       000010000D0001179
     110       0       0       1       0                               0D0001180
     110     592       0       0       0       0       0       000010000D0001181
     110       0       0       1       0                               0D0001182
     144     593       0       0       0       0       0       000020000D0001183
     144       0   -2729       1       0                               0D0001184
     108     594       0       0       0       0       0       000010000D0001185
     108       0       0       1       0                               0D0001186
     142     595       0       0       0       0       0       000010500D0001187
     142       0       0       1       0                               0D0001188
     102     596       0       0       0       0       0       000010000D0001189
     102       0       0       1       0                               0D0001190
     110     597       0       0       0       0       0       000010000D0001191
     110       0       0       1       0                               0D0001192
     110     598       0       0       0       0       0       000010000D0001193
     110       0       0       1       0                               0D0001194
     110     599       0       0       0       0       0       000010000D0001195
     110       0       0       1       0                               0D0001196
     110     600       0       0       0       0       0       000010000D0001197
     110       0       0       1       0                               0D0001198
     402     601       0       0       0       0       0       000020000D0001199
     402       0       0       1       1                               0D0001200
     144     602       0       0       0       0       0       000020000D0001201
     144       0   -2729       1       0                               0D0001202
     108     603       0       0       0       0       0       000010000D0001203
     108       0       0       1       0                               0D0001204
     142     604       0       0       0       0       0       000010500D0001205
     142       0       0       1       0                               0D0001206
     102     605       0       0       0       0       0       000010000D0001207
     102       0       0       1       0                               0D0001208
     110     606       0       0       0       0       0       000010000D0001209
     110       0       0       1       0                               0D0001210
     110     607       0       0       0       0       0       000010000D0001211
     110       0       0       1       0                               0D0001212
     110     608       0       0       0       0       0       000010000D0001213
     110       0       0       1       0                               0D0001214
     110     609       0       0       0       0       0       000010000D0001215
     110       0       0       1       0                               0D0001216
     144     610       0       0       0       0       0       000020000D0001217
     144       0   -2729       1       0                               0D0001218
     108     611       0       0       0       0       0       000010000D0001219
     108       0       0       1       0                               0D0001220
     142     612       0       0       0       0       0       000010500D0001221
     142       0       0       1       0                               0D0001222
     102     613       0       0       0       0       0       000010000D0001223
     102       0       0       1       0                               0D0001224
     110     614       0       0       0       0       0       000010000D0001225
     110       0       0       1       0                               0D0001226
     110     615       0       0       0       0       0       000010000D0001227
     110       0       0       1       0                               0D0001228
     110     616       0       0       0       0       0       000010000D0001229
     110       0       0       1       0                               0D0001230
     110     617       0       0       0       0       0       000010000D0001231
     110       0       0       1       0                               0D0001232
     144     618       0       0       0       0       0       000020000D0001233
     144       0   -2731       1       0                               0D0001234
     108     619       0       0       0       0       0       000010000D0001235
     108       0       0       1       0                               0D0001236
     142     620       0       0       0       0       0       000010500D0001237
     142       0       0       1       0                               0D0001238
     102     621       0       0       0       0       0       000010000D0001239
     102       0       0       1       0                               0D0001240
     110     622       0       0       0       0       0       000010000D0001241
     110       0       0       1       0                               0D0001242
     110     623       0       0       0       0       0       000010000D0001243
     110       0       0       1       0                               0D0001244
     110     624       0       0       0       0       0       000010000D0001245
     110       0       0       1       0                               0D0001246
     110     625       0       0       0       0       0       000010000D0001247
     110       0       0       1       0                               0D0001248
     144     626       0       0       0       0       0       000020000D0001249
     144       0   -2729       1       0                               0D0001250
     108     627       0       0       0       0       0       000010000D0001251
     108       0       0       1       0                               0D0001252
     142     628       0       0       0       0       0       000010500D0001253
     142       0       0       1       0                               0D0001254
     102     629       0       0       0       0       0       000010000D0001255
     102       0       0       1       0                               0D0001256
     110     630       0       0       0       0       0       000010000D0001257
     110       0       0       1       0                               0D0001258
     110     631       0       0       0       0       0       000010000D0001259
     110       0       0       1       0                               0D0001260
     110     632       0       0       0       0       0       000010000D0001261
     110       0       0       1       0                               0D0001262
     110     633       0       0       0       0       0       000010000D0001263
     110       0       0       1       0                               0D0001264
     144     634       0       0       0       0       0       000020000D0001265
     144       0   -2729       1       0                               0D0001266
     108     635       0       0       0       0       0       000010000D0001267
     108       0       0       1       0                               0D0001268
     142     636       0       0       0       0       0       000010500D0001269
     142       0       0       1       0                               0D0001270
     102     637       0       0       0       0       0       000010000D0001271
     102       0       0       1       0                               0D0001272
     110     638       0       0       0       0       0       000010000D0001273
     110       0       0       1       0                               0D0001274
     110     639       0       0       0       0       0       000010000D0001275
     110       0       0       1       0                               0D0001276
     110     640       0       0       0       0       0       000010000D0001277
     110       0       0       1       0                               0D0001278
     110     641       0       0       0       0       0       000010000D0001279
     110       0       0       1       0                               0D0001280
     144     642       0       0       0       0       0       000020000D0001281
     144       0   -2729       1       0                               0D0001282
     108     643       0       0       0       0       0       000010000D0001283
     108       0       0       1       0                               0D0001284
     142     644       0       0       0       0       0       000010500D0001285
     142       0       0       1       0                               0D0001286
     102     645       0       0       0       0       0       000010000D0001287
     102       0       0       1       0                               0D0001288
     110     646       0       0       0       0       0       000010000D0001289
     110       0       0       1       0                               0D0001290
     110     647       0       0       0       0       0       000010000D0001291
     110       0       0       1       0                               0D0001292
     110     648       0       0       0       0       0       000010000D0001293
     110       0       0       1       0                               0D0001294
     110     649       0       0       0       0       0       000010000D0001295
     110       0       0       1       0                               0D0001296
     402     650       0       0       0       0       0       000020000D0001297
     402       0       0       1       1                               0D0001298
     144     651       0       0       0       0       0       000020000D0001299
     144       0   -2729       1       0                               0D0001300
     108     652       0       0       0       0       0       000010000D0001301
     108       0       0       1       0                               0D0001302
     142     653       0       0       0       0       0       000010500D0001303
     142       0       0       1       0                               0D0001304
     102     654       0       0       0       0       0       000010000D0001305
     102       0       0       1       0                               0D0001306
     110     655       0       0       0       0       0       000010000D0001307
     110       0       0       1       0                               0D0001308
     110     656       0       0       0       0       0       000010000D0001309
     110       0       0       1       0                               0D0001310
     110     657       0       0       0       0       0       000010000D0001311
     110       0       0       1       0                               0D0001312
     110     658       0       0       0       0       0       000010000D0001313
     110       0       0       1       0                               0D0001314
     144     659       0       0       0       0       0       000020000D0001315
     144       0   -2729       1       0                               0D0001316
     108     660       0       0       0       0       0       000010000D0001317
     108       0       0       1       0                               0D0001318
     142     661       0       0       0       0       0       000010500D0001319
     142       0       0       1       0                               0D0001320
     102     662       0       0       0       0       0       000010000D0001321
     102       0       0       1       0                               0D0001322
     110     663       0       0       0       0       0       000010000D0001323
     110       0       0       1       0                               0D0001324
     110     664       0       0       0       0       0       000010000D0001325
     110       0       0       1       0                               0D0001326
     110     665       0       0       0       0       0       000010000D0001327
     110       0       0       1       0                               0D0001328
     110     666       0       0       0       0       0       000010000D0001329
     110       0       0       1       0                               0D0001330
     144     667       0       0       0       0       0       000020000D0001331
     144       0   -2731       1       0                               0D0001332
     108     668       0       0       0       0       0       000010000D0001333
     108       0       0       1       0                               0D0001334
     142     669       0       0       0       0       0       000010500D0001335
     142       0       0       1       0                               0D0001336
     102     670       0       0       0       0       0       000010000D0001337
     102       0       0       1       0                               0D0001338
     110     671       0       0       0       0       0       000010000D0001339
     110       0       0       1       0                               0D0001340
     110     672       0       0       0       0       0       000010000D0001341
     110       0       0       1       0                               0D0001342
     110     673       0       0       0       0       0       000010000D0001343
     110       0       0       1       0                               0D0001344
     110     674       0       0       0       0       0       000010000D0001345
     110       0       0       1       0                               0D0001346
     144     675       0       0       0       0       0       000020000D0001347
     144       0   -2729       1       0                               0D0001348
     108     676       0       0       0       0       0       000010000D0001349
     108       0       0       1       0                               0D0001350
     142     677       0       0       0       0       0       000010500D0001351
     142       0       0       1       0                               0D0001352
     102     678       0       0       0       0       0       000010000D0001353
     102       0       0       1       0                               0D0001354
     110     679       0       0       0       0       0       000010000D0001355
     110       0       0       1       0                               0D0001356
     110     680       0       0       0       0       0       000010000D0001357
     110       0       0       1       0                               0D0001358
     110     681       0       0       0       0       0       000010000D0001359
     110       0       0       1       0                               0D0001360
     110     682       0       0       0       0       0       000010000D0001361
     110       0       0       1       0                               0D0001362
     144     683       0       0       0       0       0       000020000D0001363
     144       0   -2729       1       0                               0D0001364
     108     684       0       0       0       0       0       000010000D0001365
     108       0       0       1       0                               0D0001366
     142     685       0       0       0       0       0       000010500D0001367
     142       0       0       1       0                               0D0001368
     102     686       0       0       0       0       0       000010000D0001369
     102       0       0       1       0                               0D0001370
     110     687       0       0       0       0       0       000010000D0001371
     110       0       0       1       0                               0D0001372
     110     688       0       0       0       0       0       000010000D0001373
     110       0       0       1       0                               0D0001374
     110     689       0       0       0       0       0       000010000D0001375
     110       0       0       1       0                               0D0001376
     110     690       0       0       0       0       0       000010000D0001377
     110       0       0       1       0                               0D0001378
     144     691       0       0       0       0       0       000020000D0001379
     144       0   -2729       1       0                               0D0001380
     108     692       0       0       0       0       0       000010000D0001381
     108       0       0       1       0                               0D0001382
     142     693       0       0       0       0       0       000010500D0001383
     142       0       0       1       0                               0D0001384
     102     694       0       0       0       0       0       000010000D0001385
     102       0       0       1       0                               0D0001386
     110     695       0       0       0       0       0       000010000D0001387
     110       0       0       1       0                               0D0001388
     110     696       0       0       0       0       0       000010000D0001389
     110       0       0       1       0                               0D0001390
     110     697       0       0       0       0       0       000010000D0001391
     110       0       0       1       0                               0D0001392
     110     698       0       0       0       0       0       000010000D0001393
     110       0       0       1       0                               0D0001394
     402     699       0       0       0       0       0       000020000D0001395
     402       0       0       7       1                    MOLD        D0001396
     144     706       0       0       0       0       0       000020000D0001397
     144       0   -2733       1       0                               0D0001398
     108     707       0       0       0       0       0       000010000D0001399
     108       0       0       1       0                               0D0001400
     142     708       0       0       0       0       0       000010500D0001401
     142       0       0       1       0                               0D0001402
     102     709       0       0       0       0       0       000010000D0001403
     102       0       0       3       0                               0D0001404
     110     712       0       0       0       0       0       000010000D0001405
     110       0       0       1       0                               0D0001406
     110     713       0       0       0       0       0       000010000D0001407
     110       0       0       1       0                               0D0001408
     110     714       0       0       0       0       0       000010000D0001409
     110       0       0       1       0                               0D0001410
     110     715       0       0       0       0       0       000010000D0001411
     110       0       0       1       0                               0D0001412
     110     716       0       0       0       0       0       000010000D0001413
     110       0       0       1       0                               0D0001414
     110     717       0       0       0       0       0       000010000D0001415
     110       0       0       1       0                               0D0001416
     110     718       0       0       0       0       0       000010000D0001417
     110       0       0       1       0                               0D0001418
     110     719       0       0       0       0       0       000010000D0001419
     110       0       0       1       0                               0D0001420
     110     720       0       0       0       0       0       000010000D0001421
     110       0       0       1       0                               0D0001422
     110     721       0       0       0       0       0       000010000D0001423
     110       0       0       1       0                               0D0001424
     110     722       0       0       0       0       0       000010000D0001425
     110       0       0       1       0                               0D0001426
     110     723       0       0       0       0       0       000010000D0001427
     110       0       0       1       0                               0D0001428
     110     724       0       0       0       0       0       000010000D0001429
     110       0       0       1       0                               0D0001430
     110     725       0       0       0       0       0       000010000D0001431
     110       0       0       1       0                               0D0001432
     110     726       0       0       0       0       0       000010000D0001433
     110       0       0       1       0                               0D0001434
     110     727       0       0       0       0       0       000010000D0001435
     110       0       0       1       0                               0D0001436
     110     728       0       0       0       0       0       000010000D0001437
     110       0       0       1       0                               0D0001438
     110     729       0       0       0       0       0       000010000D0001439
     110       0       0       1       0                               0D0001440
     110     730       0       0       0       0       0       000010000D0001441
     110       0       0       1       0                               0D0001442
     110     731       0       0       0       0       0       000010000D0001443
     110       0       0       1       0                               0D0001444
     110     732       0       0       0       0       0       000010000D0001445
     110       0       0       1       0                               0D0001446
     110     733       0       0       0       0       0       000010000D0001447
     110       0       0       1       0                               0D0001448
     110     734       0       0       0       0       0       000010000D0001449
     110       0       0       1       0                               0D0001450
     110     735       0       0       0       0       0       000010000D0001451
     110       0       0       1       0                               0D0001452
     110     736       0       0       0       0       0       000010000D0001453
     110       0       0       1       0                               0D0001454
     110     737       0       0       0       0       0       000010000D0001455
     110       0       0       1       0                               0D0001456
     110     738       0       0       0       0       0       000010000D0001457
     110       0       0       1       0                               0D0001458
     110     739       0       0       0       0       0       000010000D0001459
     110       0       0       1       0                               0D0001460
     142     740       0       0       0       0       0       000010500D0001461
     142       0       0       1       0                               0D0001462
     102     741       0       0       0       0       0       000010000D0001463
     102       0       0       1       0                               0D0001464
     110     742       0       0       0       0       0       000010000D0001465
     110       0       0       1       0                               0D0001466
     110     743       0       0       0       0       0       000010000D0001467
     110       0       0       1       0                               0D0001468
     110     744       0       0       0       0       0       000010000D0001469
     110       0       0       1       0                               0D0001470
     110     745       0       0       0       0       0       000010000D0001471
     110       0       0       1       0                               0D0001472
     110     746       0       0       0       0       0       000010000D0001473
     110       0       0       1       0                               0D0001474
     142     747       0       0       0       0       0       000010500D0001475
     142       0       0       1       0                               0D0001476
     102     748       0       0       0       0       0       000010000D0001477
     102       0       0       1       0                               0D0001478
     110     749       0       0       0       0       0       000010000D0001479
     110       0       0       1       0                               0D0001480
     110     750       0       0       0       0       0       000010000D0001481
     110       0       0       1       0                               0D0001482
     110     751       0       0       0       0       0       000010000D0001483
     110       0       0       1       0                               0D0001484
     110     752       0       0       0       0       0       000010000D0001485
     110       0       0       1       0                               0D0001486
     144     753       0       0       0       0       0       000020000D0001487
     144       0   -2733       1       0                               0D0001488
     108     754       0       0       0       0       0       000010000D0001489
     108       0       0       1       0                               0D0001490
     142     755       0       0       0       0       0       000010500D0001491
     142       0       0       1       0                               0D0001492
     102     756       0       0       0       0       0       000010000D0001493
     102       0       0       1       0                               0D0001494
     110     757       0       0       0       0       0       000010000D0001495
     110       0       0       1       0                               0D0001496
     110     758       0       0       0       0       0       000010000D0001497
     110       0       0       1       0                               0D0001498
     110     759       0       0       0       0       0       000010000D0001499
     110       0       0       1       0                               0D0001500
     110     760       0       0       0       0       0       000010000D0001501
     110       0       0       1       0                               0D0001502
     144     761       0       0       0       0       0       000020000D0001503
     144       0   -2733       1       0                               0D0001504
     108     762       0       0       0       0       0       000010000D0001505
     108       0       0       1       0                               0D0001506
     142     763       0       0       0       0       0       000010500D0001507
     142       0       0       1       0                               0D0001508
     102     764       0       0       0       0       0       000010000D0001509
     102       0       0       1       0                               0D0001510
     110     765       0       0       0       0       0       000010000D0001511
     110       0       0       1       0                               0D0001512
     110     766       0       0       0       0       0       000010000D0001513
     110       0       0       1       0                               0D0001514
     110     767       0       0       0       0       0       000010000D0001515
     110       0       0       1       0                               0D0001516
     110     768       0       0       0       0       0       000010000D0001517
     110       0       0       1       0                               0D0001518
     144     769       0       0       0       0       0       000020000D0001519
     144       0   -2733       1       0                               0D0001520
     108     770       0       0       0       0       0       000010000D0001521
     108       0       0       1       0                               0D0001522
     142     771       0       0       0       0       0       000010500D0001523
     142       0       0       1       0                               0D0001524
     102     772       0       0       0       0       0       000010000D0001525
     102       0       0       1       0                               0D0001526
     110     773       0       0       0       0       0       000010000D0001527
     110       0       0       1       0                               0D0001528
     110     774       0       0       0       0       0       000010000D0001529
     110       0       0       1       0                               0D0001530
     110     775       0       0       0       0       0       000010000D0001531
     110       0       0       1       0                               0D0001532
     110     776       0       0       0       0       0       000010000D0001533
     110       0       0       1       0                               0D0001534
     144     777       0       0       0       0       0       000020000D0001535
     144       0   -2733       1       0                               0D0001536
     108     778       0       0       0       0       0       000010000D0001537
     108       0       0       1       0                               0D0001538
     142     779       0       0       0       0       0       000010500D0001539
     142       0       0       1       0                               0D0001540
     102     780       0       0       0       0       0       000010000D0001541
     102       0       0       2       0                               0D0001542
     110     782       0       0       0       0       0       000010000D0001543
     110       0       0       1       0                               0D0001544
     110     783       0       0       0       0       0       000010000D0001545
     110       0       0       1       0                               0D0001546
     110     784       0       0       0       0       0       000010000D0001547
     110       0       0       1       0                               0D0001548
     110     785       0       0       0       0       0       000010000D0001549
     110       0       0       1       0                               0D0001550
     110     786       0       0       0       0       0       000010000D0001551
     110       0       0       1       0                               0D0001552
     110     787       0       0       0       0       0       000010000D0001553
     110       0       0       1       0                               0D0001554
     110     788       0       0       0       0       0       000010000D0001555
     110       0       0       1       0                               0D0001556
     110     789       0       0       0       0       0       000010000D0001557
     110       0       0       1       0                               0D0001558
     110     790       0       0       0       0       0       000010000D0001559
     110       0       0       1       0                               0D0001560
     110     791       0       0       0       0       0       000010000D0001561
     110       0       0       1       0                               0D0001562
     110     792       0       0       0       0       0       000010000D0001563
     110       0       0       1       0                               0D0001564
     110     793       0       0       0       0       0       000010000D0001565
     110       0       0       1       0                               0D0001566
     110     794       0       0       0       0       0       000010000D0001567
     110       0       0       1       0                               0D0001568
     110     795       0       0       0       0       0       000010000D0001569
     110       0       0       1       0                               0D0001570
     110     796       0       0       0       0       0       000010000D0001571
     110       0       0       1       0                               0D0001572
     110     797       0       0       0       0       0       000010000D0001573
     110       0       0       1       0                               0D0001574
     144     798       0       0       0       0       0       000020000D0001575
     144       0   -2733       1       0                               0D0001576
     108     799       0       0       0       0       0       000010000D0001577
     108       0       0       1       0                               0D0001578
     142     800       0       0       0       0       0       000010500D0001579
     142       0       0       1       0                               0D0001580
     102     801       0       0       0       0       0       000010000D0001581
     102       0       0       1       0                               0D0001582
     110     802       0       0       0       0       0       000010000D0001583
     110       0       0       1       0                               0D0001584
     110     803       0       0       0       0       0       000010000D0001585
     110       0       0       1       0                               0D0001586
     110     804       0       0       0       0       0       000010000D0001587
     110       0       0       1       0                               0D0001588
     110     805       0       0       0       0       0       000010000D0001589
     110       0       0       1       0                               0D0001590
     144     806       0       0       0       0       0       000020000D0001591
     144       0   -2733       1       0                               0D0001592
     108     807       0       0       0       0       0       000010000D0001593
     108       0       0       1       0                               0D0001594
     142     808       0       0       0       0       0       000010500D0001595
     142       0       0       1       0                               0D0001596
     102     809       0       0       0       0       0       000010000D0001597
     102       0       0       1       0                               0D0001598
     110     810       0       0       0       0       0       000010000D0001599
     110       0       0       1       0                               0D0001600
     110     811       0       0       0       0       0       000010000D0001601
     110       0       0       1       0                               0D0001602
     110     812       0       0       0       0       0       000010000D0001603
     110       0       0       1       0                               0D0001604
     110     813       0       0       0       0       0       000010000D0001605
     110       0       0       1       0                               0D0001606
     142     814       0       0       0       0       0       000010500D0001607
     142       0       0       1       0                               0D0001608
     102     815       0       0       0       0       0       000010000D0001609
     102       0       0       1       0                               0D0001610
     110     816       0       0       0       0       0       000010000D0001611
     110       0       0       1       0                               0D0001612
     110     817       0       0       0       0       0       000010000D0001613
     110       0       0       1       0                               0D0001614
     110     818       0       0       0       0       0       000010000D0001615
     110       0       0       1       0                               0D0001616
     110     819       0       0       0       0       0       000010000D0001617
     110       0       0       1       0                               0D0001618
     142     820       0       0       0       0       0       000010500D0001619
     142       0       0       1       0                               0D0001620
     102     821       0       0       0       0       0       000010000D0001621
     102       0       0       1       0                               0D0001622
     110     822       0       0       0       0       0       000010000D0001623
     110       0       0       1       0                               0D0001624
     110     823       0       0       0       0       0       000010000D0001625
     110       0       0       1       0                               0D0001626
     110     824       0       0       0       0       0       000010000D0001627
     110       0       0       1       0                               0D0001628
     110     825       0       0       0       0       0       000010000D0001629
     110       0       0       1       0                               0D0001630
     142     826       0       0       0       0       0       000010500D0001631
     142       0       0       1       0                               0D0001632
     102     827       0       0       0       0       0       000010000D0001633
     102       0       0       1       0                               0D0001634
     110     828       0       0       0       0       0       000010000D0001635
     110       0       0       1       0                               0D0001636
     110     829       0       0       0       0       0       000010000D0001637
     110       0       0       1       0                               0D0001638
     110     830       0       0       0       0       0       000010000D0001639
     110       0       0       1       0                               0D0001640
     110     831       0       0       0       0       0       000010000D0001641
     110       0       0       1       0                               0D0001642
     144     832       0       0       0       0       0       000020000D0001643
     144       0   -2733       1       0                               0D0001644
     108     833       0       0       0       0       0       000010000D0001645
     108       0       0       1       0                               0D0001646
     142     834       0       0       0       0       0       000010500D0001647
     142       0       0       1       0                               0D0001648
     102     835       0       0       0       0       0       000010000D0001649
     102       0       0       2       0                               0D0001650
     110     837       0       0       0       0       0       000010000D0001651
     110       0       0       1       0                               0D0001652
     110     838       0       0       0       0       0       000010000D0001653
     110       0       0       1       0                               0D0001654
     110     839       0       0       0       0       0       000010000D0001655
     110       0       0       1       0                               0D0001656
     110     840       0       0       0       0       0       000010000D0001657
     110       0       0       1       0                               0D0001658
     110     841       0       0       0       0       0       000010000D0001659
     110       0       0       1       0                               0D0001660
     110     842       0       0       0       0       0       000010000D0001661
     110       0       0       1       0                               0D0001662
     110     843       0       0       0       0       0       000010000D0001663
     110       0       0       1       0                               0D0001664
     110     844       0       0       0       0       0       000010000D0001665
     110       0       0       1       0                               0D0001666
     110     845       0       0       0       0       0       000010000D0001667
     110       0       0       1       0                               0D0001668
     110     846       0       0       0       0       0       000010000D0001669
     110       0       0       1       0                               0D0001670
     110     847       0       0       0       0       0       000010000D0001671
     110       0       0       1       0                               0D0001672
     110     848       0       0       0       0       0       000010000D0001673
     110       0       0       1       0                               0D0001674
     110     849       0       0       0       0       0       000010000D0001675
     110       0       0       1       0                               0D0001676
     110     850       0       0       0       0       0       000010000D0001677
     110       0       0       1       0                               0D0001678
     110     851       0       0       0       0       0       000010000D0001679
     110       0       0       1       0                               0D0001680
     110     852       0       0       0       0       0       000010000D0001681
     110       0       0       1       0                               0D0001682
     144     853       0       0       0       0       0       000020000D0001683
     144       0   -2733       1       0                               0D0001684
     108     854       0       0       0       0       0       000010000D0001685
     108       0       0       1       0                               0D0001686
     142     855       0       0       0       0       0       000010500D0001687
     142       0       0       1       0                               0D0001688
     102     856       0       0       0       0       0       000010000D0001689
     102       0       0       1       0                               0D0001690
     110     857       0       0       0       0       0       000010000D0001691
     110       0       0       1       0                               0D0001692
     110     858       0       0       0       0       0       000010000D0001693
     110       0       0       1       0                               0D0001694
     110     859       0       0       0       0       0       000010000D0001695
     110       0       0       1       0                               0D0001696
     110     860       0       0       0       0       0       000010000D0001697
     110       0       0       1       0                               0D0001698
     144     861       0       0       0       0       0       000020000D0001699
     144       0   -2733       1       0                               0D0001700
     108     862       0       0       0       0       0       000010000D0001701
     108       0       0       1       0                               0D0001702
     142     863       0       0       0       0       0       000010500D0001703
     142       0       0       1       0                               0D0001704
     102     864       0       0       0       0       0       000010000D0001705
     102       0       0       1       0                               0D0001706
     110     865       0       0       0       0       0       000010000D0001707
     110       0       0       1       0                               0D0001708
     110     866       0       0       0       0       0       000010000D0001709
     110       0       0       1       0                               0D0001710
     110     867       0       0       0       0       0       000010000D0001711
     110       0       0       1       0                               0D0001712
     110     868       0       0       0       0       0       000010000D0001713
     110       0       0       1       0                               0D0001714
     144     869       0       0       0       0       0       000020000D0001715
     144       0   -2733       1       0                               0D0001716
     108     870       0       0       0       0       0       000010000D0001717
     108       0       0       1       0                               0D0001718
     142     871       0       0       0       0       0       000010500D0001719
     142       0       0       1       0                               0D0001720
     102     872       0       0       0       0       0       000010000D0001721
     102       0       0       1       0                               0D0001722
     110     873       0       0       0       0       0       000010000D0001723
     110       0       0       1       0                               0D0001724
     110     874       0       0       0       0       0       000010000D0001725
     110       0       0       1       0                               0D0001726
     110     875       0       0       0       0       0       000010000D0001727
     110       0       0       1       0                               0D0001728
     110     876       0       0       0       0       0       000010000D0001729
     110       0       0       1       0                               0D0001730
     144     877       0       0       0       0       0       000020000D0001731
     144       0   -2733       1       0                               0D0001732
     108     878       0       0       0       0       0       000010000D0001733
     108       0       0       1       0                               0D0001734
     142     879       0       0       0       0       0       000010500D0001735
     142       0       0       1       0                               0D0001736
     102     880       0       0       0       0       0       000010000D0001737
     102       0       0       1       0                               0D0001738
     110     881       0       0       0       0       0       000010000D0001739
     110       0       0       1       0                               0D0001740
     110     882       0       0       0       0       0       000010000D0001741
     110       0       0       1       0                               0D0001742
     110     883       0       0       0       0       0       000010000D0001743
     110       0       0       1       0                               0D0001744
     110     884       0       0       0       0       0       000010000D0001745
     110       0       0       1       0                               0D0001746
     144     885       0       0       0       0       0       000020000D0001747
     144       0   -2733       1       0                               0D0001748
     108     886       0       0       0       0       0       000010000D0001749
     108       0       0       1       0                               0D0001750
     142     887       0       0       0       0       0       000010500D0001751
     142       0       0       1       0                               0D0001752
     102     888       0       0       0       0       0       000010000D0001753
     102       0       0       1       0                               0D0001754
     110     889       0       0       0       0       0       000010000D0001755
     110       0       0       1       0                               0D0001756
     110     890       0       0       0       0       0       000010000D0001757
     110       0       0       1       0                               0D0001758
     110     891       0       0       0       0       0       000010000D0001759
     110       0       0       1       0                               0D0001760
     110     892       0       0       0       0       0       000010000D0001761
     110       0       0       1       0                               0D0001762
     144     893       0       0       0       0       0       000020000D0001763
     144       0   -2733       1       0                               0D0001764
     108     894       0       0       0       0       0       000010000D0001765
     108       0       0       1       0                               0D0001766
     142     895       0       0       0       0       0       000010500D0001767
     142       0       0       1       0                               0D0001768
     102     896       0       0       0       0       0       000010000D0001769
     102       0       0       1       0                               0D0001770
     110     897       0       0       0       0       0       000010000D0001771
     110       0       0       1       0                               0D0001772
     110     898       0       0       0       0       0       000010000D0001773
     110       0       0       1       0                               0D0001774
     110     899       0       0       0       0       0       000010000D0001775
     110       0       0       1       0                               0D0001776
     110     900       0       0       0       0       0       000010000D0001777
     110       0       0       1       0                               0D0001778
     144     901       0       0       0       0       0       000020000D0001779
     144       0   -2733       1       0                               0D0001780
     108     902       0       0       0       0       0       000010000D0001781
     108       0       0       1       0                               0D0001782
     142     903       0       0       0       0       0       000010500D0001783
     142       0       0       1       0                               0D0001784
     102     904       0       0       0       0       0       000010000D0001785
     102       0       0       1       0                               0D0001786
     110     905       0       0       0       0       0       000010000D0001787
     110       0       0       1       0                               0D0001788
     110     906       0       0       0       0       0       000010000D0001789
     110       0       0       1       0                               0D0001790
     110     907       0       0       0       0       0       000010000D0001791
     110       0       0       1       0                               0D0001792
     110     908       0       0       0       0       0       000010000D0001793
     110       0       0       1       0                               0D0001794
     144     909       0       0       0       0       0       000020000D0001795
     144       0   -2733       1       0                               0D0001796
     108     910       0       0       0       0       0       000010000D0001797
     108       0       0       1       0                               0D0001798
     142     911       0       0       0       0       0       000010500D0001799
     142       0       0       1       0                               0D0001800
     102     912       0       0       0       0       0       000010000D0001801
     102       0       0       1       0                               0D0001802
     110     913       0       0       0       0       0       000010000D0001803
     110       0       0       1       0                               0D0001804
     110     914       0       0       0       0       0       000010000D0001805
     110       0       0       1       0                               0D0001806
     110     915       0       0       0       0       0       000010000D0001807
     110       0       0       1       0                               0D0001808
     110     916       0       0       0       0       0       000010000D0001809
     110       0       0       1       0                               0D0001810
     144     917       0       0       0       0       0       000020000D0001811
     144       0   -2733       1       0                               0D0001812
     108     918       0       0       0       0       0       000010000D0001813
     108       0       0       1       0                               0D0001814
     142     919       0       0       0       0       0       000010500D0001815
     142       0       0       1       0                               0D0001816
     102     920       0       0       0       0       0       000010000D0001817
     102       0       0       1       0                               0D0001818
     110     921       0       0       0       0       0       000010000D0001819
     110       0       0       1       0                               0D0001820
     110     922       0       0       0       0       0       000010000D0001821
     110       0       0       1       0                               0D0001822
     110     923       0       0       0       0       0       000010000D0001823
     110       0       0       1       0                               0D0001824
     110     924       0       0       0       0       0       000010000D0001825
     110       0       0       1       0                               0D0001826
     144     925       0       0       0       0       0       000020000D0001827
     144       0   -2733       1       0                               0D0001828
     108     926       0       0       0       0       0       000010000D0001829
     108       0       0       1       0                               0D0001830
     142     927       0       0       0       0       0       000010500D0001831
     142       0       0       1       0                               0D0001832
     102     928       0       0       0       0       0       000010000D0001833
     102       0       0       1       0                               0D0001834
     110     929       0       0       0       0       0       000010000D0001835
     110       0       0       1       0                               0D0001836
     110     930       0       0       0       0       0       000010000D0001837
     110       0       0       1       0                               0D0001838
     110     931       0       0       0       0       0       000010000D0001839
     110       0       0       1       0                               0D0001840
     110     932       0       0       0       0       0       000010000D0001841
     110       0       0       1       0                               0D0001842
     144     933       0       0       0       0       0       000020000D0001843
     144       0   -2733       1       0                               0D0001844
     108     934       0       0       0       0       0       000010000D0001845
     108       0       0       1       0                               0D0001846
     142     935       0       0       0       0       0       000010500D0001847
     142       0       0       1       0                               0D0001848
     102     936       0       0       0       0       0       000010000D0001849
     102       0       0       1       0                               0D0001850
     110     937       0       0       0       0       0       000010000D0001851
     110       0       0       1       0                               0D0001852
     110     938       0       0       0       0       0       000010000D0001853
     110       0       0       1       0                               0D0001854
     110     939       0       0       0       0       0       000010000D0001855
     110       0       0       1       0                               0D0001856
     110     940       0       0       0       0       0       000010000D0001857
     110       0       0       1       0                               0D0001858
     144     941       0       0       0       0       0       000020000D0001859
     144       0   -2733       1       0                               0D0001860
     108     942       0       0       0       0       0       000010000D0001861
     108       0       0       1       0                               0D0001862
     142     943       0       0       0       0       0       000010500D0001863
     142       0       0       1       0                               0D0001864
     102     944       0       0       0       0       0       000010000D0001865
     102       0       0       1       0                               0D0001866
     110     945       0       0       0       0       0       000010000D0001867
     110       0       0       1       0                               0D0001868
     110     946       0       0       0       0       0       000010000D0001869
     110       0       0       1       0                               0D0001870
     110     947       0       0       0       0       0       000010000D0001871
     110       0       0       1       0                               0D0001872
     110     948       0       0       0       0       0       000010000D0001873
     110       0       0       1       0                               0D0001874
     144     949       0       0       0       0       0       000020000D0001875
     144       0   -2733       1       0                               0D0001876
     108     950       0       0       0       0       0       000010000D0001877
     108       0       0       1       0                               0D0001878
     142     951       0       0       0       0       0       000010500D0001879
     142       0       0       1       0                               0D0001880
     102     952       0       0       0       0       0       000010000D0001881
     102       0       0       1       0                               0D0001882
     110     953       0       0       0       0       0       000010000D0001883
     110       0       0       1       0                               0D0001884
     110     954       0       0       0       0       0       000010000D0001885
     110       0       0       1       0                               0D0001886
     110     955       0       0       0       0       0       000010000D0001887
     110       0       0       1       0                               0D0001888
     110     956       0       0       0       0       0       000010000D0001889
     110       0       0       1       0                               0D0001890
     142     957       0       0       0       0       0       000010500D0001891
     142       0       0       1       0                               0D0001892
     102     958       0       0       0       0       0       000010000D0001893
     102       0       0       1       0                               0D0001894
     110     959       0       0       0       0       0       000010000D0001895
     110       0       0       1       0                               0D0001896
     110     960       0       0       0       0       0       000010000D0001897
     110       0       0       1       0                               0D0001898
     110     961       0       0       0       0       0       000010000D0001899
     110       0       0       1       0                               0D0001900
     110     962       0       0       0       0       0       000010000D0001901
     110       0       0       1       0                               0D0001902
     142     963       0       0       0       0       0       000010500D0001903
     142       0       0       1       0                               0D0001904
     102     964       0       0       0       0       0       000010000D0001905
     102       0       0       1       0                               0D0001906
     110     965       0       0       0       0       0       000010000D0001907
     110       0       0       1       0                               0D0001908
     110     966       0       0       0       0       0       000010000D0001909
     110       0       0       1       0                               0D0001910
     110     967       0       0       0       0       0       000010000D0001911
     110       0       0       1       0                               0D0001912
     110     968       0       0       0       0       0       000010000D0001913
     110       0       0       1       0                               0D0001914
     142     969       0       0       0       0       0       000010500D0001915
     142       0       0       1       0                               0D0001916
     102     970       0       0       0       0       0       000010000D0001917
     102       0       0       1       0                               0D0001918
     110     971       0       0       0       0       0       000010000D0001919
     110       0       0       1       0                               0D0001920
     110     972       0       0       0       0       0       000010000D0001921
     110       0       0       1       0                               0D0001922
     110     973       0       0       0       0       0       000010000D0001923
     110       0       0       1       0                               0D0001924
     110     974       0       0       0       0       0       000010000D0001925
     110       0       0       1       0                               0D0001926
     144     975       0       0       0       0       0       000020000D0001927
     144       0   -2733       1       0                               0D0001928
     108     976       0       0       0       0       0       000010000D0001929
     108       0       0       1       0                               0D0001930
     142     977       0       0       0       0       0       000010500D0001931
     142       0       0       1       0                               0D0001932
     102     978       0       0       0       0       0       000010000D0001933
     102       0       0       1       0                               0D0001934
     110     979       0       0       0       0       0       000010000D0001935
     110       0       0       1       0                               0D0001936
     110     980       0       0       0       0       0       000010000D0001937
     110       0       0       1       0                               0D0001938
     110     981       0       0       0       0       0       000010000D0001939
     110       0       0       1       0                               0D0001940
     110     982       0       0       0       0       0       000010000D0001941
     110       0       0       1       0                               0D0001942
     144     983       0       0       0       0       0       000020000D0001943
     144       0   -2733       1       0                               0D0001944
     108     984       0       0       0       0       0       000010000D0001945
     108       0       0       1       0                               0D0001946
     142     985       0       0       0       0       0       000010500D0001947
     142       0       0       1       0                               0D0001948
     102     986       0       0       0       0       0       000010000D0001949
     102       0       0       1       0                               0D0001950
     110     987       0       0       0       0       0       000010000D0001951
     110       0       0       1       0                               0D0001952
     110     988       0       0       0       0       0       000010000D0001953
     110       0       0       1       0                               0D0001954
     110     989       0       0       0       0       0       000010000D0001955
     110       0       0       1       0                               0D0001956
     110     990       0       0       0       0       0       000010000D0001957
     110       0       0       1       0                               0D0001958
     144     991       0       0       0       0       0       000020000D0001959
     144       0   -2733       1       0                               0D0001960
     108     992       0       0       0       0       0       000010000D0001961
     108       0       0       1       0                               0D0001962
     142     993       0       0       0       0       0       000010500D0001963
     142       0       0       1       0                               0D0001964
     102     994       0       0       0       0       0       000010000D0001965
     102       0       0       1       0                               0D0001966
     110     995       0       0       0       0       0       000010000D0001967
     110       0       0       1       0                               0D0001968
     110     996       0       0       0       0       0       000010000D0001969
     110       0       0       1       0                               0D0001970
     110     997       0       0       0       0       0       000010000D0001971
     110       0       0       1       0                               0D0001972
     110     998       0       0       0       0       0       000010000D0001973
     110       0       0       1       0                               0D0001974
     144     999       0       0       0       0       0       000020000D0001975
     144       0   -2733       1       0                               0D0001976
     108    1000       0       0       0       0       0       000010000D0001977
     108       0       0       1       0                               0D0001978
     142    1001       0       0       0       0       0       000010500D0001979
     142       0       0       1       0                               0D0001980
     102    1002       0       0       0       0       0       000010000D0001981
     102       0       0       1       0                               0D0001982
     110    1003       0       0       0       0       0       000010000D0001983
     110       0       0       1       0                               0D0001984
     110    1004       0       0       0       0       0       000010000D0001985
     110       0       0       1       0                               0D0001986
     110    1005       0       0       0       0       0       000010000D0001987
     110       0       0       1       0                               0D0001988
     110    1006       0       0       0       0       0       000010000D0001989
     110       0       0       1       0                               0D0001990
     144    1007       0       0       0       0       0       000020000D0001991
     144       0   -2733       1       0                               0D0001992
     108    1008       0       0       0       0       0       000010000D0001993
     108       0       0       1       0                               0D0001994
     142    1009       0       0       0       0       0       000010500D0001995
     142       0       0       1       0                               0D0001996
     102    1010       0       0       0       0       0       000010000D0001997
     102       0       0       1       0                               0D0001998
     110    1011       0       0       0       0       0       000010000D0001999
     110       0       0       1       0                               0D0002000
     110    1012       0       0       0       0       0       000010000D0002001
     110       0       0       1       0                               0D0002002
     110    1013       0       0       0       0       0       000010000D0002003
     110       0       0       1       0                               0D0002004
     110    1014       0       0       0       0       0       000010000D0002005
     110       0       0       1       0                               0D0002006
     144    1015       0       0       0       0       0       000020000D0002007
     144       0   -2733       1       0                               0D0002008
     108    1016       0       0       0       0       0       000010000D0002009
     108       0       0       1       0                               0D0002010
     142    1017       0       0       0       0       0       000010500D0002011
     142       0       0       1       0                               0D0002012
     102    1018       0       0       0       0       0       000010000D0002013
     102       0       0       1       0                               0D0002014
     110    1019       0       0       0       0       0       000010000D0002015
     110       0       0       1       0                               0D0002016
     110    1020       0       0       0       0       0       000010000D0002017
     110       0       0       1       0                               0D0002018
     110    1021       0       0       0       0       0       000010000D0002019
     110       0       0       1       0                               0D0002020
     110    1022       0       0       0       0       0       000010000D0002021
     110       0       0       1       0                               0D0002022
     144    1023       0       0       0       0       0       000020000D0002023
     144       0   -2733       1       0                               0D0002024
     108    1024       0       0       0       0       0       000010000D0002025
     108       0       0       1       0                               0D0002026
     142    1025       0       0       0       0       0       000010500D0002027
     142       0       0       1       0                               0D0002028
     102    1026       0       0       0       0       0       000010000D0002029
     102       0       0       1       0                               0D0002030
     110    1027       0       0       0       0       0       000010000D0002031
     110       0       0       1       0                               0D0002032
     110    1028       0       0       0       0       0       000010000D0002033
     110       0       0       1       0                               0D0002034
     110    1029       0       0       0       0       0       000010000D0002035
     110       0       0       1       0                               0D0002036
     110    1030       0       0       0       0       0       000010000D0002037
     110       0       0       1       0                               0D0002038
     144    1031       0       0       0       0       0       000020000D0002039
     144       0   -2733       1       0                               0D0002040
     108    1032       0       0       0       0       0       000010000D0002041
     108       0       0       1       0                               0D0002042
     142    1033       0       0       0       0       0       000010500D0002043
     142       0       0       1       0                               0D0002044
     102    1034       0       0       0       0       0       000010000D0002045
     102       0       0       1       0                               0D0002046
     110    1035       0       0       0       0       0       000010000D0002047
     110       0       0       1       0                               0D0002048
     110    1036       0       0       0       0       0       000010000D0002049
     110       0       0       1       0                               0D0002050
     110    1037       0       0       0       0       0       000010000D0002051
     110       0       0       1       0                               0D0002052
     110    1038       0       0       0       0       0       000010000D0002053
     110       0       0       1       0                               0D0002054
     144    1039       0       0       0       0       0       000020000D0002055
     144       0   -2733       1       0                               0D0002056
     108    1040       0       0       0       0       0       000010000D0002057
     108       0       0       1       0                               0D0002058
     142    1041       0       0       0       0       0       000010500D0002059
     142       0       0       1       0                               0D0002060
     102    1042       0       0       0       0       0       000010000D0002061
     102       0       0       1       0                               0D0002062
     110    1043       0       0       0       0       0       000010000D0002063
     110       0       0       1       0                               0D0002064
     110    1044       0       0       0       0       0       000010000D0002065
     110       0       0       1       0                               0D0002066
     110    1045       0       0       0       0       0       000010000D0002067
     110       0       0       1       0                               0D0002068
     110    1046       0       0       0       0       0       000010000D0002069
     110       0       0       1       0                               0D0002070
     144    1047       0       0       0       0       0       000020000D0002071
     144       0   -2733       1       0                               0D0002072
     108    1048       0       0       0       0       0       000010000D0002073
     108       0       0       1       0                               0D0002074
     142    1049       0       0       0       0       0       000010500D0002075
     142       0       0       1       0                               0D0002076
     102    1050       0       0       0       0       0       000010000D0002077
     102       0       0       1       0                               0D0002078
     110    1051       0       0       0       0       0       000010000D0002079
     110       0       0       1       0                               0D0002080
     110    1052       0       0       0       0       0       000010000D0002081
     110       0       0       1       0                               0D0002082
     110    1053       0       0       0       0       0       000010000D0002083
     110       0       0       1       0                               0D0002084
     110    1054       0       0       0       0       0       000010000D0002085
     110       0       0       1       0                               0D0002086
     144    1055       0       0       0       0       0       000020000D0002087
     144       0   -2733       1       0                               0D0002088
     108    1056       0       0       0       0       0       000010000D0002089
     108       0       0       1       0                               0D0002090
     142    1057       0       0       0       0       0       000010500D0002091
     142       0       0       1       0                               0D0002092
     102    1058       0       0       0       0       0       000010000D0002093
     102       0       0       1       0                               0D0002094
     110    1059       0       0       0       0       0       000010000D0002095
     110       0       0       1       0                               0D0002096
     110    1060       0       0       0       0       0       000010000D0002097
     110       0       0       1       0                               0D0002098
     110    1061       0       0       0       0       0       000010000D0002099
     110       0       0       1       0                               0D0002100
     110    1062       0       0       0       0       0       000010000D0002101
     110       0       0       1       0                               0D0002102
     144    1063       0       0       0       0       0       000020000D0002103
     144       0   -2733       1       0                               0D0002104
     108    1064       0       0       0       0       0       000010000D0002105
     108       0       0       1       0                               0D0002106
     142    1065       0       0       0       0       0       000010500D0002107
     142       0       0       1       0                               0D0002108
     102    1066       0       0       0       0       0       000010000D0002109
     102       0       0       1       0                               0D0002110
     110    1067       0       0       0       0       0       000010000D0002111
     110       0       0       1       0                               0D0002112
     110    1068       0       0       0       0       0       000010000D0002113
     110       0       0       1       0                               0D0002114
     110    1069       0       0       0       0       0       000010000D0002115
     110       0       0       1       0                               0D0002116
     110    1070       0       0       0       0       0       000010000D0002117
     110       0       0       1       0                               0D0002118
     144    1071       0       0       0       0       0       000020000D0002119
     144       0   -2733       1       0                               0D0002120
     108    1072       0       0       0       0       0       000010000D0002121
     108       0       0       1       0                               0D0002122
     142    1073       0       0       0       0       0       000010500D0002123
     142       0       0       1       0                               0D0002124
     102    1074       0       0       0       0       0       000010000D0002125
     102       0       0       1       0                               0D0002126
     110    1075       0       0       0       0       0       000010000D0002127
     110       0       0       1       0                               0D0002128
     110    1076       0       0       0       0       0       000010000D0002129
     110       0       0       1       0                               0D0002130
     110    1077       0       0       0       0       0       000010000D0002131
     110       0       0       1       0                               0D0002132
     110    1078       0       0       0       0       0       000010000D0002133
     110       0       0       1       0                               0D0002134
     144    1079       0       0       0       0       0       000020000D0002135
     144       0   -2733       1       0                               0D0002136
     108    1080       0       0       0       0       0       000010000D0002137
     108       0       0       1       0                               0D0002138
     142    1081       0       0       0       0       0       000010500D0002139
     142       0       0       1       0                               0D0002140
     102    1082       0       0       0       0       0       000010000D0002141
     102       0       0       1       0                               0D0002142
     110    1083       0       0       0       0       0       000010000D0002143
     110       0       0       1       0                               0D0002144
     110    1084       0       0       0       0       0       000010000D0002145
     110       0       0       1       0                               0D0002146
     110    1085       0       0       0       0       0       000010000D0002147
     110       0       0       1       0                               0D0002148
     110    1086       0       0       0       0       0       000010000D0002149
     110       0       0       1       0                               0D0002150
     144    1087       0       0       0       0       0       000020000D0002151
     144       0   -2733       1       0                               0D0002152
     108    1088       0       0       0       0       0       000010000D0002153
     108       0       0       1       0                               0D0002154
     142    1089       0       0       0       0       0       000010500D0002155
     142       0       0       1       0                               0D0002156
     102    1090       0       0       0       0       0       000010000D0002157
     102       0       0       1       0                               0D0002158
     110    1091       0       0       0       0       0       000010000D0002159
     110       0       0       1       0                               0D0002160
     110    1092       0       0       0       0       0       000010000D0002161
     110       0       0       1       0                               0D0002162
     110    1093       0       0       0       0       0       000010000D0002163
     110       0       0       1       0                               0D0002164
     110    1094       0       0       0       0       0       000010000D0002165
     110       0       0       1       0                               0D0002166
     144    1095       0       0       0       0       0       000020000D0002167
     144       0   -2733       1       0                               0D0002168
     108    1096       0       0       0       0       0       000010000D0002169
     108       0       0       1       0                               0D0002170
     142    1097       0       0       0       0       0       000010500D0002171
     142       0       0       1       0                               0D0002172
     102    1098       0       0       0       0       0       000010000D0002173
     102       0       0       1       0                               0D0002174
     110    1099       0       0       0       0       0       000010000D0002175
     110       0       0       1       0                               0D0002176
     110    1100       0       0       0       0       0       000010000D0002177
     110       0       0       1       0                               0D0002178
     110    1101       0       0       0       0       0       000010000D0002179
     110       0       0       1       0                               0D0002180
     110    1102       0       0       0       0       0       000010000D0002181
     110       0       0       1       0                               0D0002182
     144    1103       0       0       0       0       0       000020000D0002183
     144       0   -2733       1       0                               0D0002184
     108    1104       0       0       0       0       0       000010000D0002185
     108       0       0       1       0                               0D0002186
     142    1105       0       0       0       0       0       000010500D0002187
     142       0       0       1       0                               0D0002188
     102    1106       0       0       0       0       0       000010000D0002189
     102       0       0       1       0                               0D0002190
     110    1107       0       0       0       0       0       000010000D0002191
     110       0       0       1       0                               0D0002192
     110    1108       0       0       0       0       0       000010000D0002193
     110       0       0       1       0                               0D0002194
     110    1109       0       0       0       0       0       000010000D0002195
     110       0       0       1       0                               0D0002196
     110    1110       0       0       0       0       0       000010000D0002197
     110       0       0       1       0                               0D0002198
     144    1111       0       0       0       0       0       000020000D0002199
     144       0   -2733       1       0                               0D0002200
     108    1112       0       0       0       0       0       000010000D0002201
     108       0       0       1       0                               0D0002202
     142    1113       0       0       0       0       0       000010500D0002203
     142       0       0       1       0                               0D0002204
     102    1114       0       0       0       0       0       000010000D0002205
     102       0       0       1       0                               0D0002206
     110    1115       0       0       0       0       0       000010000D0002207
     110       0       0       1       0                               0D0002208
     110    1116       0       0       0       0       0       000010000D0002209
     110       0       0       1       0                               0D0002210
     110    1117       0       0       0       0       0       000010000D0002211
     110       0       0       1       0                               0D0002212
     110    1118       0       0       0       0       0       000010000D0002213
     110       0       0       1       0                               0D0002214
     144    1119       0       0       0       0       0       000020000D0002215
     144       0   -2733       1       0                               0D0002216
     108    1120       0       0       0       0       0       000010000D0002217
     108       0       0       1       0                               0D0002218
     142    1121       0       0       0       0       0       000010500D0002219
     142       0       0       1       0                               0D0002220
     102    1122       0       0       0       0       0       000010000D0002221
     102       0       0       1       0                               0D0002222
     110    1123       0       0       0       0       0       000010000D0002223
     110       0       0       1       0                               0D0002224
     110    1124       0       0       0       0       0       000010000D0002225
     110       0       0       1       0                               0D0002226
     110    1125       0       0       0       0       0       000010000D0002227
     110       0       0       1       0                               0D0002228
     110    1126       0       0       0       0       0       000010000D0002229
     110       0       0       1       0                               0D0002230
     144    1127       0       0       0       0       0       000020000D0002231
     144       0   -2733       1       0                               0D0002232
     108    1128       0       0       0       0       0       000010000D0002233
     108       0       0       1       0                               0D0002234
     142    1129       0       0       0       0       0       000010500D0002235
     142       0       0       1       0                               0D0002236
     102    1130       0       0       0       0       0       000010000D0002237
     102       0       0       1       0                               0D0002238
     110    1131       0       0       0       0       0       000010000D0002239
     110       0       0       1       0                               0D0002240
     110    1132       0       0       0       0       0       000010000D0002241
     110       0       0       1       0                               0D0002242
     110    1133       0       0       0       0       0       000010000D0002243
     110       0       0       1       0                               0D0002244
     110    1134       0       0       0       0       0       000010000D0002245
     110       0       0       1       0                               0D0002246
     144    1135       0       0       0       0       0       000020000D0002247
     144       0   -2733       1       0                               0D0002248
     108    1136       0       0       0       0       0       000010000D0002249
     108       0       0       1       0                               0D0002250
     142    1137       0       0       0       0       0       000010500D0002251
     142       0       0       1       0                               0D0002252
     102    1138       0       0       0       0       0       000010000D0002253
     102       0       0       1       0                               0D0002254
     110    1139       0       0       0       0       0       000010000D0002255
     110       0       0       1       0                               0D0002256
     110    1140       0       0       0       0       0       000010000D0002257
     110       0       0       1       0                               0D0002258
     110    1141       0       0       0       0       0       000010000D0002259
     110       0       0       1       0                               0D0002260
     110    1142       0       0       0       0       0       000010000D0002261
     110       0       0       1       0                               0D0002262
     144    1143       0       0       0       0       0       000020000D0002263
     144       0   -2733       1       0                               0D0002264
     108    1144       0       0       0       0       0       000010000D0002265
     108       0       0       1       0                               0D0002266
     142    1145       0       0       0       0       0       000010500D0002267
     142       0       0       1       0                               0D0002268
     102    1146       0       0       0       0       0       000010000D0002269
     102       0       0       1       0                               0D0002270
     110    1147       0       0       0       0       0       000010000D0002271
     110       0       0       1       0                               0D0002272
     110    1148       0       0       0       0       0       000010000D0002273
     110       0       0       1       0                               0D0002274
     110    1149       0       0       0       0       0       000010000D0002275
     110       0       0       1       0                               0D0002276
     110    1150       0       0       0       0       0       000010000D0002277
     110       0       0       1       0                               0D0002278
     144    1151       0       0       0       0       0       000020000D0002279
     144       0   -2733       1       0                               0D0002280
     108    1152       0       0       0       0       0       000010000D0002281
     108       0       0       1       0                               0D0002282
     142    1153       0       0       0       0       0       000010500D0002283
     142       0       0       1       0                               0D0002284
     102    1154       0       0       0       0       0       000010000D0002285
     102       0       0       1       0                               0D0002286
     110    1155       0       0       0       0       0       000010000D0002287
     110       0       0       1       0                               0D0002288
     110    1156       0       0       0       0       0       000010000D0002289
     110       0       0       1       0                               0D0002290
     110    1157       0       0       0       0       0       000010000D0002291
     110       0       0       1       0                               0D0002292
     110    1158       0       0       0       0       0       000010000D0002293
     110       0       0       1       0                               0D0002294
     144    1159       0       0       0       0       0       000020000D0002295
     144       0   -2733       1       0                               0D0002296
     108    1160       0       0       0       0       0       000010000D0002297
     108       0       0       1       0                               0D0002298
     142    1161       0       0       0       0       0       000010500D0002299
     142       0       0       1       0                               0D0002300
     102    1162       0       0       0       0       0       000010000D0002301
     102       0       0       1       0                               0D0002302
     110    1163       0       0       0       0       0       000010000D0002303
     110       0       0       1       0                               0D0002304
     110    1164       0       0       0       0       0       000010000D0002305
     110       0       0       1       0                               0D0002306
     110    1165       0       0       0       0       0       000010000D0002307
     110       0       0       1       0                               0D0002308
     110    1166       0       0       0       0       0       000010000D0002309
     110       0       0       1       0                               0D0002310
     144    1167       0       0       0       0       0       000020000D0002311
     144       0   -2733       1       0                               0D0002312
     108    1168       0       0       0       0       0       000010000D0002313
     108       0       0       1       0                               0D0002314
     142    1169       0       0       0       0       0       000010500D0002315
     142       0       0       1       0                               0D0002316
     102    1170       0       0       0       0       0       000010000D0002317
     102       0       0       1       0                               0D0002318
     110    1171       0       0       0       0       0       000010000D0002319
     110       0       0       1       0                               0D0002320
     110    1172       0       0       0       0       0       000010000D0002321
     110       0       0       1       0                               0D0002322
     110    1173       0       0       0       0       0       000010000D0002323
     110       0       0       1       0                               0D0002324
     110    1174       0       0       0       0       0       000010000D0002325
     110       0       0       1       0                               0D0002326
     144    1175       0       0       0       0       0       000020000D0002327
     144       0   -2733       1       0                               0D0002328
     108    1176       0       0       0       0       0       000010000D0002329
     108       0       0       1       0                               0D0002330
     142    1177       0       0       0       0       0       000010500D0002331
     142       0       0       1       0                               0D0002332
     102    1178       0       0       0       0       0       000010000D0002333
     102       0       0       1       0                               0D0002334
     110    1179       0       0       0       0       0       000010000D0002335
     110       0       0       1       0                               0D0002336
     110    1180       0       0       0       0       0       000010000D0002337
     110       0       0       1       0                               0D0002338
     110    1181       0       0       0       0       0       000010000D0002339
     110       0       0       1       0                               0D0002340
     110    1182       0       0       0       0       0       000010000D0002341
     110       0       0       1       0                               0D0002342
     144    1183       0       0       0       0       0       000020000D0002343
     144       0   -2733       1       0                               0D0002344
     108    1184       0       0       0       0       0       000010000D0002345
     108       0       0       1       0                               0D0002346
     142    1185       0       0       0       0       0       000010500D0002347
     142       0       0       1       0                               0D0002348
     102    1186       0       0       0       0       0       000010000D0002349
     102       0       0       1       0                               0D0002350
     110    1187       0       0       0       0       0       000010000D0002351
     110       0       0       1       0                               0D0002352
     110    1188       0       0       0       0       0       000010000D0002353
     110       0       0       1       0                               0D0002354
     110    1189       0       0       0       0       0       000010000D0002355
     110       0       0       1       0                               0D0002356
     110    1190       0       0       0       0       0       000010000D0002357
     110       0       0       1       0                               0D0002358
     144    1191       0       0       0       0       0       000020000D0002359
     144       0   -2733       1       0                               0D0002360
     108    1192       0       0       0       0       0       000010000D0002361
     108       0       0       1       0                               0D0002362
     142    1193       0       0       0       0       0       000010500D0002363
     142       0       0       1       0                               0D0002364
     102    1194       0       0       0       0       0       000010000D0002365
     102       0       0       1       0                               0D0002366
     110    1195       0       0       0       0       0       000010000D0002367
     110       0       0       1       0                               0D0002368
     110    1196       0       0       0       0       0       000010000D0002369
     110       0       0       1       0                               0D0002370
     110    1197       0       0       0       0       0       000010000D0002371
     110       0       0       1       0                               0D0002372
     110    1198       0       0       0       0       0       000010000D0002373
     110       0       0       1       0                               0D0002374
     144    1199       0       0       0       0       0       000020000D0002375
     144       0   -2733       1       0                               0D0002376
     108    1200       0       0       0       0       0       000010000D0002377
     108       0       0       1       0                               0D0002378
     142    1201       0       0       0       0       0       000010500D0002379
     142       0       0       1       0                               0D0002380
     102    1202       0       0       0       0       0       000010000D0002381
     102       0       0       1       0                               0D0002382
     110    1203       0       0       0       0       0       000010000D0002383
     110       0       0       1       0                               0D0002384
     110    1204       0       0       0       0       0       000010000D0002385
     110       0       0       1       0                               0D0002386
     110    1205       0       0       0       0       0       000010000D0002387
     110       0       0       1       0                               0D0002388
     110    1206       0       0       0       0       0       000010000D0002389
     110       0       0       1       0                               0D0002390
     144    1207       0       0       0       0       0       000020000D0002391
     144       0   -2733       1       0                               0D0002392
     108    1208       0       0       0       0       0       000010000D0002393
     108       0       0       1       0                               0D0002394
     142    1209       0       0       0       0       0       000010500D0002395
     142       0       0       1       0                               0D0002396
     102    1210       0       0       0       0       0       000010000D0002397
     102       0       0       1       0                               0D0002398
     110    1211       0       0       0       0       0       000010000D0002399
     110       0       0       1       0                               0D0002400
     110    1212       0       0       0       0       0       000010000D0002401
     110       0       0       1       0                               0D0002402
     110    1213       0       0       0       0       0       000010000D0002403
     110       0       0       1       0                               0D0002404
     110    1214       0       0       0       0       0       000010000D0002405
     110       0       0       1       0                               0D0002406
     144    1215       0       0       0       0       0       000020000D0002407
     144       0   -2733       1       0                               0D0002408
     108    1216       0       0       0       0       0       000010000D0002409
     108       0       0       1       0                               0D0002410
     142    1217       0       0       0       0       0       000010500D0002411
     142       0       0       1       0                               0D0002412
     102    1218       0       0       0       0       0       000010000D0002413
     102       0       0       1       0                               0D0002414
     110    1219       0       0       0       0       0       000010000D0002415
     110       0       0       1       0                               0D0002416
     110    1220       0       0       0       0       0       000010000D0002417
     110       0       0       1       0                               0D0002418
     110    1221       0       0       0       0       0       000010000D0002419
     110       0       0       1       0                               0D0002420
     110    1222       0       0       0       0       0       000010000D0002421
     110       0       0       1       0                               0D0002422
     144    1223       0       0       0       0       0       000020000D0002423
     144       0   -2733       1       0                               0D0002424
     108    1224       0       0       0       0       0       000010000D0002425
     108       0       0       1       0                               0D0002426
     142    1225       0       0       0       0       0       000010500D0002427
     142       0       0       1       0                               0D0002428
     102    1226       0       0       0       0       0       000010000D0002429
     102       0       0       1       0                               0D0002430
     110    1227       0       0       0       0       0       000010000D0002431
     110       0       0       1       0                               0D0002432
     110    1228       0       0       0       0       0       000010000D0002433
     110       0       0       1       0                               0D0002434
     110    1229       0       0       0       0       0       000010000D0002435
     110       0       0       1       0                               0D0002436
     110    1230       0       0       0       0       0       000010000D0002437
     110       0       0       1       0                               0D0002438
     144    1231       0       0       0       0       0       000020000D0002439
     144       0   -2733       1       0                               0D0002440
     108    1232       0       0       0       0       0       000010000D0002441
     108       0       0       1       0                               0D0002442
     142    1233       0       0       0       0       0       000010500D0002443
     142       0       0       1       0                               0D0002444
     102    1234       0       0       0       0       0       000010000D0002445
     102       0       0       1       0                               0D0002446
     110    1235       0       0       0       0       0       000010000D0002447
     110       0       0       1       0                               0D0002448
     110    1236       0       0       0       0       0       000010000D0002449
     110       0       0       1       0                               0D0002450
     110    1237       0       0       0       0       0       000010000D0002451
     110       0       0       1       0                               0D0002452
     110    1238       0       0       0       0       0       000010000D0002453
     110       0       0       1       0                               0D0002454
     144    1239       0       0       0       0       0       000020000D0002455
     144       0   -2733       1       0                               0D0002456
     108    1240       0       0       0       0       0       000010000D0002457
     108       0       0       1       0                               0D0002458
     142    1241       0       0       0       0       0       000010500D0002459
     142       0       0       1       0                               0D0002460
     102    1242       0       0       0       0       0       000010000D0002461
     102       0       0       1       0                               0D0002462
     110    1243       0       0       0       0       0       000010000D0002463
     110       0       0       1       0                               0D0002464
     110    1244       0       0       0       0       0       000010000D0002465
     110       0       0       1       0                               0D0002466
     110    1245       0       0       0       0       0       000010000D0002467
     110       0       0       1       0                               0D0002468
     110    1246       0       0       0       0       0       000010000D0002469
     110       0       0       1       0                               0D0002470
     144    1247       0       0       0       0       0       000020000D0002471
     144       0   -2733       1       0                               0D0002472
     108    1248       0       0       0       0       0       000010000D0002473
     108       0       0       1       0                               0D0002474
     142    1249       0       0       0       0       0       000010500D0002475
     142       0       0       1       0                               0D0002476
     102    1250       0       0       0       0       0       000010000D0002477
     102       0       0       1       0                               0D0002478
     110    1251       0       0       0       0       0       000010000D0002479
     110       0       0       1       0                               0D0002480
     110    1252       0       0       0       0       0       000010000D0002481
     110       0       0       1       0                               0D0002482
     110    1253       0       0       0       0       0       000010000D0002483
     110       0       0       1       0                               0D0002484
     110    1254       0       0       0       0       0       000010000D0002485
     110       0       0       1       0                               0D0002486
     144    1255       0       0       0       0       0       000020000D0002487
     144       0   -2733       1       0                               0D0002488
     108    1256       0       0       0       0       0       000010000D0002489
     108       0       0       1       0                               0D0002490
     142    1257       0       0       0       0       0       000010500D0002491
     142       0       0       1       0                               0D0002492
     102    1258       0       0       0       0       0       000010000D0002493
     102       0       0       1       0                               0D0002494
     110    1259       0       0       0       0       0       000010000D0002495
     110       0       0       1       0                               0D0002496
     110    1260       0       0       0       0       0       000010000D0002497
     110       0       0       1       0                               0D0002498
     110    1261       0       0       0       0       0       000010000D0002499
     110       0       0       1       0                               0D0002500
     110    1262       0       0       0       0       0       000010000D0002501
     110       0       0       1       0                               0D0002502
     144    1263       0       0       0       0       0       000020000D0002503
     144       0   -2733       1       0                               0D0002504
     108    1264       0       0       0       0       0       000010000D0002505
     108       0       0       1       0                               0D0002506
     142    1265       0       0       0       0       0       000010500D0002507
     142       0       0       1       0                               0D0002508
     102    1266       0       0       0       0       0       000010000D0002509
     102       0       0       1       0                               0D0002510
     110    1267       0       0       0       0       0       000010000D0002511
     110       0       0       1       0                               0D0002512
     110    1268       0       0       0       0       0       000010000D0002513
     110       0       0       1       0                               0D0002514
     110    1269       0       0       0       0       0       000010000D0002515
     110       0       0       1       0                               0D0002516
     110    1270       0       0       0       0       0       000010000D0002517
     110       0       0       1       0                               0D0002518
     144    1271       0       0       0       0       0       000020000D0002519
     144       0   -2733       1       0                               0D0002520
     108    1272       0       0       0       0       0       000010000D0002521
     108       0       0       1       0                               0D0002522
     142    1273       0       0       0       0       0       000010500D0002523
     142       0       0       1       0                               0D0002524
     102    1274       0       0       0       0       0       000010000D0002525
     102       0       0       1       0                               0D0002526
     110    1275       0       0       0       0       0       000010000D0002527
     110       0       0       1       0                               0D0002528
     110    1276       0       0       0       0       0       000010000D0002529
     110       0       0       1       0                               0D0002530
     110    1277       0       0       0       0       0       000010000D0002531
     110       0       0       1       0                               0D0002532
     110    1278       0       0       0       0       0       000010000D0002533
     110       0       0       1       0                               0D0002534
     144    1279       0       0       0       0       0       000020000D0002535
     144       0   -2733       1       0                               0D0002536
     108    1280       0       0       0       0       0       000010000D0002537
     108       0       0       1       0                               0D0002538
     142    1281       0       0       0       0       0       000010500D0002539
     142       0       0       1       0                               0D0002540
     102    1282       0       0       0       0       0       000010000D0002541
     102       0       0       1       0                               0D0002542
     110    1283       0       0       0       0       0       000010000D0002543
     110       0       0       1       0                               0D0002544
     110    1284       0       0       0       0       0       000010000D0002545
     110       0       0       1       0                               0D0002546
     110    1285       0       0       0       0       0       000010000D0002547
     110       0       0       1       0                               0D0002548
     110    1286       0       0       0       0       0       000010000D0002549
     110       0       0       1       0                               0D0002550
     144    1287       0       0       0       0       0       000020000D0002551
     144       0   -2733       1       0                               0D0002552
     108    1288       0       0       0       0       0       000010000D0002553
     108       0       0       1       0                               0D0002554
     142    1289       0       0       0       0       0       000010500D0002555
     142       0       0       1       0                               0D0002556
     102    1290       0       0       0       0       0       000010000D0002557
     102       0       0       1       0                               0D0002558
     110    1291       0       0       0       0       0       000010000D0002559
     110       0       0       1       0                               0D0002560
     110    1292       0       0       0       0       0       000010000D0002561
     110       0       0       1       0                               0D0002562
     110    1293       0       0       0       0       0       000010000D0002563
     110       0       0       1       0                               0D0002564
     110    1294       0       0       0       0       0       000010000D0002565
     110       0       0       1       0                               0D0002566
     144    1295       0       0       0       0       0       000020000D0002567
     144       0   -2733       1       0                               0D0002568
     108    1296       0       0       0       0       0       000010000D0002569
     108       0       0       1       0                               0D0002570
     142    1297       0       0       0       0       0       000010500D0002571
     142       0       0       1       0                               0D0002572
     102    1298       0       0       0       0       0       000010000D0002573
     102       0       0       1       0                               0D0002574
     110    1299       0       0       0       0       0       000010000D0002575
     110       0       0       1       0                               0D0002576
     110    1300       0       0       0       0       0       000010000D0002577
     110       0       0       1       0                               0D0002578
     110    1301       0       0       0       0       0       000010000D0002579
     110       0       0       1       0                               0D0002580
     110    1302       0       0       0       0       0       000010000D0002581
     110       0       0       1       0                               0D0002582
     144    1303       0       0       0       0       0       000020000D0002583
     144       0   -2733       1       0                               0D0002584
     108    1304       0       0       0       0       0       000010000D0002585
     108       0       0       1       0                               0D0002586
     142    1305       0       0       0       0       0       000010500D0002587
     142       0       0       1       0                               0D0002588
     102    1306       0       0       0       0       0       000010000D0002589
     102       0       0       1       0                               0D0002590
     110    1307       0       0       0       0       0       000010000D0002591
     110       0       0       1       0                               0D0002592
     110    1308       0       0       0       0       0       000010000D0002593
     110       0       0       1       0                               0D0002594
     110    1309       0       0       0       0       0       000010000D0002595
     110       0       0       1       0                               0D0002596
     110    1310       0       0       0       0       0       000010000D0002597
     110       0       0       1       0                               0D0002598
     144    1311       0       0       0       0       0       000020000D0002599
     144       0   -2733       1       0                               0D0002600
     108    1312       0       0       0       0       0       000010000D0002601
     108       0       0       1       0                               0D0002602
     142    1313       0       0       0       0       0       000010500D0002603
     142       0       0       1       0                               0D0002604
     102    1314       0       0       0       0       0       000010000D0002605
     102       0       0       1       0                               0D0002606
     110    1315       0       0       0       0       0       000010000D0002607
     110       0       0       1       0                               0D0002608
     110    1316       0       0       0       0       0       000010000D0002609
     110       0       0       1       0                               0D0002610
     110    1317       0       0       0       0       0       000010000D0002611
     110       0       0       1       0                               0D0002612
     110    1318       0       0       0       0       0       000010000D0002613
     110       0       0       1       0                               0D0002614
     144    1319       0       0       0       0       0       000020000D0002615
     144       0   -2733       1       0                               0D0002616
     108    1320       0       0       0       0       0       000010000D0002617
     108       0       0       2       0                               0D0002618
     142    1322       0       0       0       0       0       000010500D0002619
     142       0       0       1       0                               0D0002620
     102    1323       0       0       0       0       0       000010000D0002621
     102       0       0       1       0                               0D0002622
     110    1324       0       0       0       0       0       000010000D0002623
     110       0       0       1       0                               0D0002624
     110    1325       0       0       0       0       0       000010000D0002625
     110       0       0       1       0                               0D0002626
     110    1326       0       0       0       0       0       000010000D0002627
     110       0       0       1       0                               0D0002628
     110    1327       0       0       0       0       0       000010000D0002629
     110       0       0       1       0                               0D0002630
     144    1328       0       0       0       0       0       000020000D0002631
     144       0   -2733       1       0                               0D0002632
     108    1329       0       0       0       0       0       000010000D0002633
     108       0       0       1       0                               0D0002634
     142    1330       0       0       0       0       0       000010500D0002635
     142       0       0       1       0                               0D0002636
     102    1331       0       0       0       0       0       000010000D0002637
     102       0       0       1       0                               0D0002638
     110    1332       0       0       0       0       0       000010000D0002639
     110       0       0       1       0                               0D0002640
     110    1333       0       0       0       0       0       000010000D0002641
     110       0       0       1       0                               0D0002642
     110    1334       0       0       0       0       0       000010000D0002643
     110       0       0       1       0                               0D0002644
     110    1335       0       0       0       0       0       000010000D0002645
     110       0       0       1       0                               0D0002646
     110    1336       0       0       0       0       0       000010000D0002647
     110       0       0       1       0                               0D0002648
     144    1337       0       0       0       0       0       000020000D0002649
     144       0   -2733       1       0                               0D0002650
     108    1338       0       0       0       0       0       000010000D0002651
     108       0       0       1       0                               0D0002652
     142    1339       0       0       0       0       0       000010500D0002653
     142       0       0       1       0                               0D0002654
     102    1340       0       0       0       0       0       000010000D0002655
     102       0       0       1       0                               0D0002656
     110    1341       0       0       0       0       0       000010000D0002657
     110       0       0       1       0                               0D0002658
     110    1342       0       0       0       0       0       000010000D0002659
     110       0       0       1       0                               0D0002660
     110    1343       0       0       0       0       0       000010000D0002661
     110       0       0       1       0                               0D0002662
     110    1344       0       0       0       0       0       000010000D0002663
     110       0       0       1       0                               0D0002664
     144    1345       0       0       0       0       0       000020000D0002665
     144       0   -2733       1       0                               0D0002666
     108    1346       0       0       0       0       0       000010000D0002667
     108       0       0       1       0                               0D0002668
     142    1347       0       0       0       0       0       000010500D0002669
     142       0       0       1       0                               0D0002670
     102    1348       0       0       0       0       0       000010000D0002671
     102       0       0       1       0                               0D0002672
     110    1349       0       0       0       0       0       000010000D0002673
     110       0       0       1       0                               0D0002674
     110    1350       0       0       0       0       0       000010000D0002675
     110       0       0       1       0                               0D0002676
     110    1351       0       0       0       0       0       000010000D0002677
     110       0       0       1       0                               0D0002678
     110    1352       0       0       0       0       0       000010000D0002679
     110       0       0       1       0                               0D0002680
     144    1353       0       0       0       0       0       000020000D0002681
     144       0   -2733       1       0                               0D0002682
     108    1354       0       0       0       0       0       000010000D0002683
     108       0       0       1       0                               0D0002684
     142    1355       0       0       0       0       0       000010500D0002685
     142       0       0       1       0                               0D0002686
     102    1356       0       0       0       0       0       000010000D0002687
     102       0       0       1       0                               0D0002688
     110    1357       0       0       0       0       0       000010000D0002689
     110       0       0       1       0                               0D0002690
     110    1358       0       0       0       0       0       000010000D0002691
     110       0       0       1       0                               0D0002692
     110    1359       0       0       0       0       0       000010000D0002693
     110       0       0       1       0                               0D0002694
     110    1360       0       0       0       0       0       000010000D0002695
     110       0       0       1       0                               0D0002696
     144    1361       0       0       0       0       0       000020000D0002697
     144       0   -2733       1       0                               0D0002698
     108    1362       0       0       0       0       0       000010000D0002699
     108       0       0       1       0                               0D0002700
     142    1363       0       0       0       0       0       000010500D0002701
     142       0       0       1       0                               0D0002702
     102    1364       0       0       0       0       0       000010000D0002703
     102       0       0       1       0                               0D0002704
     110    1365       0       0       0       0       0       000010000D0002705
     110       0       0       1       0                               0D0002706
     110    1366       0       0       0       0       0       000010000D0002707
     110       0       0       1       0                               0D0002708
     110    1367       0       0       0       0       0       000010000D0002709
     110       0       0       1       0                               0D0002710
     110    1368       0       0       0       0       0       000010000D0002711
     110       0       0       1       0                               0D0002712
     144    1369       0       0       0       0       0       000020000D0002713
     144       0   -2733       1       0                               0D0002714
     108    1370       0       0       0       0       0       000010000D0002715
     108       0       0       1       0                               0D0002716
     142    1371       0       0       0       0       0       000010500D0002717
     142       0       0       1       0                               0D0002718
     102    1372       0       0       0       0       0       000010000D0002719
     102       0       0       1       0                               0D0002720
     110    1373       0       0       0       0       0       000010000D0002721
     110       0       0       1       0                               0D0002722
     110    1374       0       0       0       0       0       000010000D0002723
     110       0       0       1       0                               0D0002724
     110    1375       0       0       0       0       0       000010000D0002725
     110       0       0       1       0                               0D0002726
     110    1376       0       0       0       0       0       000010000D0002727
     110       0       0       1       0                               0D0002728
     314    1377       0       0       0       0       0       000000200D0002729
     314       0       0       1       0                               0D0002730
     314    1378       0       0       0       0       0       000000200D0002731
     314       0       0       1       0                               0D0002732
     314    1379       0       0       0       0       0       000000200D0002733
     314       0       0       1       0                               0D0002734
     406    1380       0       0       0       0       0       000000000D0002735
     406       0       0       1      15                               0D0002736
     406    1381       0       0       0       0       0       000000000D0002737
     406       0       0       1      15                               0D0002738
402,15,3,101,199,297,395,493,591,709,807,905,1003,1101,1199,     0000001P0000001
1297,1395,0,1,2737;                                              0000001P0000002
402,6,5,21,37,53,69,85;                                          0000003P0000003
144,7,1,0,9;                                                     0000005P0000004
108,-0.,-0.,-1.,-0.,0,0.,0.,0.,0.;                               0000007P0000005
142,0,7,0,11,2;                                                  0000009P0000006
102,4,13,15,17,19;                                               0000011P0000007
110,-1.,0.8,0.,-0.75,0.8,0.;                                     0000013P0000008
110,-0.75,0.8,0.,-0.75,0.5,0.;                                   0000015P0000009
110,-0.75,0.5,0.,-1.,0.5,0.;                                     0000017P0000010
110,-1.,0.5,0.,-1.,0.8,0.;                                       0000019P0000011
144,23,1,0,25;                                                   0000021P0000012
108,-1.,0.,0.,1.,0,-1.,0.8,0.,0.;                                0000023P0000013
142,0,23,0,27,2;                                                 0000025P0000014
102,4,29,31,33,35;                                               0000027P0000015
110,-1.,0.5,0.,-1.,0.5,0.2;                                      0000029P0000016
110,-1.,0.5,0.2,-1.,0.8,0.2;                                     0000031P0000017
110,-1.,0.8,0.2,-1.,0.8,0.;                                      0000033P0000018
110,-1.,0.8,0.,-1.,0.5,0.;                                       0000035P0000019
144,39,1,0,41;                                                   0000037P0000020
108,0.,1.,0.,0.8,0,-0.75,0.8,0.,0.;                              0000039P0000021
142,0,39,0,43,2;                                                 0000041P0000022
102,4,45,47,49,51;                                               0000043P0000023
110,-1.,0.8,0.,-1.,0.8,0.2;                                      0000045P0000024
110,-1.,0.8,0.2,-0.75,0.8,0.2;                                   0000047P0000025
110,-0.75,0.8,0.2,-0.75,0.8,0.;                                  0000049P0000026
110,-0.75,0.8,0.,-1.,0.8,0.;                                     0000051P0000027
144,55,1,0,57;                                                   0000053P0000028
108,1.,0.,0.,-0.75,0,-0.75,0.5,0.,0.;                            0000055P0000029
142,0,55,0,59,2;                                                 0000057P0000030
102,4,61,63,65,67;                                               0000059P0000031
110,-0.75,0.8,0.,-0.75,0.8,0.2;                                  0000061P0000032
110,-0.75,0.8,0.2,-0.75,0.5,0.2;                                 0000063P0000033
110,-0.75,0.5,0.2,-0.75,0.5,0.;                                  0000065P0000034
110,-0.75,0.5,0.,-0.75,0.8,0.;                                   0000067P0000035
144,71,1,0,73;                                                   0000069P0000036
108,0.,-1.,0.,-0.5,0,-1.,0.5,0.,0.;                              0000071P0000037
142,0,71,0,75,2;                                                 0000073P0000038
102,4,77,79,81,83;                                               0000075P0000039
110,-0.75,0.5,0.,-0.75,0.5,0.2;                                  0000077P0000040
110,-0.75,0.5,0.2,-1.,0.5,0.2;                                   0000079P0000041
110,-1.,0.5,0.2,-1.,0.5,0.;                                      0000081P0000042
110,-1.,0.5,0.,-0.75,0.5,0.;                                     0000083P0000043
144,87,1,0,89;                                                   0000085P0000044
108,0.,0.,1.,0.2,0,0.,0.,0.2,0.;                                 0000087P0000045
142,0,87,0,91,2;                                                 0000089P0000046
102,4,93,95,97,99;                                               0000091P0000047
110,-1.,0.5,0.2,-0.75,0.5,0.2;                                   0000093P0000048
110,-0.75,0.5,0.2,-0.75,0.8,0.2;                                 0000095P0000049
110,-0.75,0.8,0.2,-1.,0.8,0.2;                                   0000097P0000050
110,-1.,0.8,0.2,-1.,0.5,0.2;                                     0000099P0000051
402,6,103,119,135,151,167,183;                                   0000101P0000052
144,105,1,0,107;                                                 0000103P0000053
108,-0.,-0.,-1.,-0.,0,0.,0.,0.,0.;                               0000105P0000054
142,0,105,0,109,2;                                               0000107P0000055
102,4,111,113,115,117;                                           0000109P0000056
110,-1.,0.15,0.,-0.75,0.15,0.;                                   0000111P0000057
110,-0.75,0.15,0.,-0.75,-0.15,0.;                                0000113P0000058
110,-0.75,-0.15,0.,-1.,-0.15,0.;                                 0000115P0000059
110,-1.,-0.15,0.,-1.,0.15,0.;                                    0000117P0000060
144,121,1,0,123;                                                 0000119P0000061
108,-1.,0.,0.,1.,0,-1.,0.15,0.,0.;                               0000121P0000062
142,0,121,0,125,2;                                               0000123P0000063
102,4,127,129,131,133;                                           0000125P0000064
110,-1.,-0.15,0.,-1.,-0.15,0.2;                                  0000127P0000065
110,-1.,-0.15,0.2,-1.,0.15,0.2;                                  0000129P0000066
110,-1.,0.15,0.2,-1.,0.15,0.;                                    0000131P0000067
110,-1.,0.15,0.,-1.,-0.15,0.;                                    0000133P0000068
144,137,1,0,139;                                                 0000135P0000069
108,0.,1.,0.,0.15,0,-0.75,0.15,0.,0.;                            0000137P0000070
142,0,137,0,141,2;                                               0000139P0000071
102,4,143,145,147,149;                                           0000141P0000072
110,-1.,0.15,0.,-1.,0.15,0.2;                                    0000143P0000073
110,-1.,0.15,0.2,-0.75,0.15,0.2;                                 0000145P0000074
110,-0.75,0.15,0.2,-0.75,0.15,0.;                                0000147P0000075
110,-0.75,0.15,0.,-1.,0.15,0.;                                   0000149P0000076
144,153,1,0,155;                                                 0000151P0000077
108,1.,0.,0.,-0.75,0,-0.75,-0.15,0.,0.;                          0000153P0000078
142,0,153,0,157,2;                                               0000155P0000079
102,4,159,161,163,165;                                           0000157P0000080
110,-0.75,0.15,0.,-0.75,0.15,0.2;                                0000159P0000081
110,-0.75,0.15,0.2,-0.75,-0.15,0.2;                              0000161P0000082
110,-0.75,-0.15,0.2,-0.75,-0.15,0.;                              0000163P0000083
110,-0.75,-0.15,0.,-0.75,0.15,0.;                                0000165P0000084
144,169,1,0,171;                                                 0000167P0000085
108,0.,-1.,0.,0.15,0,-1.,-0.15,0.,0.;                            0000169P0000086
142,0,169,0,173,2;                                               0000171P0000087
102,4,175,177,179,181;                                           0000173P0000088
110,-0.75,-0.15,0.,-0.75,-0.15,0.2;                              0000175P0000089
110,-0.75,-0.15,0.2,-1.,-0.15,0.2;                               0000177P0000090
110,-1.,-0.15,0.2,-1.,-0.15,0.;                                  0000179P0000091
110,-1.,-0.15,0.,-0.75,-0.15,0.;                                 0000181P0000092
144,185,1,0,187;                                                 0000183P0000093
108,0.,0.,1.,0.2,0,0.,0.,0.2,0.;                                 0000185P0000094
142,0,185,0,189,2;                                               0000187P0000095
102,4,191,193,195,197;                                           0000189P0000096
110,-1.,-0.15,0.2,-0.75,-0.15,0.2;                               0000191P0000097
110,-0.75,-0.15,0.2,-0.75,0.15,0.2;                              0000193P0000098
110,-0.75,0.15,0.2,-1.,0.15,0.2;                                 0000195P0000099
110,-1.,0.15,0.2,-1.,-0.15,0.2;                                  0000197P0000100
402,6,201,217,233,249,265,281;                                   0000199P0000101
144,203,1,0,205;                                                 0000201P0000102
108,-0.,-0.,-1.,-0.,0,0.,0.,0.,0.;                               0000203P0000103
142,0,203,0,207,2;                                               0000205P0000104
102,4,209,211,213,215;                                           0000207P0000105
110,-1.,-0.5,0.,-0.75,-0.5,0.;                                   0000209P0000106
110,-0.75,-0.5,0.,-0.75,-0.8,0.;                                 0000211P0000107
110,-0.75,-0.8,0.,-1.,-0.8,0.;                                   0000213P0000108
110,-1.,-0.8,0.,-1.,-0.5,0.;                                     0000215P0000109
144,219,1,0,221;                                                 0000217P0000110
108,-1.,0.,0.,1.,0,-1.,-0.5,0.,0.;                               0000219P0000111
142,0,219,0,223,2;                                               0000221P0000112
102,4,225,227,229,231;                                           0000223P0000113
110,-1.,-0.8,0.,-1.,-0.8,0.2;                                    0000225P0000114
110,-1.,-0.8,0.2,-1.,-0.5,0.2;                                   0000227P0000115
110,-1.,-0.5,0.2,-1.,-0.5,0.;                                    0000229P0000116
110,-1.,-0.5,0.,-1.,-0.8,0.;                                     0000231P0000117
144,235,1,0,237;                                                 0000233P0000118
108,0.,1.,0.,-0.5,0,-0.75,-0.5,0.,0.;                            0000235P0000119
142,0,235,0,239,2;                                               0000237P0000120
102,4,241,243,245,247;                                           0000239P0000121
110,-1.,-0.5,0.,-1.,-0.5,0.2;                                    0000241P0000122
110,-1.,-0.5,0.2,-0.75,-0.5,0.2;                                 0000243P0000123
110,-0.75,-0.5,0.2,-0.75,-0.5,0.;                                0000245P0000124
110,-0.75,-0.5,0.,-1.,-0.5,0.;                                   0000247P0000125
144,251,1,0,253;                                                 0000249P0000126
108,1.,0.,0.,-0.75,0,-0.75,-0.8,0.,0.;                           0000251P0000127
142,0,251,0,255,2;                                               0000253P0000128
102,4,257,259,261,263;                                           0000255P0000129
110,-0.75,-0.5,0.,-0.75,-0.5,0.2;                                0000257P0000130
110,-0.75,-0.5,0.2,-0.75,-0.8,0.2;                               0000259P0000131
110,-0.75,-0.8,0.2,-0.75,-0.8,0.;                                0000261P0000132
110,-0.75,-0.8,0.,-0.75,-0.5,0.;                                 0000263P0000133
144,267,1,0,269;                                                 0000265P0000134
108,0.,-1.,0.,0.8,0,-1.,-0.8,0.,0.;                              0000267P0000135
142,0,267,0,271,2;                                               0000269P0000136
102,4,273,275,277,279;                                           0000271P0000137
110,-0.75,-0.8,0.,-0.75,-0.8,0.2;                                0000273P0000138
110,-0.75,-0.8,0.2,-1.,-0.8,0.2;                                 0000275P0000139
110,-1.,-0.8,0.2,-1.,-0.8,0.;                                    0000277P0000140
110,-1.,-0.8,0.,-0.75,-0.8,0.;                                   0000279P0000141
144,283,1,0,285;                                                 0000281P0000142
108,0.,0.,1.,0.2,0,0.,0.,0.2,0.;                                 0000283P0000143
142,0,283,0,287,2;                                               0000285P0000144
102,4,289,291,293,295;                                           0000287P0000145
110,-1.,-0.8,0.2,-0.75,-0.8,0.2;                                 0000289P0000146
110,-0.75,-0.8,0.2,-0.75,-0.5,0.2;                               0000291P0000147
110,-0.75,-0.5,0.2,-1.,-0.5,0.2;                                 0000293P0000148
110,-1.,-0.5,0.2,-1.,-0.8,0.2;                                   0000295P0000149
402,6,299,315,331,347,363,379;                                   0000297P0000150
144,301,1,0,303;                                                 0000299P0000151
108,0.,0.,-1.,0.,0,0.,0.,0.,0.;                                  0000301P0000152
142,0,301,0,305,2;                                               0000303P0000153
102,4,307,309,311,313;                                           0000305P0000154
110,1.,0.5,0.,0.75,0.5,0.;                                       0000307P0000155
110,0.75,0.5,0.,0.75,0.8,0.;                                     0000309P0000156
110,0.75,0.8,0.,1.,0.8,0.;                                       0000311P0000157
110,1.,0.8,0.,1.,0.5,0.;                                         0000313P0000158
144,317,1,0,319;                                                 0000315P0000159
108,1.,-0.,-0.,1.,0,1.,0.8,0.,0.;                                0000317P0000160
142,0,317,0,321,2;                                               0000319P0000161
102,4,323,325,327,329;                                           0000321P0000162
110,1.,0.8,0.,1.,0.8,0.2;                                        0000323P0000163
110,1.,0.8,0.2,1.,0.5,0.2;                                       0000325P0000164
110,1.,0.5,0.2,1.,0.5,0.;                                        0000327P0000165
110,1.,0.5,0.,1.,0.8,0.;                                         0000329P0000166
144,333,1,0,335;                                                 0000331P0000167
108,-0.,-1.,-0.,-0.5,0,1.,0.5,0.,0.;                             0000333P0000168
142,0,333,0,337,2;                                               0000335P0000169
102,4,339,341,343,345;                                           0000337P0000170
110,1.,0.5,0.,1.,0.5,0.2;                                        0000339P0000171
110,1.,0.5,0.2,0.75,0.5,0.2;                                     0000341P0000172
110,0.75,0.5,0.2,0.75,0.5,0.;                                    0000343P0000173
110,0.75,0.5,0.,1.,0.5,0.;                                       0000345P0000174
144,349,1,0,351;                                                 0000347P0000175
108,-1.,-0.,-0.,-0.75,0,0.75,0.5,0.,0.;                          0000349P0000176
142,0,349,0,353,2;                                               0000351P0000177
102,4,355,357,359,361;                                           0000353P0000178
110,0.75,0.5,0.,0.75,0.5,0.2;                                    0000355P0000179
110,0.75,0.5,0.2,0.75,0.8,0.2;                                   0000357P0000180
110,0.75,0.8,0.2,0.75,0.8,0.;                                    0000359P0000181
110,0.75,0.8,0.,0.75,0.5,0.;                                     0000361P0000182
144,365,1,0,367;                                                 0000363P0000183
108,-0.,1.,-0.,0.8,0,0.75,0.8,0.,0.;                             0000365P0000184
142,0,365,0,369,2;                                               0000367P0000185
102,4,371,373,375,377;                                           0000369P0000186
110,0.75,0.8,0.,0.75,0.8,0.2;                                    0000371P0000187
110,0.75,0.8,0.2,1.,0.8,0.2;                                     0000373P0000188
110,1.,0.8,0.2,1.,0.8,0.;                                        0000375P0000189
110,1.,0.8,0.,0.75,0.8,0.;                                       0000377P0000190
144,381,1,0,383;                                                 0000379P0000191
108,-0.,-0.,1.,0.2,0,0.,0.,0.2,0.;                               0000381P0000192
142,0,381,0,385,2;                                               0000383P0000193
102,4,387,389,391,393;                                           0000385P0000194
110,1.,0.8,0.2,0.75,0.8,0.2;                                     0000387P0000195
110,0.75,0.8,0.2,0.75,0.5,0.2;                                   0000389P0000196
110,0.75,0.5,0.2,1.,0.5,0.2;                                     0000391P0000197
110,1.,0.5,0.2,1.,0.8,0.2;                                       0000393P0000198
402,6,397,413,429,445,461,477;                                   0000395P0000199
144,399,1,0,401;                                                 0000397P0000200
108,0.,0.,-1.,0.,0,0.,0.,0.,0.;                                  0000399P0000201
142,0,399,0,403,2;                                               0000401P0000202
102,4,405,407,409,411;                                           0000403P0000203
110,1.,-0.15,0.,0.75,-0.15,0.;                                   0000405P0000204
110,0.75,-0.15,0.,0.75,0.15,0.;                                  0000407P0000205
110,0.75,0.15,0.,1.,0.15,0.;                                     0000409P0000206
110,1.,0.15,0.,1.,-0.15,0.;                                      0000411P0000207
144,415,1,0,417;                                                 0000413P0000208
108,1.,-0.,-0.,1.,0,1.,0.15,0.,0.;                               0000415P0000209
142,0,415,0,419,2;                                               0000417P0000210
102,4,421,423,425,427;                                           0000419P0000211
110,1.,0.15,0.,1.,0.15,0.2;                                      0000421P0000212
110,1.,0.15,0.2,1.,-0.15,0.2;                                    0000423P0000213
110,1.,-0.15,0.2,1.,-0.15,0.;                                    0000425P0000214
110,1.,-0.15,0.,1.,0.15,0.;                                      0000427P0000215
144,431,1,0,433;                                                 0000429P0000216
108,-0.,-1.,-0.,0.15,0,1.,-0.15,0.,0.;                           0000431P0000217
142,0,431,0,435,2;                                               0000433P0000218
102,4,437,439,441,443;                                           0000435P0000219
110,1.,-0.15,0.,1.,-0.15,0.2;                                    0000437P0000220
110,1.,-0.15,0.2,0.75,-0.15,0.2;                                 0000439P0000221
110,0.75,-0.15,0.2,0.75,-0.15,0.;                                0000441P0000222
110,0.75,-0.15,0.,1.,-0.15,0.;                                   0000443P0000223
144,447,1,0,449;                                                 0000445P0000224
108,-1.,-0.,-0.,-0.75,0,0.75,-0.15,0.,0.;                        0000447P0000225
142,0,447,0,451,2;                                               0000449P0000226
102,4,453,455,457,459;                                           0000451P0000227
110,0.75,-0.15,0.,0.75,-0.15,0.2;                                0000453P0000228
110,0.75,-0.15,0.2,0.75,0.15,0.2;                                0000455P0000229
110,0.75,0.15,0.2,0.75,0.15,0.;                                  0000457P0000230
110,0.75,0.15,0.,0.75,-0.15,0.;                                  0000459P0000231
144,463,1,0,465;                                                 0000461P0000232
108,-0.,1.,-0.,0.15,0,0.75,0.15,0.,0.;                           0000463P0000233
142,0,463,0,467,2;                                               0000465P0000234
102,4,469,471,473,475;                                           0000467P0000235
110,0.75,0.15,0.,0.75,0.15,0.2;                                  0000469P0000236
110,0.75,0.15,0.2,1.,0.15,0.2;                                   0000471P0000237
110,1.,0.15,0.2,1.,0.15,0.;                                      0000473P0000238
110,1.,0.15,0.,0.75,0.15,0.;                                     0000475P0000239
144,479,1,0,481;                                                 0000477P0000240
108,-0.,-0.,1.,0.2,0,0.,0.,0.2,0.;                               0000479P0000241
142,0,479,0,483,2;                                               0000481P0000242
102,4,485,487,489,491;                                           0000483P0000243
110,1.,0.15,0.2,0.75,0.15,0.2;                                   0000485P0000244
110,0.75,0.15,0.2,0.75,-0.15,0.2;                                0000487P0000245
110,0.75,-0.15,0.2,1.,-0.15,0.2;                                 0000489P0000246
110,1.,-0.15,0.2,1.,0.15,0.2;                                    0000491P0000247
402,6,495,511,527,543,559,575;                                   0000493P0000248
144,497,1,0,499;                                                 0000495P0000249
108,0.,0.,-1.,0.,0,0.,0.,0.,0.;                                  0000497P0000250
142,0,497,0,501,2;                                               0000499P0000251
102,4,503,505,507,509;                                           0000501P0000252
110,1.,-0.8,0.,0.75,-0.8,0.;                                     0000503P0000253
110,0.75,-0.8,0.,0.75,-0.5,0.;                                   0000505P0000254
110,0.75,-0.5,0.,1.,-0.5,0.;                                     0000507P0000255
110,1.,-0.5,0.,1.,-0.8,0.;                                       0000509P0000256
144,513,1,0,515;                                                 0000511P0000257
108,1.,-0.,-0.,1.,0,1.,-0.5,0.,0.;                               0000513P0000258
142,0,513,0,517,2;                                               0000515P0000259
102,4,519,521,523,525;                                           0000517P0000260
110,1.,-0.5,0.,1.,-0.5,0.2;                                      0000519P0000261
110,1.,-0.5,0.2,1.,-0.8,0.2;                                     0000521P0000262
110,1.,-0.8,0.2,1.,-0.8,0.;                                      0000523P0000263
110,1.,-0.8,0.,1.,-0.5,0.;                                       0000525P0000264
144,529,1,0,531;                                                 0000527P0000265
108,-0.,-1.,-0.,0.8,0,1.,-0.8,0.,0.;                             0000529P0000266
142,0,529,0,533,2;                                               0000531P0000267
102,4,535,537,539,541;                                           0000533P0000268
110,1.,-0.8,0.,1.,-0.8,0.2;                                      0000535P0000269
110,1.,-0.8,0.2,0.75,-0.8,0.2;                                   0000537P0000270
110,0.75,-0.8,0.2,0.75,-0.8,0.;                                  0000539P0000271
110,0.75,-0.8,0.,1.,-0.8,0.;                                     0000541P0000272
144,545,1,0,547;                                                 0000543P0000273
108,-1.,-0.,-0.,-0.75,0,0.75,-0.8,0.,0.;                         0000545P0000274
142,0,545,0,549,2;                                               0000547P0000275
102,4,551,553,555,557;                                           0000549P0000276
110,0.75,-0.8,0.,0.75,-0.8,0.2;                                  0000551P0000277
110,0.75,-0.8,0.2,0.75,-0.5,0.2;                                 0000553P0000278
110,0.75,-0.5,0.2,0.75,-0.5,0.;                                  0000555P0000279
110,0.75,-0.5,0.,0.75,-0.8,0.;                                   0000557P0000280
144,561,1,0,563;                                                 0000559P0000281
108,-0.,1.,-0.,-0.5,0,0.75,-0.5,0.,0.;                           0000561P0000282
142,0,561,0,565,2;                                               0000563P0000283
102,4,567,569,571,573;                                           0000565P0000284
110,0.75,-0.5,0.,0.75,-0.5,0.2;                                  0000567P0000285
110,0.75,-0.5,0.2,1.,-0.5,0.2;                                   0000569P0000286
110,1.,-0.5,0.2,1.,-0.5,0.;                                      0000571P0000287
110,1.,-0.5,0.,0.75,-0.5,0.;                                     0000573P0000288
144,577,1,0,579;                                                 0000575P0000289
108,-0.,-0.,1.,0.2,0,0.,0.,0.2,0.;                               0000577P0000290
142,0,577,0,581,2;                                               0000579P0000291
102,4,583,585,587,589;                                           0000581P0000292
110,1.,-0.5,0.2,0.75,-0.5,0.2;                                   0000583P0000293
110,0.75,-0.5,0.2,0.75,-0.8,0.2;                                 0000585P0000294
110,0.75,-0.8,0.2,1.,-0.8,0.2;                                   0000587P0000295
110,1.,-0.8,0.2,1.,-0.5,0.2;                                     0000589P0000296
402,7,593,611,627,643,659,675,691;                               0000591P0000297
144,595,1,0,597;                                                 0000593P0000298
108,-0.,-0.,-1.,-0.,0,0.,0.,0.,0.;                               0000595P0000299
142,0,595,0,599,2;                                               0000597P0000300
102,5,601,603,605,607,609;                                       0000599P0000301
110,-0.17,0.8,0.,0.53,0.8,0.;                                    0000601P0000302
110,0.53,0.8,0.,0.53,-0.15,0.;                                   0000603P0000303
110,0.53,-0.15,0.,-0.47,-0.15,0.;                                0000605P0000304
110,-0.47,-0.15,0.,-0.47,0.5,0.;                                 0000607P0000305
110,-0.47,0.5,0.,-0.17,0.8,0.;                                   0000609P0000306
144,613,1,0,615;                                                 0000611P0000307
108,-0.707106781,0.707106781,0.,0.685893578,0,-0.32,0.65,0.1,0.; 0000613P0000308
142,0,613,0,617,2;                                               0000615P0000309
102,4,619,621,623,625;                                           0000617P0000310
110,-0.47,0.5,0.,-0.47,0.5,0.2;                                  0000619P0000311
110,-0.47,0.5,0.2,-0.17,0.8,0.2;                                 0000621P0000312
110,-0.17,0.8,0.2,-0.17,0.8,0.;                                  0000623P0000313
110,-0.17,0.8,0.,-0.47,0.5,0.;                                   0000625P0000314
144,629,1,0,631;                                                 0000627P0000315
108,0.,1.,0.,0.8,0,0.53,0.8,0.,0.;                               0000629P0000316
142,0,629,0,633,2;                                               0000631P0000317
102,4,635,637,639,641;                                           0000633P0000318
110,-0.17,0.8,0.2,0.53,0.8,0.2;                                  0000635P0000319
110,0.53,0.8,0.2,0.53,0.8,0.;                                    0000637P0000320
110,0.53,0.8,0.,-0.17,0.8,0.;                                    0000639P0000321
110,-0.17,0.8,0.,-0.17,0.8,0.2;                                  0000641P0000322
144,645,1,0,647;                                                 0000643P0000323
108,1.,0.,0.,0.53,0,0.53,-0.15,0.,0.;                            0000645P0000324
142,0,645,0,649,2;                                               0000647P0000325
102,4,651,653,655,657;                                           0000649P0000326
110,0.53,0.8,0.,0.53,0.8,0.2;                                    0000651P0000327
110,0.53,0.8,0.2,0.53,-0.15,0.2;                                 0000653P0000328
110,0.53,-0.15,0.2,0.53,-0.15,0.;                                0000655P0000329
110,0.53,-0.15,0.,0.53,0.8,0.;                                   0000657P0000330
144,661,1,0,663;                                                 0000659P0000331
108,0.,-1.,0.,0.15,0,-0.47,-0.15,0.,0.;                          0000661P0000332
142,0,661,0,665,2;                                               0000663P0000333
102,4,667,669,671,673;                                           0000665P0000334
110,0.53,-0.15,0.,0.53,-0.15,0.2;                                0000667P0000335
110,0.53,-0.15,0.2,-0.47,-0.15,0.2;                              0000669P0000336
110,-0.47,-0.15,0.2,-0.47,-0.15,0.;                              0000671P0000337
110,-0.47,-0.15,0.,0.53,-0.15,0.;                                0000673P0000338
144,677,1,0,679;                                                 0000675P0000339
108,-1.,0.,0.,0.47,0,-0.47,0.8,0.,0.;                            0000677P0000340
142,0,677,0,681,2;                                               0000679P0000341
102,4,683,685,687,689;                                           0000681P0000342
110,-0.47,0.5,0.,-0.47,-0.15,0.;                                 0000683P0000343
110,-0.47,-0.15,0.,-0.47,-0.15,0.2;                              0000685P0000344
110,-0.47,-0.15,0.2,-0.47,0.5,0.2;                               0000687P0000345
110,-0.47,0.5,0.2,-0.47,0.5,0.;                                  0000689P0000346
144,693,1,0,695;                                                 0000691P0000347
108,0.,0.,1.,0.2,0,0.,0.,0.2,0.;                                 0000693P0000348
142,0,693,0,697,2;                                               0000695P0000349
102,5,699,701,703,705,707;                                       0000697P0000350
110,-0.47,0.5,0.2,-0.47,-0.15,0.2;                               0000699P0000351
110,-0.47,-0.15,0.2,0.53,-0.15,0.2;                              0000701P0000352
110,0.53,-0.15,0.2,0.53,0.8,0.2;                                 0000703P0000353
110,0.53,0.8,0.2,-0.17,0.8,0.2;                                  0000705P0000354
110,-0.17,0.8,0.2,-0.47,0.5,0.2;                                 0000707P0000355
402,6,711,727,743,759,775,791;                                   0000709P0000356
144,713,1,0,715;                                                 0000711P0000357
108,-0.,-0.,-1.,-0.,0,0.,0.,0.,0.;                               0000713P0000358
142,0,713,0,717,2;                                               0000715P0000359
102,4,719,721,723,725;                                           0000717P0000360
110,-0.28,-0.5,0.,0.47,-0.5,0.;                                  0000719P0000361
110,0.47,-0.5,0.,0.47,-0.8,0.;                                   0000721P0000362
110,0.47,-0.8,0.,-0.28,-0.8,0.;                                  0000723P0000363
110,-0.28,-0.8,0.,-0.28,-0.5,0.;                                 0000725P0000364
144,729,1,0,731;                                                 0000727P0000365
108,-1.,0.,0.,0.28,0,-0.28,-0.5,0.,0.;                           0000729P0000366
142,0,729,0,733,2;                                               0000731P0000367
102,4,735,737,739,741;                                           0000733P0000368
110,-0.28,-0.8,0.,-0.28,-0.8,0.2;                                0000735P0000369
110,-0.28,-0.8,0.2,-0.28,-0.5,0.2;                               0000737P0000370
110,-0.28,-0.5,0.2,-0.28,-0.5,0.;                                0000739P0000371
110,-0.28,-0.5,0.,-0.28,-0.8,0.;                                 0000741P0000372
144,745,1,0,747;                                                 0000743P0000373
108,0.,1.,0.,-0.5,0,0.47,-0.5,0.,0.;                             0000745P0000374
142,0,745,0,749,2;                                               0000747P0000375
102,4,751,753,755,757;                                           0000749P0000376
110,-0.28,-0.5,0.,-0.28,-0.5,0.2;                                0000751P0000377
110,-0.28,-0.5,0.2,0.47,-0.5,0.2;                                0000753P0000378
110,0.47,-0.5,0.2,0.47,-0.5,0.;                                  0000755P0000379
110,0.47,-0.5,0.,-0.28,-0.5,0.;                                  0000757P0000380
144,761,1,0,763;                                                 0000759P0000381
108,1.,0.,0.,0.47,0,0.47,-0.8,0.,0.;                             0000761P0000382
142,0,761,0,765,2;                                               0000763P0000383
102,4,767,769,771,773;                                           0000765P0000384
110,0.47,-0.5,0.,0.47,-0.5,0.2;                                  0000767P0000385
110,0.47,-0.5,0.2,0.47,-0.8,0.2;                                 0000769P0000386
110,0.47,-0.8,0.2,0.47,-0.8,0.;                                  0000771P0000387
110,0.47,-0.8,0.,0.47,-0.5,0.;                                   0000773P0000388
144,777,1,0,779;                                                 0000775P0000389
108,0.,-1.,0.,0.8,0,-0.28,-0.8,0.,0.;                            0000777P0000390
142,0,777,0,781,2;                                               0000779P0000391
102,4,783,785,787,789;                                           0000781P0000392
110,0.47,-0.8,0.,0.47,-0.8,0.2;                                  0000783P0000393
110,0.47,-0.8,0.2,-0.28,-0.8,0.2;                                0000785P0000394
110,-0.28,-0.8,0.2,-0.28,-0.8,0.;                                0000787P0000395
110,-0.28,-0.8,0.,0.47,-0.8,0.;                                  0000789P0000396
144,793,1,0,795;                                                 0000791P0000397
108,0.,0.,1.,0.2,0,0.,0.,0.2,0.;                                 0000793P0000398
142,0,793,0,797,2;                                               0000795P0000399
102,4,799,801,803,805;                                           0000797P0000400
110,-0.28,-0.8,0.2,0.47,-0.8,0.2;                                0000799P0000401
110,0.47,-0.8,0.2,0.47,-0.5,0.2;                                 0000801P0000402
110,0.47,-0.5,0.2,-0.28,-0.5,0.2;                                0000803P0000403
110,-0.28,-0.5,0.2,-0.28,-0.8,0.2;                               0000805P0000404
402,6,809,825,841,857,873,889;                                   0000807P0000405
144,811,1,0,813;                                                 0000809P0000406
108,0.,0.,1.,0.2,0,0.,0.,0.2,0.;                                 0000811P0000407
142,0,811,0,815,2;                                               0000813P0000408
102,4,817,819,821,823;                                           0000815P0000409
110,0.475,0.9,0.2,0.725,0.9,0.2;                                 0000817P0000410
110,0.725,0.9,0.2,0.725,1.,0.2;                                  0000819P0000411
110,0.725,1.,0.2,0.475,1.,0.2;                                   0000821P0000412
110,0.475,1.,0.2,0.475,0.9,0.2;                                  0000823P0000413
144,827,1,0,829;                                                 0000825P0000414
108,-1.,0.,0.,-0.475,0,0.475,1.,0.2,0.;                          0000827P0000415
142,0,827,0,831,2;                                               0000829P0000416
102,4,833,835,837,839;                                           0000831P0000417
110,0.475,1.,0.2,0.475,1.,0.1;                                   0000833P0000418
110,0.475,1.,0.1,0.475,0.9,0.1;                                  0000835P0000419
110,0.475,0.9,0.1,0.475,0.9,0.2;                                 0000837P0000420
110,0.475,0.9,0.2,0.475,1.,0.2;                                  0000839P0000421
144,843,1,0,845;                                                 0000841P0000422
108,0.,-1.,0.,-0.9,0,0.475,0.9,0.2,0.;                           0000843P0000423
142,0,843,0,847,2;                                               0000845P0000424
102,4,849,851,853,855;                                           0000847P0000425
110,0.475,0.9,0.2,0.475,0.9,0.1;                                 0000849P0000426
110,0.475,0.9,0.1,0.725,0.9,0.1;                                 0000851P0000427
110,0.725,0.9,0.1,0.725,0.9,0.2;                                 0000853P0000428
110,0.725,0.9,0.2,0.475,0.9,0.2;                                 0000855P0000429
144,859,1,0,861;                                                 0000857P0000430
108,1.,0.,0.,0.725,0,0.725,0.9,0.2,0.;                           0000859P0000431
142,0,859,0,863,2;                                               0000861P0000432
102,4,865,867,869,871;                                           0000863P0000433
110,0.725,0.9,0.2,0.725,0.9,0.1;                                 0000865P0000434
110,0.725,0.9,0.1,0.725,1.,0.1;                                  0000867P0000435
110,0.725,1.,0.1,0.725,1.,0.2;                                   0000869P0000436
110,0.725,1.,0.2,0.725,0.9,0.2;                                  0000871P0000437
144,875,1,0,877;                                                 0000873P0000438
108,0.,1.,0.,1.,0,0.725,1.,0.2,0.;                               0000875P0000439
142,0,875,0,879,2;                                               0000877P0000440
102,4,881,883,885,887;                                           0000879P0000441
110,0.725,1.,0.2,0.725,1.,0.1;                                   0000881P0000442
110,0.725,1.,0.1,0.475,1.,0.1;                                   0000883P0000443
110,0.475,1.,0.1,0.475,1.,0.2;                                   0000885P0000444
110,0.475,1.,0.2,0.725,1.,0.2;                                   0000887P0000445
144,891,1,0,893;                                                 0000889P0000446
108,-0.,-0.,-1.,-0.1,0,0.,0.,0.1,0.;                             0000891P0000447
142,0,891,0,895,2;                                               0000893P0000448
102,4,897,899,901,903;                                           0000895P0000449
110,0.475,1.,0.1,0.725,1.,0.1;                                   0000897P0000450
110,0.725,1.,0.1,0.725,0.9,0.1;                                  0000899P0000451
110,0.725,0.9,0.1,0.475,0.9,0.1;                                 0000901P0000452
110,0.475,0.9,0.1,0.475,1.,0.1;                                  0000903P0000453
402,6,907,923,939,955,971,987;                                   0000905P0000454
144,909,1,0,911;                                                 0000907P0000455
108,0.,0.,1.,0.2,0,0.,0.,0.2,0.;                                 0000909P0000456
142,0,909,0,913,2;                                               0000911P0000457
102,4,915,917,919,921;                                           0000913P0000458
110,-0.125,0.9,0.2,0.125,0.9,0.2;                                0000915P0000459
110,0.125,0.9,0.2,0.125,1.,0.2;                                  0000917P0000460
110,0.125,1.,0.2,-0.125,1.,0.2;                                  0000919P0000461
110,-0.125,1.,0.2,-0.125,0.9,0.2;                                0000921P0000462
144,925,1,0,927;                                                 0000923P0000463
108,-1.,0.,0.,0.125,0,-0.125,1.,0.2,0.;                          0000925P0000464
142,0,925,0,929,2;                                               0000927P0000465
102,4,931,933,935,937;                                           0000929P0000466
110,-0.125,1.,0.2,-0.125,1.,0.1;                                 0000931P0000467
110,-0.125,1.,0.1,-0.125,0.9,0.1;                                0000933P0000468
110,-0.125,0.9,0.1,-0.125,0.9,0.2;                               0000935P0000469
110,-0.125,0.9,0.2,-0.125,1.,0.2;                                0000937P0000470
144,941,1,0,943;                                                 0000939P0000471
108,0.,-1.,0.,-0.9,0,-0.125,0.9,0.2,0.;                          0000941P0000472
142,0,941,0,945,2;                                               0000943P0000473
102,4,947,949,951,953;                                           0000945P0000474
110,-0.125,0.9,0.2,-0.125,0.9,0.1;                               0000947P0000475
110,-0.125,0.9,0.1,0.125,0.9,0.1;                                0000949P0000476
110,0.125,0.9,0.1,0.125,0.9,0.2;                                 0000951P0000477
110,0.125,0.9,0.2,-0.125,0.9,0.2;                                0000953P0000478
144,957,1,0,959;                                                 0000955P0000479
108,1.,0.,0.,0.125,0,0.125,0.9,0.2,0.;                           0000957P0000480
142,0,957,0,961,2;                                               0000959P0000481
102,4,963,965,967,969;                                           0000961P0000482
110,0.125,0.9,0.2,0.125,0.9,0.1;                                 0000963P0000483
110,0.125,0.9,0.1,0.125,1.,0.1;                                  0000965P0000484
110,0.125,1.,0.1,0.125,1.,0.2;                                   0000967P0000485
110,0.125,1.,0.2,0.125,0.9,0.2;                                  0000969P0000486
144,973,1,0,975;                                                 0000971P0000487
108,0.,1.,0.,1.,0,0.125,1.,0.2,0.;                               0000973P0000488
142,0,973,0,977,2;                                               0000975P0000489
102,4,979,981,983,985;                                           0000977P0000490
110,0.125,1.,0.2,0.125,1.,0.1;                                   0000979P0000491
110,0.125,1.,0.1,-0.125,1.,0.1;                                  0000981P0000492
110,-0.125,1.,0.1,-0.125,1.,0.2;                                 0000983P0000493
110,-0.125,1.,0.2,0.125,1.,0.2;                                  0000985P0000494
144,989,1,0,991;                                                 0000987P0000495
108,-0.,-0.,-1.,-0.1,0,0.,0.,0.1,0.;                             0000989P0000496
142,0,989,0,993,2;                                               0000991P0000497
102,4,995,997,999,1001;                                          0000993P0000498
110,-0.125,1.,0.1,0.125,1.,0.1;                                  0000995P0000499
110,0.125,1.,0.1,0.125,0.9,0.1;                                  0000997P0000500
110,0.125,0.9,0.1,-0.125,0.9,0.1;                                0000999P0000501
110,-0.125,0.9,0.1,-0.125,1.,0.1;                                0001001P0000502
402,6,1005,1021,1037,1053,1069,1085;                             0001003P0000503
144,1007,1,0,1009;                                               0001005P0000504
108,0.,0.,1.,0.2,0,0.,0.,0.2,0.;                                 0001007P0000505
142,0,1007,0,1011,2;                                             0001009P0000506
102,4,1013,1015,1017,1019;                                       0001011P0000507
110,-0.725,0.9,0.2,-0.475,0.9,0.2;                               0001013P0000508
110,-0.475,0.9,0.2,-0.475,1.,0.2;                                0001015P0000509
110,-0.475,1.,0.2,-0.725,1.,0.2;                                 0001017P0000510
110,-0.725,1.,0.2,-0.725,0.9,0.2;                                0001019P0000511
144,1023,1,0,1025;                                               0001021P0000512
108,-1.,0.,0.,0.725,0,-0.725,1.,0.2,0.;                          0001023P0000513
142,0,1023,0,1027,2;                                             0001025P0000514
102,4,1029,1031,1033,1035;                                       0001027P0000515
110,-0.725,1.,0.2,-0.725,1.,0.1;                                 0001029P0000516
110,-0.725,1.,0.1,-0.725,0.9,0.1;                                0001031P0000517
110,-0.725,0.9,0.1,-0.725,0.9,0.2;                               0001033P0000518
110,-0.725,0.9,0.2,-0.725,1.,0.2;                                0001035P0000519
144,1039,1,0,1041;                                               0001037P0000520
108,0.,-1.,0.,-0.9,0,-0.725,0.9,0.2,0.;                          0001039P0000521
142,0,1039,0,1043,2;                                             0001041P0000522
102,4,1045,1047,1049,1051;                                       0001043P0000523
110,-0.725,0.9,0.2,-0.725,0.9,0.1;                               0001045P0000524
110,-0.725,0.9,0.1,-0.475,0.9,0.1;                               0001047P0000525
110,-0.475,0.9,0.1,-0.475,0.9,0.2;                               0001049P0000526
110,-0.475,0.9,0.2,-0.725,0.9,0.2;                               0001051P0000527
144,1055,1,0,1057;                                               0001053P0000528
108,1.,0.,0.,-0.475,0,-0.475,0.9,0.2,0.;                         0001055P0000529
142,0,1055,0,1059,2;                                             0001057P0000530
102,4,1061,1063,1065,1067;                                       0001059P0000531
110,-0.475,0.9,0.2,-0.475,0.9,0.1;                               0001061P0000532
110,-0.475,0.9,0.1,-0.475,1.,0.1;                                0001063P0000533
110,-0.475,1.,0.1,-0.475,1.,0.2;                                 0001065P0000534
110,-0.475,1.,0.2,-0.475,0.9,0.2;                                0001067P0000535
144,1071,1,0,1073;                                               0001069P0000536
108,0.,1.,0.,1.,0,-0.475,1.,0.2,0.;                              0001071P0000537
142,0,1071,0,1075,2;                                             0001073P0000538
102,4,1077,1079,1081,1083;                                       0001075P0000539
110,-0.475,1.,0.2,-0.475,1.,0.1;                                 0001077P0000540
110,-0.475,1.,0.1,-0.725,1.,0.1;                                 0001079P0000541
110,-0.725,1.,0.1,-0.725,1.,0.2;                                 0001081P0000542
110,-0.725,1.,0.2,-0.475,1.,0.2;                                 0001083P0000543
144,1087,1,0,1089;                                               0001085P0000544
108,-0.,-0.,-1.,-0.1,0,0.,0.,0.1,0.;                             0001087P0000545
142,0,1087,0,1091,2;                                             0001089P0000546
102,4,1093,1095,1097,1099;                                       0001091P0000547
110,-0.725,1.,0.1,-0.475,1.,0.1;                                 0001093P0000548
110,-0.475,1.,0.1,-0.475,0.9,0.1;                                0001095P0000549
110,-0.475,0.9,0.1,-0.725,0.9,0.1;                               0001097P0000550
110,-0.725,0.9,0.1,-0.725,1.,0.1;                                0001099P0000551
402,6,1103,1119,1135,1151,1167,1183;                             0001101P0000552
144,1105,1,0,1107;                                               0001103P0000553
108,-0.,-0.,1.,0.2,0,0.,0.,0.2,0.;                               0001105P0000554
142,0,1105,0,1109,2;                                             0001107P0000555
102,4,1111,1113,1115,1117;                                       0001109P0000556
110,0.475,-1.,0.2,0.725,-1.,0.2;                                 0001111P0000557
110,0.725,-1.,0.2,0.725,-0.9,0.2;                                0001113P0000558
110,0.725,-0.9,0.2,0.475,-0.9,0.2;                               0001115P0000559
110,0.475,-0.9,0.2,0.475,-1.,0.2;                                0001117P0000560
144,1121,1,0,1123;                                               0001119P0000561
108,-1.,-0.,-0.,-0.475,0,0.475,-1.,0.2,0.;                       0001121P0000562
142,0,1121,0,1125,2;                                             0001123P0000563
102,4,1127,1129,1131,1133;                                       0001125P0000564
110,0.475,-0.9,0.2,0.475,-0.9,0.1;                               0001127P0000565
110,0.475,-0.9,0.1,0.475,-1.,0.1;                                0001129P0000566
110,0.475,-1.,0.1,0.475,-1.,0.2;                                 0001131P0000567
110,0.475,-1.,0.2,0.475,-0.9,0.2;                                0001133P0000568
144,1137,1,0,1139;                                               0001135P0000569
108,-0.,-1.,-0.,1.,0,0.725,-1.,0.2,0.;                           0001137P0000570
142,0,1137,0,1141,2;                                             0001139P0000571
102,4,1143,1145,1147,1149;                                       0001141P0000572
110,0.475,-1.,0.2,0.475,-1.,0.1;                                 0001143P0000573
110,0.475,-1.,0.1,0.725,-1.,0.1;                                 0001145P0000574
110,0.725,-1.,0.1,0.725,-1.,0.2;                                 0001147P0000575
110,0.725,-1.,0.2,0.475,-1.,0.2;                                 0001149P0000576
144,1153,1,0,1155;                                               0001151P0000577
108,1.,-0.,-0.,0.725,0,0.725,-0.9,0.2,0.;                        0001153P0000578
142,0,1153,0,1157,2;                                             0001155P0000579
102,4,1159,1161,1163,1165;                                       0001157P0000580
110,0.725,-1.,0.2,0.725,-1.,0.1;                                 0001159P0000581
110,0.725,-1.,0.1,0.725,-0.9,0.1;                                0001161P0000582
110,0.725,-0.9,0.1,0.725,-0.9,0.2;                               0001163P0000583
110,0.725,-0.9,0.2,0.725,-1.,0.2;                                0001165P0000584
144,1169,1,0,1171;                                               0001167P0000585
108,-0.,1.,-0.,-0.9,0,0.475,-0.9,0.2,0.;                         0001169P0000586
142,0,1169,0,1173,2;                                             0001171P0000587
102,4,1175,1177,1179,1181;                                       0001173P0000588
110,0.725,-0.9,0.2,0.725,-0.9,0.1;                               0001175P0000589
110,0.725,-0.9,0.1,0.475,-0.9,0.1;                               0001177P0000590
110,0.475,-0.9,0.1,0.475,-0.9,0.2;                               0001179P0000591
110,0.475,-0.9,0.2,0.725,-0.9,0.2;                               0001181P0000592
144,1185,1,0,1187;                                               0001183P0000593
108,0.,0.,-1.,-0.1,0,0.,0.,0.1,0.;                               0001185P0000594
142,0,1185,0,1189,2;                                             0001187P0000595
102,4,1191,1193,1195,1197;                                       0001189P0000596
110,0.475,-0.9,0.1,0.725,-0.9,0.1;                               0001191P0000597
110,0.725,-0.9,0.1,0.725,-1.,0.1;                                0001193P0000598
110,0.725,-1.,0.1,0.475,-1.,0.1;                                 0001195P0000599
110,0.475,-1.,0.1,0.475,-0.9,0.1;                                0001197P0000600
402,6,1201,1217,1233,1249,1265,1281;                             0001199P0000601
144,1203,1,0,1205;                                               0001201P0000602
108,-0.,-0.,1.,0.2,0,0.,0.,0.2,0.;                               0001203P0000603
142,0,1203,0,1207,2;                                             0001205P0000604
102,4,1209,1211,1213,1215;                                       0001207P0000605
110,-0.125,-1.,0.2,0.125,-1.,0.2;                                0001209P0000606
110,0.125,-1.,0.2,0.125,-0.9,0.2;                                0001211P0000607
110,0.125,-0.9,0.2,-0.125,-0.9,0.2;                              0001213P0000608
110,-0.125,-0.9,0.2,-0.125,-1.,0.2;                              0001215P0000609
144,1219,1,0,1221;                                               0001217P0000610
108,-1.,-0.,-0.,0.125,0,-0.125,-1.,0.2,0.;                       0001219P0000611
142,0,1219,0,1223,2;                                             0001221P0000612
102,4,1225,1227,1229,1231;                                       0001223P0000613
110,-0.125,-0.9,0.2,-0.125,-0.9,0.1;                             0001225P0000614
110,-0.125,-0.9,0.1,-0.125,-1.,0.1;                              0001227P0000615
110,-0.125,-1.,0.1,-0.125,-1.,0.2;                               0001229P0000616
110,-0.125,-1.,0.2,-0.125,-0.9,0.2;                              0001231P0000617
144,1235,1,0,1237;                                               0001233P0000618
108,-0.,-1.,-0.,1.,0,0.125,-1.,0.2,0.;                           0001235P0000619
142,0,1235,0,1239,2;                                             0001237P0000620
102,4,1241,1243,1245,1247;                                       0001239P0000621
110,-0.125,-1.,0.2,-0.125,-1.,0.1;                               0001241P0000622
110,-0.125,-1.,0.1,0.125,-1.,0.1;                                0001243P0000623
110,0.125,-1.,0.1,0.125,-1.,0.2;                                 0001245P0000624
110,0.125,-1.,0.2,-0.125,-1.,0.2;                                0001247P0000625
144,1251,1,0,1253;                                               0001249P0000626
108,1.,-0.,-0.,0.125,0,0.125,-0.9,0.2,0.;                        0001251P0000627
142,0,1251,0,1255,2;                                             0001253P0000628
102,4,1257,1259,1261,1263;                                       0001255P0000629
110,0.125,-1.,0.2,0.125,-1.,0.1;                                 0001257P0000630
110,0.125,-1.,0.1,0.125,-0.9,0.1;                                0001259P0000631
110,0.125,-0.9,0.1,0.125,-0.9,0.2;                               0001261P0000632
110,0.125,-0.9,0.2,0.125,-1.,0.2;                                0001263P0000633
144,1267,1,0,1269;                                               0001265P0000634
108,-0.,1.,-0.,-0.9,0,-0.125,-0.9,0.2,0.;                        0001267P0000635
142,0,1267,0,1271,2;                                             0001269P0000636
102,4,1273,1275,1277,1279;                                       0001271P0000637
110,0.125,-0.9,0.2,0.125,-0.9,0.1;                               0001273P0000638
110,0.125,-0.9,0.1,-0.125,-0.9,0.1;                              0001275P0000639
110,-0.125,-0.9,0.1,-0.125,-0.9,0.2;                             0001277P0000640
110,-0.125,-0.9,0.2,0.125,-0.9,0.2;                              0001279P0000641
144,1283,1,0,1285;                                               0001281P0000642
108,0.,0.,-1.,-0.1,0,0.,0.,0.1,0.;                               0001283P0000643
142,0,1283,0,1287,2;                                             0001285P0000644
102,4,1289,1291,1293,1295;                                       0001287P0000645
110,-0.125,-0.9,0.1,0.125,-0.9,0.1;                              0001289P0000646
110,0.125,-0.9,0.1,0.125,-1.,0.1;                                0001291P0000647
110,0.125,-1.,0.1,-0.125,-1.,0.1;                                0001293P0000648
110,-0.125,-1.,0.1,-0.125,-0.9,0.1;                              0001295P0000649
402,6,1299,1315,1331,1347,1363,1379;                             0001297P0000650
144,1301,1,0,1303;                                               0001299P0000651
108,-0.,-0.,1.,0.2,0,0.,0.,0.2,0.;                               0001301P0000652
142,0,1301,0,1305,2;                                             0001303P0000653
102,4,1307,1309,1311,1313;                                       0001305P0000654
110,-0.725,-1.,0.2,-0.475,-1.,0.2;                               0001307P0000655
110,-0.475,-1.,0.2,-0.475,-0.9,0.2;                              0001309P0000656
110,-0.475,-0.9,0.2,-0.725,-0.9,0.2;                             0001311P0000657
110,-0.725,-0.9,0.2,-0.725,-1.,0.2;                              0001313P0000658
144,1317,1,0,1319;                                               0001315P0000659
108,-1.,-0.,-0.,0.725,0,-0.725,-1.,0.2,0.;                       0001317P0000660
142,0,1317,0,1321,2;                                             0001319P0000661
102,4,1323,1325,1327,1329;                                       0001321P0000662
110,-0.725,-0.9,0.2,-0.725,-0.9,0.1;                             0001323P0000663
110,-0.725,-0.9,0.1,-0.725,-1.,0.1;                              0001325P0000664
110,-0.725,-1.,0.1,-0.725,-1.,0.2;                               0001327P0000665
110,-0.725,-1.,0.2,-0.725,-0.9,0.2;                              0001329P0000666
144,1333,1,0,1335;                                               0001331P0000667
108,-0.,-1.,-0.,1.,0,-0.475,-1.,0.2,0.;                          0001333P0000668
142,0,1333,0,1337,2;                                             0001335P0000669
102,4,1339,1341,1343,1345;                                       0001337P0000670
110,-0.725,-1.,0.2,-0.725,-1.,0.1;                               0001339P0000671
110,-0.725,-1.,0.1,-0.475,-1.,0.1;                               0001341P0000672
110,-0.475,-1.,0.1,-0.475,-1.,0.2;                               0001343P0000673
110,-0.475,-1.,0.2,-0.725,-1.,0.2;                               0001345P0000674
144,1349,1,0,1351;                                               0001347P0000675
108,1.,-0.,-0.,-0.475,0,-0.475,-0.9,0.2,0.;                      0001349P0000676
142,0,1349,0,1353,2;                                             0001351P0000677
102,4,1355,1357,1359,1361;                                       0001353P0000678
110,-0.475,-1.,0.2,-0.475,-1.,0.1;                               0001355P0000679
110,-0.475,-1.,0.1,-0.475,-0.9,0.1;                              0001357P0000680
110,-0.475,-0.9,0.1,-0.475,-0.9,0.2;                             0001359P0000681
110,-0.475,-0.9,0.2,-0.475,-1.,0.2;                              0001361P0000682
144,1365,1,0,1367;                                               0001363P0000683
108,-0.,1.,-0.,-0.9,0,-0.725,-0.9,0.2,0.;                        0001365P0000684
142,0,1365,0,1369,2;                                             0001367P0000685
102,4,1371,1373,1375,1377;                                       0001369P0000686
110,-0.475,-0.9,0.2,-0.475,-0.9,0.1;                             0001371P0000687
110,-0.475,-0.9,0.1,-0.725,-0.9,0.1;                             0001373P0000688
110,-0.725,-0.9,0.1,-0.725,-0.9,0.2;                             0001375P0000689
110,-0.725,-0.9,0.2,-0.475,-0.9,0.2;                             0001377P0000690
144,1381,1,0,1383;                                               0001379P0000691
108,0.,0.,-1.,-0.1,0,0.,0.,0.1,0.;                               0001381P0000692
142,0,1381,0,1385,2;                                             0001383P0000693
102,4,1387,1389,1391,1393;                                       0001385P0000694
110,-0.725,-0.9,0.1,-0.475,-0.9,0.1;                             0001387P0000695
110,-0.475,-0.9,0.1,-0.475,-1.,0.1;                              0001389P0000696
110,-0.475,-1.,0.1,-0.725,-1.,0.1;                               0001391P0000697
110,-0.725,-1.,0.1,-0.725,-0.9,0.1;                              0001393P0000698
402,71,1397,1487,1503,1519,1535,1575,1591,1643,1683,1699,1715,   0001395P0000699
1731,1747,1763,1779,1795,1811,1827,1843,1859,1875,1927,1943,     0001395P0000700
1959,1975,1991,2007,2023,2039,2055,2071,2087,2103,2119,2135,     0001395P0000701
2151,2167,2183,2199,2215,2231,2247,2263,2279,2295,2311,2327,     0001395P0000702
2343,2359,2375,2391,2407,2423,2439,2455,2471,2487,2503,2519,     0001395P0000703
2535,2551,2567,2583,2599,2615,2631,2649,2665,2681,2697,2713,0,1, 0001395P0000704
2735;                                                            0001395P0000705
144,1399,1,2,1401,1461,1475;                                     0001397P0000706
108,-0.,-0.,-1.,-2.5E-02,0,0.,0.,2.5E-02,0.;                     0001399P0000707
142,0,1399,0,1403,2;                                             0001401P0000708
102,28,1405,1407,1409,1411,1413,1415,1417,1419,1421,1423,1425,   0001403P0000709
1427,1429,1431,1433,1435,1437,1439,1441,1443,1445,1447,1449,     0001403P0000710
1451,1453,1455,1457,1459;                                        0001403P0000711
110,-0.75,0.5,2.5E-02,-0.75,0.8,2.5E-02;                         0001405P0000712
110,-0.75,0.8,2.5E-02,-1.,0.8,2.5E-02;                           0001407P0000713
110,-1.,0.8,2.5E-02,-1.,1.,2.5E-02;                              0001409P0000714
110,-1.,1.,2.5E-02,1.,1.,2.5E-02;                                0001411P0000715
110,1.,1.,2.5E-02,1.,0.8,2.5E-02;                                0001413P0000716
110,1.,0.8,2.5E-02,0.75,0.8,2.5E-02;                             0001415P0000717
110,0.75,0.8,2.5E-02,0.75,0.5,2.5E-02;                           0001417P0000718
110,0.75,0.5,2.5E-02,1.,0.5,2.5E-02;                             0001419P0000719
110,1.,0.5,2.5E-02,1.,0.15,2.5E-02;                              0001421P0000720
110,1.,0.15,2.5E-02,0.75,0.15,2.5E-02;                           0001423P0000721
110,0.75,0.15,2.5E-02,0.75,-0.15,2.5E-02;                        0001425P0000722
110,0.75,-0.15,2.5E-02,1.,-0.15,2.5E-02;                         0001427P0000723
110,1.,-0.15,2.5E-02,1.,-0.5,2.5E-02;                            0001429P0000724
110,1.,-0.5,2.5E-02,0.75,-0.5,2.5E-02;                           0001431P0000725
110,0.75,-0.5,2.5E-02,0.75,-0.8,2.5E-02;                         0001433P0000726
110,0.75,-0.8,2.5E-02,1.,-0.8,2.5E-02;                           0001435P0000727
110,1.,-0.8,2.5E-02,1.,-1.,2.5E-02;                              0001437P0000728
110,1.,-1.,2.5E-02,-1.,-1.,2.5E-02;                              0001439P0000729
110,-1.,-1.,2.5E-02,-1.,-0.8,2.5E-02;                            0001441P0000730
110,-1.,-0.8,2.5E-02,-0.75,-0.8,2.5E-02;                         0001443P0000731
110,-0.75,-0.8,2.5E-02,-0.75,-0.5,2.5E-02;                       0001445P0000732
110,-0.75,-0.5,2.5E-02,-1.,-0.5,2.5E-02;                         0001447P0000733
110,-1.,-0.5,2.5E-02,-1.,-0.15,2.5E-02;                          0001449P0000734
110,-1.,-0.15,2.5E-02,-0.75,-0.15,2.5E-02;                       0001451P0000735
110,-0.75,-0.15,2.5E-02,-0.75,0.15,2.5E-02;                      0001453P0000736
110,-0.75,0.15,2.5E-02,-1.,0.15,2.5E-02;                         0001455P0000737
110,-1.,0.15,2.5E-02,-1.,0.5,2.5E-02;                            0001457P0000738
110,-1.,0.5,2.5E-02,-0.75,0.5,2.5E-02;                           0001459P0000739
142,0,1399,0,1463,2;                                             0001461P0000740
102,5,1465,1467,1469,1471,1473;                                  0001463P0000741
110,-0.47,-0.15,2.5E-02,0.53,-0.15,2.5E-02;                      0001465P0000742
110,0.53,-0.15,2.5E-02,0.53,0.8,2.5E-02;                         0001467P0000743
110,0.53,0.8,2.5E-02,-0.17,0.8,2.5E-02;                          0001469P0000744
110,-0.17,0.8,2.5E-02,-0.47,0.5,2.5E-02;                         0001471P0000745
110,-0.47,0.5,2.5E-02,-0.47,-0.15,2.5E-02;                       0001473P0000746
142,0,1399,0,1477,2;                                             0001475P0000747
102,4,1479,1481,1483,1485;                                       0001477P0000748
110,-0.28,-0.8,2.5E-02,0.47,-0.8,2.5E-02;                        0001479P0000749
110,0.47,-0.8,2.5E-02,0.47,-0.5,2.5E-02;                         0001481P0000750
110,0.47,-0.5,2.5E-02,-0.28,-0.5,2.5E-02;                        0001483P0000751
110,-0.28,-0.5,2.5E-02,-0.28,-0.8,2.5E-02;                       0001485P0000752
144,1489,1,0,1491;                                               0001487P0000753
108,-0.,1.,-0.,0.5,0,-1.,0.5,0.,0.;                              0001489P0000754
142,0,1489,0,1493,2;                                             0001491P0000755
102,4,1495,1497,1499,1501;                                       0001493P0000756
110,-1.,0.5,2.5E-02,-1.,0.5,0.2;                                 0001495P0000757
110,-1.,0.5,0.2,-0.75,0.5,0.2;                                   0001497P0000758
110,-0.75,0.5,0.2,-0.75,0.5,2.5E-02;                             0001499P0000759
110,-0.75,0.5,2.5E-02,-1.,0.5,2.5E-02;                           0001501P0000760
144,1505,1,0,1507;                                               0001503P0000761
108,-1.,-0.,-0.,0.75,0,-0.75,0.5,0.,0.;                          0001505P0000762
142,0,1505,0,1509,2;                                             0001507P0000763
102,4,1511,1513,1515,1517;                                       0001509P0000764
110,-0.75,0.5,2.5E-02,-0.75,0.5,0.2;                             0001511P0000765
110,-0.75,0.5,0.2,-0.75,0.8,0.2;                                 0001513P0000766
110,-0.75,0.8,0.2,-0.75,0.8,2.5E-02;                             0001515P0000767
110,-0.75,0.8,2.5E-02,-0.75,0.5,2.5E-02;                         0001517P0000768
144,1521,1,0,1523;                                               0001519P0000769
108,-0.,-1.,-0.,-0.8,0,-0.75,0.8,0.,0.;                          0001521P0000770
142,0,1521,0,1525,2;                                             0001523P0000771
102,4,1527,1529,1531,1533;                                       0001525P0000772
110,-0.75,0.8,2.5E-02,-0.75,0.8,0.2;                             0001527P0000773
110,-0.75,0.8,0.2,-1.,0.8,0.2;                                   0001529P0000774
110,-1.,0.8,0.2,-1.,0.8,2.5E-02;                                 0001531P0000775
110,-1.,0.8,2.5E-02,-0.75,0.8,2.5E-02;                           0001533P0000776
144,1537,1,0,1539;                                               0001535P0000777
108,-1.,0.,0.,1.,0,-1.,1.,2.5E-02,0.;                            0001537P0000778
142,0,1537,0,1541,2;                                             0001539P0000779
102,16,1543,1545,1547,1549,1551,1553,1555,1557,1559,1561,1563,   0001541P0000780
1565,1567,1569,1571,1573;                                        0001541P0000781
110,-1.,0.5,0.2,-1.,0.5,2.5E-02;                                 0001543P0000782
110,-1.,0.5,2.5E-02,-1.,0.15,2.5E-02;                            0001545P0000783
110,-1.,0.15,2.5E-02,-1.,0.15,0.2;                               0001547P0000784
110,-1.,0.15,0.2,-1.,-0.15,0.2;                                  0001549P0000785
110,-1.,-0.15,0.2,-1.,-0.15,2.5E-02;                             0001551P0000786
110,-1.,-0.15,2.5E-02,-1.,-0.5,2.5E-02;                          0001553P0000787
110,-1.,-0.5,2.5E-02,-1.,-0.5,0.2;                               0001555P0000788
110,-1.,-0.5,0.2,-1.,-0.8,0.2;                                   0001557P0000789
110,-1.,-0.8,0.2,-1.,-0.8,2.5E-02;                               0001559P0000790
110,-1.,-0.8,2.5E-02,-1.,-1.,2.5E-02;                            0001561P0000791
110,-1.,-1.,2.5E-02,-1.,-1.,0.8;                                 0001563P0000792
110,-1.,-1.,0.8,-1.,1.,0.8;                                      0001565P0000793
110,-1.,1.,0.8,-1.,1.,2.5E-02;                                   0001567P0000794
110,-1.,1.,2.5E-02,-1.,0.8,2.5E-02;                              0001569P0000795
110,-1.,0.8,2.5E-02,-1.,0.8,0.2;                                 0001571P0000796
110,-1.,0.8,0.2,-1.,0.5,0.2;                                     0001573P0000797
144,1577,1,0,1579;                                               0001575P0000798
108,-0.,-0.,-1.,-0.2,0,0.,0.,0.2,0.;                             0001577P0000799
142,0,1577,0,1581,2;                                             0001579P0000800
102,4,1583,1585,1587,1589;                                       0001581P0000801
110,-1.,0.8,0.2,-0.75,0.8,0.2;                                   0001583P0000802
110,-0.75,0.8,0.2,-0.75,0.5,0.2;                                 0001585P0000803
110,-0.75,0.5,0.2,-1.,0.5,0.2;                                   0001587P0000804
110,-1.,0.5,0.2,-1.,0.8,0.2;                                     0001589P0000805
144,1593,1,3,1595,1607,1619,1631;                                0001591P0000806
108,0.,1.,0.,1.,0,1.,1.,2.5E-02,0.;                              0001593P0000807
142,0,1593,0,1597,2;                                             0001595P0000808
102,4,1599,1601,1603,1605;                                       0001597P0000809
110,-1.,1.,2.5E-02,-1.,1.,0.8;                                   0001599P0000810
110,-1.,1.,0.8,1.,1.,0.8;                                        0001601P0000811
110,1.,1.,0.8,1.,1.,2.5E-02;                                     0001603P0000812
110,1.,1.,2.5E-02,-1.,1.,2.5E-02;                                0001605P0000813
142,0,1593,0,1609,2;                                             0001607P0000814
102,4,1611,1613,1615,1617;                                       0001609P0000815
110,0.475,1.,0.2,0.475,1.,0.1;                                   0001611P0000816
110,0.475,1.,0.1,0.725,1.,0.1;                                   0001613P0000817
110,0.725,1.,0.1,0.725,1.,0.2;                                   0001615P0000818
110,0.725,1.,0.2,0.475,1.,0.2;                                   0001617P0000819
142,0,1593,0,1621,2;                                             0001619P0000820
102,4,1623,1625,1627,1629;                                       0001621P0000821
110,-0.125,1.,0.2,-0.125,1.,0.1;                                 0001623P0000822
110,-0.125,1.,0.1,0.125,1.,0.1;                                  0001625P0000823
110,0.125,1.,0.1,0.125,1.,0.2;                                   0001627P0000824
110,0.125,1.,0.2,-0.125,1.,0.2;                                  0001629P0000825
142,0,1593,0,1633,2;                                             0001631P0000826
102,4,1635,1637,1639,1641;                                       0001633P0000827
110,-0.725,1.,0.2,-0.725,1.,0.1;                                 0001635P0000828
110,-0.725,1.,0.1,-0.475,1.,0.1;                                 0001637P0000829
110,-0.475,1.,0.1,-0.475,1.,0.2;                                 0001639P0000830
110,-0.475,1.,0.2,-0.725,1.,0.2;                                 0001641P0000831
144,1645,1,0,1647;                                               0001643P0000832
108,1.,0.,0.,1.,0,1.,-1.,2.5E-02,0.;                             0001645P0000833
142,0,1645,0,1649,2;                                             0001647P0000834
102,16,1651,1653,1655,1657,1659,1661,1663,1665,1667,1669,1671,   0001649P0000835
1673,1675,1677,1679,1681;                                        0001649P0000836
110,1.,0.8,0.2,1.,0.8,2.5E-02;                                   0001651P0000837
110,1.,0.8,2.5E-02,1.,1.,2.5E-02;                                0001653P0000838
110,1.,1.,2.5E-02,1.,1.,0.8;                                     0001655P0000839
110,1.,1.,0.8,1.,-1.,0.8;                                        0001657P0000840
110,1.,-1.,0.8,1.,-1.,2.5E-02;                                   0001659P0000841
110,1.,-1.,2.5E-02,1.,-0.8,2.5E-02;                              0001661P0000842
110,1.,-0.8,2.5E-02,1.,-0.8,0.2;                                 0001663P0000843
110,1.,-0.8,0.2,1.,-0.5,0.2;                                     0001665P0000844
110,1.,-0.5,0.2,1.,-0.5,2.5E-02;                                 0001667P0000845
110,1.,-0.5,2.5E-02,1.,-0.15,2.5E-02;                            0001669P0000846
110,1.,-0.15,2.5E-02,1.,-0.15,0.2;                               0001671P0000847
110,1.,-0.15,0.2,1.,0.15,0.2;                                    0001673P0000848
110,1.,0.15,0.2,1.,0.15,2.5E-02;                                 0001675P0000849
110,1.,0.15,2.5E-02,1.,0.5,2.5E-02;                              0001677P0000850
110,1.,0.5,2.5E-02,1.,0.5,0.2;                                   0001679P0000851
110,1.,0.5,0.2,1.,0.8,0.2;                                       0001681P0000852
144,1685,1,0,1687;                                               0001683P0000853
108,0.,0.,-1.,-0.2,0,0.,0.,0.2,0.;                               0001685P0000854
142,0,1685,0,1689,2;                                             0001687P0000855
102,4,1691,1693,1695,1697;                                       0001689P0000856
110,1.,0.5,0.2,0.75,0.5,0.2;                                     0001691P0000857
110,0.75,0.5,0.2,0.75,0.8,0.2;                                   0001693P0000858
110,0.75,0.8,0.2,1.,0.8,0.2;                                     0001695P0000859
110,1.,0.8,0.2,1.,0.5,0.2;                                       0001697P0000860
144,1701,1,0,1703;                                               0001699P0000861
108,0.,-1.,0.,-0.8,0,0.75,0.8,0.,0.;                             0001701P0000862
142,0,1701,0,1705,2;                                             0001703P0000863
102,4,1707,1709,1711,1713;                                       0001705P0000864
110,1.,0.8,2.5E-02,1.,0.8,0.2;                                   0001707P0000865
110,1.,0.8,0.2,0.75,0.8,0.2;                                     0001709P0000866
110,0.75,0.8,0.2,0.75,0.8,2.5E-02;                               0001711P0000867
110,0.75,0.8,2.5E-02,1.,0.8,2.5E-02;                             0001713P0000868
144,1717,1,0,1719;                                               0001715P0000869
108,1.,0.,0.,0.75,0,0.75,0.5,0.,0.;                              0001717P0000870
142,0,1717,0,1721,2;                                             0001719P0000871
102,4,1723,1725,1727,1729;                                       0001721P0000872
110,0.75,0.8,2.5E-02,0.75,0.8,0.2;                               0001723P0000873
110,0.75,0.8,0.2,0.75,0.5,0.2;                                   0001725P0000874
110,0.75,0.5,0.2,0.75,0.5,2.5E-02;                               0001727P0000875
110,0.75,0.5,2.5E-02,0.75,0.8,2.5E-02;                           0001729P0000876
144,1733,1,0,1735;                                               0001731P0000877
108,0.,1.,0.,0.5,0,1.,0.5,0.,0.;                                 0001733P0000878
142,0,1733,0,1737,2;                                             0001735P0000879
102,4,1739,1741,1743,1745;                                       0001737P0000880
110,0.75,0.5,2.5E-02,0.75,0.5,0.2;                               0001739P0000881
110,0.75,0.5,0.2,1.,0.5,0.2;                                     0001741P0000882
110,1.,0.5,0.2,1.,0.5,2.5E-02;                                   0001743P0000883
110,1.,0.5,2.5E-02,0.75,0.5,2.5E-02;                             0001745P0000884
144,1749,1,0,1751;                                               0001747P0000885
108,0.,-1.,0.,-0.15,0,0.75,0.15,0.,0.;                           0001749P0000886
142,0,1749,0,1753,2;                                             0001751P0000887
102,4,1755,1757,1759,1761;                                       0001753P0000888
110,1.,0.15,2.5E-02,1.,0.15,0.2;                                 0001755P0000889
110,1.,0.15,0.2,0.75,0.15,0.2;                                   0001757P0000890
110,0.75,0.15,0.2,0.75,0.15,2.5E-02;                             0001759P0000891
110,0.75,0.15,2.5E-02,1.,0.15,2.5E-02;                           0001761P0000892
144,1765,1,0,1767;                                               0001763P0000893
108,1.,0.,0.,0.75,0,0.75,-0.15,0.,0.;                            0001765P0000894
142,0,1765,0,1769,2;                                             0001767P0000895
102,4,1771,1773,1775,1777;                                       0001769P0000896
110,0.75,0.15,2.5E-02,0.75,0.15,0.2;                             0001771P0000897
110,0.75,0.15,0.2,0.75,-0.15,0.2;                                0001773P0000898
110,0.75,-0.15,0.2,0.75,-0.15,2.5E-02;                           0001775P0000899
110,0.75,-0.15,2.5E-02,0.75,0.15,2.5E-02;                        0001777P0000900
144,1781,1,0,1783;                                               0001779P0000901
108,0.,1.,0.,-0.15,0,1.,-0.15,0.,0.;                             0001781P0000902
142,0,1781,0,1785,2;                                             0001783P0000903
102,4,1787,1789,1791,1793;                                       0001785P0000904
110,0.75,-0.15,2.5E-02,0.75,-0.15,0.2;                           0001787P0000905
110,0.75,-0.15,0.2,1.,-0.15,0.2;                                 0001789P0000906
110,1.,-0.15,0.2,1.,-0.15,2.5E-02;                               0001791P0000907
110,1.,-0.15,2.5E-02,0.75,-0.15,2.5E-02;                         0001793P0000908
144,1797,1,0,1799;                                               0001795P0000909
108,0.,0.,-1.,-0.2,0,0.,0.,0.2,0.;                               0001797P0000910
142,0,1797,0,1801,2;                                             0001799P0000911
102,4,1803,1805,1807,1809;                                       0001801P0000912
110,1.,-0.15,0.2,0.75,-0.15,0.2;                                 0001803P0000913
110,0.75,-0.15,0.2,0.75,0.15,0.2;                                0001805P0000914
110,0.75,0.15,0.2,1.,0.15,0.2;                                   0001807P0000915
110,1.,0.15,0.2,1.,-0.15,0.2;                                    0001809P0000916
144,1813,1,0,1815;                                               0001811P0000917
108,0.,-1.,0.,0.5,0,0.75,-0.5,0.,0.;                             0001813P0000918
142,0,1813,0,1817,2;                                             0001815P0000919
102,4,1819,1821,1823,1825;                                       0001817P0000920
110,1.,-0.5,2.5E-02,1.,-0.5,0.2;                                 0001819P0000921
110,1.,-0.5,0.2,0.75,-0.5,0.2;                                   0001821P0000922
110,0.75,-0.5,0.2,0.75,-0.5,2.5E-02;                             0001823P0000923
110,0.75,-0.5,2.5E-02,1.,-0.5,2.5E-02;                           0001825P0000924
144,1829,1,0,1831;                                               0001827P0000925
108,1.,0.,0.,0.75,0,0.75,-0.8,0.,0.;                             0001829P0000926
142,0,1829,0,1833,2;                                             0001831P0000927
102,4,1835,1837,1839,1841;                                       0001833P0000928
110,0.75,-0.5,2.5E-02,0.75,-0.5,0.2;                             0001835P0000929
110,0.75,-0.5,0.2,0.75,-0.8,0.2;                                 0001837P0000930
110,0.75,-0.8,0.2,0.75,-0.8,2.5E-02;                             0001839P0000931
110,0.75,-0.8,2.5E-02,0.75,-0.5,2.5E-02;                         0001841P0000932
144,1845,1,0,1847;                                               0001843P0000933
108,0.,1.,0.,-0.8,0,1.,-0.8,0.,0.;                               0001845P0000934
142,0,1845,0,1849,2;                                             0001847P0000935
102,4,1851,1853,1855,1857;                                       0001849P0000936
110,0.75,-0.8,2.5E-02,0.75,-0.8,0.2;                             0001851P0000937
110,0.75,-0.8,0.2,1.,-0.8,0.2;                                   0001853P0000938
110,1.,-0.8,0.2,1.,-0.8,2.5E-02;                                 0001855P0000939
110,1.,-0.8,2.5E-02,0.75,-0.8,2.5E-02;                           0001857P0000940
144,1861,1,0,1863;                                               0001859P0000941
108,0.,0.,-1.,-0.2,0,0.,0.,0.2,0.;                               0001861P0000942
142,0,1861,0,1865,2;                                             0001863P0000943
102,4,1867,1869,1871,1873;                                       0001865P0000944
110,1.,-0.8,0.2,0.75,-0.8,0.2;                                   0001867P0000945
110,0.75,-0.8,0.2,0.75,-0.5,0.2;                                 0001869P0000946
110,0.75,-0.5,0.2,1.,-0.5,0.2;                                   0001871P0000947
110,1.,-0.5,0.2,1.,-0.8,0.2;                                     0001873P0000948
144,1877,1,3,1879,1891,1903,1915;                                0001875P0000949
108,0.,-1.,0.,1.,0,-1.,-1.,2.5E-02,0.;                           0001877P0000950
142,0,1877,0,1881,2;                                             0001879P0000951
102,4,1883,1885,1887,1889;                                       0001881P0000952
110,1.,-1.,2.5E-02,1.,-1.,0.8;                                   0001883P0000953
110,1.,-1.,0.8,-1.,-1.,0.8;                                      0001885P0000954
110,-1.,-1.,0.8,-1.,-1.,2.5E-02;                                 0001887P0000955
110,-1.,-1.,2.5E-02,1.,-1.,2.5E-02;                              0001889P0000956
142,0,1877,0,1893,2;                                             0001891P0000957
102,4,1895,1897,1899,1901;                                       0001893P0000958
110,0.725,-1.,0.2,0.725,-1.,0.1;                                 0001895P0000959
110,0.725,-1.,0.1,0.475,-1.,0.1;                                 0001897P0000960
110,0.475,-1.,0.1,0.475,-1.,0.2;                                 0001899P0000961
110,0.475,-1.,0.2,0.725,-1.,0.2;                                 0001901P0000962
142,0,1877,0,1905,2;                                             0001903P0000963
102,4,1907,1909,1911,1913;                                       0001905P0000964
110,0.125,-1.,0.2,0.125,-1.,0.1;                                 0001907P0000965
110,0.125,-1.,0.1,-0.125,-1.,0.1;                                0001909P0000966
110,-0.125,-1.,0.1,-0.125,-1.,0.2;                               0001911P0000967
110,-0.125,-1.,0.2,0.125,-1.,0.2;                                0001913P0000968
142,0,1877,0,1917,2;                                             0001915P0000969
102,4,1919,1921,1923,1925;                                       0001917P0000970
110,-0.475,-1.,0.2,-0.475,-1.,0.1;                               0001919P0000971
110,-0.475,-1.,0.1,-0.725,-1.,0.1;                               0001921P0000972
110,-0.725,-1.,0.1,-0.725,-1.,0.2;                               0001923P0000973
110,-0.725,-1.,0.2,-0.475,-1.,0.2;                               0001925P0000974
144,1929,1,0,1931;                                               0001927P0000975
108,0.,0.,1.,0.8,0,0.,0.,0.8,0.;                                 0001929P0000976
142,0,1929,0,1933,2;                                             0001931P0000977
102,4,1935,1937,1939,1941;                                       0001933P0000978
110,1.,-1.,0.8,1.,1.,0.8;                                        0001935P0000979
110,1.,1.,0.8,-1.,1.,0.8;                                        0001937P0000980
110,-1.,1.,0.8,-1.,-1.,0.8;                                      0001939P0000981
110,-1.,-1.,0.8,1.,-1.,0.8;                                      0001941P0000982
144,1945,1,0,1947;                                               0001943P0000983
108,0.,0.,-1.,-0.2,0,0.,0.,0.2,0.;                               0001945P0000984
142,0,1945,0,1949,2;                                             0001947P0000985
102,4,1951,1953,1955,1957;                                       0001949P0000986
110,0.475,-1.,0.2,0.475,-0.9,0.2;                                0001951P0000987
110,0.475,-0.9,0.2,0.725,-0.9,0.2;                               0001953P0000988
110,0.725,-0.9,0.2,0.725,-1.,0.2;                                0001955P0000989
110,0.725,-1.,0.2,0.475,-1.,0.2;                                 0001957P0000990
144,1961,1,0,1963;                                               0001959P0000991
108,-1.,0.,0.,-0.725,0,0.725,-0.9,0.2,0.;                        0001961P0000992
142,0,1961,0,1965,2;                                             0001963P0000993
102,4,1967,1969,1971,1973;                                       0001965P0000994
110,0.725,-1.,0.2,0.725,-0.9,0.2;                                0001967P0000995
110,0.725,-0.9,0.2,0.725,-0.9,1.E-01;                            0001969P0000996
110,0.725,-0.9,0.1,0.725,-1.,0.1;                                0001971P0000997
110,0.725,-1.,0.1,0.725,-1.,0.2;                                 0001973P0000998
144,1977,1,0,1979;                                               0001975P0000999
108,-0.,-0.,1.,0.1,0,0.,0.,0.1,0.;                               0001977P0001000
142,0,1977,0,1981,2;                                             0001979P0001001
102,4,1983,1985,1987,1989;                                       0001981P0001002
110,0.725,-1.,0.1,0.725,-0.9,0.1;                                0001983P0001003
110,0.725,-0.9,0.1,0.475,-0.9,0.1;                               0001985P0001004
110,0.475,-0.9,0.1,0.475,-1.,0.1;                                0001987P0001005
110,0.475,-1.,0.1,0.725,-1.,0.1;                                 0001989P0001006
144,1993,1,0,1995;                                               0001991P0001007
108,1.,0.,0.,0.475,0,0.475,-1.,0.2,0.;                           0001993P0001008
142,0,1993,0,1997,2;                                             0001995P0001009
102,4,1999,2001,2003,2005;                                       0001997P0001010
110,0.475,-1.,0.1,0.475,-0.9,0.1;                                0001999P0001011
110,0.475,-0.9,1.E-01,0.475,-0.9,0.2;                            0002001P0001012
110,0.475,-0.9,0.2,0.475,-1.,0.2;                                0002003P0001013
110,0.475,-1.,0.2,0.475,-1.,0.1;                                 0002005P0001014
144,2009,1,0,2011;                                               0002007P0001015
108,0.,-1.,0.,0.9,0,0.475,-0.9,0.2,0.;                           0002009P0001016
142,0,2009,0,2013,2;                                             0002011P0001017
102,4,2015,2017,2019,2021;                                       0002013P0001018
110,0.475,-0.9,0.2,0.475,-0.9,1.E-01;                            0002015P0001019
110,0.475,-0.9,0.1,0.725,-0.9,0.1;                               0002017P0001020
110,0.725,-0.9,1.E-01,0.725,-0.9,0.2;                            0002019P0001021
110,0.725,-0.9,0.2,0.475,-0.9,0.2;                               0002021P0001022
144,2025,1,0,2027;                                               0002023P0001023
108,0.,0.,-1.,-0.2,0,0.,0.,0.2,0.;                               0002025P0001024
142,0,2025,0,2029,2;                                             0002027P0001025
102,4,2031,2033,2035,2037;                                       0002029P0001026
110,-0.125,-1.,0.2,-0.125,-0.9,0.2;                              0002031P0001027
110,-0.125,-0.9,0.2,0.125,-0.9,0.2;                              0002033P0001028
110,0.125,-0.9,0.2,0.125,-1.,0.2;                                0002035P0001029
110,0.125,-1.,0.2,-0.125,-1.,0.2;                                0002037P0001030
144,2041,1,0,2043;                                               0002039P0001031
108,-1.,0.,0.,-0.125,0,0.125,-0.9,0.2,0.;                        0002041P0001032
142,0,2041,0,2045,2;                                             0002043P0001033
102,4,2047,2049,2051,2053;                                       0002045P0001034
110,0.125,-1.,0.2,0.125,-0.9,0.2;                                0002047P0001035
110,0.125,-0.9,0.2,0.125,-0.9,1.E-01;                            0002049P0001036
110,0.125,-0.9,0.1,0.125,-1.,0.1;                                0002051P0001037
110,0.125,-1.,0.1,0.125,-1.,0.2;                                 0002053P0001038
144,2057,1,0,2059;                                               0002055P0001039
108,-0.,-0.,1.,0.1,0,0.,0.,0.1,0.;                               0002057P0001040
142,0,2057,0,2061,2;                                             0002059P0001041
102,4,2063,2065,2067,2069;                                       0002061P0001042
110,0.125,-1.,0.1,0.125,-0.9,0.1;                                0002063P0001043
110,0.125,-0.9,0.1,-0.125,-0.9,0.1;                              0002065P0001044
110,-0.125,-0.9,0.1,-0.125,-1.,0.1;                              0002067P0001045
110,-0.125,-1.,0.1,0.125,-1.,0.1;                                0002069P0001046
144,2073,1,0,2075;                                               0002071P0001047
108,1.,0.,0.,-0.125,0,-0.125,-1.,0.2,0.;                         0002073P0001048
142,0,2073,0,2077,2;                                             0002075P0001049
102,4,2079,2081,2083,2085;                                       0002077P0001050
110,-0.125,-1.,0.1,-0.125,-0.9,0.1;                              0002079P0001051
110,-0.125,-0.9,1.E-01,-0.125,-0.9,0.2;                          0002081P0001052
110,-0.125,-0.9,0.2,-0.125,-1.,0.2;                              0002083P0001053
110,-0.125,-1.,0.2,-0.125,-1.,0.1;                               0002085P0001054
144,2089,1,0,2091;                                               0002087P0001055
108,0.,-1.,0.,0.9,0,-0.125,-0.9,0.2,0.;                          0002089P0001056
142,0,2089,0,2093,2;                                             0002091P0001057
102,4,2095,2097,2099,2101;                                       0002093P0001058
110,-0.125,-0.9,0.2,-0.125,-0.9,1.E-01;                          0002095P0001059
110,-0.125,-0.9,0.1,0.125,-0.9,0.1;                              0002097P0001060
110,0.125,-0.9,1.E-01,0.125,-0.9,0.2;                            0002099P0001061
110,0.125,-0.9,0.2,-0.125,-0.9,0.2;                              0002101P0001062
144,2105,1,0,2107;                                               0002103P0001063
108,0.,0.,-1.,-0.2,0,0.,0.,0.2,0.;                               0002105P0001064
142,0,2105,0,2109,2;                                             0002107P0001065
102,4,2111,2113,2115,2117;                                       0002109P0001066
110,-0.725,-1.,0.2,-0.725,-0.9,0.2;                              0002111P0001067
110,-0.725,-0.9,0.2,-0.475,-0.9,0.2;                             0002113P0001068
110,-0.475,-0.9,0.2,-0.475,-1.,0.2;                              0002115P0001069
110,-0.475,-1.,0.2,-0.725,-1.,0.2;                               0002117P0001070
144,2121,1,0,2123;                                               0002119P0001071
108,-1.,0.,0.,0.475,0,-0.475,-0.9,0.2,0.;                        0002121P0001072
142,0,2121,0,2125,2;                                             0002123P0001073
102,4,2127,2129,2131,2133;                                       0002125P0001074
110,-0.475,-1.,0.2,-0.475,-0.9,0.2;                              0002127P0001075
110,-0.475,-0.9,0.2,-0.475,-0.9,1.E-01;                          0002129P0001076
110,-0.475,-0.9,0.1,-0.475,-1.,0.1;                              0002131P0001077
110,-0.475,-1.,0.1,-0.475,-1.,0.2;                               0002133P0001078
144,2137,1,0,2139;                                               0002135P0001079
108,-0.,-0.,1.,0.1,0,0.,0.,0.1,0.;                               0002137P0001080
142,0,2137,0,2141,2;                                             0002139P0001081
102,4,2143,2145,2147,2149;                                       0002141P0001082
110,-0.475,-1.,0.1,-0.475,-0.9,0.1;                              0002143P0001083
110,-0.475,-0.9,0.1,-0.725,-0.9,0.1;                             0002145P0001084
110,-0.725,-0.9,0.1,-0.725,-1.,0.1;                              0002147P0001085
110,-0.725,-1.,0.1,-0.475,-1.,0.1;                               0002149P0001086
144,2153,1,0,2155;                                               0002151P0001087
108,1.,0.,0.,-0.725,0,-0.725,-1.,0.2,0.;                         0002153P0001088
142,0,2153,0,2157,2;                                             0002155P0001089
102,4,2159,2161,2163,2165;                                       0002157P0001090
110,-0.725,-1.,0.1,-0.725,-0.9,0.1;                              0002159P0001091
110,-0.725,-0.9,1.E-01,-0.725,-0.9,0.2;                          0002161P0001092
110,-0.725,-0.9,0.2,-0.725,-1.,0.2;                              0002163P0001093
110,-0.725,-1.,0.2,-0.725,-1.,0.1;                               0002165P0001094
144,2169,1,0,2171;                                               0002167P0001095
108,0.,-1.,0.,0.9,0,-0.725,-0.9,0.2,0.;                          0002169P0001096
142,0,2169,0,2173,2;                                             0002171P0001097
102,4,2175,2177,2179,2181;                                       0002173P0001098
110,-0.725,-0.9,0.2,-0.725,-0.9,1.E-01;                          0002175P0001099
110,-0.725,-0.9,0.1,-0.475,-0.9,0.1;                             0002177P0001100
110,-0.475,-0.9,1.E-01,-0.475,-0.9,0.2;                          0002179P0001101
110,-0.475,-0.9,0.2,-0.725,-0.9,0.2;                             0002181P0001102
144,2185,1,0,2187;                                               0002183P0001103
108,-0.,-0.,-1.,-0.2,0,0.,0.,0.2,0.;                             0002185P0001104
142,0,2185,0,2189,2;                                             0002187P0001105
102,4,2191,2193,2195,2197;                                       0002189P0001106
110,0.725,1.,0.2,0.725,0.9,0.2;                                  0002191P0001107
110,0.725,0.9,0.2,0.475,0.9,0.2;                                 0002193P0001108
110,0.475,0.9,0.2,0.475,1.,0.2;                                  0002195P0001109
110,0.475,1.,0.2,0.725,1.,0.2;                                   0002197P0001110
144,2201,1,0,2203;                                               0002199P0001111
108,1.,-0.,-0.,0.475,0,0.475,1.,0.2,0.;                          0002201P0001112
142,0,2201,0,2205,2;                                             0002203P0001113
102,4,2207,2209,2211,2213;                                       0002205P0001114
110,0.475,1.,0.2,0.475,0.9,0.2;                                  0002207P0001115
110,0.475,0.9,0.2,0.475,0.9,1.E-01;                              0002209P0001116
110,0.475,0.9,0.1,0.475,1.,0.1;                                  0002211P0001117
110,0.475,1.,0.1,0.475,1.,0.2;                                   0002213P0001118
144,2217,1,0,2219;                                               0002215P0001119
108,0.,0.,1.,0.1,0,0.,0.,0.1,0.;                                 0002217P0001120
142,0,2217,0,2221,2;                                             0002219P0001121
102,4,2223,2225,2227,2229;                                       0002221P0001122
110,0.475,1.,0.1,0.475,0.9,0.1;                                  0002223P0001123
110,0.475,0.9,0.1,0.725,0.9,0.1;                                 0002225P0001124
110,0.725,0.9,0.1,0.725,1.,0.1;                                  0002227P0001125
110,0.725,1.,0.1,0.475,1.,0.1;                                   0002229P0001126
144,2233,1,0,2235;                                               0002231P0001127
108,-1.,-0.,-0.,-0.725,0,0.725,0.9,0.2,0.;                       0002233P0001128
142,0,2233,0,2237,2;                                             0002235P0001129
102,4,2239,2241,2243,2245;                                       0002237P0001130
110,0.725,1.,0.1,0.725,0.9,0.1;                                  0002239P0001131
110,0.725,0.9,1.E-01,0.725,0.9,0.2;                              0002241P0001132
110,0.725,0.9,0.2,0.725,1.,0.2;                                  0002243P0001133
110,0.725,1.,0.2,0.725,1.,0.1;                                   0002245P0001134
144,2249,1,0,2251;                                               0002247P0001135
108,-0.,1.,-0.,0.9,0,0.475,0.9,0.2,0.;                           0002249P0001136
142,0,2249,0,2253,2;                                             0002251P0001137
102,4,2255,2257,2259,2261;                                       0002253P0001138
110,0.725,0.9,0.2,0.725,0.9,1.E-01;                              0002255P0001139
110,0.725,0.9,0.1,0.475,0.9,0.1;                                 0002257P0001140
110,0.475,0.9,1.E-01,0.475,0.9,0.2;                              0002259P0001141
110,0.475,0.9,0.2,0.725,0.9,0.2;                                 0002261P0001142
144,2265,1,0,2267;                                               0002263P0001143
108,-0.,-0.,-1.,-0.2,0,0.,0.,0.2,0.;                             0002265P0001144
142,0,2265,0,2269,2;                                             0002267P0001145
102,4,2271,2273,2275,2277;                                       0002269P0001146
110,0.125,1.,0.2,0.125,0.9,0.2;                                  0002271P0001147
110,0.125,0.9,0.2,-0.125,0.9,0.2;                                0002273P0001148
110,-0.125,0.9,0.2,-0.125,1.,0.2;                                0002275P0001149
110,-0.125,1.,0.2,0.125,1.,0.2;                                  0002277P0001150
144,2281,1,0,2283;                                               0002279P0001151
108,1.,-0.,-0.,-0.125,0,-0.125,1.,0.2,0.;                        0002281P0001152
142,0,2281,0,2285,2;                                             0002283P0001153
102,4,2287,2289,2291,2293;                                       0002285P0001154
110,-0.125,1.,0.2,-0.125,0.9,0.2;                                0002287P0001155
110,-0.125,0.9,0.2,-0.125,0.9,1.E-01;                            0002289P0001156
110,-0.125,0.9,0.1,-0.125,1.,0.1;                                0002291P0001157
110,-0.125,1.,0.1,-0.125,1.,0.2;                                 0002293P0001158
144,2297,1,0,2299;                                               0002295P0001159
108,0.,0.,1.,0.1,0,0.,0.,0.1,0.;                                 0002297P0001160
142,0,2297,0,2301,2;                                             0002299P0001161
102,4,2303,2305,2307,2309;                                       0002301P0001162
110,-0.125,1.,0.1,-0.125,0.9,0.1;                                0002303P0001163
110,-0.125,0.9,0.1,0.125,0.9,0.1;                                0002305P0001164
110,0.125,0.9,0.1,0.125,1.,0.1;                                  0002307P0001165
110,0.125,1.,0.1,-0.125,1.,0.1;                                  0002309P0001166
144,2313,1,0,2315;                                               0002311P0001167
108,-1.,-0.,-0.,-0.125,0,0.125,0.9,0.2,0.;                       0002313P0001168
142,0,2313,0,2317,2;                                             0002315P0001169
102,4,2319,2321,2323,2325;                                       0002317P0001170
110,0.125,1.,0.1,0.125,0.9,0.1;                                  0002319P0001171
110,0.125,0.9,1.E-01,0.125,0.9,0.2;                              0002321P0001172
110,0.125,0.9,0.2,0.125,1.,0.2;                                  0002323P0001173
110,0.125,1.,0.2,0.125,1.,0.1;                                   0002325P0001174
144,2329,1,0,2331;                                               0002327P0001175
108,-0.,1.,-0.,0.9,0,-0.125,0.9,0.2,0.;                          0002329P0001176
142,0,2329,0,2333,2;                                             0002331P0001177
102,4,2335,2337,2339,2341;                                       0002333P0001178
110,0.125,0.9,0.2,0.125,0.9,1.E-01;                              0002335P0001179
110,0.125,0.9,0.1,-0.125,0.9,0.1;                                0002337P0001180
110,-0.125,0.9,1.E-01,-0.125,0.9,0.2;                            0002339P0001181
110,-0.125,0.9,0.2,0.125,0.9,0.2;                                0002341P0001182
144,2345,1,0,2347;                                               0002343P0001183
108,-0.,-0.,-1.,-0.2,0,0.,0.,0.2,0.;                             0002345P0001184
142,0,2345,0,2349,2;                                             0002347P0001185
102,4,2351,2353,2355,2357;                                       0002349P0001186
110,-0.475,1.,0.2,-0.475,0.9,0.2;                                0002351P0001187
110,-0.475,0.9,0.2,-0.725,0.9,0.2;                               0002353P0001188
110,-0.725,0.9,0.2,-0.725,1.,0.2;                                0002355P0001189
110,-0.725,1.,0.2,-0.475,1.,0.2;                                 0002357P0001190
144,2361,1,0,2363;                                               0002359P0001191
108,1.,-0.,-0.,-0.725,0,-0.725,1.,0.2,0.;                        0002361P0001192
142,0,2361,0,2365,2;                                             0002363P0001193
102,4,2367,2369,2371,2373;                                       0002365P0001194
110,-0.725,1.,0.2,-0.725,0.9,0.2;                                0002367P0001195
110,-0.725,0.9,0.2,-0.725,0.9,1.E-01;                            0002369P0001196
110,-0.725,0.9,0.1,-0.725,1.,0.1;                                0002371P0001197
110,-0.725,1.,0.1,-0.725,1.,0.2;                                 0002373P0001198
144,2377,1,0,2379;                                               0002375P0001199
108,0.,0.,1.,0.1,0,0.,0.,0.1,0.;                                 0002377P0001200
142,0,2377,0,2381,2;                                             0002379P0001201
102,4,2383,2385,2387,2389;                                       0002381P0001202
110,-0.725,1.,0.1,-0.725,0.9,0.1;                                0002383P0001203
110,-0.725,0.9,0.1,-0.475,0.9,0.1;                               0002385P0001204
110,-0.475,0.9,0.1,-0.475,1.,0.1;                                0002387P0001205
110,-0.475,1.,0.1,-0.725,1.,0.1;                                 0002389P0001206
144,2393,1,0,2395;                                               0002391P0001207
108,-1.,-0.,-0.,0.475,0,-0.475,0.9,0.2,0.;                       0002393P0001208
142,0,2393,0,2397,2;                                             0002395P0001209
102,4,2399,2401,2403,2405;                                       0002397P0001210
110,-0.475,1.,0.1,-0.475,0.9,0.1;                                0002399P0001211
110,-0.475,0.9,1.E-01,-0.475,0.9,0.2;                            0002401P0001212
110,-0.475,0.9,0.2,-0.475,1.,0.2;                                0002403P0001213
110,-0.475,1.,0.2,-0.475,1.,0.1;                                 0002405P0001214
144,2409,1,0,2411;                                               0002407P0001215
108,-0.,1.,-0.,0.9,0,-0.725,0.9,0.2,0.;                          0002409P0001216
142,0,2409,0,2413,2;                                             0002411P0001217
102,4,2415,2417,2419,2421;                                       0002413P0001218
110,-0.475,0.9,0.2,-0.475,0.9,1.E-01;                            0002415P0001219
110,-0.475,0.9,0.1,-0.725,0.9,0.1;                               0002417P0001220
110,-0.725,0.9,1.E-01,-0.725,0.9,0.2;                            0002419P0001221
110,-0.725,0.9,0.2,-0.475,0.9,0.2;                               0002421P0001222
144,2425,1,0,2427;                                               0002423P0001223
108,-0.,1.,-0.,-0.8,0,-1.,-0.8,0.,0.;                            0002425P0001224
142,0,2425,0,2429,2;                                             0002427P0001225
102,4,2431,2433,2435,2437;                                       0002429P0001226
110,-1.,-0.8,2.5E-02,-1.,-0.8,0.2;                               0002431P0001227
110,-1.,-0.8,0.2,-0.75,-0.8,0.2;                                 0002433P0001228
110,-0.75,-0.8,0.2,-0.75,-0.8,2.5E-02;                           0002435P0001229
110,-0.75,-0.8,2.5E-02,-1.,-0.8,2.5E-02;                         0002437P0001230
144,2441,1,0,2443;                                               0002439P0001231
108,-1.,-0.,-0.,0.75,0,-0.75,-0.8,0.,0.;                         0002441P0001232
142,0,2441,0,2445,2;                                             0002443P0001233
102,4,2447,2449,2451,2453;                                       0002445P0001234
110,-0.75,-0.8,2.5E-02,-0.75,-0.8,0.2;                           0002447P0001235
110,-0.75,-0.8,0.2,-0.75,-0.5,0.2;                               0002449P0001236
110,-0.75,-0.5,0.2,-0.75,-0.5,2.5E-02;                           0002451P0001237
110,-0.75,-0.5,2.5E-02,-0.75,-0.8,2.5E-02;                       0002453P0001238
144,2457,1,0,2459;                                               0002455P0001239
108,-0.,-1.,-0.,0.5,0,-0.75,-0.5,0.,0.;                          0002457P0001240
142,0,2457,0,2461,2;                                             0002459P0001241
102,4,2463,2465,2467,2469;                                       0002461P0001242
110,-0.75,-0.5,2.5E-02,-0.75,-0.5,0.2;                           0002463P0001243
110,-0.75,-0.5,0.2,-1.,-0.5,0.2;                                 0002465P0001244
110,-1.,-0.5,0.2,-1.,-0.5,2.5E-02;                               0002467P0001245
110,-1.,-0.5,2.5E-02,-0.75,-0.5,2.5E-02;                         0002469P0001246
144,2473,1,0,2475;                                               0002471P0001247
108,-0.,-0.,-1.,-0.2,0,0.,0.,0.2,0.;                             0002473P0001248
142,0,2473,0,2477,2;                                             0002475P0001249
102,4,2479,2481,2483,2485;                                       0002477P0001250
110,-1.,-0.5,0.2,-0.75,-0.5,0.2;                                 0002479P0001251
110,-0.75,-0.5,0.2,-0.75,-0.8,0.2;                               0002481P0001252
110,-0.75,-0.8,0.2,-1.,-0.8,0.2;                                 0002483P0001253
110,-1.,-0.8,0.2,-1.,-0.5,0.2;                                   0002485P0001254
144,2489,1,0,2491;                                               0002487P0001255
108,-0.,1.,-0.,-0.15,0,-1.,-0.15,0.,0.;                          0002489P0001256
142,0,2489,0,2493,2;                                             0002491P0001257
102,4,2495,2497,2499,2501;                                       0002493P0001258
110,-1.,-0.15,2.5E-02,-1.,-0.15,0.2;                             0002495P0001259
110,-1.,-0.15,0.2,-0.75,-0.15,0.2;                               0002497P0001260
110,-0.75,-0.15,0.2,-0.75,-0.15,2.5E-02;                         0002499P0001261
110,-0.75,-0.15,2.5E-02,-1.,-0.15,2.5E-02;                       0002501P0001262
144,2505,1,0,2507;                                               0002503P0001263
108,-1.,-0.,-0.,0.75,0,-0.75,-0.15,0.,0.;                        0002505P0001264
142,0,2505,0,2509,2;                                             0002507P0001265
102,4,2511,2513,2515,2517;                                       0002509P0001266
110,-0.75,-0.15,2.5E-02,-0.75,-0.15,0.2;                         0002511P0001267
110,-0.75,-0.15,0.2,-0.75,0.15,0.2;                              0002513P0001268
110,-0.75,0.15,0.2,-0.75,0.15,2.5E-02;                           0002515P0001269
110,-0.75,0.15,2.5E-02,-0.75,-0.15,2.5E-02;                      0002517P0001270
144,2521,1,0,2523;                                               0002519P0001271
108,-0.,-1.,-0.,-0.15,0,-0.75,0.15,0.,0.;                        0002521P0001272
142,0,2521,0,2525,2;                                             0002523P0001273
102,4,2527,2529,2531,2533;                                       0002525P0001274
110,-0.75,0.15,2.5E-02,-0.75,0.15,0.2;                           0002527P0001275
110,-0.75,0.15,0.2,-1.,0.15,0.2;                                 0002529P0001276
110,-1.,0.15,0.2,-1.,0.15,2.5E-02;                               0002531P0001277
110,-1.,0.15,2.5E-02,-0.75,0.15,2.5E-02;                         0002533P0001278
144,2537,1,0,2539;                                               0002535P0001279
108,-0.,-0.,-1.,-0.2,0,0.,0.,0.2,0.;                             0002537P0001280
142,0,2537,0,2541,2;                                             0002539P0001281
102,4,2543,2545,2547,2549;                                       0002541P0001282
110,-1.,0.15,0.2,-0.75,0.15,0.2;                                 0002543P0001283
110,-0.75,0.15,0.2,-0.75,-0.15,0.2;                              0002545P0001284
110,-0.75,-0.15,0.2,-1.,-0.15,0.2;                               0002547P0001285
110,-1.,-0.15,0.2,-1.,0.15,0.2;                                  0002549P0001286
144,2553,1,0,2555;                                               0002551P0001287
108,1.,-0.,-0.,-0.47,0,-0.47,0.8,0.,0.;                          0002553P0001288
142,0,2553,0,2557,2;                                             0002555P0001289
102,4,2559,2561,2563,2565;                                       0002557P0001290
110,-0.47,0.5,2.5E-02,-0.47,0.5,0.2;                             0002559P0001291
110,-0.47,0.5,0.2,-0.47,-0.15,0.2;                               0002561P0001292
110,-0.47,-0.15,0.2,-0.47,-0.15,2.5E-02;                         0002563P0001293
110,-0.47,-0.15,2.5E-02,-0.47,0.5,2.5E-02;                       0002565P0001294
144,2569,1,0,2571;                                               0002567P0001295
108,-0.,1.,-0.,-0.15,0,-0.47,-0.15,0.,0.;                        0002569P0001296
142,0,2569,0,2573,2;                                             0002571P0001297
102,4,2575,2577,2579,2581;                                       0002573P0001298
110,-0.47,-0.15,2.5E-02,-0.47,-0.15,0.2;                         0002575P0001299
110,-0.47,-0.15,0.2,0.53,-0.15,0.2;                              0002577P0001300
110,0.53,-0.15,0.2,0.53,-0.15,2.5E-02;                           0002579P0001301
110,0.53,-0.15,2.5E-02,-0.47,-0.15,2.5E-02;                      0002581P0001302
144,2585,1,0,2587;                                               0002583P0001303
108,-1.,-0.,-0.,-0.53,0,0.53,-0.15,0.,0.;                        0002585P0001304
142,0,2585,0,2589,2;                                             0002587P0001305
102,4,2591,2593,2595,2597;                                       0002589P0001306
110,0.53,-0.15,2.5E-02,0.53,-0.15,0.2;                           0002591P0001307
110,0.53,-0.15,0.2,0.53,0.8,0.2;                                 0002593P0001308
110,0.53,0.8,0.2,0.53,0.8,2.5E-02;                               0002595P0001309
110,0.53,0.8,2.5E-02,0.53,-0.15,2.5E-02;                         0002597P0001310
144,2601,1,0,2603;                                               0002599P0001311
108,-0.,-1.,-0.,-0.8,0,0.53,0.8,0.,0.;                           0002601P0001312
142,0,2601,0,2605,2;                                             0002603P0001313
102,4,2607,2609,2611,2613;                                       0002605P0001314
110,0.53,0.8,2.5E-02,0.53,0.8,0.2;                               0002607P0001315
110,0.53,0.8,0.2,-0.17,0.8,0.2;                                  0002609P0001316
110,-0.17,0.8,0.2,-0.17,0.8,2.5E-02;                             0002611P0001317
110,-0.17,0.8,2.5E-02,0.53,0.8,2.5E-02;                          0002613P0001318
144,2617,1,0,2619;                                               0002615P0001319
108,0.707106781,-0.707106781,-0.,-0.685893578,0,-0.32,0.65,0.1,  0002617P0001320
0.;                                                              0002617P0001321
142,0,2617,0,2621,2;                                             0002619P0001322
102,4,2623,2625,2627,2629;                                       0002621P0001323
110,-0.17,0.8,2.5E-02,-0.17,0.8,0.2;                             0002623P0001324
110,-0.17,0.8,0.2,-0.47,0.5,0.2;                                 0002625P0001325
110,-0.47,0.5,0.2,-0.47,0.5,2.5E-02;                             0002627P0001326
110,-0.47,0.5,2.5E-02,-0.17,0.8,2.5E-02;                         0002629P0001327
144,2633,1,0,2635;                                               0002631P0001328
108,-0.,-0.,-1.,-0.2,0,0.,0.,0.2,0.;                             0002633P0001329
142,0,2633,0,2637,2;                                             0002635P0001330
102,5,2639,2641,2643,2645,2647;                                  0002637P0001331
110,-0.17,0.8,0.2,0.53,0.8,0.2;                                  0002639P0001332
110,0.53,0.8,0.2,0.53,-0.15,0.2;                                 0002641P0001333
110,0.53,-0.15,0.2,-0.47,-0.15,0.2;                              0002643P0001334
110,-0.47,-0.15,0.2,-0.47,0.5,0.2;                               0002645P0001335
110,-0.47,0.5,0.2,-0.17,0.8,0.2;                                 0002647P0001336
144,2651,1,0,2653;                                               0002649P0001337
108,1.,-0.,-0.,-0.28,0,-0.28,-0.5,0.,0.;                         0002651P0001338
142,0,2651,0,2655,2;                                             0002653P0001339
102,4,2657,2659,2661,2663;                                       0002655P0001340
110,-0.28,-0.5,2.5E-02,-0.28,-0.5,0.2;                           0002657P0001341
110,-0.28,-0.5,0.2,-0.28,-0.8,0.2;                               0002659P0001342
110,-0.28,-0.8,0.2,-0.28,-0.8,2.5E-02;                           0002661P0001343
110,-0.28,-0.8,2.5E-02,-0.28,-0.5,2.5E-02;                       0002663P0001344
144,2667,1,0,2669;                                               0002665P0001345
108,-0.,1.,-0.,-0.8,0,-0.28,-0.8,0.,0.;                          0002667P0001346
142,0,2667,0,2671,2;                                             0002669P0001347
102,4,2673,2675,2677,2679;                                       0002671P0001348
110,-0.28,-0.8,2.5E-02,-0.28,-0.8,0.2;                           0002673P0001349
110,-0.28,-0.8,0.2,0.47,-0.8,0.2;                                0002675P0001350
110,0.47,-0.8,0.2,0.47,-0.8,2.5E-02;                             0002677P0001351
110,0.47,-0.8,2.5E-02,-0.28,-0.8,2.5E-02;                        0002679P0001352
144,2683,1,0,2685;                                               0002681P0001353
108,-1.,-0.,-0.,-0.47,0,0.47,-0.8,0.,0.;                         0002683P0001354
142,0,2683,0,2687,2;                                             0002685P0001355
102,4,2689,2691,2693,2695;                                       0002687P0001356
110,0.47,-0.8,2.5E-02,0.47,-0.8,0.2;                             0002689P0001357
110,0.47,-0.8,0.2,0.47,-0.5,0.2;                                 0002691P0001358
110,0.47,-0.5,0.2,0.47,-0.5,2.5E-02;                             0002693P0001359
110,0.47,-0.5,2.5E-02,0.47,-0.8,2.5E-02;                         0002695P0001360
144,2699,1,0,2701;                                               0002697P0001361
108,-0.,-1.,-0.,0.5,0,0.47,-0.5,0.,0.;                           0002699P0001362
142,0,2699,0,2703,2;                                             0002701P0001363
102,4,2705,2707,2709,2711;                                       0002703P0001364
110,0.47,-0.5,2.5E-02,0.47,-0.5,0.2;                             0002705P0001365
110,0.47,-0.5,0.2,-0.28,-0.5,0.2;                                0002707P0001366
110,-0.28,-0.5,0.2,-0.28,-0.5,2.5E-02;                           0002709P0001367
110,-0.28,-0.5,2.5E-02,0.47,-0.5,2.5E-02;                        0002711P0001368
144,2715,1,0,2717;                                               0002713P0001369
108,-0.,-0.,-1.,-0.2,0,0.,0.,0.2,0.;                             0002715P0001370
142,0,2715,0,2719,2;                                             0002717P0001371
102,4,2721,2723,2725,2727;                                       0002719P0001372
110,-0.28,-0.5,0.2,0.47,-0.5,0.2;                                0002721P0001373
110,0.47,-0.5,0.2,0.47,-0.8,0.2;                                 0002723P0001374
110,0.47,-0.8,0.2,-0.28,-0.8,0.2;                                0002725P0001375
110,-0.28,-0.8,0.2,-0.28,-0.5,0.2;                               0002727P0001376
314,88.235299663,88.235299663,88.235299663,6HGRAY88;             0002729P0001377
314,86.274498824,49.803900478,39.215699423,12HLIGHTSALMON3;      0002731P0001378
314,9.80389981,9.80389981,9.80389981,6HGRAY10;                   0002733P0001379
406,1,4HMOLD;                                                    0002735P0001380
406,1,12HDQK0006A_ASM;                                           0002737P0001381
S      1G      4D   2738P   1381                                        T0000001
