                                                                        S0000001
,,31HOpen CASCADE IGES processor 7.7,13HFilename.iges,                  G0000001
16HOpen CASCADE 7.7,31HOpen CASCADE IGES processor 7.7,32,308,15,308,15,G0000002
,1.,2,2HMM,1,0.01,15H20260408.144357,3.42329E-07,1.75,6HSYSTEM,,11,0,   G0000003
15H20260408.144357,;                                                    G0000004
     402       1       0       0       0       0       0       000000000D0000001
     402       0       0       1       1                CCS_CCST        D0000002
     402       2       0       0       0       0       0       000020000D0000003
     402       0       0       6       1                               0D0000004
     144       8       0       0       0       0       0       000020000D0000005
     144       0   -3369       1       0                               0D0000006
     120       9       0       0       0       0       9       000010000D0000007
     120       0       0       1       0                               0D0000008
     124      10       0       0       0       0       0       000000000D0000009
     124       0       0       1       0                               0D0000010
     110      11       0       0       0       0       0       000010000D0000011
     110       0       0       1       0                               0D0000012
     110      12       0       0       0       0       0       000010000D0000013
     110       0       0       1       0                               0D0000014
     142      13       0       0       0       0       0       000010500D0000015
     142       0       0       1       0                               0D0000016
     102      14       0       0       0       0       0       000010000D0000017
     102       0       0       1       0                               0D0000018
     110      15       0       0       0       0       0       000010000D0000019
     110       0       0       2       0                               0D0000020
     110      17       0       0       0       0       0       000010000D0000021
     110       0       0       2       0                               0D0000022
     110      19       0       0       0       0       0       000010000D0000023
     110       0       0       2       0                               0D0000024
     110      21       0       0       0       0       0       000010000D0000025
     110       0       0       1       0                               0D0000026
     110      22       0       0       0       0       0       000010000D0000027
     110       0       0       1       0                               0D0000028
     110      23       0       0       0       0       0       000010000D0000029
     110       0       0       1       0                               0D0000030
     102      24       0       0       0       0       0       000010000D0000031
     102       0       0       1       0                               0D0000032
     100      25       0       0       0       0      35       000010000D0000033
     100       0       0       2       0                               0D0000034
     124      27       0       0       0       0       0       000000000D0000035
     124       0       0       1       0                               0D0000036
     110      28       0       0       0       0       0       000010000D0000037
     110       0       0       1       0                               0D0000038
     110      29       0       0       0       0       0       000010000D0000039
     110       0       0       1       0                               0D0000040
     110      30       0       0       0       0       0       000010000D0000041
     110       0       0       1       0                               0D0000042
     100      31       0       0       0       0      45       000010000D0000043
     100       0       0       1       0                               0D0000044
     124      32       0       0       0       0       0       000000000D0000045
     124       0       0       2       0                               0D0000046
     110      34       0       0       0       0       0       000010000D0000047
     110       0       0       1       0                               0D0000048
     144      35       0       0       0       0       0       000020000D0000049
     144       0   -3369       1       0                               0D0000050
     120      36       0       0       0       0      53       000010000D0000051
     120       0       0       1       0                               0D0000052
     124      37       0       0       0       0       0       000000000D0000053
     124       0       0       1       0                               0D0000054
     110      38       0       0       0       0       0       000010000D0000055
     110       0       0       1       0                               0D0000056
     110      39       0       0       0       0       0       000010000D0000057
     110       0       0       1       0                               0D0000058
     142      40       0       0       0       0       0       000010500D0000059
     142       0       0       1       0                               0D0000060
     102      41       0       0       0       0       0       000010000D0000061
     102       0       0       1       0                               0D0000062
     110      42       0       0       0       0       0       000010000D0000063
     110       0       0       1       0                               0D0000064
     126      43       0       0       0       0       0       000010000D0000065
     126       0       0      21       0                               0D0000066
     126      64       0       0       0       0       0       000010000D0000067
     126       0       0      21       0                               0D0000068
     102      85       0       0       0       0       0       000010000D0000069
     102       0       0       1       0                               0D0000070
     110      86       0       0       0       0       0       000010000D0000071
     110       0       0       1       0                               0D0000072
     126      87       0       0       0       0       0       000010000D0000073
     126       0       0       6       0                               0D0000074
     126      93       0       0       0       0       0       000010000D0000075
     126       0       0      12       0                               0D0000076
     144     105       0       0       0       0       0       000020000D0000077
     144       0   -3369       1       0                               0D0000078
     120     106       0       0       0       0      81       000010000D0000079
     120       0       0       1       0                               0D0000080
     124     107       0       0       0       0       0       000000000D0000081
     124       0       0       2       0                               0D0000082
     110     109       0       0       0       0       0       000010000D0000083
     110       0       0       1       0                               0D0000084
     110     110       0       0       0       0       0       000010000D0000085
     110       0       0       1       0                               0D0000086
     142     111       0       0       0       0       0       000010500D0000087
     142       0       0       1       0                               0D0000088
     102     112       0       0       0       0       0       000010000D0000089
     102       0       0       1       0                               0D0000090
     126     113       0       0       0       0       0       000010000D0000091
     126       0       0      22       0                               0D0000092
     110     135       0       0       0       0       0       000010000D0000093
     110       0       0       1       0                               0D0000094
     126     136       0       0       0       0       0       000010000D0000095
     126       0       0      22       0                               0D0000096
     102     158       0       0       0       0       0       000010000D0000097
     102       0       0       1       0                               0D0000098
     126     159       0       0       0       0       0       000010000D0000099
     126       0       0       6       0                               0D0000100
     110     165       0       0       0       0       0       000010000D0000101
     110       0       0       1       0                               0D0000102
     126     166       0       0       0       0       0       000010000D0000103
     126       0       0      13       0                               0D0000104
     144     179       0       0       0       0       0       000020000D0000105
     144       0   -3369       1       0                               0D0000106
     120     180       0       0       0       0     109       000010000D0000107
     120       0       0       1       0                               0D0000108
     124     181       0       0       0       0       0       000000000D0000109
     124       0       0       2       0                               0D0000110
     110     183       0       0       0       0       0       000010000D0000111
     110       0       0       1       0                               0D0000112
     110     184       0       0       0       0       0       000010000D0000113
     110       0       0       1       0                               0D0000114
     142     185       0       0       0       0       0       000010500D0000115
     142       0       0       1       0                               0D0000116
     102     186       0       0       0       0       0       000010000D0000117
     102       0       0       1       0                               0D0000118
     126     187       0       0       0       0       0       000010000D0000119
     126       0       0      22       0                               0D0000120
     110     209       0       0       0       0       0       000010000D0000121
     110       0       0       1       0                               0D0000122
     126     210       0       0       0       0       0       000010000D0000123
     126       0       0      21       0                               0D0000124
     102     231       0       0       0       0       0       000010000D0000125
     102       0       0       1       0                               0D0000126
     126     232       0       0       0       0       0       000010000D0000127
     126       0       0      12       0                               0D0000128
     110     244       0       0       0       0       0       000010000D0000129
     110       0       0       1       0                               0D0000130
     126     245       0       0       0       0       0       000010000D0000131
     126       0       0       6       0                               0D0000132
     144     251       0       0       0       0       0       000020000D0000133
     144       0   -3369       1       0                               0D0000134
     120     252       0       0       0       0     137       000010000D0000135
     120       0       0       1       0                               0D0000136
     124     253       0       0       0       0       0       000000000D0000137
     124       0       0       2       0                               0D0000138
     110     255       0       0       0       0       0       000010000D0000139
     110       0       0       1       0                               0D0000140
     110     256       0       0       0       0       0       000010000D0000141
     110       0       0       1       0                               0D0000142
     142     257       0       0       0       0       0       000010500D0000143
     142       0       0       1       0                               0D0000144
     102     258       0       0       0       0       0       000010000D0000145
     102       0       0       1       0                               0D0000146
     110     259       0       0       0       0       0       000010000D0000147
     110       0       0       2       0                               0D0000148
     110     261       0       0       0       0       0       000010000D0000149
     110       0       0       2       0                               0D0000150
     110     263       0       0       0       0       0       000010000D0000151
     110       0       0       2       0                               0D0000152
     110     265       0       0       0       0       0       000010000D0000153
     110       0       0       1       0                               0D0000154
     110     266       0       0       0       0       0       000010000D0000155
     110       0       0       1       0                               0D0000156
     110     267       0       0       0       0       0       000010000D0000157
     110       0       0       1       0                               0D0000158
     102     268       0       0       0       0       0       000010000D0000159
     102       0       0       1       0                               0D0000160
     100     269       0       0       0       0     163       000010000D0000161
     100       0       0       1       0                               0D0000162
     124     270       0       0       0       0       0       000000000D0000163
     124       0       0       2       0                               0D0000164
     110     272       0       0       0       0       0       000010000D0000165
     110       0       0       1       0                               0D0000166
     110     273       0       0       0       0       0       000010000D0000167
     110       0       0       1       0                               0D0000168
     110     274       0       0       0       0       0       000010000D0000169
     110       0       0       1       0                               0D0000170
     100     275       0       0       0       0     173       000010000D0000171
     100       0       0       1       0                               0D0000172
     124     276       0       0       0       0       0       000000000D0000173
     124       0       0       2       0                               0D0000174
     110     278       0       0       0       0       0       000010000D0000175
     110       0       0       1       0                               0D0000176
     144     279       0       0       0       0       0       000020000D0000177
     144       0   -3369       1       0                               0D0000178
     120     280       0       0       0       0     181       000010000D0000179
     120       0       0       1       0                               0D0000180
     124     281       0       0       0       0       0       000000000D0000181
     124       0       0       2       0                               0D0000182
     110     283       0       0       0       0       0       000010000D0000183
     110       0       0       1       0                               0D0000184
     110     284       0       0       0       0       0       000010000D0000185
     110       0       0       1       0                               0D0000186
     142     285       0       0       0       0       0       000010500D0000187
     142       0       0       1       0                               0D0000188
     102     286       0       0       0       0       0       000010000D0000189
     102       0       0       1       0                               0D0000190
     110     287       0       0       0       0       0       000010000D0000191
     110       0       0       1       0                               0D0000192
     126     288       0       0       0       0       0       000010000D0000193
     126       0       0      20       0                               0D0000194
     126     308       0       0       0       0       0       000010000D0000195
     126       0       0      21       0                               0D0000196
     102     329       0       0       0       0       0       000010000D0000197
     102       0       0       1       0                               0D0000198
     110     330       0       0       0       0       0       000010000D0000199
     110       0       0       1       0                               0D0000200
     126     331       0       0       0       0       0       000010000D0000201
     126       0       0       6       0                               0D0000202
     126     337       0       0       0       0       0       000010000D0000203
     126       0       0      11       0                               0D0000204
     144     348       0       0       0       0       0       000020000D0000205
     144       0   -3369       1       0                               0D0000206
     120     349       0       0       0       0     209       000010000D0000207
     120       0       0       1       0                               0D0000208
     124     350       0       0       0       0       0       000000000D0000209
     124       0       0       1       0                               0D0000210
     110     351       0       0       0       0       0       000010000D0000211
     110       0       0       1       0                               0D0000212
     110     352       0       0       0       0       0       000010000D0000213
     110       0       0       1       0                               0D0000214
     142     353       0       0       0       0       0       000010500D0000215
     142       0       0       1       0                               0D0000216
     102     354       0       0       0       0       0       000010000D0000217
     102       0       0       1       0                               0D0000218
     126     355       0       0       0       0       0       000010000D0000219
     126       0       0      22       0                               0D0000220
     110     377       0       0       0       0       0       000010000D0000221
     110       0       0       1       0                               0D0000222
     126     378       0       0       0       0       0       000010000D0000223
     126       0       0      21       0                               0D0000224
     102     399       0       0       0       0       0       000010000D0000225
     102       0       0       1       0                               0D0000226
     126     400       0       0       0       0       0       000010000D0000227
     126       0       0       6       0                               0D0000228
     110     406       0       0       0       0       0       000010000D0000229
     110       0       0       1       0                               0D0000230
     126     407       0       0       0       0       0       000010000D0000231
     126       0       0      11       0                               0D0000232
     144     418       0       0       0       0       0       000020000D0000233
     144       0   -3369       1       0                               0D0000234
     120     419       0       0       0       0     237       000010000D0000235
     120       0       0       1       0                               0D0000236
     124     420       0       0       0       0       0       000000000D0000237
     124       0       0       1       0                               0D0000238
     110     421       0       0       0       0       0       000010000D0000239
     110       0       0       1       0                               0D0000240
     110     422       0       0       0       0       0       000010000D0000241
     110       0       0       1       0                               0D0000242
     142     423       0       0       0       0       0       000010500D0000243
     142       0       0       1       0                               0D0000244
     102     424       0       0       0       0       0       000010000D0000245
     102       0       0       1       0                               0D0000246
     126     425       0       0       0       0       0       000010000D0000247
     126       0       0      22       0                               0D0000248
     110     447       0       0       0       0       0       000010000D0000249
     110       0       0       1       0                               0D0000250
     126     448       0       0       0       0       0       000010000D0000251
     126       0       0      20       0                               0D0000252
     102     468       0       0       0       0       0       000010000D0000253
     102       0       0       1       0                               0D0000254
     126     469       0       0       0       0       0       000010000D0000255
     126       0       0      11       0                               0D0000256
     110     480       0       0       0       0       0       000010000D0000257
     110       0       0       1       0                               0D0000258
     126     481       0       0       0       0       0       000010000D0000259
     126       0       0       6       0                               0D0000260
     144     487       0       0       0       0       0       000020000D0000261
     144       0   -3369       1       0                               0D0000262
     120     488       0       0       0       0     265       000010000D0000263
     120       0       0       1       0                               0D0000264
     124     489       0       0       0       0       0       000000000D0000265
     124       0       0       1       0                               0D0000266
     110     490       0       0       0       0       0       000010000D0000267
     110       0       0       1       0                               0D0000268
     110     491       0       0       0       0       0       000010000D0000269
     110       0       0       1       0                               0D0000270
     142     492       0       0       0       0       0       000010500D0000271
     142       0       0       1       0                               0D0000272
     102     493       0       0       0       0       0       000010000D0000273
     102       0       0       1       0                               0D0000274
     110     494       0       0       0       0       0       000010000D0000275
     110       0       0       2       0                               0D0000276
     110     496       0       0       0       0       0       000010000D0000277
     110       0       0       2       0                               0D0000278
     110     498       0       0       0       0       0       000010000D0000279
     110       0       0       2       0                               0D0000280
     110     500       0       0       0       0       0       000010000D0000281
     110       0       0       1       0                               0D0000282
     110     501       0       0       0       0       0       000010000D0000283
     110       0       0       1       0                               0D0000284
     110     502       0       0       0       0       0       000010000D0000285
     110       0       0       1       0                               0D0000286
     102     503       0       0       0       0       0       000010000D0000287
     102       0       0       1       0                               0D0000288
     100     504       0       0       0       0     291       000010000D0000289
     100       0       0       1       0                               0D0000290
     124     505       0       0       0       0       0       000000000D0000291
     124       0       0       3       0                               0D0000292
     110     508       0       0       0       0       0       000010000D0000293
     110       0       0       1       0                               0D0000294
     110     509       0       0       0       0       0       000010000D0000295
     110       0       0       1       0                               0D0000296
     110     510       0       0       0       0       0       000010000D0000297
     110       0       0       1       0                               0D0000298
     100     511       0       0       0       0     301       000010000D0000299
     100       0       0       1       0                               0D0000300
     124     512       0       0       0       0       0       000000000D0000301
     124       0       0       1       0                               0D0000302
     110     513       0       0       0       0       0       000010000D0000303
     110       0       0       1       0                               0D0000304
     144     514       0       0       0       0       0       000020000D0000305
     144       0   -3369       1       0                               0D0000306
     120     515       0       0       0       0     309       000010000D0000307
     120       0       0       1       0                               0D0000308
     124     516       0       0       0       0       0       000000000D0000309
     124       0       0       1       0                               0D0000310
     110     517       0       0       0       0       0       000010000D0000311
     110       0       0       1       0                               0D0000312
     110     518       0       0       0       0       0       000010000D0000313
     110       0       0       1       0                               0D0000314
     142     519       0       0       0       0       0       000010500D0000315
     142       0       0       1       0                               0D0000316
     102     520       0       0       0       0       0       000010000D0000317
     102       0       0       1       0                               0D0000318
     110     521       0       0       0       0       0       000010000D0000319
     110       0       0       1       0                               0D0000320
     126     522       0       0       0       0       0       000010000D0000321
     126       0       0      20       0                               0D0000322
     126     542       0       0       0       0       0       000010000D0000323
     126       0       0      21       0                               0D0000324
     102     563       0       0       0       0       0       000010000D0000325
     102       0       0       1       0                               0D0000326
     110     564       0       0       0       0       0       000010000D0000327
     110       0       0       1       0                               0D0000328
     126     565       0       0       0       0       0       000010000D0000329
     126       0       0       6       0                               0D0000330
     126     571       0       0       0       0       0       000010000D0000331
     126       0       0      12       0                               0D0000332
     144     583       0       0       0       0       0       000020000D0000333
     144       0   -3369       1       0                               0D0000334
     120     584       0       0       0       0     337       000010000D0000335
     120       0       0       1       0                               0D0000336
     124     585       0       0       0       0       0       000000000D0000337
     124       0       0       2       0                               0D0000338
     110     587       0       0       0       0       0       000010000D0000339
     110       0       0       1       0                               0D0000340
     110     588       0       0       0       0       0       000010000D0000341
     110       0       0       1       0                               0D0000342
     142     589       0       0       0       0       0       000010500D0000343
     142       0       0       1       0                               0D0000344
     102     590       0       0       0       0       0       000010000D0000345
     102       0       0       1       0                               0D0000346
     110     591       0       0       0       0       0       000010000D0000347
     110       0       0       2       0                               0D0000348
     110     593       0       0       0       0       0       000010000D0000349
     110       0       0       2       0                               0D0000350
     110     595       0       0       0       0       0       000010000D0000351
     110       0       0       2       0                               0D0000352
     110     597       0       0       0       0       0       000010000D0000353
     110       0       0       1       0                               0D0000354
     110     598       0       0       0       0       0       000010000D0000355
     110       0       0       1       0                               0D0000356
     110     599       0       0       0       0       0       000010000D0000357
     110       0       0       1       0                               0D0000358
     102     600       0       0       0       0       0       000010000D0000359
     102       0       0       1       0                               0D0000360
     100     601       0       0       0       0     363       000010000D0000361
     100       0       0       1       0                               0D0000362
     124     602       0       0       0       0       0       000000000D0000363
     124       0       0       2       0                               0D0000364
     110     604       0       0       0       0       0       000010000D0000365
     110       0       0       1       0                               0D0000366
     110     605       0       0       0       0       0       000010000D0000367
     110       0       0       1       0                               0D0000368
     110     606       0       0       0       0       0       000010000D0000369
     110       0       0       1       0                               0D0000370
     100     607       0       0       0       0     373       000010000D0000371
     100       0       0       1       0                               0D0000372
     124     608       0       0       0       0       0       000000000D0000373
     124       0       0       2       0                               0D0000374
     110     610       0       0       0       0       0       000010000D0000375
     110       0       0       1       0                               0D0000376
     144     611       0       0       0       0       0       000020000D0000377
     144       0   -3369       1       0                               0D0000378
     120     612       0       0       0       0     381       000010000D0000379
     120       0       0       1       0                               0D0000380
     124     613       0       0       0       0       0       000000000D0000381
     124       0       0       2       0                               0D0000382
     110     615       0       0       0       0       0       000010000D0000383
     110       0       0       1       0                               0D0000384
     110     616       0       0       0       0       0       000010000D0000385
     110       0       0       1       0                               0D0000386
     142     617       0       0       0       0       0       000010500D0000387
     142       0       0       1       0                               0D0000388
     102     618       0       0       0       0       0       000010000D0000389
     102       0       0       1       0                               0D0000390
     110     619       0       0       0       0       0       000010000D0000391
     110       0       0       1       0                               0D0000392
     126     620       0       0       0       0       0       000010000D0000393
     126       0       0      21       0                               0D0000394
     126     641       0       0       0       0       0       000010000D0000395
     126       0       0      21       0                               0D0000396
     102     662       0       0       0       0       0       000010000D0000397
     102       0       0       1       0                               0D0000398
     110     663       0       0       0       0       0       000010000D0000399
     110       0       0       1       0                               0D0000400
     126     664       0       0       0       0       0       000010000D0000401
     126       0       0       6       0                               0D0000402
     126     670       0       0       0       0       0       000010000D0000403
     126       0       0      12       0                               0D0000404
     144     682       0       0       0       0       0       000020000D0000405
     144       0   -3369       1       0                               0D0000406
     120     683       0       0       0       0     409       000010000D0000407
     120       0       0       1       0                               0D0000408
     124     684       0       0       0       0       0       000000000D0000409
     124       0       0       2       0                               0D0000410
     110     686       0       0       0       0       0       000010000D0000411
     110       0       0       1       0                               0D0000412
     110     687       0       0       0       0       0       000010000D0000413
     110       0       0       1       0                               0D0000414
     142     688       0       0       0       0       0       000010500D0000415
     142       0       0       1       0                               0D0000416
     102     689       0       0       0       0       0       000010000D0000417
     102       0       0       1       0                               0D0000418
     126     690       0       0       0       0       0       000010000D0000419
     126       0       0      22       0                               0D0000420
     110     712       0       0       0       0       0       000010000D0000421
     110       0       0       1       0                               0D0000422
     126     713       0       0       0       0       0       000010000D0000423
     126       0       0      22       0                               0D0000424
     102     735       0       0       0       0       0       000010000D0000425
     102       0       0       1       0                               0D0000426
     126     736       0       0       0       0       0       000010000D0000427
     126       0       0       6       0                               0D0000428
     110     742       0       0       0       0       0       000010000D0000429
     110       0       0       1       0                               0D0000430
     126     743       0       0       0       0       0       000010000D0000431
     126       0       0      13       0                               0D0000432
     144     756       0       0       0       0       0       000020000D0000433
     144       0   -3369       1       0                               0D0000434
     120     757       0       0       0       0     437       000010000D0000435
     120       0       0       1       0                               0D0000436
     124     758       0       0       0       0       0       000000000D0000437
     124       0       0       2       0                               0D0000438
     110     760       0       0       0       0       0       000010000D0000439
     110       0       0       1       0                               0D0000440
     110     761       0       0       0       0       0       000010000D0000441
     110       0       0       1       0                               0D0000442
     142     762       0       0       0       0       0       000010500D0000443
     142       0       0       1       0                               0D0000444
     102     763       0       0       0       0       0       000010000D0000445
     102       0       0       1       0                               0D0000446
     126     764       0       0       0       0       0       000010000D0000447
     126       0       0      22       0                               0D0000448
     110     786       0       0       0       0       0       000010000D0000449
     110       0       0       1       0                               0D0000450
     126     787       0       0       0       0       0       000010000D0000451
     126       0       0      21       0                               0D0000452
     102     808       0       0       0       0       0       000010000D0000453
     102       0       0       1       0                               0D0000454
     126     809       0       0       0       0       0       000010000D0000455
     126       0       0      12       0                               0D0000456
     110     821       0       0       0       0       0       000010000D0000457
     110       0       0       1       0                               0D0000458
     126     822       0       0       0       0       0       000010000D0000459
     126       0       0       6       0                               0D0000460
     144     828       0       0       0       0       0       000020000D0000461
     144       0   -3369       1       0                               0D0000462
     108     829       0       0       0       0       0       000010000D0000463
     108       0       0       1       0                               0D0000464
     142     830       0       0       0       0       0       000010500D0000465
     142       0       0       1       0                               0D0000466
     102     831       0       0       0       0       0       000010000D0000467
     102       0       0       1       0                               0D0000468
     110     832       0       0       0       0       0       000010000D0000469
     110       0       0       1       0                               0D0000470
     110     833       0       0       0       0       0       000010000D0000471
     110       0       0       1       0                               0D0000472
     110     834       0       0       0       0       0       000010000D0000473
     110       0       0       1       0                               0D0000474
     110     835       0       0       0       0       0       000010000D0000475
     110       0       0       1       0                               0D0000476
     144     836       0       0       0       0       0       000020000D0000477
     144       0   -3369       1       0                               0D0000478
     108     837       0       0       0       0       0       000010000D0000479
     108       0       0       1       0                               0D0000480
     142     838       0       0       0       0       0       000010500D0000481
     142       0       0       1       0                               0D0000482
     102     839       0       0       0       0       0       000010000D0000483
     102       0       0       1       0                               0D0000484
     110     840       0       0       0       0       0       000010000D0000485
     110       0       0       1       0                               0D0000486
     110     841       0       0       0       0       0       000010000D0000487
     110       0       0       1       0                               0D0000488
     110     842       0       0       0       0       0       000010000D0000489
     110       0       0       1       0                               0D0000490
     110     843       0       0       0       0       0       000010000D0000491
     110       0       0       1       0                               0D0000492
     144     844       0       0       0       0       0       000020000D0000493
     144       0   -3371       1       0                               0D0000494
     108     845       0       0       0       0       0       000010000D0000495
     108       0       0       1       0                               0D0000496
     142     846       0       0       0       0       0       000010500D0000497
     142       0       0       1       0                               0D0000498
     102     847       0       0       0       0       0       000010000D0000499
     102       0       0       1       0                               0D0000500
     110     848       0       0       0       0       0       000010000D0000501
     110       0       0       1       0                               0D0000502
     110     849       0       0       0       0       0       000010000D0000503
     110       0       0       1       0                               0D0000504
     110     850       0       0       0       0       0       000010000D0000505
     110       0       0       1       0                               0D0000506
     110     851       0       0       0       0       0       000010000D0000507
     110       0       0       1       0                               0D0000508
     144     852       0       0       0       0       0       000020000D0000509
     144       0   -3371       1       0                               0D0000510
     108     853       0       0       0       0       0       000010000D0000511
     108       0       0       1       0                               0D0000512
     142     854       0       0       0       0       0       000010500D0000513
     142       0       0       1       0                               0D0000514
     102     855       0       0       0       0       0       000010000D0000515
     102       0       0       1       0                               0D0000516
     110     856       0       0       0       0       0       000010000D0000517
     110       0       0       1       0                               0D0000518
     110     857       0       0       0       0       0       000010000D0000519
     110       0       0       1       0                               0D0000520
     110     858       0       0       0       0       0       000010000D0000521
     110       0       0       1       0                               0D0000522
     110     859       0       0       0       0       0       000010000D0000523
     110       0       0       1       0                               0D0000524
     144     860       0       0       0       0       0       000020000D0000525
     144       0   -3369       1       0                               0D0000526
     108     861       0       0       0       0       0       000010000D0000527
     108       0       0       1       0                               0D0000528
     142     862       0       0       0       0       0       000010500D0000529
     142       0       0       1       0                               0D0000530
     102     863       0       0       0       0       0       000010000D0000531
     102       0       0       1       0                               0D0000532
     110     864       0       0       0       0       0       000010000D0000533
     110       0       0       1       0                               0D0000534
     110     865       0       0       0       0       0       000010000D0000535
     110       0       0       1       0                               0D0000536
     110     866       0       0       0       0       0       000010000D0000537
     110       0       0       1       0                               0D0000538
     110     867       0       0       0       0       0       000010000D0000539
     110       0       0       1       0                               0D0000540
     144     868       0       0       0       0       0       000020000D0000541
     144       0   -3369       1       0                               0D0000542
     108     869       0       0       0       0       0       000010000D0000543
     108       0       0       1       0                               0D0000544
     142     870       0       0       0       0       0       000010500D0000545
     142       0       0       1       0                               0D0000546
     102     871       0       0       0       0       0       000010000D0000547
     102       0       0       1       0                               0D0000548
     110     872       0       0       0       0       0       000010000D0000549
     110       0       0       1       0                               0D0000550
     110     873       0       0       0       0       0       000010000D0000551
     110       0       0       1       0                               0D0000552
     110     874       0       0       0       0       0       000010000D0000553
     110       0       0       1       0                               0D0000554
     110     875       0       0       0       0       0       000010000D0000555
     110       0       0       1       0                               0D0000556
     144     876       0       0       0       0       0       000020000D0000557
     144       0   -3371       1       0                               0D0000558
     108     877       0       0       0       0       0       000010000D0000559
     108       0       0       1       0                               0D0000560
     142     878       0       0       0       0       0       000010500D0000561
     142       0       0       1       0                               0D0000562
     102     879       0       0       0       0       0       000010000D0000563
     102       0       0       1       0                               0D0000564
     110     880       0       0       0       0       0       000010000D0000565
     110       0       0       1       0                               0D0000566
     110     881       0       0       0       0       0       000010000D0000567
     110       0       0       1       0                               0D0000568
     110     882       0       0       0       0       0       000010000D0000569
     110       0       0       1       0                               0D0000570
     110     883       0       0       0       0       0       000010000D0000571
     110       0       0       1       0                               0D0000572
     144     884       0       0       0       0       0       000020000D0000573
     144       0   -3369       1       0                               0D0000574
     108     885       0       0       0       0       0       000010000D0000575
     108       0       0       1       0                               0D0000576
     142     886       0       0       0       0       0       000010500D0000577
     142       0       0       1       0                               0D0000578
     102     887       0       0       0       0       0       000010000D0000579
     102       0       0       1       0                               0D0000580
     110     888       0       0       0       0       0       000010000D0000581
     110       0       0       1       0                               0D0000582
     110     889       0       0       0       0       0       000010000D0000583
     110       0       0       1       0                               0D0000584
     110     890       0       0       0       0       0       000010000D0000585
     110       0       0       1       0                               0D0000586
     110     891       0       0       0       0       0       000010000D0000587
     110       0       0       1       0                               0D0000588
     144     892       0       0       0       0       0       000020000D0000589
     144       0   -3369       1       0                               0D0000590
     108     893       0       0       0       0       0       000010000D0000591
     108       0       0       1       0                               0D0000592
     142     894       0       0       0       0       0       000010500D0000593
     142       0       0       1       0                               0D0000594
     102     895       0       0       0       0       0       000010000D0000595
     102       0       0       1       0                               0D0000596
     110     896       0       0       0       0       0       000010000D0000597
     110       0       0       1       0                               0D0000598
     110     897       0       0       0       0       0       000010000D0000599
     110       0       0       1       0                               0D0000600
     110     898       0       0       0       0       0       000010000D0000601
     110       0       0       1       0                               0D0000602
     110     899       0       0       0       0       0       000010000D0000603
     110       0       0       1       0                               0D0000604
     144     900       0       0       0       0       0       000020000D0000605
     144       0   -3369       1       0                               0D0000606
     108     901       0       0       0       0       0       000010000D0000607
     108       0       0       1       0                               0D0000608
     142     902       0       0       0       0       0       000010500D0000609
     142       0       0       1       0                               0D0000610
     102     903       0       0       0       0       0       000010000D0000611
     102       0       0       1       0                               0D0000612
     110     904       0       0       0       0       0       000010000D0000613
     110       0       0       1       0                               0D0000614
     110     905       0       0       0       0       0       000010000D0000615
     110       0       0       1       0                               0D0000616
     110     906       0       0       0       0       0       000010000D0000617
     110       0       0       1       0                               0D0000618
     110     907       0       0       0       0       0       000010000D0000619
     110       0       0       1       0                               0D0000620
     144     908       0       0       0       0       0       000020000D0000621
     144       0   -3369       1       0                               0D0000622
     108     909       0       0       0       0       0       000010000D0000623
     108       0       0       1       0                               0D0000624
     142     910       0       0       0       0       0       000010500D0000625
     142       0       0       1       0                               0D0000626
     102     911       0       0       0       0       0       000010000D0000627
     102       0       0       1       0                               0D0000628
     110     912       0       0       0       0       0       000010000D0000629
     110       0       0       1       0                               0D0000630
     110     913       0       0       0       0       0       000010000D0000631
     110       0       0       1       0                               0D0000632
     110     914       0       0       0       0       0       000010000D0000633
     110       0       0       1       0                               0D0000634
     110     915       0       0       0       0       0       000010000D0000635
     110       0       0       1       0                               0D0000636
     144     916       0       0       0       0       0       000020000D0000637
     144       0   -3369       1       0                               0D0000638
     108     917       0       0       0       0       0       000010000D0000639
     108       0       0       1       0                               0D0000640
     142     918       0       0       0       0       0       000010500D0000641
     142       0       0       1       0                               0D0000642
     102     919       0       0       0       0       0       000010000D0000643
     102       0       0       1       0                               0D0000644
     110     920       0       0       0       0       0       000010000D0000645
     110       0       0       1       0                               0D0000646
     110     921       0       0       0       0       0       000010000D0000647
     110       0       0       1       0                               0D0000648
     110     922       0       0       0       0       0       000010000D0000649
     110       0       0       1       0                               0D0000650
     110     923       0       0       0       0       0       000010000D0000651
     110       0       0       1       0                               0D0000652
     144     924       0       0       0       0       0       000020000D0000653
     144       0   -3369       1       0                               0D0000654
     108     925       0       0       0       0       0       000010000D0000655
     108       0       0       1       0                               0D0000656
     142     926       0       0       0       0       0       000010500D0000657
     142       0       0       1       0                               0D0000658
     102     927       0       0       0       0       0       000010000D0000659
     102       0       0       1       0                               0D0000660
     110     928       0       0       0       0       0       000010000D0000661
     110       0       0       1       0                               0D0000662
     110     929       0       0       0       0       0       000010000D0000663
     110       0       0       1       0                               0D0000664
     110     930       0       0       0       0       0       000010000D0000665
     110       0       0       1       0                               0D0000666
     110     931       0       0       0       0       0       000010000D0000667
     110       0       0       1       0                               0D0000668
     144     932       0       0       0       0       0       000020000D0000669
     144       0   -3371       1       0                               0D0000670
     108     933       0       0       0       0       0       000010000D0000671
     108       0       0       1       0                               0D0000672
     142     934       0       0       0       0       0       000010500D0000673
     142       0       0       1       0                               0D0000674
     102     935       0       0       0       0       0       000010000D0000675
     102       0       0       1       0                               0D0000676
     110     936       0       0       0       0       0       000010000D0000677
     110       0       0       1       0                               0D0000678
     110     937       0       0       0       0       0       000010000D0000679
     110       0       0       1       0                               0D0000680
     110     938       0       0       0       0       0       000010000D0000681
     110       0       0       1       0                               0D0000682
     110     939       0       0       0       0       0       000010000D0000683
     110       0       0       1       0                               0D0000684
     144     940       0       0       0       0       0       000020000D0000685
     144       0   -3369       1       0                               0D0000686
     120     941       0       0       0       0     689       000010000D0000687
     120       0       0       1       0                               0D0000688
     124     942       0       0       0       0       0       000000000D0000689
     124       0       0       1       0                               0D0000690
     110     943       0       0       0       0       0       000010000D0000691
     110       0       0       1       0                               0D0000692
     110     944       0       0       0       0       0       000010000D0000693
     110       0       0       1       0                               0D0000694
     142     945       0       0       0       0       0       000010500D0000695
     142       0       0       1       0                               0D0000696
     102     946       0       0       0       0       0       000010000D0000697
     102       0       0       1       0                               0D0000698
     110     947       0       0       0       0       0       000010000D0000699
     110       0       0       1       0                               0D0000700
     110     948       0       0       0       0       0       000010000D0000701
     110       0       0       1       0                               0D0000702
     110     949       0       0       0       0       0       000010000D0000703
     110       0       0       2       0                               0D0000704
     110     951       0       0       0       0       0       000010000D0000705
     110       0       0       1       0                               0D0000706
     102     952       0       0       0       0       0       000010000D0000707
     102       0       0       1       0                               0D0000708
     100     953       0       0       0       0     711       000010000D0000709
     100       0       0       1       0                               0D0000710
     124     954       0       0       0       0       0       000000000D0000711
     124       0       0       1       0                               0D0000712
     110     955       0       0       0       0       0       000010000D0000713
     110       0       0       1       0                               0D0000714
     100     956       0       0       0       0     717       000010000D0000715
     100       0       0       1       0                               0D0000716
     124     957       0       0       0       0       0       000000000D0000717
     124       0       0       1       0                               0D0000718
     110     958       0       0       0       0       0       000010000D0000719
     110       0       0       1       0                               0D0000720
     144     959       0       0       0       0       0       000020000D0000721
     144       0   -3369       1       0                               0D0000722
     120     960       0       0       0       0     725       000010000D0000723
     120       0       0       1       0                               0D0000724
     124     961       0       0       0       0       0       000000000D0000725
     124       0       0       1       0                               0D0000726
     110     962       0       0       0       0       0       000010000D0000727
     110       0       0       1       0                               0D0000728
     100     963       0       0       0       0     731       000010000D0000729
     100       0       0       1       0                               0D0000730
     124     964       0       0       0       0       0       000000000D0000731
     124       0       0       1       0                               0D0000732
     142     965       0       0       0       0       0       000010500D0000733
     142       0       0       1       0                               0D0000734
     102     966       0       0       0       0       0       000010000D0000735
     102       0       0       1       0                               0D0000736
     126     967       0       0       0       0       0       000010000D0000737
     126       0       0      21       0                               0D0000738
     110     988       0       0       0       0       0       000010000D0000739
     110       0       0       2       0                               0D0000740
     110     990       0       0       0       0       0       000010000D0000741
     110       0       0       1       0                               0D0000742
     102     991       0       0       0       0       0       000010000D0000743
     102       0       0       1       0                               0D0000744
     100     992       0       0       0       0     747       000010000D0000745
     100       0       0       1       0                               0D0000746
     124     993       0       0       0       0       0       000000000D0000747
     124       0       0       1       0                               0D0000748
     100     994       0       0       0       0     751       000010000D0000749
     100       0       0       1       0                               0D0000750
     124     995       0       0       0       0       0       000000000D0000751
     124       0       0       1       0                               0D0000752
     100     996       0       0       0       0     755       000010000D0000753
     100       0       0       1       0                               0D0000754
     124     997       0       0       0       0       0       000000000D0000755
     124       0       0       1       0                               0D0000756
     144     998       0       0       0       0       0       000020000D0000757
     144       0   -3369       1       0                               0D0000758
     120     999       0       0       0       0     761       000010000D0000759
     120       0       0       1       0                               0D0000760
     124    1000       0       0       0       0       0       000000000D0000761
     124       0       0       1       0                               0D0000762
     110    1001       0       0       0       0       0       000010000D0000763
     110       0       0       1       0                               0D0000764
     100    1002       0       0       0       0     767       000010000D0000765
     100       0       0       1       0                               0D0000766
     124    1003       0       0       0       0       0       000000000D0000767
     124       0       0       1       0                               0D0000768
     142    1004       0       0       0       0       0       000010500D0000769
     142       0       0       1       0                               0D0000770
     102    1005       0       0       0       0       0       000010000D0000771
     102       0       0       1       0                               0D0000772
     126    1006       0       0       0       0       0       000010000D0000773
     126       0       0      19       0                               0D0000774
     110    1025       0       0       0       0       0       000010000D0000775
     110       0       0       1       0                               0D0000776
     110    1026       0       0       0       0       0       000010000D0000777
     110       0       0       2       0                               0D0000778
     102    1028       0       0       0       0       0       000010000D0000779
     102       0       0       1       0                               0D0000780
     100    1029       0       0       0       0     783       000010000D0000781
     100       0       0       1       0                               0D0000782
     124    1030       0       0       0       0       0       000000000D0000783
     124       0       0       1       0                               0D0000784
     100    1031       0       0       0       0     787       000010000D0000785
     100       0       0       1       0                               0D0000786
     124    1032       0       0       0       0       0       000000000D0000787
     124       0       0       1       0                               0D0000788
     100    1033       0       0       0       0     791       000010000D0000789
     100       0       0       1       0                               0D0000790
     124    1034       0       0       0       0       0       000000000D0000791
     124       0       0       1       0                               0D0000792
     144    1035       0       0       0       0       0       000020000D0000793
     144       0   -3369       1       0                               0D0000794
     120    1036       0       0       0       0     797       000010000D0000795
     120       0       0       1       0                               0D0000796
     124    1037       0       0       0       0       0       000000000D0000797
     124       0       0       1       0                               0D0000798
     110    1038       0       0       0       0       0       000010000D0000799
     110       0       0       1       0                               0D0000800
     110    1039       0       0       0       0       0       000010000D0000801
     110       0       0       1       0                               0D0000802
     142    1040       0       0       0       0       0       000010500D0000803
     142       0       0       1       0                               0D0000804
     102    1041       0       0       0       0       0       000010000D0000805
     102       0       0       1       0                               0D0000806
     110    1042       0       0       0       0       0       000010000D0000807
     110       0       0       2       0                               0D0000808
     110    1044       0       0       0       0       0       000010000D0000809
     110       0       0       1       0                               0D0000810
     110    1045       0       0       0       0       0       000010000D0000811
     110       0       0       1       0                               0D0000812
     110    1046       0       0       0       0       0       000010000D0000813
     110       0       0       1       0                               0D0000814
     102    1047       0       0       0       0       0       000010000D0000815
     102       0       0       1       0                               0D0000816
     100    1048       0       0       0       0     819       000010000D0000817
     100       0       0       1       0                               0D0000818
     124    1049       0       0       0       0       0       000000000D0000819
     124       0       0       1       0                               0D0000820
     110    1050       0       0       0       0       0       000010000D0000821
     110       0       0       1       0                               0D0000822
     100    1051       0       0       0       0     825       000010000D0000823
     100       0       0       1       0                               0D0000824
     124    1052       0       0       0       0       0       000000000D0000825
     124       0       0       1       0                               0D0000826
     110    1053       0       0       0       0       0       000010000D0000827
     110       0       0       1       0                               0D0000828
     144    1054       0       0       0       0       0       000020000D0000829
     144       0   -3369       1       0                               0D0000830
     120    1055       0       0       0       0     833       000010000D0000831
     120       0       0       1       0                               0D0000832
     124    1056       0       0       0       0       0       000000000D0000833
     124       0       0       1       0                               0D0000834
     110    1057       0       0       0       0       0       000010000D0000835
     110       0       0       1       0                               0D0000836
     110    1058       0       0       0       0       0       000010000D0000837
     110       0       0       1       0                               0D0000838
     142    1059       0       0       0       0       0       000010500D0000839
     142       0       0       1       0                               0D0000840
     102    1060       0       0       0       0       0       000010000D0000841
     102       0       0       1       0                               0D0000842
     110    1061       0       0       0       0       0       000010000D0000843
     110       0       0       2       0                               0D0000844
     110    1063       0       0       0       0       0       000010000D0000845
     110       0       0       1       0                               0D0000846
     110    1064       0       0       0       0       0       000010000D0000847
     110       0       0       1       0                               0D0000848
     110    1065       0       0       0       0       0       000010000D0000849
     110       0       0       1       0                               0D0000850
     102    1066       0       0       0       0       0       000010000D0000851
     102       0       0       1       0                               0D0000852
     100    1067       0       0       0       0     855       000010000D0000853
     100       0       0       1       0                               0D0000854
     124    1068       0       0       0       0       0       000000000D0000855
     124       0       0       1       0                               0D0000856
     110    1069       0       0       0       0       0       000010000D0000857
     110       0       0       1       0                               0D0000858
     100    1070       0       0       0       0     861       000010000D0000859
     100       0       0       1       0                               0D0000860
     124    1071       0       0       0       0       0       000000000D0000861
     124       0       0       1       0                               0D0000862
     110    1072       0       0       0       0       0       000010000D0000863
     110       0       0       1       0                               0D0000864
     144    1073       0       0       0       0       0       000020000D0000865
     144       0   -3369       1       0                               0D0000866
     120    1074       0       0       0       0     869       000010000D0000867
     120       0       0       1       0                               0D0000868
     124    1075       0       0       0       0       0       000000000D0000869
     124       0       0       1       0                               0D0000870
     110    1076       0       0       0       0       0       000010000D0000871
     110       0       0       1       0                               0D0000872
     110    1077       0       0       0       0       0       000010000D0000873
     110       0       0       1       0                               0D0000874
     142    1078       0       0       0       0       0       000010500D0000875
     142       0       0       1       0                               0D0000876
     102    1079       0       0       0       0       0       000010000D0000877
     102       0       0       1       0                               0D0000878
     110    1080       0       0       0       0       0       000010000D0000879
     110       0       0       1       0                               0D0000880
     110    1081       0       0       0       0       0       000010000D0000881
     110       0       0       1       0                               0D0000882
     110    1082       0       0       0       0       0       000010000D0000883
     110       0       0       2       0                               0D0000884
     110    1084       0       0       0       0       0       000010000D0000885
     110       0       0       1       0                               0D0000886
     102    1085       0       0       0       0       0       000010000D0000887
     102       0       0       1       0                               0D0000888
     100    1086       0       0       0       0     891       000010000D0000889
     100       0       0       1       0                               0D0000890
     124    1087       0       0       0       0       0       000000000D0000891
     124       0       0       1       0                               0D0000892
     110    1088       0       0       0       0       0       000010000D0000893
     110       0       0       1       0                               0D0000894
     100    1089       0       0       0       0     897       000010000D0000895
     100       0       0       1       0                               0D0000896
     124    1090       0       0       0       0       0       000000000D0000897
     124       0       0       1       0                               0D0000898
     110    1091       0       0       0       0       0       000010000D0000899
     110       0       0       1       0                               0D0000900
     144    1092       0       0       0       0       0       000020000D0000901
     144       0   -3369       1       0                               0D0000902
     120    1093       0       0       0       0     905       000010000D0000903
     120       0       0       1       0                               0D0000904
     124    1094       0       0       0       0       0       000000000D0000905
     124       0       0       1       0                               0D0000906
     110    1095       0       0       0       0       0       000010000D0000907
     110       0       0       1       0                               0D0000908
     110    1096       0       0       0       0       0       000010000D0000909
     110       0       0       1       0                               0D0000910
     142    1097       0       0       0       0       0       000010500D0000911
     142       0       0       1       0                               0D0000912
     102    1098       0       0       0       0       0       000010000D0000913
     102       0       0       1       0                               0D0000914
     110    1099       0       0       0       0       0       000010000D0000915
     110       0       0       1       0                               0D0000916
     110    1100       0       0       0       0       0       000010000D0000917
     110       0       0       1       0                               0D0000918
     110    1101       0       0       0       0       0       000010000D0000919
     110       0       0       2       0                               0D0000920
     110    1103       0       0       0       0       0       000010000D0000921
     110       0       0       1       0                               0D0000922
     102    1104       0       0       0       0       0       000010000D0000923
     102       0       0       1       0                               0D0000924
     100    1105       0       0       0       0     927       000010000D0000925
     100       0       0       1       0                               0D0000926
     124    1106       0       0       0       0       0       000000000D0000927
     124       0       0       1       0                               0D0000928
     110    1107       0       0       0       0       0       000010000D0000929
     110       0       0       1       0                               0D0000930
     100    1108       0       0       0       0     933       000010000D0000931
     100       0       0       1       0                               0D0000932
     124    1109       0       0       0       0       0       000000000D0000933
     124       0       0       1       0                               0D0000934
     110    1110       0       0       0       0       0       000010000D0000935
     110       0       0       1       0                               0D0000936
     144    1111       0       0       0       0       0       000020000D0000937
     144       0   -3369       1       0                               0D0000938
     120    1112       0       0       0       0     941       000010000D0000939
     120       0       0       1       0                               0D0000940
     124    1113       0       0       0       0       0       000000000D0000941
     124       0       0       1       0                               0D0000942
     110    1114       0       0       0       0       0       000010000D0000943
     110       0       0       1       0                               0D0000944
     110    1115       0       0       0       0       0       000010000D0000945
     110       0       0       1       0                               0D0000946
     142    1116       0       0       0       0       0       000010500D0000947
     142       0       0       1       0                               0D0000948
     102    1117       0       0       0       0       0       000010000D0000949
     102       0       0       1       0                               0D0000950
     110    1118       0       0       0       0       0       000010000D0000951
     110       0       0       2       0                               0D0000952
     110    1120       0       0       0       0       0       000010000D0000953
     110       0       0       1       0                               0D0000954
     110    1121       0       0       0       0       0       000010000D0000955
     110       0       0       1       0                               0D0000956
     110    1122       0       0       0       0       0       000010000D0000957
     110       0       0       1       0                               0D0000958
     102    1123       0       0       0       0       0       000010000D0000959
     102       0       0       1       0                               0D0000960
     100    1124       0       0       0       0     963       000010000D0000961
     100       0       0       1       0                               0D0000962
     124    1125       0       0       0       0       0       000000000D0000963
     124       0       0       1       0                               0D0000964
     110    1126       0       0       0       0       0       000010000D0000965
     110       0       0       1       0                               0D0000966
     100    1127       0       0       0       0     969       000010000D0000967
     100       0       0       1       0                               0D0000968
     124    1128       0       0       0       0       0       000000000D0000969
     124       0       0       1       0                               0D0000970
     110    1129       0       0       0       0       0       000010000D0000971
     110       0       0       1       0                               0D0000972
     144    1130       0       0       0       0       0       000020000D0000973
     144       0   -3369       1       0                               0D0000974
     120    1131       0       0       0       0     977       000010000D0000975
     120       0       0       1       0                               0D0000976
     124    1132       0       0       0       0       0       000000000D0000977
     124       0       0       1       0                               0D0000978
     110    1133       0       0       0       0       0       000010000D0000979
     110       0       0       1       0                               0D0000980
     110    1134       0       0       0       0       0       000010000D0000981
     110       0       0       1       0                               0D0000982
     142    1135       0       0       0       0       0       000010500D0000983
     142       0       0       1       0                               0D0000984
     102    1136       0       0       0       0       0       000010000D0000985
     102       0       0       1       0                               0D0000986
     110    1137       0       0       0       0       0       000010000D0000987
     110       0       0       1       0                               0D0000988
     110    1138       0       0       0       0       0       000010000D0000989
     110       0       0       1       0                               0D0000990
     110    1139       0       0       0       0       0       000010000D0000991
     110       0       0       2       0                               0D0000992
     126    1141       0       0       0       0       0       000010000D0000993
     126       0       0      21       0                               0D0000994
     126    1162       0       0       0       0       0       000010000D0000995
     126       0       0      21       0                               0D0000996
     110    1183       0       0       0       0       0       000010000D0000997
     110       0       0       1       0                               0D0000998
     126    1184       0       0       0       0       0       000010000D0000999
     126       0       0      21       0                               0D0001000
     126    1205       0       0       0       0       0       000010000D0001001
     126       0       0      20       0                               0D0001002
     102    1225       0       0       0       0       0       000010000D0001003
     102       0       0       1       0                               0D0001004
     100    1226       0       0       0       0    1007       000010000D0001005
     100       0       0       1       0                               0D0001006
     124    1227       0       0       0       0       0       000000000D0001007
     124       0       0       2       0                               0D0001008
     110    1229       0       0       0       0       0       000010000D0001009
     110       0       0       1       0                               0D0001010
     100    1230       0       0       0       0    1013       000010000D0001011
     100       0       0       1       0                               0D0001012
     124    1231       0       0       0       0       0       000000000D0001013
     124       0       0       1       0                               0D0001014
     126    1232       0       0       0       0       0       000010000D0001015
     126       0       0       6       0                               0D0001016
     126    1238       0       0       0       0       0       000010000D0001017
     126       0       0      11       0                               0D0001018
     110    1249       0       0       0       0       0       000010000D0001019
     110       0       0       1       0                               0D0001020
     126    1250       0       0       0       0       0       000010000D0001021
     126       0       0      12       0                               0D0001022
     126    1262       0       0       0       0       0       000010000D0001023
     126       0       0       6       0                               0D0001024
     144    1268       0       0       0       0       0       000020000D0001025
     144       0   -3369       1       0                               0D0001026
     120    1269       0       0       0       0    1029       000010000D0001027
     120       0       0       1       0                               0D0001028
     124    1270       0       0       0       0       0       000000000D0001029
     124       0       0       1       0                               0D0001030
     110    1271       0       0       0       0       0       000010000D0001031
     110       0       0       1       0                               0D0001032
     100    1272       0       0       0       0    1035       000010000D0001033
     100       0       0       2       0                               0D0001034
     124    1274       0       0       0       0       0       000000000D0001035
     124       0       0       1       0                               0D0001036
     142    1275       0       0       0       0       0       000010500D0001037
     142       0       0       1       0                               0D0001038
     102    1276       0       0       0       0       0       000010000D0001039
     102       0       0       1       0                               0D0001040
     126    1277       0       0       0       0       0       000010000D0001041
     126       0       0      20       0                               0D0001042
     126    1297       0       0       0       0       0       000010000D0001043
     126       0       0      21       0                               0D0001044
     110    1318       0       0       0       0       0       000010000D0001045
     110       0       0       2       0                               0D0001046
     102    1320       0       0       0       0       0       000010000D0001047
     102       0       0       1       0                               0D0001048
     100    1321       0       0       0       0    1051       000010000D0001049
     100       0       0       1       0                               0D0001050
     124    1322       0       0       0       0       0       000000000D0001051
     124       0       0       1       0                               0D0001052
     100    1323       0       0       0       0    1055       000010000D0001053
     100       0       0       1       0                               0D0001054
     124    1324       0       0       0       0       0       000000000D0001055
     124       0       0       2       0                               0D0001056
     100    1326       0       0       0       0    1059       000010000D0001057
     100       0       0       1       0                               0D0001058
     124    1327       0       0       0       0       0       000000000D0001059
     124       0       0       2       0                               0D0001060
     144    1329       0       0       0       0       0       000020000D0001061
     144       0   -3369       1       0                               0D0001062
     120    1330       0       0       0       0    1065       000010000D0001063
     120       0       0       1       0                               0D0001064
     124    1331       0       0       0       0       0       000000000D0001065
     124       0       0       1       0                               0D0001066
     110    1332       0       0       0       0       0       000010000D0001067
     110       0       0       1       0                               0D0001068
     100    1333       0       0       0       0    1071       000010000D0001069
     100       0       0       1       0                               0D0001070
     124    1334       0       0       0       0       0       000000000D0001071
     124       0       0       1       0                               0D0001072
     142    1335       0       0       0       0       0       000010500D0001073
     142       0       0       1       0                               0D0001074
     102    1336       0       0       0       0       0       000010000D0001075
     102       0       0       1       0                               0D0001076
     110    1337       0       0       0       0       0       000010000D0001077
     110       0       0       1       0                               0D0001078
     126    1338       0       0       0       0       0       000010000D0001079
     126       0       0      22       0                               0D0001080
     126    1360       0       0       0       0       0       000010000D0001081
     126       0       0      21       0                               0D0001082
     102    1381       0       0       0       0       0       000010000D0001083
     102       0       0       1       0                               0D0001084
     100    1382       0       0       0       0    1087       000010000D0001085
     100       0       0       1       0                               0D0001086
     124    1383       0       0       0       0       0       000000000D0001087
     124       0       0       1       0                               0D0001088
     100    1384       0       0       0       0    1091       000010000D0001089
     100       0       0       1       0                               0D0001090
     124    1385       0       0       0       0       0       000000000D0001091
     124       0       0       1       0                               0D0001092
     100    1386       0       0       0       0    1095       000010000D0001093
     100       0       0       2       0                               0D0001094
     124    1388       0       0       0       0       0       000000000D0001095
     124       0       0       1       0                               0D0001096
     144    1389       0       0       0       0       0       000020000D0001097
     144       0   -3369       1       0                               0D0001098
     120    1390       0       0       0       0    1101       000010000D0001099
     120       0       0       1       0                               0D0001100
     124    1391       0       0       0       0       0       000000000D0001101
     124       0       0       1       0                               0D0001102
     110    1392       0       0       0       0       0       000010000D0001103
     110       0       0       1       0                               0D0001104
     100    1393       0       0       0       0    1107       000010000D0001105
     100       0       0       1       0                               0D0001106
     124    1394       0       0       0       0       0       000000000D0001107
     124       0       0       1       0                               0D0001108
     142    1395       0       0       0       0       0       000010500D0001109
     142       0       0       1       0                               0D0001110
     102    1396       0       0       0       0       0       000010000D0001111
     102       0       0       1       0                               0D0001112
     110    1397       0       0       0       0       0       000010000D0001113
     110       0       0       2       0                               0D0001114
     110    1399       0       0       0       0       0       000010000D0001115
     110       0       0       1       0                               0D0001116
     126    1400       0       0       0       0       0       000010000D0001117
     126       0       0      20       0                               0D0001118
     102    1420       0       0       0       0       0       000010000D0001119
     102       0       0       1       0                               0D0001120
     100    1421       0       0       0       0    1123       000010000D0001121
     100       0       0       1       0                               0D0001122
     124    1422       0       0       0       0       0       000000000D0001123
     124       0       0       1       0                               0D0001124
     100    1423       0       0       0       0    1127       000010000D0001125
     100       0       0       1       0                               0D0001126
     124    1424       0       0       0       0       0       000000000D0001127
     124       0       0       1       0                               0D0001128
     100    1425       0       0       0       0    1131       000010000D0001129
     100       0       0       1       0                               0D0001130
     124    1426       0       0       0       0       0       000000000D0001131
     124       0       0       1       0                               0D0001132
     144    1427       0       0       0       0       0       000020000D0001133
     144       0   -3369       1       0                               0D0001134
     120    1428       0       0       0       0    1137       000010000D0001135
     120       0       0       1       0                               0D0001136
     124    1429       0       0       0       0       0       000000000D0001137
     124       0       0       1       0                               0D0001138
     110    1430       0       0       0       0       0       000010000D0001139
     110       0       0       1       0                               0D0001140
     100    1431       0       0       0       0    1143       000010000D0001141
     100       0       0       2       0                               0D0001142
     124    1433       0       0       0       0       0       000000000D0001143
     124       0       0       1       0                               0D0001144
     142    1434       0       0       0       0       0       000010500D0001145
     142       0       0       1       0                               0D0001146
     102    1435       0       0       0       0       0       000010000D0001147
     102       0       0       1       0                               0D0001148
     126    1436       0       0       0       0       0       000010000D0001149
     126       0       0      20       0                               0D0001150
     126    1456       0       0       0       0       0       000010000D0001151
     126       0       0      19       0                               0D0001152
     110    1475       0       0       0       0       0       000010000D0001153
     110       0       0       2       0                               0D0001154
     102    1477       0       0       0       0       0       000010000D0001155
     102       0       0       1       0                               0D0001156
     100    1478       0       0       0       0    1159       000010000D0001157
     100       0       0       1       0                               0D0001158
     124    1479       0       0       0       0       0       000000000D0001159
     124       0       0       1       0                               0D0001160
     100    1480       0       0       0       0    1163       000010000D0001161
     100       0       0       1       0                               0D0001162
     124    1481       0       0       0       0       0       000000000D0001163
     124       0       0       1       0                               0D0001164
     100    1482       0       0       0       0    1167       000010000D0001165
     100       0       0       1       0                               0D0001166
     124    1483       0       0       0       0       0       000000000D0001167
     124       0       0       2       0                               0D0001168
     144    1485       0       0       0       0       0       000020000D0001169
     144       0   -3369       1       0                               0D0001170
     120    1486       0       0       0       0    1173       000010000D0001171
     120       0       0       1       0                               0D0001172
     124    1487       0       0       0       0       0       000000000D0001173
     124       0       0       2       0                               0D0001174
     110    1489       0       0       0       0       0       000010000D0001175
     110       0       0       1       0                               0D0001176
     110    1490       0       0       0       0       0       000010000D0001177
     110       0       0       1       0                               0D0001178
     142    1491       0       0       0       0       0       000010500D0001179
     142       0       0       1       0                               0D0001180
     102    1492       0       0       0       0       0       000010000D0001181
     102       0       0       1       0                               0D0001182
     110    1493       0       0       0       0       0       000010000D0001183
     110       0       0       2       0                               0D0001184
     110    1495       0       0       0       0       0       000010000D0001185
     110       0       0       2       0                               0D0001186
     110    1497       0       0       0       0       0       000010000D0001187
     110       0       0       1       0                               0D0001188
     110    1498       0       0       0       0       0       000010000D0001189
     110       0       0       1       0                               0D0001190
     110    1499       0       0       0       0       0       000010000D0001191
     110       0       0       1       0                               0D0001192
     110    1500       0       0       0       0       0       000010000D0001193
     110       0       0       1       0                               0D0001194
     102    1501       0       0       0       0       0       000010000D0001195
     102       0       0       1       0                               0D0001196
     110    1502       0       0       0       0       0       000010000D0001197
     110       0       0       1       0                               0D0001198
     100    1503       0       0       0       0    1201       000010000D0001199
     100       0       0       1       0                               0D0001200
     124    1504       0       0       0       0       0       000000000D0001201
     124       0       0       2       0                               0D0001202
     110    1506       0       0       0       0       0       000010000D0001203
     110       0       0       1       0                               0D0001204
     100    1507       0       0       0       0    1207       000010000D0001205
     100       0       0       1       0                               0D0001206
     124    1508       0       0       0       0       0       000000000D0001207
     124       0       0       2       0                               0D0001208
     110    1510       0       0       0       0       0       000010000D0001209
     110       0       0       1       0                               0D0001210
     110    1511       0       0       0       0       0       000010000D0001211
     110       0       0       1       0                               0D0001212
     144    1512       0       0       0       0       0       000020000D0001213
     144       0   -3369       1       0                               0D0001214
     120    1513       0       0       0       0    1217       000010000D0001215
     120       0       0       1       0                               0D0001216
     124    1514       0       0       0       0       0       000000000D0001217
     124       0       0       1       0                               0D0001218
     110    1515       0       0       0       0       0       000010000D0001219
     110       0       0       1       0                               0D0001220
     110    1516       0       0       0       0       0       000010000D0001221
     110       0       0       1       0                               0D0001222
     142    1517       0       0       0       0       0       000010500D0001223
     142       0       0       1       0                               0D0001224
     102    1518       0       0       0       0       0       000010000D0001225
     102       0       0       1       0                               0D0001226
     110    1519       0       0       0       0       0       000010000D0001227
     110       0       0       2       0                               0D0001228
     110    1521       0       0       0       0       0       000010000D0001229
     110       0       0       1       0                               0D0001230
     110    1522       0       0       0       0       0       000010000D0001231
     110       0       0       1       0                               0D0001232
     110    1523       0       0       0       0       0       000010000D0001233
     110       0       0       1       0                               0D0001234
     102    1524       0       0       0       0       0       000010000D0001235
     102       0       0       1       0                               0D0001236
     100    1525       0       0       0       0    1239       000010000D0001237
     100       0       0       1       0                               0D0001238
     124    1526       0       0       0       0       0       000000000D0001239
     124       0       0       1       0                               0D0001240
     110    1527       0       0       0       0       0       000010000D0001241
     110       0       0       1       0                               0D0001242
     100    1528       0       0       0       0    1245       000010000D0001243
     100       0       0       1       0                               0D0001244
     124    1529       0       0       0       0       0       000000000D0001245
     124       0       0       1       0                               0D0001246
     110    1530       0       0       0       0       0       000010000D0001247
     110       0       0       1       0                               0D0001248
     144    1531       0       0       0       0       0       000020000D0001249
     144       0   -3369       1       0                               0D0001250
     120    1532       0       0       0       0    1253       000010000D0001251
     120       0       0       1       0                               0D0001252
     124    1533       0       0       0       0       0       000000000D0001253
     124       0       0       1       0                               0D0001254
     110    1534       0       0       0       0       0       000010000D0001255
     110       0       0       1       0                               0D0001256
     110    1535       0       0       0       0       0       000010000D0001257
     110       0       0       1       0                               0D0001258
     142    1536       0       0       0       0       0       000010500D0001259
     142       0       0       1       0                               0D0001260
     102    1537       0       0       0       0       0       000010000D0001261
     102       0       0       1       0                               0D0001262
     110    1538       0       0       0       0       0       000010000D0001263
     110       0       0       2       0                               0D0001264
     110    1540       0       0       0       0       0       000010000D0001265
     110       0       0       1       0                               0D0001266
     110    1541       0       0       0       0       0       000010000D0001267
     110       0       0       1       0                               0D0001268
     110    1542       0       0       0       0       0       000010000D0001269
     110       0       0       1       0                               0D0001270
     102    1543       0       0       0       0       0       000010000D0001271
     102       0       0       1       0                               0D0001272
     100    1544       0       0       0       0    1275       000010000D0001273
     100       0       0       1       0                               0D0001274
     124    1545       0       0       0       0       0       000000000D0001275
     124       0       0       1       0                               0D0001276
     110    1546       0       0       0       0       0       000010000D0001277
     110       0       0       1       0                               0D0001278
     100    1547       0       0       0       0    1281       000010000D0001279
     100       0       0       1       0                               0D0001280
     124    1548       0       0       0       0       0       000000000D0001281
     124       0       0       1       0                               0D0001282
     110    1549       0       0       0       0       0       000010000D0001283
     110       0       0       1       0                               0D0001284
     144    1550       0       0       0       0       0       000020000D0001285
     144       0   -3369       1       0                               0D0001286
     120    1551       0       0       0       0    1289       000010000D0001287
     120       0       0       1       0                               0D0001288
     124    1552       0       0       0       0       0       000000000D0001289
     124       0       0       2       0                               0D0001290
     110    1554       0       0       0       0       0       000010000D0001291
     110       0       0       1       0                               0D0001292
     110    1555       0       0       0       0       0       000010000D0001293
     110       0       0       1       0                               0D0001294
     142    1556       0       0       0       0       0       000010500D0001295
     142       0       0       1       0                               0D0001296
     102    1557       0       0       0       0       0       000010000D0001297
     102       0       0       1       0                               0D0001298
     110    1558       0       0       0       0       0       000010000D0001299
     110       0       0       1       0                               0D0001300
     126    1559       0       0       0       0       0       000010000D0001301
     126       0       0      22       0                               0D0001302
     126    1581       0       0       0       0       0       000010000D0001303
     126       0       0      21       0                               0D0001304
     102    1602       0       0       0       0       0       000010000D0001305
     102       0       0       1       0                               0D0001306
     110    1603       0       0       0       0       0       000010000D0001307
     110       0       0       1       0                               0D0001308
     126    1604       0       0       0       0       0       000010000D0001309
     126       0       0      11       0                               0D0001310
     126    1615       0       0       0       0       0       000010000D0001311
     126       0       0       6       0                               0D0001312
     144    1621       0       0       0       0       0       000020000D0001313
     144       0   -3369       1       0                               0D0001314
     120    1622       0       0       0       0    1317       000010000D0001315
     120       0       0       1       0                               0D0001316
     124    1623       0       0       0       0       0       000000000D0001317
     124       0       0       1       0                               0D0001318
     110    1624       0       0       0       0       0       000010000D0001319
     110       0       0       1       0                               0D0001320
     100    1625       0       0       0       0    1323       000010000D0001321
     100       0       0       1       0                               0D0001322
     124    1626       0       0       0       0       0       000000000D0001323
     124       0       0       1       0                               0D0001324
     142    1627       0       0       0       0       0       000010500D0001325
     142       0       0       1       0                               0D0001326
     102    1628       0       0       0       0       0       000010000D0001327
     102       0       0       1       0                               0D0001328
     126    1629       0       0       0       0       0       000010000D0001329
     126       0       0      20       0                               0D0001330
     110    1649       0       0       0       0       0       000010000D0001331
     110       0       0       2       0                               0D0001332
     126    1651       0       0       0       0       0       000010000D0001333
     126       0       0      20       0                               0D0001334
     102    1671       0       0       0       0       0       000010000D0001335
     102       0       0       1       0                               0D0001336
     100    1672       0       0       0       0    1339       000010000D0001337
     100       0       0       2       0                               0D0001338
     124    1674       0       0       0       0       0       000000000D0001339
     124       0       0       1       0                               0D0001340
     100    1675       0       0       0       0    1343       000010000D0001341
     100       0       0       1       0                               0D0001342
     124    1676       0       0       0       0       0       000000000D0001343
     124       0       0       2       0                               0D0001344
     100    1678       0       0       0       0    1347       000010000D0001345
     100       0       0       1       0                               0D0001346
     124    1679       0       0       0       0       0       000000000D0001347
     124       0       0       3       0                               0D0001348
     144    1682       0       0       0       0       0       000020000D0001349
     144       0   -3369       1       0                               0D0001350
     120    1683       0       0       0       0    1353       000010000D0001351
     120       0       0       1       0                               0D0001352
     124    1684       0       0       0       0       0       000000000D0001353
     124       0       0       1       0                               0D0001354
     110    1685       0       0       0       0       0       000010000D0001355
     110       0       0       1       0                               0D0001356
     100    1686       0       0       0       0    1359       000010000D0001357
     100       0       0       2       0                               0D0001358
     124    1688       0       0       0       0       0       000000000D0001359
     124       0       0       1       0                               0D0001360
     142    1689       0       0       0       0       0       000010500D0001361
     142       0       0       1       0                               0D0001362
     102    1690       0       0       0       0       0       000010000D0001363
     102       0       0       1       0                               0D0001364
     110    1691       0       0       0       0       0       000010000D0001365
     110       0       0       2       0                               0D0001366
     126    1693       0       0       0       0       0       000010000D0001367
     126       0       0      21       0                               0D0001368
     126    1714       0       0       0       0       0       000010000D0001369
     126       0       0      20       0                               0D0001370
     102    1734       0       0       0       0       0       000010000D0001371
     102       0       0       1       0                               0D0001372
     100    1735       0       0       0       0    1375       000010000D0001373
     100       0       0       1       0                               0D0001374
     124    1736       0       0       0       0       0       000000000D0001375
     124       0       0       2       0                               0D0001376
     100    1738       0       0       0       0    1379       000010000D0001377
     100       0       0       1       0                               0D0001378
     124    1739       0       0       0       0       0       000000000D0001379
     124       0       0       1       0                               0D0001380
     100    1740       0       0       0       0    1383       000010000D0001381
     100       0       0       1       0                               0D0001382
     124    1741       0       0       0       0       0       000000000D0001383
     124       0       0       1       0                               0D0001384
     144    1742       0       0       0       0       0       000020000D0001385
     144       0   -3369       1       0                               0D0001386
     120    1743       0       0       0       0    1389       000010000D0001387
     120       0       0       1       0                               0D0001388
     124    1744       0       0       0       0       0       000000000D0001389
     124       0       0       1       0                               0D0001390
     110    1745       0       0       0       0       0       000010000D0001391
     110       0       0       1       0                               0D0001392
     110    1746       0       0       0       0       0       000010000D0001393
     110       0       0       1       0                               0D0001394
     142    1747       0       0       0       0       0       000010500D0001395
     142       0       0       1       0                               0D0001396
     102    1748       0       0       0       0       0       000010000D0001397
     102       0       0       1       0                               0D0001398
     110    1749       0       0       0       0       0       000010000D0001399
     110       0       0       1       0                               0D0001400
     126    1750       0       0       0       0       0       000010000D0001401
     126       0       0      21       0                               0D0001402
     126    1771       0       0       0       0       0       000010000D0001403
     126       0       0      21       0                               0D0001404
     102    1792       0       0       0       0       0       000010000D0001405
     102       0       0       1       0                               0D0001406
     110    1793       0       0       0       0       0       000010000D0001407
     110       0       0       1       0                               0D0001408
     126    1794       0       0       0       0       0       000010000D0001409
     126       0       0      12       0                               0D0001410
     126    1806       0       0       0       0       0       000010000D0001411
     126       0       0       6       0                               0D0001412
     144    1812       0       0       0       0       0       000020000D0001413
     144       0   -3369       1       0                               0D0001414
     120    1813       0       0       0       0    1417       000010000D0001415
     120       0       0       1       0                               0D0001416
     124    1814       0       0       0       0       0       000000000D0001417
     124       0       0       1       0                               0D0001418
     110    1815       0       0       0       0       0       000010000D0001419
     110       0       0       1       0                               0D0001420
     110    1816       0       0       0       0       0       000010000D0001421
     110       0       0       1       0                               0D0001422
     142    1817       0       0       0       0       0       000010500D0001423
     142       0       0       1       0                               0D0001424
     102    1818       0       0       0       0       0       000010000D0001425
     102       0       0       1       0                               0D0001426
     110    1819       0       0       0       0       0       000010000D0001427
     110       0       0       1       0                               0D0001428
     110    1820       0       0       0       0       0       000010000D0001429
     110       0       0       1       0                               0D0001430
     110    1821       0       0       0       0       0       000010000D0001431
     110       0       0       2       0                               0D0001432
     110    1823       0       0       0       0       0       000010000D0001433
     110       0       0       1       0                               0D0001434
     102    1824       0       0       0       0       0       000010000D0001435
     102       0       0       1       0                               0D0001436
     100    1825       0       0       0       0    1439       000010000D0001437
     100       0       0       1       0                               0D0001438
     124    1826       0       0       0       0       0       000000000D0001439
     124       0       0       1       0                               0D0001440
     110    1827       0       0       0       0       0       000010000D0001441
     110       0       0       1       0                               0D0001442
     100    1828       0       0       0       0    1445       000010000D0001443
     100       0       0       1       0                               0D0001444
     124    1829       0       0       0       0       0       000000000D0001445
     124       0       0       1       0                               0D0001446
     110    1830       0       0       0       0       0       000010000D0001447
     110       0       0       1       0                               0D0001448
     144    1831       0       0       0       0       0       000020000D0001449
     144       0   -3369       1       0                               0D0001450
     120    1832       0       0       0       0    1453       000010000D0001451
     120       0       0       1       0                               0D0001452
     124    1833       0       0       0       0       0       000000000D0001453
     124       0       0       1       0                               0D0001454
     110    1834       0       0       0       0       0       000010000D0001455
     110       0       0       1       0                               0D0001456
     100    1835       0       0       0       0    1459       000010000D0001457
     100       0       0       1       0                               0D0001458
     124    1836       0       0       0       0       0       000000000D0001459
     124       0       0       1       0                               0D0001460
     142    1837       0       0       0       0       0       000010500D0001461
     142       0       0       1       0                               0D0001462
     102    1838       0       0       0       0       0       000010000D0001463
     102       0       0       1       0                               0D0001464
     110    1839       0       0       0       0       0       000010000D0001465
     110       0       0       2       0                               0D0001466
     110    1841       0       0       0       0       0       000010000D0001467
     110       0       0       1       0                               0D0001468
     126    1842       0       0       0       0       0       000010000D0001469
     126       0       0      19       0                               0D0001470
     102    1861       0       0       0       0       0       000010000D0001471
     102       0       0       1       0                               0D0001472
     100    1862       0       0       0       0    1475       000010000D0001473
     100       0       0       1       0                               0D0001474
     124    1863       0       0       0       0       0       000000000D0001475
     124       0       0       1       0                               0D0001476
     100    1864       0       0       0       0    1479       000010000D0001477
     100       0       0       1       0                               0D0001478
     124    1865       0       0       0       0       0       000000000D0001479
     124       0       0       1       0                               0D0001480
     100    1866       0       0       0       0    1483       000010000D0001481
     100       0       0       1       0                               0D0001482
     124    1867       0       0       0       0       0       000000000D0001483
     124       0       0       1       0                               0D0001484
     144    1868       0       0       0       0       0       000020000D0001485
     144       0   -3369       1       0                               0D0001486
     120    1869       0       0       0       0    1489       000010000D0001487
     120       0       0       1       0                               0D0001488
     124    1870       0       0       0       0       0       000000000D0001489
     124       0       0       1       0                               0D0001490
     110    1871       0       0       0       0       0       000010000D0001491
     110       0       0       1       0                               0D0001492
     100    1872       0       0       0       0    1495       000010000D0001493
     100       0       0       2       0                               0D0001494
     124    1874       0       0       0       0       0       000000000D0001495
     124       0       0       1       0                               0D0001496
     142    1875       0       0       0       0       0       000010500D0001497
     142       0       0       1       0                               0D0001498
     102    1876       0       0       0       0       0       000010000D0001499
     102       0       0       1       0                               0D0001500
     126    1877       0       0       0       0       0       000010000D0001501
     126       0       0      21       0                               0D0001502
     110    1898       0       0       0       0       0       000010000D0001503
     110       0       0       1       0                               0D0001504
     110    1899       0       0       0       0       0       000010000D0001505
     110       0       0       2       0                               0D0001506
     102    1901       0       0       0       0       0       000010000D0001507
     102       0       0       1       0                               0D0001508
     100    1902       0       0       0       0    1511       000010000D0001509
     100       0       0       1       0                               0D0001510
     124    1903       0       0       0       0       0       000000000D0001511
     124       0       0       1       0                               0D0001512
     100    1904       0       0       0       0    1515       000010000D0001513
     100       0       0       1       0                               0D0001514
     124    1905       0       0       0       0       0       000000000D0001515
     124       0       0       1       0                               0D0001516
     100    1906       0       0       0       0    1519       000010000D0001517
     100       0       0       2       0                               0D0001518
     124    1908       0       0       0       0       0       000000000D0001519
     124       0       0       1       0                               0D0001520
     144    1909       0       0       0       0       0       000020000D0001521
     144       0   -3369       1       0                               0D0001522
     120    1910       0       0       0       0    1525       000010000D0001523
     120       0       0       1       0                               0D0001524
     124    1911       0       0       0       0       0       000000000D0001525
     124       0       0       1       0                               0D0001526
     110    1912       0       0       0       0       0       000010000D0001527
     110       0       0       1       0                               0D0001528
     110    1913       0       0       0       0       0       000010000D0001529
     110       0       0       1       0                               0D0001530
     142    1914       0       0       0       0       0       000010500D0001531
     142       0       0       1       0                               0D0001532
     102    1915       0       0       0       0       0       000010000D0001533
     102       0       0       1       0                               0D0001534
     110    1916       0       0       0       0       0       000010000D0001535
     110       0       0       1       0                               0D0001536
     110    1917       0       0       0       0       0       000010000D0001537
     110       0       0       1       0                               0D0001538
     110    1918       0       0       0       0       0       000010000D0001539
     110       0       0       2       0                               0D0001540
     110    1920       0       0       0       0       0       000010000D0001541
     110       0       0       1       0                               0D0001542
     102    1921       0       0       0       0       0       000010000D0001543
     102       0       0       1       0                               0D0001544
     100    1922       0       0       0       0    1547       000010000D0001545
     100       0       0       1       0                               0D0001546
     124    1923       0       0       0       0       0       000000000D0001547
     124       0       0       1       0                               0D0001548
     110    1924       0       0       0       0       0       000010000D0001549
     110       0       0       1       0                               0D0001550
     100    1925       0       0       0       0    1553       000010000D0001551
     100       0       0       1       0                               0D0001552
     124    1926       0       0       0       0       0       000000000D0001553
     124       0       0       1       0                               0D0001554
     110    1927       0       0       0       0       0       000010000D0001555
     110       0       0       1       0                               0D0001556
     144    1928       0       0       0       0       0       000020000D0001557
     144       0   -3369       1       0                               0D0001558
     120    1929       0       0       0       0    1561       000010000D0001559
     120       0       0       1       0                               0D0001560
     124    1930       0       0       0       0       0       000000000D0001561
     124       0       0       1       0                               0D0001562
     110    1931       0       0       0       0       0       000010000D0001563
     110       0       0       1       0                               0D0001564
     110    1932       0       0       0       0       0       000010000D0001565
     110       0       0       1       0                               0D0001566
     142    1933       0       0       0       0       0       000010500D0001567
     142       0       0       1       0                               0D0001568
     102    1934       0       0       0       0       0       000010000D0001569
     102       0       0       1       0                               0D0001570
     110    1935       0       0       0       0       0       000010000D0001571
     110       0       0       2       0                               0D0001572
     110    1937       0       0       0       0       0       000010000D0001573
     110       0       0       1       0                               0D0001574
     110    1938       0       0       0       0       0       000010000D0001575
     110       0       0       1       0                               0D0001576
     110    1939       0       0       0       0       0       000010000D0001577
     110       0       0       1       0                               0D0001578
     102    1940       0       0       0       0       0       000010000D0001579
     102       0       0       1       0                               0D0001580
     100    1941       0       0       0       0    1583       000010000D0001581
     100       0       0       1       0                               0D0001582
     124    1942       0       0       0       0       0       000000000D0001583
     124       0       0       1       0                               0D0001584
     110    1943       0       0       0       0       0       000010000D0001585
     110       0       0       1       0                               0D0001586
     100    1944       0       0       0       0    1589       000010000D0001587
     100       0       0       1       0                               0D0001588
     124    1945       0       0       0       0       0       000000000D0001589
     124       0       0       1       0                               0D0001590
     110    1946       0       0       0       0       0       000010000D0001591
     110       0       0       1       0                               0D0001592
     144    1947       0       0       0       0       0       000020000D0001593
     144       0   -3369       1       0                               0D0001594
     120    1948       0       0       0       0    1597       000010000D0001595
     120       0       0       1       0                               0D0001596
     124    1949       0       0       0       0       0       000000000D0001597
     124       0       0       1       0                               0D0001598
     110    1950       0       0       0       0       0       000010000D0001599
     110       0       0       1       0                               0D0001600
     110    1951       0       0       0       0       0       000010000D0001601
     110       0       0       1       0                               0D0001602
     142    1952       0       0       0       0       0       000010500D0001603
     142       0       0       1       0                               0D0001604
     102    1953       0       0       0       0       0       000010000D0001605
     102       0       0       1       0                               0D0001606
     110    1954       0       0       0       0       0       000010000D0001607
     110       0       0       1       0                               0D0001608
     110    1955       0       0       0       0       0       000010000D0001609
     110       0       0       1       0                               0D0001610
     110    1956       0       0       0       0       0       000010000D0001611
     110       0       0       2       0                               0D0001612
     110    1958       0       0       0       0       0       000010000D0001613
     110       0       0       1       0                               0D0001614
     102    1959       0       0       0       0       0       000010000D0001615
     102       0       0       1       0                               0D0001616
     100    1960       0       0       0       0    1619       000010000D0001617
     100       0       0       2       0                               0D0001618
     124    1962       0       0       0       0       0       000000000D0001619
     124       0       0       1       0                               0D0001620
     110    1963       0       0       0       0       0       000010000D0001621
     110       0       0       1       0                               0D0001622
     100    1964       0       0       0       0    1625       000010000D0001623
     100       0       0       1       0                               0D0001624
     124    1965       0       0       0       0       0       000000000D0001625
     124       0       0       1       0                               0D0001626
     110    1966       0       0       0       0       0       000010000D0001627
     110       0       0       1       0                               0D0001628
     144    1967       0       0       0       0       0       000020000D0001629
     144       0   -3369       1       0                               0D0001630
     120    1968       0       0       0       0    1633       000010000D0001631
     120       0       0       1       0                               0D0001632
     124    1969       0       0       0       0       0       000000000D0001633
     124       0       0       1       0                               0D0001634
     110    1970       0       0       0       0       0       000010000D0001635
     110       0       0       1       0                               0D0001636
     110    1971       0       0       0       0       0       000010000D0001637
     110       0       0       1       0                               0D0001638
     142    1972       0       0       0       0       0       000010500D0001639
     142       0       0       1       0                               0D0001640
     102    1973       0       0       0       0       0       000010000D0001641
     102       0       0       1       0                               0D0001642
     110    1974       0       0       0       0       0       000010000D0001643
     110       0       0       1       0                               0D0001644
     110    1975       0       0       0       0       0       000010000D0001645
     110       0       0       1       0                               0D0001646
     110    1976       0       0       0       0       0       000010000D0001647
     110       0       0       2       0                               0D0001648
     110    1978       0       0       0       0       0       000010000D0001649
     110       0       0       1       0                               0D0001650
     102    1979       0       0       0       0       0       000010000D0001651
     102       0       0       1       0                               0D0001652
     100    1980       0       0       0       0    1655       000010000D0001653
     100       0       0       1       0                               0D0001654
     124    1981       0       0       0       0       0       000000000D0001655
     124       0       0       1       0                               0D0001656
     110    1982       0       0       0       0       0       000010000D0001657
     110       0       0       1       0                               0D0001658
     100    1983       0       0       0       0    1661       000010000D0001659
     100       0       0       1       0                               0D0001660
     124    1984       0       0       0       0       0       000000000D0001661
     124       0       0       2       0                               0D0001662
     110    1986       0       0       0       0       0       000010000D0001663
     110       0       0       1       0                               0D0001664
     144    1987       0       0       0       0       0       000020000D0001665
     144       0   -3369       1       0                               0D0001666
     120    1988       0       0       0       0    1669       000010000D0001667
     120       0       0       1       0                               0D0001668
     124    1989       0       0       0       0       0       000000000D0001669
     124       0       0       1       0                               0D0001670
     110    1990       0       0       0       0       0       000010000D0001671
     110       0       0       1       0                               0D0001672
     110    1991       0       0       0       0       0       000010000D0001673
     110       0       0       1       0                               0D0001674
     142    1992       0       0       0       0       0       000010500D0001675
     142       0       0       1       0                               0D0001676
     102    1993       0       0       0       0       0       000010000D0001677
     102       0       0       1       0                               0D0001678
     110    1994       0       0       0       0       0       000010000D0001679
     110       0       0       1       0                               0D0001680
     110    1995       0       0       0       0       0       000010000D0001681
     110       0       0       1       0                               0D0001682
     110    1996       0       0       0       0       0       000010000D0001683
     110       0       0       2       0                               0D0001684
     110    1998       0       0       0       0       0       000010000D0001685
     110       0       0       1       0                               0D0001686
     102    1999       0       0       0       0       0       000010000D0001687
     102       0       0       1       0                               0D0001688
     100    2000       0       0       0       0    1691       000010000D0001689
     100       0       0       1       0                               0D0001690
     124    2001       0       0       0       0       0       000000000D0001691
     124       0       0       1       0                               0D0001692
     110    2002       0       0       0       0       0       000010000D0001693
     110       0       0       1       0                               0D0001694
     100    2003       0       0       0       0    1697       000010000D0001695
     100       0       0       1       0                               0D0001696
     124    2004       0       0       0       0       0       000000000D0001697
     124       0       0       1       0                               0D0001698
     110    2005       0       0       0       0       0       000010000D0001699
     110       0       0       1       0                               0D0001700
     144    2006       0       0       0       0       0       000020000D0001701
     144       0   -3369       1       0                               0D0001702
     120    2007       0       0       0       0    1705       000010000D0001703
     120       0       0       1       0                               0D0001704
     124    2008       0       0       0       0       0       000000000D0001705
     124       0       0       1       0                               0D0001706
     110    2009       0       0       0       0       0       000010000D0001707
     110       0       0       1       0                               0D0001708
     110    2010       0       0       0       0       0       000010000D0001709
     110       0       0       1       0                               0D0001710
     142    2011       0       0       0       0       0       000010500D0001711
     142       0       0       1       0                               0D0001712
     102    2012       0       0       0       0       0       000010000D0001713
     102       0       0       1       0                               0D0001714
     110    2013       0       0       0       0       0       000010000D0001715
     110       0       0       2       0                               0D0001716
     110    2015       0       0       0       0       0       000010000D0001717
     110       0       0       2       0                               0D0001718
     110    2017       0       0       0       0       0       000010000D0001719
     110       0       0       1       0                               0D0001720
     110    2018       0       0       0       0       0       000010000D0001721
     110       0       0       1       0                               0D0001722
     110    2019       0       0       0       0       0       000010000D0001723
     110       0       0       1       0                               0D0001724
     110    2020       0       0       0       0       0       000010000D0001725
     110       0       0       1       0                               0D0001726
     102    2021       0       0       0       0       0       000010000D0001727
     102       0       0       1       0                               0D0001728
     110    2022       0       0       0       0       0       000010000D0001729
     110       0       0       1       0                               0D0001730
     100    2023       0       0       0       0    1733       000010000D0001731
     100       0       0       1       0                               0D0001732
     124    2024       0       0       0       0       0       000000000D0001733
     124       0       0       1       0                               0D0001734
     110    2025       0       0       0       0       0       000010000D0001735
     110       0       0       1       0                               0D0001736
     100    2026       0       0       0       0    1739       000010000D0001737
     100       0       0       1       0                               0D0001738
     124    2027       0       0       0       0       0       000000000D0001739
     124       0       0       3       0                               0D0001740
     110    2030       0       0       0       0       0       000010000D0001741
     110       0       0       1       0                               0D0001742
     110    2031       0       0       0       0       0       000010000D0001743
     110       0       0       1       0                               0D0001744
     144    2032       0       0       0       0       0       000020000D0001745
     144       0   -3369       1       0                               0D0001746
     120    2033       0       0       0       0    1749       000010000D0001747
     120       0       0       1       0                               0D0001748
     124    2034       0       0       0       0       0       000000000D0001749
     124       0       0       1       0                               0D0001750
     110    2035       0       0       0       0       0       000010000D0001751
     110       0       0       1       0                               0D0001752
     100    2036       0       0       0       0    1755       000010000D0001753
     100       0       0       1       0                               0D0001754
     124    2037       0       0       0       0       0       000000000D0001755
     124       0       0       1       0                               0D0001756
     142    2038       0       0       0       0       0       000010500D0001757
     142       0       0       1       0                               0D0001758
     102    2039       0       0       0       0       0       000010000D0001759
     102       0       0       1       0                               0D0001760
     126    2040       0       0       0       0       0       000010000D0001761
     126       0       0      19       0                               0D0001762
     110    2059       0       0       0       0       0       000010000D0001763
     110       0       0       1       0                               0D0001764
     110    2060       0       0       0       0       0       000010000D0001765
     110       0       0       2       0                               0D0001766
     102    2062       0       0       0       0       0       000010000D0001767
     102       0       0       1       0                               0D0001768
     100    2063       0       0       0       0    1771       000010000D0001769
     100       0       0       1       0                               0D0001770
     124    2064       0       0       0       0       0       000000000D0001771
     124       0       0       1       0                               0D0001772
     100    2065       0       0       0       0    1775       000010000D0001773
     100       0       0       1       0                               0D0001774
     124    2066       0       0       0       0       0       000000000D0001775
     124       0       0       1       0                               0D0001776
     100    2067       0       0       0       0    1779       000010000D0001777
     100       0       0       1       0                               0D0001778
     124    2068       0       0       0       0       0       000000000D0001779
     124       0       0       2       0                               0D0001780
     144    2070       0       0       0       0       0       000020000D0001781
     144       0   -3369       1       0                               0D0001782
     120    2071       0       0       0       0    1785       000010000D0001783
     120       0       0       1       0                               0D0001784
     124    2072       0       0       0       0       0       000000000D0001785
     124       0       0       1       0                               0D0001786
     110    2073       0       0       0       0       0       000010000D0001787
     110       0       0       1       0                               0D0001788
     100    2074       0       0       0       0    1791       000010000D0001789
     100       0       0       2       0                               0D0001790
     124    2076       0       0       0       0       0       000000000D0001791
     124       0       0       1       0                               0D0001792
     142    2077       0       0       0       0       0       000010500D0001793
     142       0       0       1       0                               0D0001794
     102    2078       0       0       0       0       0       000010000D0001795
     102       0       0       1       0                               0D0001796
     110    2079       0       0       0       0       0       000010000D0001797
     110       0       0       1       0                               0D0001798
     110    2080       0       0       0       0       0       000010000D0001799
     110       0       0       2       0                               0D0001800
     126    2082       0       0       0       0       0       000010000D0001801
     126       0       0      21       0                               0D0001802
     102    2103       0       0       0       0       0       000010000D0001803
     102       0       0       1       0                               0D0001804
     100    2104       0       0       0       0    1807       000010000D0001805
     100       0       0       2       0                               0D0001806
     124    2106       0       0       0       0       0       000000000D0001807
     124       0       0       1       0                               0D0001808
     100    2107       0       0       0       0    1811       000010000D0001809
     100       0       0       1       0                               0D0001810
     124    2108       0       0       0       0       0       000000000D0001811
     124       0       0       1       0                               0D0001812
     100    2109       0       0       0       0    1815       000010000D0001813
     100       0       0       1       0                               0D0001814
     124    2110       0       0       0       0       0       000000000D0001815
     124       0       0       1       0                               0D0001816
     144    2111       0       0       0       0       0       000020000D0001817
     144       0   -3369       1       0                               0D0001818
     120    2112       0       0       0       0    1821       000010000D0001819
     120       0       0       1       0                               0D0001820
     124    2113       0       0       0       0       0       000000000D0001821
     124       0       0       1       0                               0D0001822
     110    2114       0       0       0       0       0       000010000D0001823
     110       0       0       1       0                               0D0001824
     100    2115       0       0       0       0    1827       000010000D0001825
     100       0       0       1       0                               0D0001826
     124    2116       0       0       0       0       0       000000000D0001827
     124       0       0       1       0                               0D0001828
     142    2117       0       0       0       0       0       000010500D0001829
     142       0       0       1       0                               0D0001830
     102    2118       0       0       0       0       0       000010000D0001831
     102       0       0       1       0                               0D0001832
     110    2119       0       0       0       0       0       000010000D0001833
     110       0       0       2       0                               0D0001834
     110    2121       0       0       0       0       0       000010000D0001835
     110       0       0       1       0                               0D0001836
     126    2122       0       0       0       0       0       000010000D0001837
     126       0       0      20       0                               0D0001838
     102    2142       0       0       0       0       0       000010000D0001839
     102       0       0       1       0                               0D0001840
     100    2143       0       0       0       0    1843       000010000D0001841
     100       0       0       2       0                               0D0001842
     124    2145       0       0       0       0       0       000000000D0001843
     124       0       0       1       0                               0D0001844
     100    2146       0       0       0       0    1847       000010000D0001845
     100       0       0       2       0                               0D0001846
     124    2148       0       0       0       0       0       000000000D0001847
     124       0       0       1       0                               0D0001848
     100    2149       0       0       0       0    1851       000010000D0001849
     100       0       0       2       0                               0D0001850
     124    2151       0       0       0       0       0       000000000D0001851
     124       0       0       1       0                               0D0001852
     144    2152       0       0       0       0       0       000020000D0001853
     144       0   -3369       1       0                               0D0001854
     120    2153       0       0       0       0    1857       000010000D0001855
     120       0       0       1       0                               0D0001856
     124    2154       0       0       0       0       0       000000000D0001857
     124       0       0       1       0                               0D0001858
     110    2155       0       0       0       0       0       000010000D0001859
     110       0       0       1       0                               0D0001860
     100    2156       0       0       0       0    1863       000010000D0001861
     100       0       0       2       0                               0D0001862
     124    2158       0       0       0       0       0       000000000D0001863
     124       0       0       1       0                               0D0001864
     142    2159       0       0       0       0       0       000010500D0001865
     142       0       0       1       0                               0D0001866
     102    2160       0       0       0       0       0       000010000D0001867
     102       0       0       1       0                               0D0001868
     126    2161       0       0       0       0       0       000010000D0001869
     126       0       0      21       0                               0D0001870
     126    2182       0       0       0       0       0       000010000D0001871
     126       0       0      21       0                               0D0001872
     126    2203       0       0       0       0       0       000010000D0001873
     126       0       0      21       0                               0D0001874
     102    2224       0       0       0       0       0       000010000D0001875
     102       0       0       1       0                               0D0001876
     100    2225       0       0       0       0    1879       000010000D0001877
     100       0       0       1       0                               0D0001878
     124    2226       0       0       0       0       0       000000000D0001879
     124       0       0       3       0                               0D0001880
     100    2229       0       0       0       0    1883       000010000D0001881
     100       0       0       1       0                               0D0001882
     124    2230       0       0       0       0       0       000000000D0001883
     124       0       0       1       0                               0D0001884
     100    2231       0       0       0       0    1887       000010000D0001885
     100       0       0       2       0                               0D0001886
     124    2233       0       0       0       0       0       000000000D0001887
     124       0       0       2       0                               0D0001888
     144    2235       0       0       0       0       0       000020000D0001889
     144       0   -3369       1       0                               0D0001890
     120    2236       0       0       0       0    1893       000010000D0001891
     120       0       0       1       0                               0D0001892
     124    2237       0       0       0       0       0       000000000D0001893
     124       0       0       2       0                               0D0001894
     110    2239       0       0       0       0       0       000010000D0001895
     110       0       0       1       0                               0D0001896
     110    2240       0       0       0       0       0       000010000D0001897
     110       0       0       1       0                               0D0001898
     142    2241       0       0       0       0       0       000010500D0001899
     142       0       0       1       0                               0D0001900
     102    2242       0       0       0       0       0       000010000D0001901
     102       0       0       1       0                               0D0001902
     110    2243       0       0       0       0       0       000010000D0001903
     110       0       0       1       0                               0D0001904
     126    2244       0       0       0       0       0       000010000D0001905
     126       0       0      22       0                               0D0001906
     126    2266       0       0       0       0       0       000010000D0001907
     126       0       0      21       0                               0D0001908
     102    2287       0       0       0       0       0       000010000D0001909
     102       0       0       1       0                               0D0001910
     110    2288       0       0       0       0       0       000010000D0001911
     110       0       0       1       0                               0D0001912
     126    2289       0       0       0       0       0       000010000D0001913
     126       0       0      13       0                               0D0001914
     126    2302       0       0       0       0       0       000010000D0001915
     126       0       0       6       0                               0D0001916
     144    2308       0       0       0       0       0       000020000D0001917
     144       0   -3369       1       0                               0D0001918
     120    2309       0       0       0       0    1921       000010000D0001919
     120       0       0       1       0                               0D0001920
     124    2310       0       0       0       0       0       000000000D0001921
     124       0       0       1       0                               0D0001922
     110    2311       0       0       0       0       0       000010000D0001923
     110       0       0       1       0                               0D0001924
     110    2312       0       0       0       0       0       000010000D0001925
     110       0       0       1       0                               0D0001926
     142    2313       0       0       0       0       0       000010500D0001927
     142       0       0       1       0                               0D0001928
     102    2314       0       0       0       0       0       000010000D0001929
     102       0       0       1       0                               0D0001930
     110    2315       0       0       0       0       0       000010000D0001931
     110       0       0       1       0                               0D0001932
     110    2316       0       0       0       0       0       000010000D0001933
     110       0       0       1       0                               0D0001934
     110    2317       0       0       0       0       0       000010000D0001935
     110       0       0       2       0                               0D0001936
     110    2319       0       0       0       0       0       000010000D0001937
     110       0       0       1       0                               0D0001938
     102    2320       0       0       0       0       0       000010000D0001939
     102       0       0       1       0                               0D0001940
     100    2321       0       0       0       0    1943       000010000D0001941
     100       0       0       1       0                               0D0001942
     124    2322       0       0       0       0       0       000000000D0001943
     124       0       0       1       0                               0D0001944
     110    2323       0       0       0       0       0       000010000D0001945
     110       0       0       1       0                               0D0001946
     100    2324       0       0       0       0    1949       000010000D0001947
     100       0       0       1       0                               0D0001948
     124    2325       0       0       0       0       0       000000000D0001949
     124       0       0       2       0                               0D0001950
     110    2327       0       0       0       0       0       000010000D0001951
     110       0       0       1       0                               0D0001952
     144    2328       0       0       0       0       0       000020000D0001953
     144       0   -3369       1       0                               0D0001954
     120    2329       0       0       0       0    1957       000010000D0001955
     120       0       0       1       0                               0D0001956
     124    2330       0       0       0       0       0       000000000D0001957
     124       0       0       1       0                               0D0001958
     110    2331       0       0       0       0       0       000010000D0001959
     110       0       0       1       0                               0D0001960
     110    2332       0       0       0       0       0       000010000D0001961
     110       0       0       1       0                               0D0001962
     142    2333       0       0       0       0       0       000010500D0001963
     142       0       0       1       0                               0D0001964
     102    2334       0       0       0       0       0       000010000D0001965
     102       0       0       1       0                               0D0001966
     110    2335       0       0       0       0       0       000010000D0001967
     110       0       0       1       0                               0D0001968
     110    2336       0       0       0       0       0       000010000D0001969
     110       0       0       1       0                               0D0001970
     110    2337       0       0       0       0       0       000010000D0001971
     110       0       0       2       0                               0D0001972
     110    2339       0       0       0       0       0       000010000D0001973
     110       0       0       1       0                               0D0001974
     102    2340       0       0       0       0       0       000010000D0001975
     102       0       0       1       0                               0D0001976
     100    2341       0       0       0       0    1979       000010000D0001977
     100       0       0       1       0                               0D0001978
     124    2342       0       0       0       0       0       000000000D0001979
     124       0       0       1       0                               0D0001980
     110    2343       0       0       0       0       0       000010000D0001981
     110       0       0       1       0                               0D0001982
     100    2344       0       0       0       0    1985       000010000D0001983
     100       0       0       2       0                               0D0001984
     124    2346       0       0       0       0       0       000000000D0001985
     124       0       0       2       0                               0D0001986
     110    2348       0       0       0       0       0       000010000D0001987
     110       0       0       1       0                               0D0001988
     144    2349       0       0       0       0       0       000020000D0001989
     144       0   -3369       1       0                               0D0001990
     120    2350       0       0       0       0    1993       000010000D0001991
     120       0       0       1       0                               0D0001992
     124    2351       0       0       0       0       0       000000000D0001993
     124       0       0       2       0                               0D0001994
     110    2353       0       0       0       0       0       000010000D0001995
     110       0       0       1       0                               0D0001996
     110    2354       0       0       0       0       0       000010000D0001997
     110       0       0       1       0                               0D0001998
     142    2355       0       0       0       0       0       000010500D0001999
     142       0       0       1       0                               0D0002000
     102    2356       0       0       0       0       0       000010000D0002001
     102       0       0       1       0                               0D0002002
     110    2357       0       0       0       0       0       000010000D0002003
     110       0       0       2       0                               0D0002004
     110    2359       0       0       0       0       0       000010000D0002005
     110       0       0       2       0                               0D0002006
     110    2361       0       0       0       0       0       000010000D0002007
     110       0       0       1       0                               0D0002008
     110    2362       0       0       0       0       0       000010000D0002009
     110       0       0       1       0                               0D0002010
     110    2363       0       0       0       0       0       000010000D0002011
     110       0       0       1       0                               0D0002012
     110    2364       0       0       0       0       0       000010000D0002013
     110       0       0       1       0                               0D0002014
     102    2365       0       0       0       0       0       000010000D0002015
     102       0       0       1       0                               0D0002016
     110    2366       0       0       0       0       0       000010000D0002017
     110       0       0       1       0                               0D0002018
     100    2367       0       0       0       0    2021       000010000D0002019
     100       0       0       1       0                               0D0002020
     124    2368       0       0       0       0       0       000000000D0002021
     124       0       0       2       0                               0D0002022
     110    2370       0       0       0       0       0       000010000D0002023
     110       0       0       1       0                               0D0002024
     100    2371       0       0       0       0    2027       000010000D0002025
     100       0       0       1       0                               0D0002026
     124    2372       0       0       0       0       0       000000000D0002027
     124       0       0       2       0                               0D0002028
     110    2374       0       0       0       0       0       000010000D0002029
     110       0       0       1       0                               0D0002030
     110    2375       0       0       0       0       0       000010000D0002031
     110       0       0       1       0                               0D0002032
     144    2376       0       0       0       0       0       000020000D0002033
     144       0   -3369       1       0                               0D0002034
     120    2377       0       0       0       0    2037       000010000D0002035
     120       0       0       1       0                               0D0002036
     124    2378       0       0       0       0       0       000000000D0002037
     124       0       0       1       0                               0D0002038
     110    2379       0       0       0       0       0       000010000D0002039
     110       0       0       1       0                               0D0002040
     100    2380       0       0       0       0    2043       000010000D0002041
     100       0       0       2       0                               0D0002042
     124    2382       0       0       0       0       0       000000000D0002043
     124       0       0       1       0                               0D0002044
     142    2383       0       0       0       0       0       000010500D0002045
     142       0       0       1       0                               0D0002046
     102    2384       0       0       0       0       0       000010000D0002047
     102       0       0       1       0                               0D0002048
     126    2385       0       0       0       0       0       000010000D0002049
     126       0       0      20       0                               0D0002050
     110    2405       0       0       0       0       0       000010000D0002051
     110       0       0       2       0                               0D0002052
     126    2407       0       0       0       0       0       000010000D0002053
     126       0       0      21       0                               0D0002054
     102    2428       0       0       0       0       0       000010000D0002055
     102       0       0       1       0                               0D0002056
     100    2429       0       0       0       0    2059       000010000D0002057
     100       0       0       1       0                               0D0002058
     124    2430       0       0       0       0       0       000000000D0002059
     124       0       0       2       0                               0D0002060
     100    2432       0       0       0       0    2063       000010000D0002061
     100       0       0       1       0                               0D0002062
     124    2433       0       0       0       0       0       000000000D0002063
     124       0       0       2       0                               0D0002064
     100    2435       0       0       0       0    2067       000010000D0002065
     100       0       0       2       0                               0D0002066
     124    2437       0       0       0       0       0       000000000D0002067
     124       0       0       1       0                               0D0002068
     144    2438       0       0       0       0       0       000020000D0002069
     144       0   -3369       1       0                               0D0002070
     120    2439       0       0       0       0    2073       000010000D0002071
     120       0       0       1       0                               0D0002072
     124    2440       0       0       0       0       0       000000000D0002073
     124       0       0       1       0                               0D0002074
     110    2441       0       0       0       0       0       000010000D0002075
     110       0       0       1       0                               0D0002076
     100    2442       0       0       0       0    2079       000010000D0002077
     100       0       0       2       0                               0D0002078
     124    2444       0       0       0       0       0       000000000D0002079
     124       0       0       1       0                               0D0002080
     142    2445       0       0       0       0       0       000010500D0002081
     142       0       0       1       0                               0D0002082
     102    2446       0       0       0       0       0       000010000D0002083
     102       0       0       1       0                               0D0002084
     110    2447       0       0       0       0       0       000010000D0002085
     110       0       0       2       0                               0D0002086
     126    2449       0       0       0       0       0       000010000D0002087
     126       0       0      21       0                               0D0002088
     126    2470       0       0       0       0       0       000010000D0002089
     126       0       0      21       0                               0D0002090
     102    2491       0       0       0       0       0       000010000D0002091
     102       0       0       1       0                               0D0002092
     100    2492       0       0       0       0    2095       000010000D0002093
     100       0       0       1       0                               0D0002094
     124    2493       0       0       0       0       0       000000000D0002095
     124       0       0       2       0                               0D0002096
     100    2495       0       0       0       0    2099       000010000D0002097
     100       0       0       1       0                               0D0002098
     124    2496       0       0       0       0       0       000000000D0002099
     124       0       0       2       0                               0D0002100
     100    2498       0       0       0       0    2103       000010000D0002101
     100       0       0       1       0                               0D0002102
     124    2499       0       0       0       0       0       000000000D0002103
     124       0       0       2       0                               0D0002104
     144    2501       0       0       0       0       0       000020000D0002105
     144       0   -3369       1       0                               0D0002106
     120    2502       0       0       0       0    2109       000010000D0002107
     120       0       0       1       0                               0D0002108
     124    2503       0       0       0       0       0       000000000D0002109
     124       0       0       1       0                               0D0002110
     110    2504       0       0       0       0       0       000010000D0002111
     110       0       0       1       0                               0D0002112
     110    2505       0       0       0       0       0       000010000D0002113
     110       0       0       1       0                               0D0002114
     142    2506       0       0       0       0       0       000010500D0002115
     142       0       0       1       0                               0D0002116
     102    2507       0       0       0       0       0       000010000D0002117
     102       0       0       1       0                               0D0002118
     110    2508       0       0       0       0       0       000010000D0002119
     110       0       0       1       0                               0D0002120
     126    2509       0       0       0       0       0       000010000D0002121
     126       0       0      22       0                               0D0002122
     126    2531       0       0       0       0       0       000010000D0002123
     126       0       0      21       0                               0D0002124
     102    2552       0       0       0       0       0       000010000D0002125
     102       0       0       1       0                               0D0002126
     110    2553       0       0       0       0       0       000010000D0002127
     110       0       0       1       0                               0D0002128
     126    2554       0       0       0       0       0       000010000D0002129
     126       0       0      13       0                               0D0002130
     126    2567       0       0       0       0       0       000010000D0002131
     126       0       0       7       0                               0D0002132
     144    2574       0       0       0       0       0       000020000D0002133
     144       0   -3371       1       0                               0D0002134
     120    2575       0       0       0       0    2137       000010000D0002135
     120       0       0       1       0                               0D0002136
     124    2576       0       0       0       0       0       000000000D0002137
     124       0       0       1       0                               0D0002138
     110    2577       0       0       0       0       0       000010000D0002139
     110       0       0       1       0                               0D0002140
     110    2578       0       0       0       0       0       000010000D0002141
     110       0       0       1       0                               0D0002142
     142    2579       0       0       0       0       0       000010500D0002143
     142       0       0       1       0                               0D0002144
     102    2580       0       0       0       0       0       000010000D0002145
     102       0       0       1       0                               0D0002146
     126    2581       0       0       0       0       0       000010000D0002147
     126       0       0      22       0                               0D0002148
     110    2603       0       0       0       0       0       000010000D0002149
     110       0       0       1       0                               0D0002150
     126    2604       0       0       0       0       0       000010000D0002151
     126       0       0      21       0                               0D0002152
     126    2625       0       0       0       0       0       000010000D0002153
     126       0       0      21       0                               0D0002154
     110    2646       0       0       0       0       0       000010000D0002155
     110       0       0       1       0                               0D0002156
     126    2647       0       0       0       0       0       000010000D0002157
     126       0       0      21       0                               0D0002158
     102    2668       0       0       0       0       0       000010000D0002159
     102       0       0       1       0                               0D0002160
     126    2669       0       0       0       0       0       000010000D0002161
     126       0       0      13       0                               0D0002162
     110    2682       0       0       0       0       0       000010000D0002163
     110       0       0       1       0                               0D0002164
     126    2683       0       0       0       0       0       000010000D0002165
     126       0       0      12       0                               0D0002166
     126    2695       0       0       0       0       0       000010000D0002167
     126       0       0      11       0                               0D0002168
     110    2706       0       0       0       0       0       000010000D0002169
     110       0       0       1       0                               0D0002170
     126    2707       0       0       0       0       0       000010000D0002171
     126       0       0      12       0                               0D0002172
     144    2719       0       0       0       0       0       000020000D0002173
     144       0   -3371       1       0                               0D0002174
     120    2720       0       0       0       0    2177       000010000D0002175
     120       0       0       1       0                               0D0002176
     124    2721       0       0       0       0       0       000000000D0002177
     124       0       0       1       0                               0D0002178
     110    2722       0       0       0       0       0       000010000D0002179
     110       0       0       1       0                               0D0002180
     110    2723       0       0       0       0       0       000010000D0002181
     110       0       0       1       0                               0D0002182
     142    2724       0       0       0       0       0       000010500D0002183
     142       0       0       1       0                               0D0002184
     102    2725       0       0       0       0       0       000010000D0002185
     102       0       0       1       0                               0D0002186
     126    2726       0       0       0       0       0       000010000D0002187
     126       0       0      23       0                               0D0002188
     110    2749       0       0       0       0       0       000010000D0002189
     110       0       0       1       0                               0D0002190
     126    2750       0       0       0       0       0       000010000D0002191
     126       0       0      21       0                               0D0002192
     126    2771       0       0       0       0       0       000010000D0002193
     126       0       0      22       0                               0D0002194
     110    2793       0       0       0       0       0       000010000D0002195
     110       0       0       1       0                               0D0002196
     126    2794       0       0       0       0       0       000010000D0002197
     126       0       0      21       0                               0D0002198
     102    2815       0       0       0       0       0       000010000D0002199
     102       0       0       1       0                               0D0002200
     126    2816       0       0       0       0       0       000010000D0002201
     126       0       0      13       0                               0D0002202
     110    2829       0       0       0       0       0       000010000D0002203
     110       0       0       1       0                               0D0002204
     126    2830       0       0       0       0       0       000010000D0002205
     126       0       0      12       0                               0D0002206
     126    2842       0       0       0       0       0       000010000D0002207
     126       0       0      13       0                               0D0002208
     110    2855       0       0       0       0       0       000010000D0002209
     110       0       0       1       0                               0D0002210
     126    2856       0       0       0       0       0       000010000D0002211
     126       0       0      12       0                               0D0002212
     144    2868       0       0       0       0       0       000020000D0002213
     144       0   -3371       1       0                               0D0002214
     120    2869       0       0       0       0    2217       000010000D0002215
     120       0       0       1       0                               0D0002216
     124    2870       0       0       0       0       0       000000000D0002217
     124       0       0       1       0                               0D0002218
     110    2871       0       0       0       0       0       000010000D0002219
     110       0       0       1       0                               0D0002220
     110    2872       0       0       0       0       0       000010000D0002221
     110       0       0       1       0                               0D0002222
     142    2873       0       0       0       0       0       000010500D0002223
     142       0       0       1       0                               0D0002224
     102    2874       0       0       0       0       0       000010000D0002225
     102       0       0       1       0                               0D0002226
     126    2875       0       0       0       0       0       000010000D0002227
     126       0       0      21       0                               0D0002228
     110    2896       0       0       0       0       0       000010000D0002229
     110       0       0       1       0                               0D0002230
     126    2897       0       0       0       0       0       000010000D0002231
     126       0       0      21       0                               0D0002232
     126    2918       0       0       0       0       0       000010000D0002233
     126       0       0      22       0                               0D0002234
     110    2940       0       0       0       0       0       000010000D0002235
     110       0       0       1       0                               0D0002236
     126    2941       0       0       0       0       0       000010000D0002237
     126       0       0      21       0                               0D0002238
     102    2962       0       0       0       0       0       000010000D0002239
     102       0       0       1       0                               0D0002240
     126    2963       0       0       0       0       0       000010000D0002241
     126       0       0      11       0                               0D0002242
     110    2974       0       0       0       0       0       000010000D0002243
     110       0       0       1       0                               0D0002244
     126    2975       0       0       0       0       0       000010000D0002245
     126       0       0      10       0                               0D0002246
     126    2985       0       0       0       0       0       000010000D0002247
     126       0       0      11       0                               0D0002248
     110    2996       0       0       0       0       0       000010000D0002249
     110       0       0       1       0                               0D0002250
     126    2997       0       0       0       0       0       000010000D0002251
     126       0       0      11       0                               0D0002252
     144    3008       0       0       0       0       0       000020000D0002253
     144       0   -3371       1       0                               0D0002254
     120    3009       0       0       0       0    2257       000010000D0002255
     120       0       0       1       0                               0D0002256
     124    3010       0       0       0       0       0       000000000D0002257
     124       0       0       1       0                               0D0002258
     110    3011       0       0       0       0       0       000010000D0002259
     110       0       0       1       0                               0D0002260
     110    3012       0       0       0       0       0       000010000D0002261
     110       0       0       1       0                               0D0002262
     142    3013       0       0       0       0       0       000010500D0002263
     142       0       0       1       0                               0D0002264
     102    3014       0       0       0       0       0       000010000D0002265
     102       0       0       1       0                               0D0002266
     126    3015       0       0       0       0       0       000010000D0002267
     126       0       0      22       0                               0D0002268
     110    3037       0       0       0       0       0       000010000D0002269
     110       0       0       1       0                               0D0002270
     126    3038       0       0       0       0       0       000010000D0002271
     126       0       0      21       0                               0D0002272
     126    3059       0       0       0       0       0       000010000D0002273
     126       0       0      21       0                               0D0002274
     110    3080       0       0       0       0       0       000010000D0002275
     110       0       0       1       0                               0D0002276
     126    3081       0       0       0       0       0       000010000D0002277
     126       0       0      21       0                               0D0002278
     102    3102       0       0       0       0       0       000010000D0002279
     102       0       0       1       0                               0D0002280
     126    3103       0       0       0       0       0       000010000D0002281
     126       0       0      12       0                               0D0002282
     110    3115       0       0       0       0       0       000010000D0002283
     110       0       0       1       0                               0D0002284
     126    3116       0       0       0       0       0       000010000D0002285
     126       0       0      11       0                               0D0002286
     126    3127       0       0       0       0       0       000010000D0002287
     126       0       0      12       0                               0D0002288
     110    3139       0       0       0       0       0       000010000D0002289
     110       0       0       1       0                               0D0002290
     126    3140       0       0       0       0       0       000010000D0002291
     126       0       0      11       0                               0D0002292
     402    3151       0       0       0       0       0       000020000D0002293
     402       0       0       2       1                               0D0002294
     144    3153       0       0       0       0       0       000020000D0002295
     144       0   -3367       1       0                               0D0002296
     108    3154       0       0       0       0       0       000010000D0002297
     108       0       0       2       0                               0D0002298
     142    3156       0       0       0       0       0       000010500D0002299
     142       0       0       1       0                               0D0002300
     102    3157       0       0       0       0       0       000010000D0002301
     102       0       0       1       0                               0D0002302
     110    3158       0       0       0       0       0       000010000D0002303
     110       0       0       2       0                               0D0002304
     110    3160       0       0       0       0       0       000010000D0002305
     110       0       0       2       0                               0D0002306
     110    3162       0       0       0       0       0       000010000D0002307
     110       0       0       2       0                               0D0002308
     110    3164       0       0       0       0       0       000010000D0002309
     110       0       0       2       0                               0D0002310
     144    3166       0       0       0       0       0       000020000D0002311
     144       0   -3367       1       0                               0D0002312
     108    3167       0       0       0       0       0       000010000D0002313
     108       0       0       2       0                               0D0002314
     142    3169       0       0       0       0       0       000010500D0002315
     142       0       0       1       0                               0D0002316
     102    3170       0       0       0       0       0       000010000D0002317
     102       0       0       1       0                               0D0002318
     110    3171       0       0       0       0       0       000010000D0002319
     110       0       0       2       0                               0D0002320
     110    3173       0       0       0       0       0       000010000D0002321
     110       0       0       2       0                               0D0002322
     110    3175       0       0       0       0       0       000010000D0002323
     110       0       0       2       0                               0D0002324
     110    3177       0       0       0       0       0       000010000D0002325
     110       0       0       2       0                               0D0002326
     144    3179       0       0       0       0       0       000020000D0002327
     144       0   -3367       1       0                               0D0002328
     108    3180       0       0       0       0       0       000010000D0002329
     108       0       0       2       0                               0D0002330
     142    3182       0       0       0       0       0       000010500D0002331
     142       0       0       1       0                               0D0002332
     102    3183       0       0       0       0       0       000010000D0002333
     102       0       0       1       0                               0D0002334
     110    3184       0       0       0       0       0       000010000D0002335
     110       0       0       1       0                               0D0002336
     110    3185       0       0       0       0       0       000010000D0002337
     110       0       0       1       0                               0D0002338
     110    3186       0       0       0       0       0       000010000D0002339
     110       0       0       1       0                               0D0002340
     110    3187       0       0       0       0       0       000010000D0002341
     110       0       0       2       0                               0D0002342
     144    3189       0       0       0       0       0       000020000D0002343
     144       0   -3367       1       0                               0D0002344
     108    3190       0       0       0       0       0       000010000D0002345
     108       0       0       1       0                               0D0002346
     142    3191       0       0       0       0       0       000010500D0002347
     142       0       0       1       0                               0D0002348
     102    3192       0       0       0       0       0       000010000D0002349
     102       0       0       1       0                               0D0002350
     110    3193       0       0       0       0       0       000010000D0002351
     110       0       0       1       0                               0D0002352
     110    3194       0       0       0       0       0       000010000D0002353
     110       0       0       1       0                               0D0002354
     110    3195       0       0       0       0       0       000010000D0002355
     110       0       0       1       0                               0D0002356
     110    3196       0       0       0       0       0       000010000D0002357
     110       0       0       1       0                               0D0002358
     144    3197       0       0       0       0       0       000020000D0002359
     144       0   -3367       1       0                               0D0002360
     108    3198       0       0       0       0       0       000010000D0002361
     108       0       0       2       0                               0D0002362
     142    3200       0       0       0       0       0       000010500D0002363
     142       0       0       1       0                               0D0002364
     102    3201       0       0       0       0       0       000010000D0002365
     102       0       0       1       0                               0D0002366
     110    3202       0       0       0       0       0       000010000D0002367
     110       0       0       1       0                               0D0002368
     110    3203       0       0       0       0       0       000010000D0002369
     110       0       0       2       0                               0D0002370
     110    3205       0       0       0       0       0       000010000D0002371
     110       0       0       1       0                               0D0002372
     110    3206       0       0       0       0       0       000010000D0002373
     110       0       0       1       0                               0D0002374
     144    3207       0       0       0       0       0       000020000D0002375
     144       0   -3367       1       0                               0D0002376
     108    3208       0       0       0       0       0       000010000D0002377
     108       0       0       2       0                               0D0002378
     142    3210       0       0       0       0       0       000010500D0002379
     142       0       0       1       0                               0D0002380
     102    3211       0       0       0       0       0       000010000D0002381
     102       0       0       1       0                               0D0002382
     110    3212       0       0       0       0       0       000010000D0002383
     110       0       0       2       0                               0D0002384
     110    3214       0       0       0       0       0       000010000D0002385
     110       0       0       1       0                               0D0002386
     110    3215       0       0       0       0       0       000010000D0002387
     110       0       0       2       0                               0D0002388
     110    3217       0       0       0       0       0       000010000D0002389
     110       0       0       2       0                               0D0002390
     144    3219       0       0       0       0       0       000020000D0002391
     144       0   -3367       1       0                               0D0002392
     108    3220       0       0       0       0       0       000010000D0002393
     108       0       0       2       0                               0D0002394
     142    3222       0       0       0       0       0       000010500D0002395
     142       0       0       1       0                               0D0002396
     102    3223       0       0       0       0       0       000010000D0002397
     102       0       0       1       0                               0D0002398
     110    3224       0       0       0       0       0       000010000D0002399
     110       0       0       2       0                               0D0002400
     110    3226       0       0       0       0       0       000010000D0002401
     110       0       0       2       0                               0D0002402
     110    3228       0       0       0       0       0       000010000D0002403
     110       0       0       2       0                               0D0002404
     110    3230       0       0       0       0       0       000010000D0002405
     110       0       0       1       0                               0D0002406
     144    3231       0       0       0       0       0       000020000D0002407
     144       0   -3367       1       0                               0D0002408
     108    3232       0       0       0       0       0       000010000D0002409
     108       0       0       2       0                               0D0002410
     142    3234       0       0       0       0       0       000010500D0002411
     142       0       0       1       0                               0D0002412
     102    3235       0       0       0       0       0       000010000D0002413
     102       0       0       1       0                               0D0002414
     110    3236       0       0       0       0       0       000010000D0002415
     110       0       0       2       0                               0D0002416
     110    3238       0       0       0       0       0       000010000D0002417
     110       0       0       2       0                               0D0002418
     110    3240       0       0       0       0       0       000010000D0002419
     110       0       0       2       0                               0D0002420
     110    3242       0       0       0       0       0       000010000D0002421
     110       0       0       2       0                               0D0002422
     144    3244       0       0       0       0       0       000020000D0002423
     144       0   -3367       1       0                               0D0002424
     108    3245       0       0       0       0       0       000010000D0002425
     108       0       0       2       0                               0D0002426
     142    3247       0       0       0       0       0       000010500D0002427
     142       0       0       1       0                               0D0002428
     102    3248       0       0       0       0       0       000010000D0002429
     102       0       0       1       0                               0D0002430
     110    3249       0       0       0       0       0       000010000D0002431
     110       0       0       1       0                               0D0002432
     110    3250       0       0       0       0       0       000010000D0002433
     110       0       0       1       0                               0D0002434
     110    3251       0       0       0       0       0       000010000D0002435
     110       0       0       1       0                               0D0002436
     110    3252       0       0       0       0       0       000010000D0002437
     110       0       0       2       0                               0D0002438
     144    3254       0       0       0       0       0       000020000D0002439
     144       0   -3367       1       0                               0D0002440
     108    3255       0       0       0       0       0       000010000D0002441
     108       0       0       1       0                               0D0002442
     142    3256       0       0       0       0       0       000010500D0002443
     142       0       0       1       0                               0D0002444
     102    3257       0       0       0       0       0       000010000D0002445
     102       0       0       1       0                               0D0002446
     110    3258       0       0       0       0       0       000010000D0002447
     110       0       0       1       0                               0D0002448
     110    3259       0       0       0       0       0       000010000D0002449
     110       0       0       1       0                               0D0002450
     110    3260       0       0       0       0       0       000010000D0002451
     110       0       0       1       0                               0D0002452
     110    3261       0       0       0       0       0       000010000D0002453
     110       0       0       1       0                               0D0002454
     144    3262       0       0       0       0       0       000020000D0002455
     144       0   -3367       1       0                               0D0002456
     108    3263       0       0       0       0       0       000010000D0002457
     108       0       0       2       0                               0D0002458
     142    3265       0       0       0       0       0       000010500D0002459
     142       0       0       1       0                               0D0002460
     102    3266       0       0       0       0       0       000010000D0002461
     102       0       0       1       0                               0D0002462
     110    3267       0       0       0       0       0       000010000D0002463
     110       0       0       1       0                               0D0002464
     110    3268       0       0       0       0       0       000010000D0002465
     110       0       0       2       0                               0D0002466
     110    3270       0       0       0       0       0       000010000D0002467
     110       0       0       1       0                               0D0002468
     110    3271       0       0       0       0       0       000010000D0002469
     110       0       0       1       0                               0D0002470
     144    3272       0       0       0       0       0       000020000D0002471
     144       0   -3367       1       0                               0D0002472
     108    3273       0       0       0       0       0       000010000D0002473
     108       0       0       2       0                               0D0002474
     142    3275       0       0       0       0       0       000010500D0002475
     142       0       0       1       0                               0D0002476
     102    3276       0       0       0       0       0       000010000D0002477
     102       0       0       1       0                               0D0002478
     110    3277       0       0       0       0       0       000010000D0002479
     110       0       0       2       0                               0D0002480
     110    3279       0       0       0       0       0       000010000D0002481
     110       0       0       2       0                               0D0002482
     110    3281       0       0       0       0       0       000010000D0002483
     110       0       0       2       0                               0D0002484
     110    3283       0       0       0       0       0       000010000D0002485
     110       0       0       2       0                               0D0002486
     144    3285       0       0       0       0       0       000020000D0002487
     144       0   -3367       1       0                               0D0002488
     108    3286       0       0       0       0       0       000010000D0002489
     108       0       0       2       0                               0D0002490
     142    3288       0       0       0       0       0       000010500D0002491
     142       0       0       1       0                               0D0002492
     102    3289       0       0       0       0       0       000010000D0002493
     102       0       0       1       0                               0D0002494
     110    3290       0       0       0       0       0       000010000D0002495
     110       0       0       2       0                               0D0002496
     110    3292       0       0       0       0       0       000010000D0002497
     110       0       0       2       0                               0D0002498
     110    3294       0       0       0       0       0       000010000D0002499
     110       0       0       2       0                               0D0002500
     110    3296       0       0       0       0       0       000010000D0002501
     110       0       0       2       0                               0D0002502
     144    3298       0       0       0       0       0       000020000D0002503
     144       0   -3367       1       0                               0D0002504
     108    3299       0       0       0       0       0       000010000D0002505
     108       0       0       2       0                               0D0002506
     142    3301       0       0       0       0       0       000010500D0002507
     142       0       0       1       0                               0D0002508
     102    3302       0       0       0       0       0       000010000D0002509
     102       0       0       1       0                               0D0002510
     110    3303       0       0       0       0       0       000010000D0002511
     110       0       0       2       0                               0D0002512
     110    3305       0       0       0       0       0       000010000D0002513
     110       0       0       2       0                               0D0002514
     110    3307       0       0       0       0       0       000010000D0002515
     110       0       0       2       0                               0D0002516
     110    3309       0       0       0       0       0       000010000D0002517
     110       0       0       2       0                               0D0002518
     144    3311       0       0       0       0       0       000020000D0002519
     144       0   -3367       1       0                               0D0002520
     108    3312       0       0       0       0       0       000010000D0002521
     108       0       0       2       0                               0D0002522
     142    3314       0       0       0       0       0       000010500D0002523
     142       0       0       1       0                               0D0002524
     102    3315       0       0       0       0       0       000010000D0002525
     102       0       0       1       0                               0D0002526
     110    3316       0       0       0       0       0       000010000D0002527
     110       0       0       2       0                               0D0002528
     110    3318       0       0       0       0       0       000010000D0002529
     110       0       0       2       0                               0D0002530
     110    3320       0       0       0       0       0       000010000D0002531
     110       0       0       2       0                               0D0002532
     110    3322       0       0       0       0       0       000010000D0002533
     110       0       0       2       0                               0D0002534
     144    3324       0       0       0       0       0       000020000D0002535
     144       0   -3367       1       0                               0D0002536
     108    3325       0       0       0       0       0       000010000D0002537
     108       0       0       2       0                               0D0002538
     142    3327       0       0       0       0       0       000010500D0002539
     142       0       0       1       0                               0D0002540
     102    3328       0       0       0       0       0       000010000D0002541
     102       0       0       1       0                               0D0002542
     110    3329       0       0       0       0       0       000010000D0002543
     110       0       0       2       0                               0D0002544
     110    3331       0       0       0       0       0       000010000D0002545
     110       0       0       2       0                               0D0002546
     110    3333       0       0       0       0       0       000010000D0002547
     110       0       0       2       0                               0D0002548
     110    3335       0       0       0       0       0       000010000D0002549
     110       0       0       2       0                               0D0002550
     144    3337       0       0       0       0       0       000020000D0002551
     144       0   -3367       1       0                               0D0002552
     108    3338       0       0       0       0       0       000010000D0002553
     108       0       0       2       0                               0D0002554
     142    3340       0       0       0       0       0       000010500D0002555
     142       0       0       1       0                               0D0002556
     102    3341       0       0       0       0       0       000010000D0002557
     102       0       0       1       0                               0D0002558
     110    3342       0       0       0       0       0       000010000D0002559
     110       0       0       2       0                               0D0002560
     110    3344       0       0       0       0       0       000010000D0002561
     110       0       0       2       0                               0D0002562
     110    3346       0       0       0       0       0       000010000D0002563
     110       0       0       2       0                               0D0002564
     110    3348       0       0       0       0       0       000010000D0002565
     110       0       0       2       0                               0D0002566
     144    3350       0       0       0       0       0       000020000D0002567
     144       0   -3367       1       0                               0D0002568
     108    3351       0       0       0       0       0       000010000D0002569
     108       0       0       2       0                               0D0002570
     142    3353       0       0       0       0       0       000010500D0002571
     142       0       0       1       0                               0D0002572
     102    3354       0       0       0       0       0       000010000D0002573
     102       0       0       2       0                               0D0002574
     110    3356       0       0       0       0       0       000010000D0002575
     110       0       0       2       0                               0D0002576
     110    3358       0       0       0       0       0       000010000D0002577
     110       0       0       2       0                               0D0002578
     110    3360       0       0       0       0       0       000010000D0002579
     110       0       0       1       0                               0D0002580
     110    3361       0       0       0       0       0       000010000D0002581
     110       0       0       1       0                               0D0002582
     110    3362       0       0       0       0       0       000010000D0002583
     110       0       0       1       0                               0D0002584
     110    3363       0       0       0       0       0       000010000D0002585
     110       0       0       2       0                               0D0002586
     110    3365       0       0       0       0       0       000010000D0002587
     110       0       0       2       0                               0D0002588
     110    3367       0       0       0       0       0       000010000D0002589
     110       0       0       2       0                               0D0002590
     110    3369       0       0       0       0       0       000010000D0002591
     110       0       0       1       0                               0D0002592
     110    3370       0       0       0       0       0       000010000D0002593
     110       0       0       1       0                               0D0002594
     110    3371       0       0       0       0       0       000010000D0002595
     110       0       0       1       0                               0D0002596
     110    3372       0       0       0       0       0       000010000D0002597
     110       0       0       2       0                               0D0002598
     110    3374       0       0       0       0       0       000010000D0002599
     110       0       0       2       0                               0D0002600
     110    3376       0       0       0       0       0       000010000D0002601
     110       0       0       2       0                               0D0002602
     110    3378       0       0       0       0       0       000010000D0002603
     110       0       0       2       0                               0D0002604
     110    3380       0       0       0       0       0       000010000D0002605
     110       0       0       2       0                               0D0002606
     110    3382       0       0       0       0       0       000010000D0002607
     110       0       0       2       0                               0D0002608
     144    3384       0       0       0       0       0       000020000D0002609
     144       0   -3367       1       0                               0D0002610
     108    3385       0       0       0       0       0       000010000D0002611
     108       0       0       2       0                               0D0002612
     142    3387       0       0       0       0       0       000010500D0002613
     142       0       0       1       0                               0D0002614
     102    3388       0       0       0       0       0       000010000D0002615
     102       0       0       2       0                               0D0002616
     110    3390       0       0       0       0       0       000010000D0002617
     110       0       0       2       0                               0D0002618
     110    3392       0       0       0       0       0       000010000D0002619
     110       0       0       2       0                               0D0002620
     110    3394       0       0       0       0       0       000010000D0002621
     110       0       0       2       0                               0D0002622
     110    3396       0       0       0       0       0       000010000D0002623
     110       0       0       2       0                               0D0002624
     110    3398       0       0       0       0       0       000010000D0002625
     110       0       0       2       0                               0D0002626
     110    3400       0       0       0       0       0       000010000D0002627
     110       0       0       2       0                               0D0002628
     110    3402       0       0       0       0       0       000010000D0002629
     110       0       0       2       0                               0D0002630
     110    3404       0       0       0       0       0       000010000D0002631
     110       0       0       1       0                               0D0002632
     110    3405       0       0       0       0       0       000010000D0002633
     110       0       0       1       0                               0D0002634
     110    3406       0       0       0       0       0       000010000D0002635
     110       0       0       1       0                               0D0002636
     110    3407       0       0       0       0       0       000010000D0002637
     110       0       0       2       0                               0D0002638
     110    3409       0       0       0       0       0       000010000D0002639
     110       0       0       2       0                               0D0002640
     110    3411       0       0       0       0       0       000010000D0002641
     110       0       0       2       0                               0D0002642
     110    3413       0       0       0       0       0       000010000D0002643
     110       0       0       1       0                               0D0002644
     110    3414       0       0       0       0       0       000010000D0002645
     110       0       0       1       0                               0D0002646
     110    3415       0       0       0       0       0       000010000D0002647
     110       0       0       1       0                               0D0002648
     110    3416       0       0       0       0       0       000010000D0002649
     110       0       0       2       0                               0D0002650
     402    3418       0       0       0       0       0       000020000D0002651
     402       0       0       3       1                               0D0002652
     144    3421       0       0       0       0       0       000020000D0002653
     144       0   -3367       1       0                               0D0002654
     108    3422       0       0       0       0       0       000010000D0002655
     108       0       0       2       0                               0D0002656
     142    3424       0       0       0       0       0       000010500D0002657
     142       0       0       1       0                               0D0002658
     102    3425       0       0       0       0       0       000010000D0002659
     102       0       0       1       0                               0D0002660
     110    3426       0       0       0       0       0       000010000D0002661
     110       0       0       2       0                               0D0002662
     110    3428       0       0       0       0       0       000010000D0002663
     110       0       0       2       0                               0D0002664
     110    3430       0       0       0       0       0       000010000D0002665
     110       0       0       2       0                               0D0002666
     110    3432       0       0       0       0       0       000010000D0002667
     110       0       0       2       0                               0D0002668
     144    3434       0       0       0       0       0       000020000D0002669
     144       0   -3367       1       0                               0D0002670
     108    3435       0       0       0       0       0       000010000D0002671
     108       0       0       2       0                               0D0002672
     142    3437       0       0       0       0       0       000010500D0002673
     142       0       0       1       0                               0D0002674
     102    3438       0       0       0       0       0       000010000D0002675
     102       0       0       1       0                               0D0002676
     110    3439       0       0       0       0       0       000010000D0002677
     110       0       0       2       0                               0D0002678
     110    3441       0       0       0       0       0       000010000D0002679
     110       0       0       2       0                               0D0002680
     110    3443       0       0       0       0       0       000010000D0002681
     110       0       0       2       0                               0D0002682
     110    3445       0       0       0       0       0       000010000D0002683
     110       0       0       2       0                               0D0002684
     144    3447       0       0       0       0       0       000020000D0002685
     144       0   -3367       1       0                               0D0002686
     108    3448       0       0       0       0       0       000010000D0002687
     108       0       0       2       0                               0D0002688
     142    3450       0       0       0       0       0       000010500D0002689
     142       0       0       1       0                               0D0002690
     102    3451       0       0       0       0       0       000010000D0002691
     102       0       0       1       0                               0D0002692
     110    3452       0       0       0       0       0       000010000D0002693
     110       0       0       2       0                               0D0002694
     110    3454       0       0       0       0       0       000010000D0002695
     110       0       0       2       0                               0D0002696
     110    3456       0       0       0       0       0       000010000D0002697
     110       0       0       2       0                               0D0002698
     110    3458       0       0       0       0       0       000010000D0002699
     110       0       0       2       0                               0D0002700
     144    3460       0       0       0       0       0       000020000D0002701
     144       0   -3367       1       0                               0D0002702
     108    3461       0       0       0       0       0       000010000D0002703
     108       0       0       2       0                               0D0002704
     142    3463       0       0       0       0       0       000010500D0002705
     142       0       0       1       0                               0D0002706
     102    3464       0       0       0       0       0       000010000D0002707
     102       0       0       1       0                               0D0002708
     110    3465       0       0       0       0       0       000010000D0002709
     110       0       0       2       0                               0D0002710
     110    3467       0       0       0       0       0       000010000D0002711
     110       0       0       2       0                               0D0002712
     110    3469       0       0       0       0       0       000010000D0002713
     110       0       0       2       0                               0D0002714
     110    3471       0       0       0       0       0       000010000D0002715
     110       0       0       2       0                               0D0002716
     144    3473       0       0       0       0       0       000020000D0002717
     144       0   -3367       1       0                               0D0002718
     108    3474       0       0       0       0       0       000010000D0002719
     108       0       0       2       0                               0D0002720
     142    3476       0       0       0       0       0       000010500D0002721
     142       0       0       1       0                               0D0002722
     102    3477       0       0       0       0       0       000010000D0002723
     102       0       0       1       0                               0D0002724
     110    3478       0       0       0       0       0       000010000D0002725
     110       0       0       2       0                               0D0002726
     110    3480       0       0       0       0       0       000010000D0002727
     110       0       0       2       0                               0D0002728
     110    3482       0       0       0       0       0       000010000D0002729
     110       0       0       2       0                               0D0002730
     110    3484       0       0       0       0       0       000010000D0002731
     110       0       0       2       0                               0D0002732
     144    3486       0       0       0       0       0       000020000D0002733
     144       0   -3367       1       0                               0D0002734
     108    3487       0       0       0       0       0       000010000D0002735
     108       0       0       2       0                               0D0002736
     142    3489       0       0       0       0       0       000010500D0002737
     142       0       0       1       0                               0D0002738
     102    3490       0       0       0       0       0       000010000D0002739
     102       0       0       1       0                               0D0002740
     110    3491       0       0       0       0       0       000010000D0002741
     110       0       0       2       0                               0D0002742
     110    3493       0       0       0       0       0       000010000D0002743
     110       0       0       2       0                               0D0002744
     110    3495       0       0       0       0       0       000010000D0002745
     110       0       0       2       0                               0D0002746
     110    3497       0       0       0       0       0       000010000D0002747
     110       0       0       2       0                               0D0002748
     144    3499       0       0       0       0       0       000020000D0002749
     144       0   -3367       1       0                               0D0002750
     108    3500       0       0       0       0       0       000010000D0002751
     108       0       0       2       0                               0D0002752
     142    3502       0       0       0       0       0       000010500D0002753
     142       0       0       1       0                               0D0002754
     102    3503       0       0       0       0       0       000010000D0002755
     102       0       0       1       0                               0D0002756
     110    3504       0       0       0       0       0       000010000D0002757
     110       0       0       2       0                               0D0002758
     110    3506       0       0       0       0       0       000010000D0002759
     110       0       0       2       0                               0D0002760
     110    3508       0       0       0       0       0       000010000D0002761
     110       0       0       2       0                               0D0002762
     110    3510       0       0       0       0       0       000010000D0002763
     110       0       0       2       0                               0D0002764
     144    3512       0       0       0       0       0       000020000D0002765
     144       0   -3367       1       0                               0D0002766
     108    3513       0       0       0       0       0       000010000D0002767
     108       0       0       2       0                               0D0002768
     142    3515       0       0       0       0       0       000010500D0002769
     142       0       0       1       0                               0D0002770
     102    3516       0       0       0       0       0       000010000D0002771
     102       0       0       1       0                               0D0002772
     110    3517       0       0       0       0       0       000010000D0002773
     110       0       0       2       0                               0D0002774
     110    3519       0       0       0       0       0       000010000D0002775
     110       0       0       2       0                               0D0002776
     110    3521       0       0       0       0       0       000010000D0002777
     110       0       0       2       0                               0D0002778
     110    3523       0       0       0       0       0       000010000D0002779
     110       0       0       2       0                               0D0002780
     144    3525       0       0       0       0       0       000020000D0002781
     144       0   -3367       1       0                               0D0002782
     108    3526       0       0       0       0       0       000010000D0002783
     108       0       0       2       0                               0D0002784
     142    3528       0       0       0       0       0       000010500D0002785
     142       0       0       1       0                               0D0002786
     102    3529       0       0       0       0       0       000010000D0002787
     102       0       0       1       0                               0D0002788
     110    3530       0       0       0       0       0       000010000D0002789
     110       0       0       2       0                               0D0002790
     110    3532       0       0       0       0       0       000010000D0002791
     110       0       0       2       0                               0D0002792
     110    3534       0       0       0       0       0       000010000D0002793
     110       0       0       2       0                               0D0002794
     110    3536       0       0       0       0       0       000010000D0002795
     110       0       0       2       0                               0D0002796
     144    3538       0       0       0       0       0       000020000D0002797
     144       0   -3367       1       0                               0D0002798
     108    3539       0       0       0       0       0       000010000D0002799
     108       0       0       2       0                               0D0002800
     142    3541       0       0       0       0       0       000010500D0002801
     142       0       0       1       0                               0D0002802
     102    3542       0       0       0       0       0       000010000D0002803
     102       0       0       1       0                               0D0002804
     110    3543       0       0       0       0       0       000010000D0002805
     110       0       0       2       0                               0D0002806
     110    3545       0       0       0       0       0       000010000D0002807
     110       0       0       2       0                               0D0002808
     110    3547       0       0       0       0       0       000010000D0002809
     110       0       0       2       0                               0D0002810
     110    3549       0       0       0       0       0       000010000D0002811
     110       0       0       2       0                               0D0002812
     144    3551       0       0       0       0       0       000020000D0002813
     144       0   -3367       1       0                               0D0002814
     108    3552       0       0       0       0       0       000010000D0002815
     108       0       0       2       0                               0D0002816
     142    3554       0       0       0       0       0       000010500D0002817
     142       0       0       1       0                               0D0002818
     102    3555       0       0       0       0       0       000010000D0002819
     102       0       0       1       0                               0D0002820
     110    3556       0       0       0       0       0       000010000D0002821
     110       0       0       2       0                               0D0002822
     110    3558       0       0       0       0       0       000010000D0002823
     110       0       0       2       0                               0D0002824
     110    3560       0       0       0       0       0       000010000D0002825
     110       0       0       2       0                               0D0002826
     110    3562       0       0       0       0       0       000010000D0002827
     110       0       0       2       0                               0D0002828
     144    3564       0       0       0       0       0       000020000D0002829
     144       0   -3367       1       0                               0D0002830
     108    3565       0       0       0       0       0       000010000D0002831
     108       0       0       2       0                               0D0002832
     142    3567       0       0       0       0       0       000010500D0002833
     142       0       0       1       0                               0D0002834
     102    3568       0       0       0       0       0       000010000D0002835
     102       0       0       1       0                               0D0002836
     110    3569       0       0       0       0       0       000010000D0002837
     110       0       0       2       0                               0D0002838
     110    3571       0       0       0       0       0       000010000D0002839
     110       0       0       2       0                               0D0002840
     110    3573       0       0       0       0       0       000010000D0002841
     110       0       0       2       0                               0D0002842
     110    3575       0       0       0       0       0       000010000D0002843
     110       0       0       2       0                               0D0002844
     144    3577       0       0       0       0       0       000020000D0002845
     144       0   -3367       1       0                               0D0002846
     108    3578       0       0       0       0       0       000010000D0002847
     108       0       0       2       0                               0D0002848
     142    3580       0       0       0       0       0       000010500D0002849
     142       0       0       1       0                               0D0002850
     102    3581       0       0       0       0       0       000010000D0002851
     102       0       0       1       0                               0D0002852
     110    3582       0       0       0       0       0       000010000D0002853
     110       0       0       2       0                               0D0002854
     110    3584       0       0       0       0       0       000010000D0002855
     110       0       0       2       0                               0D0002856
     110    3586       0       0       0       0       0       000010000D0002857
     110       0       0       2       0                               0D0002858
     110    3588       0       0       0       0       0       000010000D0002859
     110       0       0       2       0                               0D0002860
     144    3590       0       0       0       0       0       000020000D0002861
     144       0   -3367       1       0                               0D0002862
     108    3591       0       0       0       0       0       000010000D0002863
     108       0       0       2       0                               0D0002864
     142    3593       0       0       0       0       0       000010500D0002865
     142       0       0       1       0                               0D0002866
     102    3594       0       0       0       0       0       000010000D0002867
     102       0       0       1       0                               0D0002868
     110    3595       0       0       0       0       0       000010000D0002869
     110       0       0       2       0                               0D0002870
     110    3597       0       0       0       0       0       000010000D0002871
     110       0       0       2       0                               0D0002872
     110    3599       0       0       0       0       0       000010000D0002873
     110       0       0       2       0                               0D0002874
     110    3601       0       0       0       0       0       000010000D0002875
     110       0       0       2       0                               0D0002876
     144    3603       0       0       0       0       0       000020000D0002877
     144       0   -3367       1       0                               0D0002878
     108    3604       0       0       0       0       0       000010000D0002879
     108       0       0       2       0                               0D0002880
     142    3606       0       0       0       0       0       000010500D0002881
     142       0       0       1       0                               0D0002882
     102    3607       0       0       0       0       0       000010000D0002883
     102       0       0       1       0                               0D0002884
     110    3608       0       0       0       0       0       000010000D0002885
     110       0       0       1       0                               0D0002886
     110    3609       0       0       0       0       0       000010000D0002887
     110       0       0       1       0                               0D0002888
     110    3610       0       0       0       0       0       000010000D0002889
     110       0       0       1       0                               0D0002890
     110    3611       0       0       0       0       0       000010000D0002891
     110       0       0       2       0                               0D0002892
     144    3613       0       0       0       0       0       000020000D0002893
     144       0   -3367       1       0                               0D0002894
     108    3614       0       0       0       0       0       000010000D0002895
     108       0       0       1       0                               0D0002896
     142    3615       0       0       0       0       0       000010500D0002897
     142       0       0       1       0                               0D0002898
     102    3616       0       0       0       0       0       000010000D0002899
     102       0       0       1       0                               0D0002900
     110    3617       0       0       0       0       0       000010000D0002901
     110       0       0       1       0                               0D0002902
     110    3618       0       0       0       0       0       000010000D0002903
     110       0       0       1       0                               0D0002904
     110    3619       0       0       0       0       0       000010000D0002905
     110       0       0       1       0                               0D0002906
     110    3620       0       0       0       0       0       000010000D0002907
     110       0       0       1       0                               0D0002908
     144    3621       0       0       0       0       0       000020000D0002909
     144       0   -3367       1       0                               0D0002910
     108    3622       0       0       0       0       0       000010000D0002911
     108       0       0       2       0                               0D0002912
     142    3624       0       0       0       0       0       000010500D0002913
     142       0       0       1       0                               0D0002914
     102    3625       0       0       0       0       0       000010000D0002915
     102       0       0       1       0                               0D0002916
     110    3626       0       0       0       0       0       000010000D0002917
     110       0       0       1       0                               0D0002918
     110    3627       0       0       0       0       0       000010000D0002919
     110       0       0       2       0                               0D0002920
     110    3629       0       0       0       0       0       000010000D0002921
     110       0       0       1       0                               0D0002922
     110    3630       0       0       0       0       0       000010000D0002923
     110       0       0       1       0                               0D0002924
     144    3631       0       0       0       0       0       000020000D0002925
     144       0   -3367       1       0                               0D0002926
     108    3632       0       0       0       0       0       000010000D0002927
     108       0       0       2       0                               0D0002928
     142    3634       0       0       0       0       0       000010500D0002929
     142       0       0       1       0                               0D0002930
     102    3635       0       0       0       0       0       000010000D0002931
     102       0       0       1       0                               0D0002932
     110    3636       0       0       0       0       0       000010000D0002933
     110       0       0       1       0                               0D0002934
     110    3637       0       0       0       0       0       000010000D0002935
     110       0       0       1       0                               0D0002936
     110    3638       0       0       0       0       0       000010000D0002937
     110       0       0       1       0                               0D0002938
     110    3639       0       0       0       0       0       000010000D0002939
     110       0       0       2       0                               0D0002940
     144    3641       0       0       0       0       0       000020000D0002941
     144       0   -3367       1       0                               0D0002942
     108    3642       0       0       0       0       0       000010000D0002943
     108       0       0       1       0                               0D0002944
     142    3643       0       0       0       0       0       000010500D0002945
     142       0       0       1       0                               0D0002946
     102    3644       0       0       0       0       0       000010000D0002947
     102       0       0       1       0                               0D0002948
     110    3645       0       0       0       0       0       000010000D0002949
     110       0       0       1       0                               0D0002950
     110    3646       0       0       0       0       0       000010000D0002951
     110       0       0       1       0                               0D0002952
     110    3647       0       0       0       0       0       000010000D0002953
     110       0       0       1       0                               0D0002954
     110    3648       0       0       0       0       0       000010000D0002955
     110       0       0       1       0                               0D0002956
     144    3649       0       0       0       0       0       000020000D0002957
     144       0   -3367       1       0                               0D0002958
     108    3650       0       0       0       0       0       000010000D0002959
     108       0       0       2       0                               0D0002960
     142    3652       0       0       0       0       0       000010500D0002961
     142       0       0       1       0                               0D0002962
     102    3653       0       0       0       0       0       000010000D0002963
     102       0       0       1       0                               0D0002964
     110    3654       0       0       0       0       0       000010000D0002965
     110       0       0       1       0                               0D0002966
     110    3655       0       0       0       0       0       000010000D0002967
     110       0       0       2       0                               0D0002968
     110    3657       0       0       0       0       0       000010000D0002969
     110       0       0       1       0                               0D0002970
     110    3658       0       0       0       0       0       000010000D0002971
     110       0       0       1       0                               0D0002972
     144    3659       0       0       0       0       0       000020000D0002973
     144       0   -3367       1       0                               0D0002974
     108    3660       0       0       0       0       0       000010000D0002975
     108       0       0       2       0                               0D0002976
     142    3662       0       0       0       0       0       000010500D0002977
     142       0       0       1       0                               0D0002978
     102    3663       0       0       0       0       0       000010000D0002979
     102       0       0       1       0                               0D0002980
     110    3664       0       0       0       0       0       000010000D0002981
     110       0       0       1       0                               0D0002982
     110    3665       0       0       0       0       0       000010000D0002983
     110       0       0       1       0                               0D0002984
     110    3666       0       0       0       0       0       000010000D0002985
     110       0       0       1       0                               0D0002986
     110    3667       0       0       0       0       0       000010000D0002987
     110       0       0       2       0                               0D0002988
     144    3669       0       0       0       0       0       000020000D0002989
     144       0   -3367       1       0                               0D0002990
     108    3670       0       0       0       0       0       000010000D0002991
     108       0       0       1       0                               0D0002992
     142    3671       0       0       0       0       0       000010500D0002993
     142       0       0       1       0                               0D0002994
     102    3672       0       0       0       0       0       000010000D0002995
     102       0       0       1       0                               0D0002996
     110    3673       0       0       0       0       0       000010000D0002997
     110       0       0       1       0                               0D0002998
     110    3674       0       0       0       0       0       000010000D0002999
     110       0       0       1       0                               0D0003000
     110    3675       0       0       0       0       0       000010000D0003001
     110       0       0       1       0                               0D0003002
     110    3676       0       0       0       0       0       000010000D0003003
     110       0       0       1       0                               0D0003004
     144    3677       0       0       0       0       0       000020000D0003005
     144       0   -3367       1       0                               0D0003006
     108    3678       0       0       0       0       0       000010000D0003007
     108       0       0       2       0                               0D0003008
     142    3680       0       0       0       0       0       000010500D0003009
     142       0       0       1       0                               0D0003010
     102    3681       0       0       0       0       0       000010000D0003011
     102       0       0       1       0                               0D0003012
     110    3682       0       0       0       0       0       000010000D0003013
     110       0       0       1       0                               0D0003014
     110    3683       0       0       0       0       0       000010000D0003015
     110       0       0       2       0                               0D0003016
     110    3685       0       0       0       0       0       000010000D0003017
     110       0       0       1       0                               0D0003018
     110    3686       0       0       0       0       0       000010000D0003019
     110       0       0       1       0                               0D0003020
     144    3687       0       0       0       0       0       000020000D0003021
     144       0   -3367       1       0                               0D0003022
     108    3688       0       0       0       0       0       000010000D0003023
     108       0       0       2       0                               0D0003024
     142    3690       0       0       0       0       0       000010500D0003025
     142       0       0       1       0                               0D0003026
     102    3691       0       0       0       0       0       000010000D0003027
     102       0       0       2       0                               0D0003028
     110    3693       0       0       0       0       0       000010000D0003029
     110       0       0       2       0                               0D0003030
     110    3695       0       0       0       0       0       000010000D0003031
     110       0       0       2       0                               0D0003032
     110    3697       0       0       0       0       0       000010000D0003033
     110       0       0       2       0                               0D0003034
     110    3699       0       0       0       0       0       000010000D0003035
     110       0       0       2       0                               0D0003036
     110    3701       0       0       0       0       0       000010000D0003037
     110       0       0       2       0                               0D0003038
     110    3703       0       0       0       0       0       000010000D0003039
     110       0       0       2       0                               0D0003040
     110    3705       0       0       0       0       0       000010000D0003041
     110       0       0       2       0                               0D0003042
     110    3707       0       0       0       0       0       000010000D0003043
     110       0       0       2       0                               0D0003044
     110    3709       0       0       0       0       0       000010000D0003045
     110       0       0       2       0                               0D0003046
     110    3711       0       0       0       0       0       000010000D0003047
     110       0       0       2       0                               0D0003048
     110    3713       0       0       0       0       0       000010000D0003049
     110       0       0       2       0                               0D0003050
     110    3715       0       0       0       0       0       000010000D0003051
     110       0       0       2       0                               0D0003052
     110    3717       0       0       0       0       0       000010000D0003053
     110       0       0       2       0                               0D0003054
     110    3719       0       0       0       0       0       000010000D0003055
     110       0       0       2       0                               0D0003056
     110    3721       0       0       0       0       0       000010000D0003057
     110       0       0       1       0                               0D0003058
     110    3722       0       0       0       0       0       000010000D0003059
     110       0       0       1       0                               0D0003060
     110    3723       0       0       0       0       0       000010000D0003061
     110       0       0       1       0                               0D0003062
     110    3724       0       0       0       0       0       000010000D0003063
     110       0       0       1       0                               0D0003064
     110    3725       0       0       0       0       0       000010000D0003065
     110       0       0       1       0                               0D0003066
     110    3726       0       0       0       0       0       000010000D0003067
     110       0       0       1       0                               0D0003068
     110    3727       0       0       0       0       0       000010000D0003069
     110       0       0       1       0                               0D0003070
     110    3728       0       0       0       0       0       000010000D0003071
     110       0       0       1       0                               0D0003072
     110    3729       0       0       0       0       0       000010000D0003073
     110       0       0       1       0                               0D0003074
     144    3730       0       0       0       0       0       000020000D0003075
     144       0   -3367       1       0                               0D0003076
     108    3731       0       0       0       0       0       000010000D0003077
     108       0       0       2       0                               0D0003078
     142    3733       0       0       0       0       0       000010500D0003079
     142       0       0       1       0                               0D0003080
     102    3734       0       0       0       0       0       000010000D0003081
     102       0       0       2       0                               0D0003082
     110    3736       0       0       0       0       0       000010000D0003083
     110       0       0       2       0                               0D0003084
     110    3738       0       0       0       0       0       000010000D0003085
     110       0       0       1       0                               0D0003086
     110    3739       0       0       0       0       0       000010000D0003087
     110       0       0       1       0                               0D0003088
     110    3740       0       0       0       0       0       000010000D0003089
     110       0       0       1       0                               0D0003090
     110    3741       0       0       0       0       0       000010000D0003091
     110       0       0       1       0                               0D0003092
     110    3742       0       0       0       0       0       000010000D0003093
     110       0       0       1       0                               0D0003094
     110    3743       0       0       0       0       0       000010000D0003095
     110       0       0       1       0                               0D0003096
     110    3744       0       0       0       0       0       000010000D0003097
     110       0       0       1       0                               0D0003098
     110    3745       0       0       0       0       0       000010000D0003099
     110       0       0       1       0                               0D0003100
     110    3746       0       0       0       0       0       000010000D0003101
     110       0       0       1       0                               0D0003102
     110    3747       0       0       0       0       0       000010000D0003103
     110       0       0       2       0                               0D0003104
     110    3749       0       0       0       0       0       000010000D0003105
     110       0       0       2       0                               0D0003106
     110    3751       0       0       0       0       0       000010000D0003107
     110       0       0       2       0                               0D0003108
     110    3753       0       0       0       0       0       000010000D0003109
     110       0       0       2       0                               0D0003110
     110    3755       0       0       0       0       0       000010000D0003111
     110       0       0       2       0                               0D0003112
     110    3757       0       0       0       0       0       000010000D0003113
     110       0       0       2       0                               0D0003114
     110    3759       0       0       0       0       0       000010000D0003115
     110       0       0       2       0                               0D0003116
     110    3761       0       0       0       0       0       000010000D0003117
     110       0       0       2       0                               0D0003118
     110    3763       0       0       0       0       0       000010000D0003119
     110       0       0       2       0                               0D0003120
     110    3765       0       0       0       0       0       000010000D0003121
     110       0       0       2       0                               0D0003122
     110    3767       0       0       0       0       0       000010000D0003123
     110       0       0       2       0                               0D0003124
     110    3769       0       0       0       0       0       000010000D0003125
     110       0       0       2       0                               0D0003126
     110    3771       0       0       0       0       0       000010000D0003127
     110       0       0       2       0                               0D0003128
     402    3773       0       0       0       0       0       000020000D0003129
     402       0       0       2       1                               0D0003130
     144    3775       0       0       0       0       0       000020000D0003131
     144       0   -3367       1       0                               0D0003132
     108    3776       0       0       0       0       0       000010000D0003133
     108       0       0       2       0                               0D0003134
     142    3778       0       0       0       0       0       000010500D0003135
     142       0       0       1       0                               0D0003136
     102    3779       0       0       0       0       0       000010000D0003137
     102       0       0       1       0                               0D0003138
     110    3780       0       0       0       0       0       000010000D0003139
     110       0       0       1       0                               0D0003140
     110    3781       0       0       0       0       0       000010000D0003141
     110       0       0       1       0                               0D0003142
     110    3782       0       0       0       0       0       000010000D0003143
     110       0       0       1       0                               0D0003144
     110    3783       0       0       0       0       0       000010000D0003145
     110       0       0       2       0                               0D0003146
     144    3785       0       0       0       0       0       000020000D0003147
     144       0   -3367       1       0                               0D0003148
     108    3786       0       0       0       0       0       000010000D0003149
     108       0       0       2       0                               0D0003150
     142    3788       0       0       0       0       0       000010500D0003151
     142       0       0       1       0                               0D0003152
     102    3789       0       0       0       0       0       000010000D0003153
     102       0       0       1       0                               0D0003154
     110    3790       0       0       0       0       0       000010000D0003155
     110       0       0       1       0                               0D0003156
     110    3791       0       0       0       0       0       000010000D0003157
     110       0       0       1       0                               0D0003158
     110    3792       0       0       0       0       0       000010000D0003159
     110       0       0       1       0                               0D0003160
     110    3793       0       0       0       0       0       000010000D0003161
     110       0       0       1       0                               0D0003162
     144    3794       0       0       0       0       0       000020000D0003163
     144       0   -3367       1       0                               0D0003164
     108    3795       0       0       0       0       0       000010000D0003165
     108       0       0       2       0                               0D0003166
     142    3797       0       0       0       0       0       000010500D0003167
     142       0       0       1       0                               0D0003168
     102    3798       0       0       0       0       0       000010000D0003169
     102       0       0       1       0                               0D0003170
     110    3799       0       0       0       0       0       000010000D0003171
     110       0       0       1       0                               0D0003172
     110    3800       0       0       0       0       0       000010000D0003173
     110       0       0       2       0                               0D0003174
     110    3802       0       0       0       0       0       000010000D0003175
     110       0       0       1       0                               0D0003176
     110    3803       0       0       0       0       0       000010000D0003177
     110       0       0       1       0                               0D0003178
     144    3804       0       0       0       0       0       000020000D0003179
     144       0   -3367       1       0                               0D0003180
     108    3805       0       0       0       0       0       000010000D0003181
     108       0       0       2       0                               0D0003182
     142    3807       0       0       0       0       0       000010500D0003183
     142       0       0       1       0                               0D0003184
     102    3808       0       0       0       0       0       000010000D0003185
     102       0       0       1       0                               0D0003186
     110    3809       0       0       0       0       0       000010000D0003187
     110       0       0       1       0                               0D0003188
     110    3810       0       0       0       0       0       000010000D0003189
     110       0       0       1       0                               0D0003190
     110    3811       0       0       0       0       0       000010000D0003191
     110       0       0       1       0                               0D0003192
     110    3812       0       0       0       0       0       000010000D0003193
     110       0       0       2       0                               0D0003194
     144    3814       0       0       0       0       0       000020000D0003195
     144       0   -3367       1       0                               0D0003196
     108    3815       0       0       0       0       0       000010000D0003197
     108       0       0       1       0                               0D0003198
     142    3816       0       0       0       0       0       000010500D0003199
     142       0       0       1       0                               0D0003200
     102    3817       0       0       0       0       0       000010000D0003201
     102       0       0       1       0                               0D0003202
     110    3818       0       0       0       0       0       000010000D0003203
     110       0       0       1       0                               0D0003204
     110    3819       0       0       0       0       0       000010000D0003205
     110       0       0       1       0                               0D0003206
     110    3820       0       0       0       0       0       000010000D0003207
     110       0       0       1       0                               0D0003208
     110    3821       0       0       0       0       0       000010000D0003209
     110       0       0       1       0                               0D0003210
     144    3822       0       0       0       0       0       000020000D0003211
     144       0   -3367       1       0                               0D0003212
     108    3823       0       0       0       0       0       000010000D0003213
     108       0       0       2       0                               0D0003214
     142    3825       0       0       0       0       0       000010500D0003215
     142       0       0       1       0                               0D0003216
     102    3826       0       0       0       0       0       000010000D0003217
     102       0       0       1       0                               0D0003218
     110    3827       0       0       0       0       0       000010000D0003219
     110       0       0       1       0                               0D0003220
     110    3828       0       0       0       0       0       000010000D0003221
     110       0       0       2       0                               0D0003222
     110    3830       0       0       0       0       0       000010000D0003223
     110       0       0       1       0                               0D0003224
     110    3831       0       0       0       0       0       000010000D0003225
     110       0       0       1       0                               0D0003226
     144    3832       0       0       0       0       0       000020000D0003227
     144       0   -3367       1       0                               0D0003228
     108    3833       0       0       0       0       0       000010000D0003229
     108       0       0       2       0                               0D0003230
     142    3835       0       0       0       0       0       000010500D0003231
     142       0       0       1       0                               0D0003232
     102    3836       0       0       0       0       0       000010000D0003233
     102       0       0       1       0                               0D0003234
     110    3837       0       0       0       0       0       000010000D0003235
     110       0       0       2       0                               0D0003236
     110    3839       0       0       0       0       0       000010000D0003237
     110       0       0       2       0                               0D0003238
     110    3841       0       0       0       0       0       000010000D0003239
     110       0       0       2       0                               0D0003240
     110    3843       0       0       0       0       0       000010000D0003241
     110       0       0       2       0                               0D0003242
     144    3845       0       0       0       0       0       000020000D0003243
     144       0   -3367       1       0                               0D0003244
     108    3846       0       0       0       0       0       000010000D0003245
     108       0       0       2       0                               0D0003246
     142    3848       0       0       0       0       0       000010500D0003247
     142       0       0       1       0                               0D0003248
     102    3849       0       0       0       0       0       000010000D0003249
     102       0       0       1       0                               0D0003250
     110    3850       0       0       0       0       0       000010000D0003251
     110       0       0       2       0                               0D0003252
     110    3852       0       0       0       0       0       000010000D0003253
     110       0       0       2       0                               0D0003254
     110    3854       0       0       0       0       0       000010000D0003255
     110       0       0       2       0                               0D0003256
     110    3856       0       0       0       0       0       000010000D0003257
     110       0       0       2       0                               0D0003258
     144    3858       0       0       0       0       0       000020000D0003259
     144       0   -3367       1       0                               0D0003260
     108    3859       0       0       0       0       0       000010000D0003261
     108       0       0       2       0                               0D0003262
     142    3861       0       0       0       0       0       000010500D0003263
     142       0       0       1       0                               0D0003264
     102    3862       0       0       0       0       0       000010000D0003265
     102       0       0       1       0                               0D0003266
     110    3863       0       0       0       0       0       000010000D0003267
     110       0       0       2       0                               0D0003268
     110    3865       0       0       0       0       0       000010000D0003269
     110       0       0       2       0                               0D0003270
     110    3867       0       0       0       0       0       000010000D0003271
     110       0       0       2       0                               0D0003272
     110    3869       0       0       0       0       0       000010000D0003273
     110       0       0       2       0                               0D0003274
     144    3871       0       0       0       0       0       000020000D0003275
     144       0   -3367       1       0                               0D0003276
     108    3872       0       0       0       0       0       000010000D0003277
     108       0       0       2       0                               0D0003278
     142    3874       0       0       0       0       0       000010500D0003279
     142       0       0       1       0                               0D0003280
     102    3875       0       0       0       0       0       000010000D0003281
     102       0       0       1       0                               0D0003282
     110    3876       0       0       0       0       0       000010000D0003283
     110       0       0       2       0                               0D0003284
     110    3878       0       0       0       0       0       000010000D0003285
     110       0       0       2       0                               0D0003286
     110    3880       0       0       0       0       0       000010000D0003287
     110       0       0       2       0                               0D0003288
     110    3882       0       0       0       0       0       000010000D0003289
     110       0       0       2       0                               0D0003290
     144    3884       0       0       0       0       0       000020000D0003291
     144       0   -3367       1       0                               0D0003292
     108    3885       0       0       0       0       0       000010000D0003293
     108       0       0       2       0                               0D0003294
     142    3887       0       0       0       0       0       000010500D0003295
     142       0       0       1       0                               0D0003296
     102    3888       0       0       0       0       0       000010000D0003297
     102       0       0       1       0                               0D0003298
     110    3889       0       0       0       0       0       000010000D0003299
     110       0       0       2       0                               0D0003300
     110    3891       0       0       0       0       0       000010000D0003301
     110       0       0       2       0                               0D0003302
     110    3893       0       0       0       0       0       000010000D0003303
     110       0       0       2       0                               0D0003304
     110    3895       0       0       0       0       0       000010000D0003305
     110       0       0       2       0                               0D0003306
     144    3897       0       0       0       0       0       000020000D0003307
     144       0   -3367       1       0                               0D0003308
     108    3898       0       0       0       0       0       000010000D0003309
     108       0       0       2       0                               0D0003310
     142    3900       0       0       0       0       0       000010500D0003311
     142       0       0       1       0                               0D0003312
     102    3901       0       0       0       0       0       000010000D0003313
     102       0       0       1       0                               0D0003314
     110    3902       0       0       0       0       0       000010000D0003315
     110       0       0       1       0                               0D0003316
     110    3903       0       0       0       0       0       000010000D0003317
     110       0       0       1       0                               0D0003318
     110    3904       0       0       0       0       0       000010000D0003319
     110       0       0       1       0                               0D0003320
     110    3905       0       0       0       0       0       000010000D0003321
     110       0       0       1       0                               0D0003322
     110    3906       0       0       0       0       0       000010000D0003323
     110       0       0       1       0                               0D0003324
     110    3907       0       0       0       0       0       000010000D0003325
     110       0       0       1       0                               0D0003326
     110    3908       0       0       0       0       0       000010000D0003327
     110       0       0       2       0                               0D0003328
     110    3910       0       0       0       0       0       000010000D0003329
     110       0       0       2       0                               0D0003330
     110    3912       0       0       0       0       0       000010000D0003331
     110       0       0       2       0                               0D0003332
     110    3914       0       0       0       0       0       000010000D0003333
     110       0       0       2       0                               0D0003334
     110    3916       0       0       0       0       0       000010000D0003335
     110       0       0       2       0                               0D0003336
     144    3918       0       0       0       0       0       000020000D0003337
     144       0   -3367       1       0                               0D0003338
     108    3919       0       0       0       0       0       000010000D0003339
     108       0       0       2       0                               0D0003340
     142    3921       0       0       0       0       0       000010500D0003341
     142       0       0       1       0                               0D0003342
     102    3922       0       0       0       0       0       000010000D0003343
     102       0       0       1       0                               0D0003344
     110    3923       0       0       0       0       0       000010000D0003345
     110       0       0       1       0                               0D0003346
     110    3924       0       0       0       0       0       000010000D0003347
     110       0       0       2       0                               0D0003348
     110    3926       0       0       0       0       0       000010000D0003349
     110       0       0       2       0                               0D0003350
     110    3928       0       0       0       0       0       000010000D0003351
     110       0       0       2       0                               0D0003352
     110    3930       0       0       0       0       0       000010000D0003353
     110       0       0       2       0                               0D0003354
     110    3932       0       0       0       0       0       000010000D0003355
     110       0       0       2       0                               0D0003356
     110    3934       0       0       0       0       0       000010000D0003357
     110       0       0       1       0                               0D0003358
     110    3935       0       0       0       0       0       000010000D0003359
     110       0       0       1       0                               0D0003360
     110    3936       0       0       0       0       0       000010000D0003361
     110       0       0       1       0                               0D0003362
     110    3937       0       0       0       0       0       000010000D0003363
     110       0       0       1       0                               0D0003364
     110    3938       0       0       0       0       0       000010000D0003365
     110       0       0       1       0                               0D0003366
     314    3939       0       0       0       0       0       000000200D0003367
     314       0       0       1       0                               0D0003368
     314    3940       0       0       0       0       0       000000200D0003369
     314       0       0       1       0                               0D0003370
     314    3941       0       0       0       0       0       000000200D0003371
     314       0       0       1       0                               0D0003372
     406    3942       0       0       0       0       0       000000000D0003373
     406       0       0       1      15                               0D0003374
402,4,3,2293,2651,3129,0,1,3373;                                 0000001P0000001
402,72,5,49,77,105,133,177,205,233,261,305,333,377,405,433,461,  0000003P0000002
477,493,509,525,541,557,573,589,605,621,637,653,669,685,721,757, 0000003P0000003
793,829,865,901,937,973,1025,1061,1097,1133,1169,1213,1249,1285, 0000003P0000004
1313,1349,1385,1413,1449,1485,1521,1557,1593,1629,1665,1701,     0000003P0000005
1745,1781,1817,1853,1889,1917,1953,1989,2033,2069,2105,2133,     0000003P0000006
2173,2213,2253;                                                  0000003P0000007
144,7,1,0,15;                                                    0000005P0000008
120,11,13,-5.329070518E-15,1.570796327;                          0000007P0000009
124,1.,0.,0.,0.33024,0.,1.,0.,1.976E-02,0.,0.,1.,0.;             0000009P0000010
110,0.,0.,1.,0.,0.,0.;                                           0000011P0000011
110,1.976E-02,0.,-0.93024,1.976E-02,0.,-1.976E-02;               0000013P0000012
142,0,7,17,31,3;                                                 0000015P0000013
102,6,19,21,23,25,27,29;                                         0000017P0000014
110,-1.149240565E-15,1.570796327,0.,-1.532320753E-15,            0000019P0000015
-4.440892099E-15,0.;                                             0000019P0000016
110,-1.585196745E-15,1.569802066E-15,0.,2.170283806E-02,         0000021P0000017
1.574189668E-15,0.;                                              0000021P0000018
110,2.170283806E-02,1.785132042E-15,0.,0.978297162,              0000023P0000019
1.978524011E-15,0.;                                              0000023P0000020
110,0.978297162,1.767581637E-15,0.,1.,1.771969238E-15,0.;        0000025P0000021
110,1.,1.776356839E-15,0.,1.,1.570796327,0.;                     0000027P0000022
110,1.,1.570796327,0.,-1.341320322E-15,1.570796327,0.;           0000029P0000023
102,6,33,37,39,41,43,47;                                         0000031P0000024
100,0.,0.,0.,1.110223025E-16,1.976E-02,-1.976E-02,               0000033P0000025
3.469446952E-18;                                                 0000033P0000026
124,-1.,-0.,0.,0.33024,0.,-1.,0.,1.976E-02,0.,0.,1.,-0.93024;    0000035P0000027
110,0.35,1.976E-02,-0.93024,0.35,1.976E-02,-0.91048;             0000037P0000028
110,0.35,1.976E-02,-0.91048,0.35,1.976E-02,-3.952E-02;           0000039P0000029
110,0.35,1.976E-02,-3.952E-02,0.35,1.976E-02,-1.976E-02;         0000041P0000030
100,0.,0.,0.,1.976E-02,0.,0.,1.976E-02;                          0000043P0000031
124,1.,0.,2.057569912E-15,0.33024,0.,-1.,-0.,1.976E-02,          0000045P0000032
2.057569912E-15,0.,-1.,-1.976E-02;                               0000045P0000033
110,0.33024,0.,-1.976E-02,0.33024,0.,-0.93024;                   0000047P0000034
144,51,1,0,59;                                                   0000049P0000035
120,55,57,5.985933946,6.283185307;                               0000051P0000036
124,1.,0.,0.,0.33024,0.,1.,0.,1.976E-02,0.,0.,1.,0.;             0000053P0000037
110,0.,0.,1.,0.,0.,0.;                                           0000055P0000038
110,1.976E-02,0.,-0.93024,1.976E-02,0.,-0.91048;                 0000057P0000039
142,0,51,61,69,3;                                                0000059P0000040
102,3,63,65,67;                                                  0000061P0000041
110,1.,6.283185307,0.,-1.123707515E-14,6.283185307,0.;           0000063P0000042
126,24,3,1,0,1,0,1.570796327,1.570796327,1.570796327,            0000065P0000043
1.570796327,1.584307752,1.597819178,1.611330603,1.624842029,     0000065P0000044
1.638353454,1.65186488,1.665376305,1.678887731,1.692399156,      0000065P0000045
1.705910582,1.719422007,1.732933433,1.746444858,1.759956284,     0000065P0000046
1.77346771,1.786979135,1.800490561,1.814001986,1.827513412,      0000065P0000047
1.841024837,1.854536263,1.868047688,1.868047688,1.868047688,     0000065P0000048
1.868047688,1.,1.,1.,1.,1.,1.,1.,1.,1.,1.,1.,1.,1.,1.,1.,1.,1.,  0000065P0000049
1.,1.,1.,1.,1.,1.,1.,1.,0.,6.283185307,0.,4.487244086E-03,       0000065P0000050
6.278698062,0.,1.34662353E-02,6.269719073,0.,2.694456176E-02,    0000065P0000051
6.256238301,0.,4.042906473E-02,6.242746449,0.,5.391605888E-02,   0000065P0000052
6.229244734,0.,6.740184855E-02,6.215734376,0.,8.088272877E-02,   0000065P0000053
6.202216601,0.,9.435498926E-02,6.188692639,0.,0.107814918,       0000065P0000054
6.175163724,0.,0.121258803,6.161631091,0.,0.134682939,           0000065P0000055
6.148095979,0.,0.148083627,6.134559627,0.,0.161457181,           0000065P0000056
6.121023274,0.,0.174799929,6.107488162,0.,0.188108218,           0000065P0000057
6.093955529,0.,0.201378416,6.080426614,0.,0.214606915,           0000065P0000058
6.066902652,0.,0.227790138,6.053384877,0.,0.240924537,           0000065P0000059
6.039874519,0.,0.254006598,6.026372804,0.,0.267032848,           0000065P0000060
6.012880952,0.,0.279999849,5.99940018,0.,0.288602765,            0000065P0000061
5.990421191,0.,0.292893219,5.985933946,0.,1.570796327,           0000065P0000062
1.868047688,-0.,-0.,1.;                                          0000065P0000063
126,24,3,1,0,1,0,0.,0.,0.,0.,7.029509028E-07,1.405901806E-06,    0000067P0000064
2.108852708E-06,2.811803611E-06,3.514754514E-06,4.217705417E-06, 0000067P0000065
4.92065632E-06,5.623607223E-06,6.326558125E-06,7.029509028E-06,  0000067P0000066
7.732459931E-06,8.435410834E-06,9.138361737E-06,9.841312639E-06, 0000067P0000067
1.054426354E-05,1.124721445E-05,1.195016535E-05,1.265311625E-05, 0000067P0000068
1.335606715E-05,1.405901806E-05,1.476196896E-05,1.546491986E-05, 0000067P0000069
1.546491986E-05,1.546491986E-05,1.546491986E-05,1.,1.,1.,1.,1.,  0000067P0000070
1.,1.,1.,1.,1.,1.,1.,1.,1.,1.,1.,1.,1.,1.,1.,1.,1.,1.,1.,1.,     0000067P0000071
0.292893219,5.985933946,0.,0.301088152,5.994504455,0.,           0000067P0000072
0.317845732,6.011340859,0.,0.344016419,6.035651022,0.,           0000067P0000073
0.371152574,6.058987466,0.,0.399185446,6.081316286,0.,           0000067P0000074
0.428045924,6.102600561,0.,0.457666234,6.12280114,0.,            0000067P0000075
0.487973614,6.141873087,0.,0.518913919,6.1597803,0.,0.550363519, 0000067P0000076
6.176441659,0.,0.582525924,6.191969109,0.,0.615295005,           0000067P0000077
6.206336312,0.,0.648614158,6.219530167,0.,0.682413345,           0000067P0000078
6.231532867,0.,0.716626735,6.242326747,0.,0.751185105,           0000067P0000079
6.251892559,0.,0.786028597,6.260211488,0.,0.821063279,           0000067P0000080
6.267258973,0.,0.856322151,6.273027818,0.,0.892129393,           0000067P0000081
6.277564665,0.,0.928009849,6.280802039,0.,0.964002489,           0000067P0000082
6.282751264,0.,0.98800607,6.283185303,0.,1.,6.283185307,0.,0.,   0000067P0000083
1.546491986E-05,-0.,-0.,1.;                                      0000067P0000084
102,3,71,73,75;                                                  0000069P0000085
110,0.35,1.976E-02,-0.91048,0.35,1.976E-02,-0.93024;             0000071P0000086
126,3,3,1,0,0,0,1.570796327,1.570796327,1.570796327,1.570796327, 0000073P0000087
1.868047688,1.868047688,1.868047688,1.868047688,1.,0.992650347,  0000073P0000088
0.992650347,1.,0.35,1.976E-02,-0.93024,0.35,2.172513849E-02,     0000073P0000089
-0.928274862,0.349709004,2.366861235E-02,-0.926331388,           0000073P0000090
0.349133428,2.554757E-02,-0.92445243,1.570796327,1.868047688,    0000073P0000091
2.156928316E-12,-0.707106781,0.707106781;                        0000073P0000092
126,9,3,0,0,1,0,0.,0.,0.,0.,6.219594429E-06,6.219594429E-06,     0000075P0000093
6.219594429E-06,1.240638413E-05,1.240638413E-05,1.240638413E-05, 0000075P0000094
1.546491986E-05,1.546491986E-05,1.546491986E-05,1.546491986E-05, 0000075P0000095
1.,1.,1.,1.,1.,1.,1.,1.,1.,1.,0.349133428,2.554757E-02,          0000075P0000096
-0.92445243,0.349572318,2.411482321E-02,-0.923019683,0.34977855, 0000075P0000097
2.285812925E-02,-0.921302529,0.349881881,2.191734067E-02,        0000075P0000098
-0.919457972,0.349984858,2.097976406E-02,-0.917619713,           0000075P0000099
0.349994564,2.032462988E-02,-0.915604861,0.349998516,            0000075P0000100
2.000215837E-02,-0.913564065,0.350000489,1.98412151E-02,         0000075P0000101
-0.912545518,0.35,1.976E-02,-0.911511186,0.35,1.976E-02,         0000075P0000102
-0.91048,0.,1.546491986E-05,0.967003714,0.248304204,             0000075P0000103
5.699859049E-02;                                                 0000075P0000104
144,79,1,0,87;                                                   0000077P0000105
120,83,85,0.,0.297251361;                                        0000079P0000106
124,1.,0.,5.4868531E-15,0.33024,5.4868531E-15,0.,-1.,0.9,0.,1.,  0000081P0000107
0.,-1.976E-02;                                                   0000081P0000108
110,0.,0.,1.,0.,0.,0.;                                           0000083P0000109
110,1.976E-02,0.,1.976E-02,1.976E-02,0.,3.952E-02;               0000085P0000110
142,0,79,89,97,3;                                                0000087P0000111
102,3,91,93,95;                                                  0000089P0000112
126,24,3,1,0,1,0,4.71238898,4.71238898,4.71238898,4.71238898,    0000091P0000113
4.725900406,4.739411831,4.752923257,4.766434682,4.779946108,     0000091P0000114
4.793457533,4.806968959,4.820480385,4.83399181,4.847503236,      0000091P0000115
4.861014661,4.874526087,4.888037512,4.901548938,4.915060363,     0000091P0000116
4.928571789,4.942083214,4.95559464,4.969106065,4.982617491,      0000091P0000117
4.996128916,5.009640342,5.009640342,5.009640342,5.009640342,1.,  0000091P0000118
1.,1.,1.,1.,1.,1.,1.,1.,1.,1.,1.,1.,1.,1.,1.,1.,1.,1.,1.,1.,1.,  0000091P0000119
1.,1.,1.,0.292893219,0.297251361,0.,0.288602765,0.292764116,0.,  0000091P0000120
0.279999849,0.283785127,0.,0.267032848,0.270304355,0.,           0000091P0000121
0.254006598,0.256812503,0.,0.240924537,0.243310788,0.,           0000091P0000122
0.227790138,0.22980043,0.,0.214606915,0.216282655,0.,            0000091P0000123
0.201378416,0.202758693,0.,0.188108218,0.189229778,0.,           0000091P0000124
0.174799929,0.175697145,0.,0.161457181,0.162162033,0.,           0000091P0000125
0.148083627,0.148625681,0.,0.134682939,0.135089328,0.,           0000091P0000126
0.121258803,0.121554216,0.,0.107814918,0.108021583,0.,           0000091P0000127
9.435498926E-02,9.449266793E-02,0.,8.088272877E-02,              0000091P0000128
8.096870627E-02,0.,6.740184855E-02,6.745093147E-02,0.,           0000091P0000129
5.391605888E-02,5.394057344E-02,0.,4.042906473E-02,              0000091P0000130
4.043885805E-02,0.,2.694456176E-02,2.69470063E-02,0.,            0000091P0000131
1.34662353E-02,1.346623446E-02,0.,4.487244086E-03,               0000091P0000132
4.487245048E-03,0.,-7.060462547E-14,1.776356839E-15,0.,          0000091P0000133
4.71238898,5.009640342,-0.,-0.,1.;                               0000091P0000134
110,-7.040729897E-14,1.780744441E-15,0.,1.,1.785132042E-15,0.;   0000093P0000135
126,24,3,1,0,1,0,2.200199671E-19,2.200199671E-19,                0000095P0000136
2.200199671E-19,2.200199671E-19,7.037440522E-07,1.407488104E-06, 0000095P0000137
2.111232157E-06,2.814976209E-06,3.518720261E-06,4.222464313E-06, 0000095P0000138
4.926208365E-06,5.629952417E-06,6.33369647E-06,7.037440522E-06,  0000095P0000139
7.741184574E-06,8.444928626E-06,9.148672678E-06,9.85241673E-06,  0000095P0000140
1.055616078E-05,1.125990483E-05,1.196364889E-05,1.266739294E-05, 0000095P0000141
1.337113699E-05,1.407488104E-05,1.47786251E-05,1.548236915E-05,  0000095P0000142
1.548236915E-05,1.548236915E-05,1.548236915E-05,1.,1.,1.,1.,1.,  0000095P0000143
1.,1.,1.,1.,1.,1.,1.,1.,1.,1.,1.,1.,1.,1.,1.,1.,1.,1.,1.,1.,1.,  0000095P0000144
1.776356839E-15,0.,0.988128474,2.507865915E-09,0.,0.964350671,   0000095P0000145
4.347109002E-04,0.,0.92864733,2.379339798E-03,0.,0.892974962,    0000095P0000146
5.604936214E-03,0.,0.857401194,1.010009375E-02,0.,0.821993598,   0000095P0000147
1.585372239E-02,0.,0.786819951,2.285505287E-02,0.,0.751947253,   0000095P0000148
3.109388411E-02,0.,0.717445417,4.05596413E-02,0.,0.683373481,    0000095P0000149
5.12446309E-02,0.,0.649831065,6.313139874E-02,0.,0.616623143,    0000095P0000150
7.629523466E-02,0.,0.583849701,9.068518295E-02,0.,0.551570304,   0000095P0000151
0.106271509,0.,0.519855446,0.12302102,0.,0.48877232,0.140904224, 0000095P0000152
0.,0.4583904,0.159892042,0.,0.428773334,0.179962349,0.,          0000095P0000153
0.400005794,0.201077606,0.,0.372094181,0.223268218,0.,           0000095P0000154
0.34462296,0.246898655,0.,0.318187003,0.271485741,0.,            0000095P0000155
0.301204487,0.288559206,0.,0.292893219,0.297251361,0.,           0000095P0000156
2.200199671E-19,1.548236915E-05,-0.,-0.,1.;                      0000095P0000157
102,3,99,101,103;                                                0000097P0000158
126,3,3,1,0,0,0,4.71238898,4.71238898,4.71238898,4.71238898,     0000099P0000159
5.009640342,5.009640342,5.009640342,5.009640342,1.,0.992650347,  0000099P0000160
0.992650347,1.,0.349133428,0.87445243,-2.554757E-02,0.349709004, 0000099P0000161
0.876331388,-2.366861235E-02,0.35,0.878274862,-2.172513849E-02,  0000099P0000162
0.35,0.88024,-1.976E-02,4.71238898,5.009640342,0.,-0.707106781,  0000099P0000163
0.707106781;                                                     0000099P0000164
110,0.35,0.88024,-1.976E-02,0.35,0.86048,-1.976E-02;             0000101P0000165
126,9,3,0,0,1,0,2.200199671E-19,2.200199671E-19,2.200199671E-19, 0000103P0000166
2.200199671E-19,6.575748506E-06,6.575748506E-06,6.575748506E-06, 0000103P0000167
1.316507642E-05,1.316507642E-05,1.316507642E-05,1.548236915E-05, 0000103P0000168
1.548236915E-05,1.548236915E-05,1.548236915E-05,1.,1.,1.,1.,1.,  0000103P0000169
1.,1.,1.,1.,1.,0.35,0.86048,-1.976E-02,0.35,0.862671916,         0000103P0000170
-1.976E-02,0.350009566,0.864893809,-2.013498528E-02,0.349969686, 0000103P0000171
0.866964015,-2.085411815E-02,0.349929763,0.869036441,            0000103P0000172
-2.157402214E-02,0.349834115,0.871017939,-2.266366053E-02,       0000103P0000173
0.349537354,0.872724343,-2.401085195E-02,0.349431523,            0000103P0000174
0.873332876,-2.449128367E-02,0.349299084,0.87391165,             0000103P0000175
-2.500679031E-02,0.349133428,0.87445243,-2.554757E-02,           0000103P0000176
2.200199671E-19,1.548236915E-05,-0.968120385,5.502466168E-02,    0000103P0000177
0.244366949;                                                     0000103P0000178
144,107,1,0,115;                                                 0000105P0000179
120,111,113,0.,0.297251361;                                      0000107P0000180
124,1.,0.,5.4868531E-15,0.33024,5.4868531E-15,0.,-1.,0.9,0.,1.,  0000109P0000181
0.,-1.976E-02;                                                   0000109P0000182
110,0.,0.,1.,0.,0.,0.;                                           0000111P0000183
110,1.976E-02,0.,0.86048,1.976E-02,0.,0.88024;                   0000113P0000184
142,0,107,117,125,3;                                             0000115P0000185
102,3,119,121,123;                                               0000117P0000186
126,24,3,1,0,1,0,0.,0.,0.,0.,7.029509028E-07,1.405901806E-06,    0000119P0000187
2.108852708E-06,2.811803611E-06,3.514754514E-06,4.217705417E-06, 0000119P0000188
4.92065632E-06,5.623607223E-06,6.326558125E-06,7.029509028E-06,  0000119P0000189
7.732459931E-06,8.435410834E-06,9.138361737E-06,9.841312639E-06, 0000119P0000190
1.054426354E-05,1.124721445E-05,1.195016535E-05,1.265311625E-05, 0000119P0000191
1.335606715E-05,1.405901806E-05,1.476196896E-05,1.546491986E-05, 0000119P0000192
1.546491986E-05,1.546491986E-05,1.546491986E-05,1.,1.,1.,1.,1.,  0000119P0000193
1.,1.,1.,1.,1.,1.,1.,1.,1.,1.,1.,1.,1.,1.,1.,1.,1.,1.,1.,1.,     0000119P0000194
0.707106781,0.297251361,0.,0.698911848,0.288680852,0.,           0000119P0000195
0.682154268,0.271844448,0.,0.655983581,0.247534285,0.,           0000119P0000196
0.628847426,0.224197841,0.,0.600814554,0.201869021,0.,           0000119P0000197
0.571954076,0.180584746,0.,0.542333766,0.160384167,0.,           0000119P0000198
0.512026386,0.14131222,0.,0.481086081,0.123405008,0.,            0000119P0000199
0.449636481,0.106743648,0.,0.417474076,9.121619867E-02,0.,       0000119P0000200
0.384704995,7.684899537E-02,0.,0.351385842,6.36551398E-02,0.,    0000119P0000201
0.317586655,5.165244059E-02,0.,0.283373265,4.085856029E-02,0.,   0000119P0000202
0.248814895,3.129274788E-02,0.,0.213971403,2.297381961E-02,0.,   0000119P0000203
0.178936721,1.592633459E-02,0.,0.143677849,1.015748939E-02,0.,   0000119P0000204
0.107870607,5.620642251E-03,0.,7.199015073E-02,2.383268493E-03,  0000119P0000205
0.,3.599751145E-02,4.340430117E-04,0.,1.19939296E-02,            0000119P0000206
4.484724592E-09,0.,-7.060462547E-14,1.776356839E-15,0.,0.,       0000119P0000207
1.546491986E-05,-0.,-0.,1.;                                      0000119P0000208
110,-6.180391331E-14,1.967421781E-15,0.,1.,1.971809382E-15,0.;   0000121P0000209
126,24,3,1,0,1,0,1.570796327,1.570796327,1.570796327,            0000123P0000210
1.570796327,1.584307752,1.597819178,1.611330603,1.624842029,     0000123P0000211
1.638353454,1.65186488,1.665376305,1.678887731,1.692399156,      0000123P0000212
1.705910582,1.719422007,1.732933433,1.746444858,1.759956284,     0000123P0000213
1.77346771,1.786979135,1.800490561,1.814001986,1.827513412,      0000123P0000214
1.841024837,1.854536263,1.868047688,1.868047688,1.868047688,     0000123P0000215
1.868047688,1.,1.,1.,1.,1.,1.,1.,1.,1.,1.,1.,1.,1.,1.,1.,1.,1.,  0000123P0000216
1.,1.,1.,1.,1.,1.,1.,1.,1.,1.776356839E-15,0.,0.995512756,       0000123P0000217
4.487245048E-03,0.,0.986533765,1.346623446E-02,0.,0.973055438,   0000123P0000218
2.69470063E-02,0.,0.959570935,4.043885805E-02,0.,0.946083941,    0000123P0000219
5.394057344E-02,0.,0.932598151,6.745093147E-02,0.,0.919117271,   0000123P0000220
8.096870627E-02,0.,0.905645011,9.449266793E-02,0.,0.892185082,   0000123P0000221
0.108021583,0.,0.878741197,0.121554216,0.,0.865317061,           0000123P0000222
0.135089328,0.,0.851916373,0.148625681,0.,0.838542819,           0000123P0000223
0.162162033,0.,0.825200071,0.175697145,0.,0.811891782,           0000123P0000224
0.189229778,0.,0.798621584,0.202758693,0.,0.785393085,           0000123P0000225
0.216282655,0.,0.772209862,0.22980043,0.,0.759075463,            0000123P0000226
0.243310788,0.,0.745993402,0.256812503,0.,0.732967152,           0000123P0000227
0.270304355,0.,0.720000151,0.283785127,0.,0.711397235,           0000123P0000228
0.292764116,0.,0.707106781,0.297251361,0.,1.570796327,           0000123P0000229
1.868047688,-0.,-0.,1.;                                          0000123P0000230
102,3,127,129,131;                                               0000125P0000231
126,9,3,0,0,1,0,0.,0.,0.,0.,6.219594429E-06,6.219594429E-06,     0000127P0000232
6.219594429E-06,1.240638413E-05,1.240638413E-05,1.240638413E-05, 0000127P0000233
1.546491986E-05,1.546491986E-05,1.546491986E-05,1.546491986E-05, 0000127P0000234
1.,1.,1.,1.,1.,1.,1.,1.,1.,1.,0.349133428,2.554757E-02,          0000127P0000235
-2.554757E-02,0.349572318,2.69803168E-02,-2.411482321E-02,       0000127P0000236
0.34977855,2.869747088E-02,-2.285812925E-02,0.349881881,         0000127P0000237
3.054202781E-02,-2.191734067E-02,0.349984858,3.238028721E-02,    0000127P0000238
-2.097976406E-02,0.349994564,3.439513881E-02,-2.032462988E-02,   0000127P0000239
0.349998516,3.643593484E-02,-2.000215837E-02,0.350000489,        0000127P0000240
3.74544818E-02,-1.98412151E-02,0.35,3.848881402E-02,-1.976E-02,  0000127P0000241
0.35,3.952E-02,-1.976E-02,0.,1.546491986E-05,-0.967003714,       0000127P0000242
-5.699859049E-02,0.248304204;                                    0000127P0000243
110,0.35,3.952E-02,-1.976E-02,0.35,1.976E-02,-1.976E-02;         0000129P0000244
126,3,3,1,0,0,0,1.570796327,1.570796327,1.570796327,1.570796327, 0000131P0000245
1.868047688,1.868047688,1.868047688,1.868047688,1.,0.992650347,  0000131P0000246
0.992650347,1.,0.35,1.976E-02,-1.976E-02,0.35,2.172513849E-02,   0000131P0000247
-2.172513849E-02,0.349709004,2.366861235E-02,-2.366861235E-02,   0000131P0000248
0.349133428,2.554757E-02,-2.554757E-02,1.570796327,1.868047688,  0000131P0000249
-8.256991208E-13,0.707106781,0.707106781;                        0000131P0000250
144,135,1,0,143;                                                 0000133P0000251
120,139,141,0.,1.570796327;                                      0000135P0000252
124,1.,0.,5.4868531E-15,0.33024,5.4868531E-15,0.,-1.,            0000137P0000253
-7.790014557E-15,0.,1.,0.,-0.93024;                              0000137P0000254
110,0.,0.,1.,0.,0.,0.;                                           0000139P0000255
110,1.976E-02,0.,-0.88024,1.976E-02,0.,-1.976E-02;               0000141P0000256
142,0,135,145,159,3;                                             0000143P0000257
102,6,147,149,151,153,155,157;                                   0000145P0000258
110,-1.216019605E-15,1.570796327,0.,-1.621359473E-15,            0000147P0000259
8.881784197E-16,0.;                                              0000147P0000260
110,-1.806331622E-15,1.580904296E-15,0.,2.296392711E-02,         0000149P0000261
1.585291898E-15,0.;                                              0000149P0000262
110,2.296392711E-02,1.585291898E-15,0.,0.977036073,              0000151P0000263
1.767581637E-15,0.;                                              0000151P0000264
110,0.977036073,1.767581637E-15,0.,1.,1.771969238E-15,0.;        0000153P0000265
110,1.,0.,0.,1.,1.570796327,0.;                                  0000155P0000266
110,1.,1.570796327,0.,-1.41926056E-15,1.570796327,0.;            0000157P0000267
102,6,161,165,167,169,171,175;                                   0000159P0000268
100,0.,0.,0.,0.,1.976E-02,-1.976E-02,0.;                         0000161P0000269
124,-1.,0.,5.4868531E-15,0.33024,-5.4868531E-15,0.,-1.,0.88024,  0000163P0000270
0.,-1.,0.,-0.93024;                                              0000163P0000271
110,0.35,0.88024,-0.93024,0.35,0.86048,-0.93024;                 0000165P0000272
110,0.35,0.86048,-0.93024,0.35,3.952E-02,-0.93024;               0000167P0000273
110,0.35,3.952E-02,-0.93024,0.35,1.976E-02,-0.93024;             0000169P0000274
100,0.,0.,0.,1.976E-02,0.,0.,1.976E-02;                          0000171P0000275
124,1.,0.,-5.4868531E-15,0.33024,5.4868531E-15,0.,1.,1.976E-02,  0000173P0000276
0.,-1.,0.,-0.93024;                                              0000173P0000277
110,0.33024,1.976E-02,-0.95,0.33024,0.88024,-0.95;               0000175P0000278
144,179,1,0,187;                                                 0000177P0000279
120,183,185,5.985933946,6.283185307;                             0000179P0000280
124,1.,0.,5.4868531E-15,0.33024,5.4868531E-15,0.,-1.,            0000181P0000281
-7.790014557E-15,0.,1.,0.,-0.93024;                              0000181P0000282
110,0.,0.,1.,0.,0.,0.;                                           0000183P0000283
110,1.976E-02,0.,-0.88024,1.976E-02,0.,-0.86048;                 0000185P0000284
142,0,179,189,197,3;                                             0000187P0000285
102,3,191,193,195;                                               0000189P0000286
110,1.,6.283185307,0.,-1.123707515E-14,6.283185307,0.;           0000191P0000287
126,24,3,1,0,1,0,4.71238898,4.71238898,4.71238898,4.71238898,    0000193P0000288
4.725900406,4.739411831,4.752923257,4.766434682,4.779946108,     0000193P0000289
4.793457533,4.806968959,4.820480385,4.83399181,4.847503236,      0000193P0000290
4.861014661,4.874526087,4.888037512,4.901548938,4.915060363,     0000193P0000291
4.928571789,4.942083214,4.95559464,4.969106065,4.982617491,      0000193P0000292
4.996128916,5.009640342,5.009640342,5.009640342,5.009640342,1.,  0000193P0000293
1.,1.,1.,1.,1.,1.,1.,1.,1.,1.,1.,1.,1.,1.,1.,1.,1.,1.,1.,1.,1.,  0000193P0000294
1.,1.,1.,0.,6.283185307,0.,4.487244086E-03,6.278698062,0.,       0000193P0000295
1.34662353E-02,6.269719073,0.,2.694456176E-02,6.256238301,0.,    0000193P0000296
4.042906473E-02,6.242746449,0.,5.391605888E-02,6.229244734,0.,   0000193P0000297
6.740184855E-02,6.215734376,0.,8.088272877E-02,6.202216601,0.,   0000193P0000298
9.435498926E-02,6.188692639,0.,0.107814918,6.175163724,0.,       0000193P0000299
0.121258803,6.161631091,0.,0.134682939,6.148095979,0.,           0000193P0000300
0.148083627,6.134559627,0.,0.161457181,6.121023274,0.,           0000193P0000301
0.174799929,6.107488162,0.,0.188108218,6.093955529,0.,           0000193P0000302
0.201378416,6.080426614,0.,0.214606915,6.066902652,0.,           0000193P0000303
0.227790138,6.053384877,0.,0.240924537,6.039874519,0.,           0000193P0000304
0.254006598,6.026372804,0.,0.267032848,6.012880952,0.,           0000193P0000305
0.279999849,5.99940018,0.,0.288602765,5.990421191,0.,            0000193P0000306
0.292893219,5.985933946,0.,4.71238898,5.009640342,-0.,-0.,1.;    0000193P0000307
126,24,3,1,0,1,0,0.,0.,0.,0.,7.029509028E-07,1.405901806E-06,    0000195P0000308
2.108852708E-06,2.811803611E-06,3.514754514E-06,4.217705417E-06, 0000195P0000309
4.92065632E-06,5.623607223E-06,6.326558125E-06,7.029509028E-06,  0000195P0000310
7.732459931E-06,8.435410834E-06,9.138361737E-06,9.841312639E-06, 0000195P0000311
1.054426354E-05,1.124721445E-05,1.195016535E-05,1.265311625E-05, 0000195P0000312
1.335606715E-05,1.405901806E-05,1.476196896E-05,1.546491986E-05, 0000195P0000313
1.546491986E-05,1.546491986E-05,1.546491986E-05,1.,1.,1.,1.,1.,  0000195P0000314
1.,1.,1.,1.,1.,1.,1.,1.,1.,1.,1.,1.,1.,1.,1.,1.,1.,1.,1.,1.,     0000195P0000315
0.292893219,5.985933946,0.,0.301088152,5.994504455,0.,           0000195P0000316
0.317845732,6.011340859,0.,0.344016419,6.035651022,0.,           0000195P0000317
0.371152574,6.058987466,0.,0.399185446,6.081316286,0.,           0000195P0000318
0.428045924,6.102600561,0.,0.457666234,6.12280114,0.,            0000195P0000319
0.487973614,6.141873087,0.,0.518913919,6.1597803,0.,0.550363519, 0000195P0000320
6.176441659,0.,0.582525924,6.191969109,0.,0.615295005,           0000195P0000321
6.206336312,0.,0.648614158,6.219530167,0.,0.682413345,           0000195P0000322
6.231532867,0.,0.716626735,6.242326747,0.,0.751185105,           0000195P0000323
6.251892559,0.,0.786028597,6.260211488,0.,0.821063279,           0000195P0000324
6.267258973,0.,0.856322151,6.273027818,0.,0.892129393,           0000195P0000325
6.277564665,0.,0.928009849,6.280802039,0.,0.964002489,           0000195P0000326
6.282751264,0.,0.98800607,6.283185303,0.,1.,6.283185307,0.,0.,   0000195P0000327
1.546491986E-05,-0.,-0.,1.;                                      0000195P0000328
102,3,199,201,203;                                               0000197P0000329
110,0.35,0.86048,-0.93024,0.35,0.88024,-0.93024;                 0000199P0000330
126,3,3,1,0,0,0,4.71238898,4.71238898,4.71238898,4.71238898,     0000201P0000331
5.009640342,5.009640342,5.009640342,5.009640342,1.,0.992650347,  0000201P0000332
0.992650347,1.,0.35,0.88024,-0.93024,0.35,0.878274862,           0000201P0000333
-0.928274862,0.349709004,0.876331388,-0.926331388,0.349133428,   0000201P0000334
0.87445243,-0.92445243,4.71238898,5.009640342,-0.,0.707106781,   0000201P0000335
0.707106781;                                                     0000201P0000336
126,9,3,0,0,1,0,0.,0.,0.,0.,6.219594429E-06,6.219594429E-06,     0000203P0000337
6.219594429E-06,1.240638413E-05,1.240638413E-05,1.240638413E-05, 0000203P0000338
1.546491986E-05,1.546491986E-05,1.546491986E-05,1.546491986E-05, 0000203P0000339
1.,1.,1.,1.,1.,1.,1.,1.,1.,1.,0.349133428,0.87445243,            0000203P0000340
-0.92445243,0.349572318,0.873019683,-0.925885177,0.34977855,     0000203P0000341
0.871302529,-0.927141871,0.349881881,0.869457972,-0.928082659,   0000203P0000342
0.349984858,0.867619713,-0.929020236,0.349994564,0.865604861,    0000203P0000343
-0.92967537,0.349998516,0.863564065,-0.929997842,0.350000489,    0000203P0000344
0.862545518,-0.930158785,0.35,0.861511186,-0.93024,0.35,0.86048, 0000203P0000345
-0.93024,0.,1.546491986E-05,0.967003714,-5.699859049E-02,        0000203P0000346
0.248304204;                                                     0000203P0000347
144,207,1,0,215;                                                 0000205P0000348
120,211,213,0.,0.297251361;                                      0000207P0000349
124,1.,0.,0.,0.33024,0.,1.,0.,0.88024,0.,0.,1.,-0.95;            0000209P0000350
110,0.,0.,1.,0.,0.,0.;                                           0000211P0000351
110,1.976E-02,0.,1.976E-02,1.976E-02,0.,3.952E-02;               0000213P0000352
142,0,207,217,225,3;                                             0000215P0000353
102,3,219,221,223;                                               0000217P0000354
126,24,3,1,0,1,0,4.71238898,4.71238898,4.71238898,4.71238898,    0000219P0000355
4.725900406,4.739411831,4.752923257,4.766434682,4.779946108,     0000219P0000356
4.793457533,4.806968959,4.820480385,4.83399181,4.847503236,      0000219P0000357
4.861014661,4.874526087,4.888037512,4.901548938,4.915060363,     0000219P0000358
4.928571789,4.942083214,4.95559464,4.969106065,4.982617491,      0000219P0000359
4.996128916,5.009640342,5.009640342,5.009640342,5.009640342,1.,  0000219P0000360
1.,1.,1.,1.,1.,1.,1.,1.,1.,1.,1.,1.,1.,1.,1.,1.,1.,1.,1.,1.,1.,  0000219P0000361
1.,1.,1.,0.292893219,0.297251361,0.,0.288602765,0.292764116,0.,  0000219P0000362
0.279999849,0.283785127,0.,0.267032848,0.270304355,0.,           0000219P0000363
0.254006598,0.256812503,0.,0.240924537,0.243310788,0.,           0000219P0000364
0.227790138,0.22980043,0.,0.214606915,0.216282655,0.,            0000219P0000365
0.201378416,0.202758693,0.,0.188108218,0.189229778,0.,           0000219P0000366
0.174799929,0.175697145,0.,0.161457181,0.162162033,0.,           0000219P0000367
0.148083627,0.148625681,0.,0.134682939,0.135089328,0.,           0000219P0000368
0.121258803,0.121554216,0.,0.107814918,0.108021583,0.,           0000219P0000369
9.435498926E-02,9.449266793E-02,0.,8.088272877E-02,              0000219P0000370
8.096870627E-02,0.,6.740184855E-02,6.745093147E-02,0.,           0000219P0000371
5.391605888E-02,5.394057344E-02,0.,4.042906473E-02,              0000219P0000372
4.043885805E-02,0.,2.694456176E-02,2.69470063E-02,0.,            0000219P0000373
1.34662353E-02,1.346623446E-02,0.,4.487244086E-03,               0000219P0000374
4.487245048E-03,0.,-7.060462547E-14,1.776356839E-15,0.,          0000219P0000375
4.71238898,5.009640342,-0.,-0.,1.;                               0000219P0000376
110,-7.040729897E-14,1.780744441E-15,0.,1.,1.785132042E-15,0.;   0000221P0000377
126,24,3,1,0,1,0,0.,0.,0.,0.,7.037440522E-07,1.407488104E-06,    0000223P0000378
2.111232157E-06,2.814976209E-06,3.518720261E-06,4.222464313E-06, 0000223P0000379
4.926208365E-06,5.629952417E-06,6.33369647E-06,7.037440522E-06,  0000223P0000380
7.741184574E-06,8.444928626E-06,9.148672678E-06,9.85241673E-06,  0000223P0000381
1.055616078E-05,1.125990483E-05,1.196364889E-05,1.266739294E-05, 0000223P0000382
1.337113699E-05,1.407488104E-05,1.47786251E-05,1.548236915E-05,  0000223P0000383
1.548236915E-05,1.548236915E-05,1.548236915E-05,1.,1.,1.,1.,1.,  0000223P0000384
1.,1.,1.,1.,1.,1.,1.,1.,1.,1.,1.,1.,1.,1.,1.,1.,1.,1.,1.,1.,1.,  0000223P0000385
1.776356839E-15,0.,0.988128474,2.507856145E-09,0.,0.964350671,   0000223P0000386
4.347109002E-04,0.,0.92864733,2.379339798E-03,0.,0.892974962,    0000223P0000387
5.604936214E-03,0.,0.857401194,1.010009375E-02,0.,0.821993598,   0000223P0000388
1.585372239E-02,0.,0.786819951,2.285505287E-02,0.,0.751947253,   0000223P0000389
3.109388411E-02,0.,0.717445417,4.05596413E-02,0.,0.683373481,    0000223P0000390
5.12446309E-02,0.,0.649831065,6.313139874E-02,0.,0.616623143,    0000223P0000391
7.629523466E-02,0.,0.583849701,9.068518295E-02,0.,0.551570304,   0000223P0000392
0.106271509,0.,0.519855446,0.12302102,0.,0.48877232,0.140904224, 0000223P0000393
0.,0.4583904,0.159892042,0.,0.428773334,0.179962349,0.,          0000223P0000394
0.400005794,0.201077606,0.,0.372094181,0.223268218,0.,           0000223P0000395
0.34462296,0.246898655,0.,0.318187003,0.271485741,0.,            0000223P0000396
0.301204487,0.288559206,0.,0.292893219,0.297251361,0.,0.,        0000223P0000397
1.548236915E-05,-0.,-0.,1.;                                      0000223P0000398
102,3,227,229,231;                                               0000225P0000399
126,3,3,1,0,0,0,4.71238898,4.71238898,4.71238898,4.71238898,     0000227P0000400
5.009640342,5.009640342,5.009640342,5.009640342,1.,0.992650347,  0000227P0000401
0.992650347,1.,0.349133428,0.87445243,-0.92445243,0.349709004,   0000227P0000402
0.876331388,-0.926331388,0.35,0.878274862,-0.928274862,0.35,     0000227P0000403
0.88024,-0.93024,4.71238898,5.009640342,0.,0.707106781,          0000227P0000404
0.707106781;                                                     0000227P0000405
110,0.35,0.88024,-0.93024,0.35,0.88024,-0.91048;                 0000229P0000406
126,9,3,0,0,1,0,0.,0.,0.,0.,6.575748506E-06,6.575748506E-06,     0000231P0000407
6.575748506E-06,1.316507642E-05,1.316507642E-05,1.316507642E-05, 0000231P0000408
1.548236915E-05,1.548236915E-05,1.548236915E-05,1.548236915E-05, 0000231P0000409
1.,1.,1.,1.,1.,1.,1.,1.,1.,1.,0.35,0.88024,-0.91048,0.35,        0000231P0000410
0.88024,-0.912671916,0.350009566,0.879865015,-0.914893809,       0000231P0000411
0.349969686,0.879145882,-0.916964015,0.349929763,0.878425978,    0000231P0000412
-0.919036441,0.349834115,0.877336339,-0.921017939,0.349537354,   0000231P0000413
0.875989148,-0.922724343,0.349431523,0.875508716,-0.923332876,   0000231P0000414
0.349299084,0.87499321,-0.92391165,0.349133428,0.87445243,       0000231P0000415
-0.92445243,0.,1.548236915E-05,0.968120385,-0.244366949,         0000231P0000416
5.502466169E-02;                                                 0000231P0000417
144,235,1,0,243;                                                 0000233P0000418
120,239,241,-8.881784197E-16,0.297251361;                        0000235P0000419
124,1.,0.,0.,0.33024,0.,1.,0.,0.88024,0.,0.,1.,-0.95;            0000237P0000420
110,0.,0.,1.,0.,0.,0.;                                           0000239P0000421
110,1.976E-02,0.,0.91048,1.976E-02,0.,0.93024;                   0000241P0000422
142,0,235,245,253,3;                                             0000243P0000423
102,3,247,249,251;                                               0000245P0000424
126,24,3,1,0,1,0,0.,0.,0.,0.,7.029509028E-07,1.405901806E-06,    0000247P0000425
2.108852708E-06,2.811803611E-06,3.514754514E-06,4.217705417E-06, 0000247P0000426
4.92065632E-06,5.623607223E-06,6.326558125E-06,7.029509028E-06,  0000247P0000427
7.732459931E-06,8.435410834E-06,9.138361737E-06,9.841312639E-06, 0000247P0000428
1.054426354E-05,1.124721445E-05,1.195016535E-05,1.265311625E-05, 0000247P0000429
1.335606715E-05,1.405901806E-05,1.476196896E-05,1.546491986E-05, 0000247P0000430
1.546491986E-05,1.546491986E-05,1.546491986E-05,1.,1.,1.,1.,1.,  0000247P0000431
1.,1.,1.,1.,1.,1.,1.,1.,1.,1.,1.,1.,1.,1.,1.,1.,1.,1.,1.,1.,     0000247P0000432
0.707106781,0.297251361,0.,0.698911848,0.288680852,0.,           0000247P0000433
0.682154268,0.271844448,0.,0.655983581,0.247534285,0.,           0000247P0000434
0.628847426,0.224197841,0.,0.600814554,0.201869021,0.,           0000247P0000435
0.571954076,0.180584746,0.,0.542333766,0.160384167,0.,           0000247P0000436
0.512026386,0.14131222,0.,0.481086081,0.123405008,0.,            0000247P0000437
0.449636481,0.106743648,0.,0.417474076,9.121619867E-02,0.,       0000247P0000438
0.384704995,7.684899537E-02,0.,0.351385842,6.36551398E-02,0.,    0000247P0000439
0.317586655,5.165244059E-02,0.,0.283373265,4.085856029E-02,0.,   0000247P0000440
0.248814895,3.129274788E-02,0.,0.213971403,2.297381961E-02,0.,   0000247P0000441
0.178936721,1.592633459E-02,0.,0.143677849,1.015748939E-02,0.,   0000247P0000442
0.107870607,5.620642251E-03,0.,7.199015073E-02,2.383268493E-03,  0000247P0000443
0.,3.599751145E-02,4.340430116E-04,0.,1.19939296E-02,            0000247P0000444
4.484713045E-09,0.,-7.060462547E-14,8.881784197E-16,0.,0.,       0000247P0000445
1.546491986E-05,-0.,-0.,1.;                                      0000247P0000446
110,-6.180391331E-14,1.090345592E-15,0.,1.,1.094733193E-15,0.;   0000249P0000447
126,24,3,1,0,1,0,4.71238898,4.71238898,4.71238898,4.71238898,    0000251P0000448
4.725900406,4.739411831,4.752923257,4.766434682,4.779946108,     0000251P0000449
4.793457533,4.806968959,4.820480385,4.83399181,4.847503236,      0000251P0000450
4.861014661,4.874526087,4.888037512,4.901548938,4.915060363,     0000251P0000451
4.928571789,4.942083214,4.95559464,4.969106065,4.982617491,      0000251P0000452
4.996128916,5.009640342,5.009640342,5.009640342,5.009640342,1.,  0000251P0000453
1.,1.,1.,1.,1.,1.,1.,1.,1.,1.,1.,1.,1.,1.,1.,1.,1.,1.,1.,1.,1.,  0000251P0000454
1.,1.,1.,1.,1.776356839E-15,0.,0.995512756,4.487245048E-03,0.,   0000251P0000455
0.986533765,1.346623446E-02,0.,0.973055438,2.69470063E-02,0.,    0000251P0000456
0.959570935,4.043885805E-02,0.,0.946083941,5.394057344E-02,0.,   0000251P0000457
0.932598151,6.745093147E-02,0.,0.919117271,8.096870627E-02,0.,   0000251P0000458
0.905645011,9.449266793E-02,0.,0.892185082,0.108021583,0.,       0000251P0000459
0.878741197,0.121554216,0.,0.865317061,0.135089328,0.,           0000251P0000460
0.851916373,0.148625681,0.,0.838542819,0.162162033,0.,           0000251P0000461
0.825200071,0.175697145,0.,0.811891782,0.189229778,0.,           0000251P0000462
0.798621584,0.202758693,0.,0.785393085,0.216282655,0.,           0000251P0000463
0.772209862,0.22980043,0.,0.759075463,0.243310788,0.,            0000251P0000464
0.745993402,0.256812503,0.,0.732967152,0.270304355,0.,           0000251P0000465
0.720000151,0.283785127,0.,0.711397235,0.292764116,0.,           0000251P0000466
0.707106781,0.297251361,0.,4.71238898,5.009640342,-0.,-0.,1.;    0000251P0000467
102,3,255,257,259;                                               0000253P0000468
126,9,3,0,0,1,0,0.,0.,0.,0.,6.219594429E-06,6.219594429E-06,     0000255P0000469
6.219594429E-06,1.240638413E-05,1.240638413E-05,1.240638413E-05, 0000255P0000470
1.546491986E-05,1.546491986E-05,1.546491986E-05,1.546491986E-05, 0000255P0000471
1.,1.,1.,1.,1.,1.,1.,1.,1.,1.,0.349133428,0.87445243,            0000255P0000472
-2.554757E-02,0.349572318,0.875885177,-2.69803168E-02,           0000255P0000473
0.34977855,0.877141871,-2.869747088E-02,0.349881881,0.878082659, 0000255P0000474
-3.054202781E-02,0.349984858,0.879020236,-3.238028721E-02,       0000255P0000475
0.349994564,0.87967537,-3.439513881E-02,0.349998516,0.879997842, 0000255P0000476
-3.643593484E-02,0.350000489,0.880158785,-3.74544818E-02,0.35,   0000255P0000477
0.88024,-3.848881402E-02,0.35,0.88024,-3.952E-02,0.,             0000255P0000478
1.546491986E-05,-0.967003714,0.248304204,5.699859049E-02;        0000255P0000479
110,0.35,0.88024,-3.952E-02,0.35,0.88024,-1.976E-02;             0000257P0000480
126,3,3,1,0,0,0,4.71238898,4.71238898,4.71238898,4.71238898,     0000259P0000481
5.009640342,5.009640342,5.009640342,5.009640342,1.,0.992650347,  0000259P0000482
0.992650347,1.,0.35,0.88024,-1.976E-02,0.35,0.878274862,         0000259P0000483
-2.172513849E-02,0.349709004,0.876331388,-2.366861235E-02,       0000259P0000484
0.349133428,0.87445243,-2.554757E-02,4.71238898,5.009640342,-0., 0000259P0000485
-0.707106781,0.707106781;                                        0000259P0000486
144,263,1,0,271;                                                 0000261P0000487
120,267,269,0.,1.570796327;                                      0000263P0000488
124,-1.,0.,0.,1.41976,0.,1.,0.,1.976E-02,0.,0.,-1.,0.;           0000265P0000489
110,0.,0.,1.,0.,0.,0.;                                           0000267P0000490
110,1.976E-02,0.,1.976E-02,1.976E-02,0.,0.93024;                 0000269P0000491
142,0,263,273,287,3;                                             0000271P0000492
102,6,275,277,279,281,283,285;                                   0000273P0000493
110,-1.103513736E-15,1.570796327,0.,-1.532320753E-15,            0000275P0000494
2.886579864E-15,0.;                                              0000275P0000495
110,-1.287972355E-15,1.780744441E-15,0.,2.170283806E-02,         0000277P0000496
1.785132042E-15,0.;                                              0000277P0000497
110,2.170283806E-02,1.574189668E-15,0.,0.978297162,              0000279P0000498
1.767581637E-15,0.;                                              0000279P0000499
110,0.978297162,1.978524011E-15,0.,1.,1.982911613E-15,0.;        0000281P0000500
110,1.,1.776356839E-15,0.,1.,1.570796327,0.;                     0000283P0000501
110,1.,1.570796327,0.,-1.101254469E-15,1.570796327,0.;           0000285P0000502
102,6,289,293,295,297,299,303;                                   0000287P0000503
100,0.,0.,0.,1.976E-02,0.,4.163336342E-17,1.976E-02;             0000289P0000504
124,0.,-1.,-4.515833541E-29,1.41976,-1.,-9.291643222E-44,        0000291P0000505
2.057569912E-15,1.976E-02,-2.057569912E-15,4.515833541E-29,-1.,  0000291P0000506
-1.976E-02;                                                      0000291P0000507
110,1.4,1.976E-02,-1.976E-02,1.4,1.976E-02,-3.952E-02;           0000293P0000508
110,1.4,1.976E-02,-3.952E-02,1.4,1.976E-02,-0.91048;             0000295P0000509
110,1.4,1.976E-02,-0.91048,1.4,1.976E-02,-0.93024;               0000297P0000510
100,0.,0.,0.,1.976E-02,0.,0.,1.976E-02;                          0000299P0000511
124,-1.,-0.,0.,1.41976,0.,-1.,0.,1.976E-02,0.,0.,1.,-0.93024;    0000301P0000512
110,1.41976,0.,-0.93024,1.41976,0.,-1.976E-02;                   0000303P0000513
144,307,1,0,315;                                                 0000305P0000514
120,311,313,5.985933946,6.283185307;                             0000307P0000515
124,-1.,0.,0.,1.41976,0.,1.,0.,1.976E-02,0.,0.,-1.,0.;           0000309P0000516
110,0.,0.,1.,0.,0.,0.;                                           0000311P0000517
110,1.976E-02,0.,1.976E-02,1.976E-02,0.,3.952E-02;               0000313P0000518
142,0,307,317,325,3;                                             0000315P0000519
102,3,319,321,323;                                               0000317P0000520
110,1.,6.283185307,0.,1.755792992E-16,6.283185307,0.;            0000319P0000521
126,24,3,1,0,1,0,4.71238898,4.71238898,4.71238898,4.71238898,    0000321P0000522
4.725900406,4.739411831,4.752923257,4.766434682,4.779946108,     0000321P0000523
4.793457533,4.806968959,4.820480385,4.83399181,4.847503236,      0000321P0000524
4.861014661,4.874526087,4.888037512,4.901548938,4.915060363,     0000321P0000525
4.928571789,4.942083214,4.95559464,4.969106065,4.982617491,      0000321P0000526
4.996128916,5.009640342,5.009640342,5.009640342,5.009640342,1.,  0000321P0000527
1.,1.,1.,1.,1.,1.,1.,1.,1.,1.,1.,1.,1.,1.,1.,1.,1.,1.,1.,1.,1.,  0000321P0000528
1.,1.,1.,0.,6.283185307,0.,4.487244086E-03,6.278698062,0.,       0000321P0000529
1.34662353E-02,6.269719073,0.,2.694456176E-02,6.256238301,0.,    0000321P0000530
4.042906473E-02,6.242746449,0.,5.391605888E-02,6.229244734,0.,   0000321P0000531
6.740184855E-02,6.215734376,0.,8.088272877E-02,6.202216601,0.,   0000321P0000532
9.435498926E-02,6.188692639,0.,0.107814918,6.175163724,0.,       0000321P0000533
0.121258803,6.161631091,0.,0.134682939,6.148095979,0.,           0000321P0000534
0.148083627,6.134559627,0.,0.161457181,6.121023274,0.,           0000321P0000535
0.174799929,6.107488162,0.,0.188108218,6.093955529,0.,           0000321P0000536
0.201378416,6.080426614,0.,0.214606915,6.066902652,0.,           0000321P0000537
0.227790138,6.053384877,0.,0.240924537,6.039874519,0.,           0000321P0000538
0.254006598,6.026372804,0.,0.267032848,6.012880952,0.,           0000321P0000539
0.279999849,5.99940018,0.,0.288602765,5.990421191,0.,            0000321P0000540
0.292893219,5.985933946,0.,4.71238898,5.009640342,-0.,-0.,1.;    0000321P0000541
126,24,3,1,0,1,0,0.,0.,0.,0.,7.029509028E-07,1.405901806E-06,    0000323P0000542
2.108852708E-06,2.811803611E-06,3.514754514E-06,4.217705417E-06, 0000323P0000543
4.92065632E-06,5.623607223E-06,6.326558125E-06,7.029509028E-06,  0000323P0000544
7.732459931E-06,8.435410834E-06,9.138361737E-06,9.841312639E-06, 0000323P0000545
1.054426354E-05,1.124721445E-05,1.195016535E-05,1.265311625E-05, 0000323P0000546
1.335606715E-05,1.405901806E-05,1.476196896E-05,1.546491986E-05, 0000323P0000547
1.546491986E-05,1.546491986E-05,1.546491986E-05,1.,1.,1.,1.,1.,  0000323P0000548
1.,1.,1.,1.,1.,1.,1.,1.,1.,1.,1.,1.,1.,1.,1.,1.,1.,1.,1.,1.,     0000323P0000549
0.292893219,5.985933946,0.,0.301088152,5.994504455,0.,           0000323P0000550
0.317845732,6.011340859,0.,0.344016419,6.035651022,0.,           0000323P0000551
0.371152574,6.058987466,0.,0.399185446,6.081316286,0.,           0000323P0000552
0.428045924,6.102600561,0.,0.457666234,6.12280114,0.,            0000323P0000553
0.487973614,6.141873087,0.,0.518913919,6.1597803,0.,0.550363519, 0000323P0000554
6.176441659,0.,0.582525924,6.191969109,0.,0.615295005,           0000323P0000555
6.206336312,0.,0.648614158,6.219530167,0.,0.682413345,           0000323P0000556
6.231532867,0.,0.716626735,6.242326747,0.,0.751185105,           0000323P0000557
6.251892559,0.,0.786028597,6.260211488,0.,0.821063279,           0000323P0000558
6.267258973,0.,0.856322151,6.273027818,0.,0.892129393,           0000323P0000559
6.277564665,0.,0.928009849,6.280802039,0.,0.964002489,           0000323P0000560
6.282751264,0.,0.98800607,6.283185303,0.,1.,6.283185307,0.,0.,   0000323P0000561
1.546491986E-05,-0.,-0.,1.;                                      0000323P0000562
102,3,327,329,331;                                               0000325P0000563
110,1.4,1.976E-02,-3.952E-02,1.4,1.976E-02,-1.976E-02;           0000327P0000564
126,3,3,1,0,0,0,4.71238898,4.71238898,4.71238898,4.71238898,     0000329P0000565
5.009640342,5.009640342,5.009640342,5.009640342,1.,0.992650347,  0000329P0000566
0.992650347,1.,1.4,1.976E-02,-1.976E-02,1.4,2.172513849E-02,     0000329P0000567
-2.172513849E-02,1.400290996,2.366861235E-02,-2.366861235E-02,   0000329P0000568
1.400866572,2.554757E-02,-2.554757E-02,4.71238898,5.009640342,   0000329P0000569
-3.707220542E-13,0.707106781,0.707106781;                        0000329P0000570
126,9,3,0,0,1,0,0.,0.,0.,0.,6.219594429E-06,6.219594429E-06,     0000331P0000571
6.219594429E-06,1.240638413E-05,1.240638413E-05,1.240638413E-05, 0000331P0000572
1.546491986E-05,1.546491986E-05,1.546491986E-05,1.546491986E-05, 0000331P0000573
1.,1.,1.,1.,1.,1.,1.,1.,1.,1.,1.400866572,2.554757E-02,          0000331P0000574
-2.554757E-02,1.400427682,2.411482321E-02,-2.69803168E-02,       0000331P0000575
1.40022145,2.285812925E-02,-2.869747088E-02,1.400118119,         0000331P0000576
2.191734067E-02,-3.054202781E-02,1.400015142,2.097976406E-02,    0000331P0000577
-3.238028721E-02,1.400005436,2.032462988E-02,-3.439513881E-02,   0000331P0000578
1.400001484,2.000215837E-02,-3.643593484E-02,1.399999511,        0000331P0000579
1.98412151E-02,-3.74544818E-02,1.4,1.976E-02,-3.848881402E-02,   0000331P0000580
1.4,1.976E-02,-3.952E-02,0.,1.546491986E-05,0.967003714,         0000331P0000581
-0.248304204,5.699859049E-02;                                    0000331P0000582
144,335,1,0,343;                                                 0000333P0000583
120,339,341,0.,1.570796327;                                      0000335P0000584
124,-1.,0.,-2.19474124E-14,1.41976,-2.19474124E-14,0.,1.,        0000337P0000585
-7.24791347E-15,0.,1.,0.,-0.93024;                               0000337P0000586
110,0.,0.,1.,0.,0.,0.;                                           0000339P0000587
110,1.976E-02,0.,1.976E-02,1.976E-02,0.,0.88024;                 0000341P0000588
142,0,335,345,359,3;                                             0000343P0000589
102,6,347,349,351,353,355,357;                                   0000345P0000590
110,-1.216019605E-15,1.570796327,0.,-1.621359473E-15,            0000347P0000591
1.776356839E-15,0.;                                              0000347P0000592
110,-1.161213186E-15,1.780744441E-15,0.,2.296392711E-02,         0000349P0000593
1.785132042E-15,0.;                                              0000349P0000594
110,2.296392711E-02,1.785132042E-15,0.,0.977036073,              0000351P0000595
1.967421781E-15,0.;                                              0000351P0000596
110,0.977036073,1.967421781E-15,0.,1.,1.971809382E-15,0.;        0000353P0000597
110,1.,1.776356839E-15,0.,1.,1.570796327,0.;                     0000355P0000598
110,1.,1.570796327,0.,-1.213629059E-15,1.570796327,0.;           0000357P0000599
102,6,361,365,367,369,371,375;                                   0000359P0000600
100,0.,0.,0.,0.,1.976E-02,-1.976E-02,0.;                         0000361P0000601
124,1.,0.,-2.19474124E-14,1.41976,2.19474124E-14,0.,1.,          0000363P0000602
1.976E-02,0.,-1.,0.,-0.93024;                                    0000363P0000603
110,1.4,1.976E-02,-0.93024,1.4,3.952E-02,-0.93024;               0000365P0000604
110,1.4,3.952E-02,-0.93024,1.4,0.86048,-0.93024;                 0000367P0000605
110,1.4,0.86048,-0.93024,1.4,0.88024,-0.93024;                   0000369P0000606
100,0.,0.,0.,1.976E-02,0.,0.,1.976E-02;                          0000371P0000607
124,-1.,0.,2.19474124E-14,1.41976,-2.19474124E-14,0.,-1.,        0000373P0000608
0.88024,0.,-1.,0.,-0.93024;                                      0000373P0000609
110,1.41976,0.88024,-0.95,1.41976,1.976E-02,-0.95;               0000375P0000610
144,379,1,0,387;                                                 0000377P0000611
120,383,385,5.985933946,6.283185307;                             0000379P0000612
124,-1.,0.,-2.19474124E-14,1.41976,-2.19474124E-14,0.,1.,        0000381P0000613
-7.24791347E-15,0.,1.,0.,-0.93024;                               0000381P0000614
110,0.,0.,1.,0.,0.,0.;                                           0000383P0000615
110,1.976E-02,0.,1.976E-02,1.976E-02,0.,3.952E-02;               0000385P0000616
142,0,379,389,397,3;                                             0000387P0000617
102,3,391,393,395;                                               0000389P0000618
110,1.,6.283185307,0.,1.755792992E-16,6.283185307,0.;            0000391P0000619
126,24,3,1,0,1,0,1.570796327,1.570796327,1.570796327,            0000393P0000620
1.570796327,1.584307752,1.597819178,1.611330603,1.624842029,     0000393P0000621
1.638353454,1.65186488,1.665376305,1.678887731,1.692399156,      0000393P0000622
1.705910582,1.719422007,1.732933433,1.746444858,1.759956284,     0000393P0000623
1.77346771,1.786979135,1.800490561,1.814001986,1.827513412,      0000393P0000624
1.841024837,1.854536263,1.868047688,1.868047688,1.868047688,     0000393P0000625
1.868047688,1.,1.,1.,1.,1.,1.,1.,1.,1.,1.,1.,1.,1.,1.,1.,1.,1.,  0000393P0000626
1.,1.,1.,1.,1.,1.,1.,1.,0.,6.283185307,0.,4.487244086E-03,       0000393P0000627
6.278698062,0.,1.34662353E-02,6.269719073,0.,2.694456176E-02,    0000393P0000628
6.256238301,0.,4.042906473E-02,6.242746449,0.,5.391605888E-02,   0000393P0000629
6.229244734,0.,6.740184855E-02,6.215734376,0.,8.088272877E-02,   0000393P0000630
6.202216601,0.,9.435498926E-02,6.188692639,0.,0.107814918,       0000393P0000631
6.175163724,0.,0.121258803,6.161631091,0.,0.134682939,           0000393P0000632
6.148095979,0.,0.148083627,6.134559627,0.,0.161457181,           0000393P0000633
6.121023274,0.,0.174799929,6.107488162,0.,0.188108218,           0000393P0000634
6.093955529,0.,0.201378416,6.080426614,0.,0.214606915,           0000393P0000635
6.066902652,0.,0.227790138,6.053384877,0.,0.240924537,           0000393P0000636
6.039874519,0.,0.254006598,6.026372804,0.,0.267032848,           0000393P0000637
6.012880952,0.,0.279999849,5.99940018,0.,0.288602765,            0000393P0000638
5.990421191,0.,0.292893219,5.985933946,0.,1.570796327,           0000393P0000639
1.868047688,-0.,-0.,1.;                                          0000393P0000640
126,24,3,1,0,1,0,0.,0.,0.,0.,7.029509028E-07,1.405901806E-06,    0000395P0000641
2.108852708E-06,2.811803611E-06,3.514754514E-06,4.217705417E-06, 0000395P0000642
4.92065632E-06,5.623607223E-06,6.326558125E-06,7.029509028E-06,  0000395P0000643
7.732459931E-06,8.435410834E-06,9.138361737E-06,9.841312639E-06, 0000395P0000644
1.054426354E-05,1.124721445E-05,1.195016535E-05,1.265311625E-05, 0000395P0000645
1.335606715E-05,1.405901806E-05,1.476196896E-05,1.546491986E-05, 0000395P0000646
1.546491986E-05,1.546491986E-05,1.546491986E-05,1.,1.,1.,1.,1.,  0000395P0000647
1.,1.,1.,1.,1.,1.,1.,1.,1.,1.,1.,1.,1.,1.,1.,1.,1.,1.,1.,1.,     0000395P0000648
0.292893219,5.985933946,0.,0.301088152,5.994504455,0.,           0000395P0000649
0.317845732,6.011340859,0.,0.344016419,6.035651022,0.,           0000395P0000650
0.371152574,6.058987466,0.,0.399185446,6.081316286,0.,           0000395P0000651
0.428045924,6.102600561,0.,0.457666234,6.12280114,0.,            0000395P0000652
0.487973614,6.141873087,0.,0.518913919,6.1597803,0.,0.550363519, 0000395P0000653
6.176441659,0.,0.582525924,6.191969109,0.,0.615295005,           0000395P0000654
6.206336312,0.,0.648614158,6.219530167,0.,0.682413345,           0000395P0000655
6.231532867,0.,0.716626735,6.242326747,0.,0.751185105,           0000395P0000656
6.251892559,0.,0.786028597,6.260211488,0.,0.821063279,           0000395P0000657
6.267258973,0.,0.856322151,6.273027818,0.,0.892129393,           0000395P0000658
6.277564665,0.,0.928009849,6.280802039,0.,0.964002489,           0000395P0000659
6.282751264,0.,0.98800607,6.283185303,0.,1.,6.283185307,0.,0.,   0000395P0000660
1.546491986E-05,-0.,-0.,1.;                                      0000395P0000661
102,3,399,401,403;                                               0000397P0000662
110,1.4,3.952E-02,-0.93024,1.4,1.976E-02,-0.93024;               0000399P0000663
126,3,3,1,0,0,0,1.570796327,1.570796327,1.570796327,1.570796327, 0000401P0000664
1.868047688,1.868047688,1.868047688,1.868047688,1.,0.992650347,  0000401P0000665
0.992650347,1.,1.4,1.976E-02,-0.93024,1.4,2.172513849E-02,       0000401P0000666
-0.928274862,1.400290996,2.366861235E-02,-0.926331388,           0000401P0000667
1.400866572,2.554757E-02,-0.92445243,1.570796327,1.868047688,    0000401P0000668
1.078464158E-12,-0.707106781,0.707106781;                        0000401P0000669
126,9,3,0,0,1,0,0.,0.,0.,0.,6.219594429E-06,6.219594429E-06,     0000403P0000670
6.219594429E-06,1.240638413E-05,1.240638413E-05,1.240638413E-05, 0000403P0000671
1.546491986E-05,1.546491986E-05,1.546491986E-05,1.546491986E-05, 0000403P0000672
1.,1.,1.,1.,1.,1.,1.,1.,1.,1.,1.400866572,2.554757E-02,          0000403P0000673
-0.92445243,1.400427682,2.69803168E-02,-0.925885177,1.40022145,  0000403P0000674
2.869747088E-02,-0.927141871,1.400118119,3.054202781E-02,        0000403P0000675
-0.928082659,1.400015142,3.238028721E-02,-0.929020236,           0000403P0000676
1.400005436,3.439513881E-02,-0.92967537,1.400001484,             0000403P0000677
3.643593484E-02,-0.929997842,1.399999511,3.74544818E-02,         0000403P0000678
-0.930158785,1.4,3.848881402E-02,-0.93024,1.4,3.952E-02,         0000403P0000679
-0.93024,0.,1.546491986E-05,-0.967003714,5.699859049E-02,        0000403P0000680
0.248304204;                                                     0000403P0000681
144,407,1,0,415;                                                 0000405P0000682
120,411,413,0.,0.297251361;                                      0000407P0000683
124,-1.,0.,-2.19474124E-14,1.41976,-2.19474124E-14,0.,1.,0.9,0., 0000409P0000684
1.,0.,-1.976E-02;                                                0000409P0000685
110,0.,0.,1.,0.,0.,0.;                                           0000411P0000686
110,1.976E-02,0.,-0.88024,1.976E-02,0.,-0.86048;                 0000413P0000687
142,0,407,417,425,3;                                             0000415P0000688
102,3,419,421,423;                                               0000417P0000689
126,24,3,1,0,1,0,4.71238898,4.71238898,4.71238898,4.71238898,    0000419P0000690
4.725900406,4.739411831,4.752923257,4.766434682,4.779946108,     0000419P0000691
4.793457533,4.806968959,4.820480385,4.83399181,4.847503236,      0000419P0000692
4.861014661,4.874526087,4.888037512,4.901548938,4.915060363,     0000419P0000693
4.928571789,4.942083214,4.95559464,4.969106065,4.982617491,      0000419P0000694
4.996128916,5.009640342,5.009640342,5.009640342,5.009640342,1.,  0000419P0000695
1.,1.,1.,1.,1.,1.,1.,1.,1.,1.,1.,1.,1.,1.,1.,1.,1.,1.,1.,1.,1.,  0000419P0000696
1.,1.,1.,0.292893219,0.297251361,0.,0.288602765,0.292764116,0.,  0000419P0000697
0.279999849,0.283785127,0.,0.267032848,0.270304355,0.,           0000419P0000698
0.254006598,0.256812503,0.,0.240924537,0.243310788,0.,           0000419P0000699
0.227790138,0.22980043,0.,0.214606915,0.216282655,0.,            0000419P0000700
0.201378416,0.202758693,0.,0.188108218,0.189229778,0.,           0000419P0000701
0.174799929,0.175697145,0.,0.161457181,0.162162033,0.,           0000419P0000702
0.148083627,0.148625681,0.,0.134682939,0.135089328,0.,           0000419P0000703
0.121258803,0.121554216,0.,0.107814918,0.108021583,0.,           0000419P0000704
9.435498926E-02,9.449266793E-02,0.,8.088272877E-02,              0000419P0000705
8.096870627E-02,0.,6.740184855E-02,6.745093147E-02,0.,           0000419P0000706
5.391605888E-02,5.394057344E-02,0.,4.042906473E-02,              0000419P0000707
4.043885805E-02,0.,2.694456176E-02,2.69470063E-02,0.,            0000419P0000708
1.34662353E-02,1.346623446E-02,0.,4.487244086E-03,               0000419P0000709
4.487245048E-03,0.,-7.060462547E-14,1.776356839E-15,0.,          0000419P0000710
4.71238898,5.009640342,-0.,-0.,1.;                               0000419P0000711
110,-8.427806361E-14,1.580904296E-15,0.,1.,1.585291898E-15,0.;   0000421P0000712
126,24,3,1,0,1,0,1.396962524E-20,1.396962524E-20,                0000423P0000713
1.396962524E-20,1.396962524E-20,7.037440522E-07,1.407488104E-06, 0000423P0000714
2.111232157E-06,2.814976209E-06,3.518720261E-06,4.222464313E-06, 0000423P0000715
4.926208365E-06,5.629952417E-06,6.33369647E-06,7.037440522E-06,  0000423P0000716
7.741184574E-06,8.444928626E-06,9.148672678E-06,9.85241673E-06,  0000423P0000717
1.055616078E-05,1.125990483E-05,1.196364889E-05,1.266739294E-05, 0000423P0000718
1.337113699E-05,1.407488104E-05,1.47786251E-05,1.548236915E-05,  0000423P0000719
1.548236915E-05,1.548236915E-05,1.548236915E-05,1.,1.,1.,1.,1.,  0000423P0000720
1.,1.,1.,1.,1.,1.,1.,1.,1.,1.,1.,1.,1.,1.,1.,1.,1.,1.,1.,1.,1.,  0000423P0000721
1.776356839E-15,0.,0.988128474,2.507865915E-09,0.,0.964350671,   0000423P0000722
4.347109002E-04,0.,0.92864733,2.379339798E-03,0.,0.892974962,    0000423P0000723
5.604936214E-03,0.,0.857401194,1.010009375E-02,0.,0.821993598,   0000423P0000724
1.585372239E-02,0.,0.786819951,2.285505287E-02,0.,0.751947253,   0000423P0000725
3.109388411E-02,0.,0.717445417,4.05596413E-02,0.,0.683373481,    0000423P0000726
5.12446309E-02,0.,0.649831065,6.313139874E-02,0.,0.616623143,    0000423P0000727
7.629523466E-02,0.,0.583849701,9.068518295E-02,0.,0.551570304,   0000423P0000728
0.106271509,0.,0.519855446,0.12302102,0.,0.48877232,0.140904224, 0000423P0000729
0.,0.4583904,0.159892042,0.,0.428773334,0.179962349,0.,          0000423P0000730
0.400005794,0.201077606,0.,0.372094181,0.223268218,0.,           0000423P0000731
0.34462296,0.246898655,0.,0.318187003,0.271485741,0.,            0000423P0000732
0.301204487,0.288559206,0.,0.292893219,0.297251361,0.,           0000423P0000733
1.396962524E-20,1.548236915E-05,-0.,-0.,1.;                      0000423P0000734
102,3,427,429,431;                                               0000425P0000735
126,3,3,1,0,0,0,4.71238898,4.71238898,4.71238898,4.71238898,     0000427P0000736
5.009640342,5.009640342,5.009640342,5.009640342,1.,0.992650347,  0000427P0000737
0.992650347,1.,1.400866572,2.554757E-02,-2.554757E-02,           0000427P0000738
1.400290996,2.366861235E-02,-2.366861235E-02,1.4,                0000427P0000739
2.172513849E-02,-2.172513849E-02,1.4,1.976E-02,-1.976E-02,       0000427P0000740
4.71238898,5.009640342,-3.707220542E-13,0.707106781,0.707106781; 0000427P0000741
110,1.4,1.976E-02,-1.976E-02,1.4,3.952E-02,-1.976E-02;           0000429P0000742
126,9,3,0,0,1,0,1.396962524E-20,1.396962524E-20,1.396962524E-20, 0000431P0000743
1.396962524E-20,6.575748506E-06,6.575748506E-06,6.575748506E-06, 0000431P0000744
1.316507642E-05,1.316507642E-05,1.316507642E-05,1.548236915E-05, 0000431P0000745
1.548236915E-05,1.548236915E-05,1.548236915E-05,1.,1.,1.,1.,1.,  0000431P0000746
1.,1.,1.,1.,1.,1.4,3.952E-02,-1.976E-02,1.4,3.732808383E-02,     0000431P0000747
-1.976E-02,1.399990434,3.510619093E-02,-2.013498528E-02,         0000431P0000748
1.400030314,3.303598466E-02,-2.085411815E-02,1.400070237,        0000431P0000749
3.096355855E-02,-2.157402214E-02,1.400165885,2.898206103E-02,    0000431P0000750
-2.266366053E-02,1.400462646,2.727565736E-02,-2.401085195E-02,   0000431P0000751
1.400568477,2.666712435E-02,-2.449128367E-02,1.400700916,        0000431P0000752
2.60883497E-02,-2.500679031E-02,1.400866572,2.554757E-02,        0000431P0000753
-2.554757E-02,1.396962524E-20,1.548236915E-05,0.968120385,       0000431P0000754
-5.502466168E-02,0.244366949;                                    0000431P0000755
144,435,1,0,443;                                                 0000433P0000756
120,439,441,0.,0.297251361;                                      0000435P0000757
124,-1.,0.,-2.19474124E-14,1.41976,-2.19474124E-14,0.,1.,0.9,0., 0000437P0000758
1.,0.,-1.976E-02;                                                0000437P0000759
110,0.,0.,1.,0.,0.,0.;                                           0000439P0000760
110,1.976E-02,0.,-3.952E-02,1.976E-02,0.,-1.976E-02;             0000441P0000761
142,0,435,445,453,3;                                             0000443P0000762
102,3,447,449,451;                                               0000445P0000763
126,24,3,1,0,1,0,0.,0.,0.,0.,7.029509028E-07,1.405901806E-06,    0000447P0000764
2.108852708E-06,2.811803611E-06,3.514754514E-06,4.217705417E-06, 0000447P0000765
4.92065632E-06,5.623607223E-06,6.326558125E-06,7.029509028E-06,  0000447P0000766
7.732459931E-06,8.435410834E-06,9.138361737E-06,9.841312639E-06, 0000447P0000767
1.054426354E-05,1.124721445E-05,1.195016535E-05,1.265311625E-05, 0000447P0000768
1.335606715E-05,1.405901806E-05,1.476196896E-05,1.546491986E-05, 0000447P0000769
1.546491986E-05,1.546491986E-05,1.546491986E-05,1.,1.,1.,1.,1.,  0000447P0000770
1.,1.,1.,1.,1.,1.,1.,1.,1.,1.,1.,1.,1.,1.,1.,1.,1.,1.,1.,1.,     0000447P0000771
0.707106781,0.297251361,0.,0.698911848,0.288680852,0.,           0000447P0000772
0.682154268,0.271844448,0.,0.655983581,0.247534285,0.,           0000447P0000773
0.628847426,0.224197841,0.,0.600814554,0.201869021,0.,           0000447P0000774
0.571954076,0.180584746,0.,0.542333766,0.160384167,0.,           0000447P0000775
0.512026386,0.14131222,0.,0.481086081,0.123405008,0.,            0000447P0000776
0.449636481,0.106743648,0.,0.417474076,9.121619867E-02,0.,       0000447P0000777
0.384704995,7.684899537E-02,0.,0.351385842,6.36551398E-02,0.,    0000447P0000778
0.317586655,5.165244059E-02,0.,0.283373265,4.085856029E-02,0.,   0000447P0000779
0.248814895,3.129274788E-02,0.,0.213971403,2.297381961E-02,0.,   0000447P0000780
0.178936721,1.592633459E-02,0.,0.143677849,1.015748939E-02,0.,   0000447P0000781
0.107870607,5.620642251E-03,0.,7.199015073E-02,2.383268493E-03,  0000447P0000782
0.,3.599751145E-02,4.340430117E-04,0.,1.19939296E-02,            0000447P0000783
4.484724592E-09,0.,-7.060462547E-14,1.776356839E-15,0.,0.,       0000447P0000784
1.546491986E-05,-0.,-0.,1.;                                      0000447P0000785
110,-7.093403687E-14,1.767581637E-15,0.,1.,1.771969238E-15,0.;   0000449P0000786
126,24,3,1,0,1,0,1.570796327,1.570796327,1.570796327,            0000451P0000787
1.570796327,1.584307752,1.597819178,1.611330603,1.624842029,     0000451P0000788
1.638353454,1.65186488,1.665376305,1.678887731,1.692399156,      0000451P0000789
1.705910582,1.719422007,1.732933433,1.746444858,1.759956284,     0000451P0000790
1.77346771,1.786979135,1.800490561,1.814001986,1.827513412,      0000451P0000791
1.841024837,1.854536263,1.868047688,1.868047688,1.868047688,     0000451P0000792
1.868047688,1.,1.,1.,1.,1.,1.,1.,1.,1.,1.,1.,1.,1.,1.,1.,1.,1.,  0000451P0000793
1.,1.,1.,1.,1.,1.,1.,1.,1.,1.776356839E-15,0.,0.995512756,       0000451P0000794
4.487245048E-03,0.,0.986533765,1.346623446E-02,0.,0.973055438,   0000451P0000795
2.69470063E-02,0.,0.959570935,4.043885805E-02,0.,0.946083941,    0000451P0000796
5.394057344E-02,0.,0.932598151,6.745093147E-02,0.,0.919117271,   0000451P0000797
8.096870627E-02,0.,0.905645011,9.449266793E-02,0.,0.892185082,   0000451P0000798
0.108021583,0.,0.878741197,0.121554216,0.,0.865317061,           0000451P0000799
0.135089328,0.,0.851916373,0.148625681,0.,0.838542819,           0000451P0000800
0.162162033,0.,0.825200071,0.175697145,0.,0.811891782,           0000451P0000801
0.189229778,0.,0.798621584,0.202758693,0.,0.785393085,           0000451P0000802
0.216282655,0.,0.772209862,0.22980043,0.,0.759075463,            0000451P0000803
0.243310788,0.,0.745993402,0.256812503,0.,0.732967152,           0000451P0000804
0.270304355,0.,0.720000151,0.283785127,0.,0.711397235,           0000451P0000805
0.292764116,0.,0.707106781,0.297251361,0.,1.570796327,           0000451P0000806
1.868047688,-0.,-0.,1.;                                          0000451P0000807
102,3,455,457,459;                                               0000453P0000808
126,9,3,0,0,1,0,0.,0.,0.,0.,6.219594429E-06,6.219594429E-06,     0000455P0000809
6.219594429E-06,1.240638413E-05,1.240638413E-05,1.240638413E-05, 0000455P0000810
1.546491986E-05,1.546491986E-05,1.546491986E-05,1.546491986E-05, 0000455P0000811
1.,1.,1.,1.,1.,1.,1.,1.,1.,1.,1.400866572,0.87445243,            0000455P0000812
-2.554757E-02,1.400427682,0.873019683,-2.411482321E-02,          0000455P0000813
1.40022145,0.871302529,-2.285812925E-02,1.400118119,0.869457972, 0000455P0000814
-2.191734067E-02,1.400015142,0.867619713,-2.097976406E-02,       0000455P0000815
1.400005436,0.865604861,-2.032462988E-02,1.400001484,            0000455P0000816
0.863564065,-2.000215837E-02,1.399999511,0.862545518,            0000455P0000817
-1.98412151E-02,1.4,0.861511186,-1.976E-02,1.4,0.86048,          0000455P0000818
-1.976E-02,0.,1.546491986E-05,0.967003714,5.699859049E-02,       0000455P0000819
0.248304204;                                                     0000455P0000820
110,1.4,0.86048,-1.976E-02,1.4,0.88024,-1.976E-02;               0000457P0000821
126,3,3,1,0,0,0,1.570796327,1.570796327,1.570796327,1.570796327, 0000459P0000822
1.868047688,1.868047688,1.868047688,1.868047688,1.,0.992650347,  0000459P0000823
0.992650347,1.,1.4,0.88024,-1.976E-02,1.4,0.878274862,           0000459P0000824
-2.172513849E-02,1.400290996,0.876331388,-2.366861235E-02,       0000459P0000825
1.400866572,0.87445243,-2.554757E-02,1.570796327,1.868047688,    0000459P0000826
2.156928315E-12,-0.707106781,0.707106781;                        0000459P0000827
144,463,1,0,465;                                                 0000461P0000828
108,0.,-1.,-0.,0.,0,1.75,0.,0.,0.;                               0000463P0000829
142,0,463,0,467,2;                                               0000465P0000830
102,4,469,471,473,475;                                           0000467P0000831
110,1.976E-02,0.,-0.93024,0.33024,0.,-0.93024;                   0000469P0000832
110,0.33024,0.,-0.93024,0.33024,0.,-1.976E-02;                   0000471P0000833
110,0.33024,0.,-1.976E-02,1.976E-02,0.,-1.976E-02;               0000473P0000834
110,1.976E-02,0.,-1.976E-02,1.976E-02,0.,-0.93024;               0000475P0000835
144,479,1,0,481;                                                 0000477P0000836
108,0.,-1.,-0.,0.,0,1.75,0.,0.,0.;                               0000479P0000837
142,0,479,0,483,2;                                               0000481P0000838
102,4,485,487,489,491;                                           0000483P0000839
110,1.73024,0.,-1.976E-02,1.41976,0.,-1.976E-02;                 0000485P0000840
110,1.41976,0.,-1.976E-02,1.41976,0.,-0.93024;                   0000487P0000841
110,1.41976,0.,-0.93024,1.73024,0.,-0.93024;                     0000489P0000842
110,1.73024,0.,-0.93024,1.73024,0.,-1.976E-02;                   0000491P0000843
144,495,1,0,497;                                                 0000493P0000844
108,0.,-0.,-1.,0.93024,0,0.35,0.,-0.93024,0.;                    0000495P0000845
142,0,495,0,499,2;                                               0000497P0000846
102,4,501,503,505,507;                                           0000499P0000847
110,1.4,0.86048,-0.93024,1.4,3.952E-02,-0.93024;                 0000501P0000848
110,1.4,3.952E-02,-0.93024,0.35,3.952E-02,-0.93024;              0000503P0000849
110,0.35,3.952E-02,-0.93024,0.35,0.86048,-0.93024;               0000505P0000850
110,0.35,0.86048,-0.93024,1.4,0.86048,-0.93024;                  0000507P0000851
144,511,1,0,513;                                                 0000509P0000852
108,-0.,0.,1.,-1.976E-02,0,0.35,0.,-1.976E-02,0.;                0000511P0000853
142,0,511,0,515,2;                                               0000513P0000854
102,4,517,519,521,523;                                           0000515P0000855
110,0.35,0.86048,-1.976E-02,0.35,3.952E-02,-1.976E-02;           0000517P0000856
110,0.35,3.952E-02,-1.976E-02,1.4,3.952E-02,-1.976E-02;          0000519P0000857
110,1.4,3.952E-02,-1.976E-02,1.4,0.86048,-1.976E-02;             0000521P0000858
110,1.4,0.86048,-1.976E-02,0.35,0.86048,-1.976E-02;              0000523P0000859
144,527,1,0,529;                                                 0000525P0000860
108,-0.,-0.,1.,0.,0,1.75,0.,0.,0.;                               0000527P0000861
142,0,527,0,531,2;                                               0000529P0000862
102,4,533,535,537,539;                                           0000531P0000863
110,1.976E-02,0.88024,0.,1.976E-02,1.976E-02,0.;                 0000533P0000864
110,1.976E-02,1.976E-02,0.,0.33024,1.976E-02,0.;                 0000535P0000865
110,0.33024,1.976E-02,0.,0.33024,0.88024,0.;                     0000537P0000866
110,0.33024,0.88024,0.,1.976E-02,0.88024,0.;                     0000539P0000867
144,543,1,0,545;                                                 0000541P0000868
108,-0.,-0.,1.,0.,0,1.75,0.,0.,0.;                               0000543P0000869
142,0,543,0,547,2;                                               0000545P0000870
102,4,549,551,553,555;                                           0000547P0000871
110,1.41976,0.88024,0.,1.41976,1.976E-02,0.;                     0000549P0000872
110,1.41976,1.976E-02,0.,1.73024,1.976E-02,0.;                   0000551P0000873
110,1.73024,1.976E-02,0.,1.73024,0.88024,0.;                     0000553P0000874
110,1.73024,0.88024,0.,1.41976,0.88024,0.;                       0000555P0000875
144,559,1,0,561;                                                 0000557P0000876
108,-0.,1.,-0.,0.88024,0,0.35,0.88024,-0.95,0.;                  0000559P0000877
142,0,559,0,563,2;                                               0000561P0000878
102,4,565,567,569,571;                                           0000563P0000879
110,1.4,0.88024,-3.952E-02,1.4,0.88024,-0.91048;                 0000565P0000880
110,1.4,0.88024,-0.91048,0.35,0.88024,-0.91048;                  0000567P0000881
110,0.35,0.88024,-0.91048,0.35,0.88024,-3.952E-02;               0000569P0000882
110,0.35,0.88024,-3.952E-02,1.4,0.88024,-3.952E-02;              0000571P0000883
144,575,1,0,577;                                                 0000573P0000884
108,-0.,-0.,-1.,0.95,0,1.75,0.,-0.95,0.;                         0000575P0000885
142,0,575,0,579,2;                                               0000577P0000886
102,4,581,583,585,587;                                           0000579P0000887
110,0.33024,0.88024,-0.95,0.33024,1.976E-02,-0.95;               0000581P0000888
110,0.33024,1.976E-02,-0.95,1.976E-02,1.976E-02,-0.95;           0000583P0000889
110,1.976E-02,1.976E-02,-0.95,1.976E-02,0.88024,-0.95;           0000585P0000890
110,1.976E-02,0.88024,-0.95,0.33024,0.88024,-0.95;               0000587P0000891
144,591,1,0,593;                                                 0000589P0000892
108,-0.,1.,-0.,0.9,0,1.75,0.9,0.,0.;                             0000591P0000893
142,0,591,0,595,2;                                               0000593P0000894
102,4,597,599,601,603;                                           0000595P0000895
110,0.33024,0.9,-1.976E-02,0.33024,0.9,-0.93024;                 0000597P0000896
110,0.33024,0.9,-0.93024,1.976E-02,0.9,-0.93024;                 0000599P0000897
110,1.976E-02,0.9,-0.93024,1.976E-02,0.9,-1.976E-02;             0000601P0000898
110,1.976E-02,0.9,-1.976E-02,0.33024,0.9,-1.976E-02;             0000603P0000899
144,607,1,0,609;                                                 0000605P0000900
108,-0.,-0.,-1.,0.95,0,1.75,0.,-0.95,0.;                         0000607P0000901
142,0,607,0,611,2;                                               0000609P0000902
102,4,613,615,617,619;                                           0000611P0000903
110,1.73024,1.976E-02,-0.95,1.41976,1.976E-02,-0.95;             0000613P0000904
110,1.41976,1.976E-02,-0.95,1.41976,0.88024,-0.95;               0000615P0000905
110,1.41976,0.88024,-0.95,1.73024,0.88024,-0.95;                 0000617P0000906
110,1.73024,0.88024,-0.95,1.73024,1.976E-02,-0.95;               0000619P0000907
144,623,1,0,625;                                                 0000621P0000908
108,-0.,1.,-0.,0.9,0,1.75,0.9,0.,0.;                             0000623P0000909
142,0,623,0,627,2;                                               0000625P0000910
102,4,629,631,633,635;                                           0000627P0000911
110,1.41976,0.9,-1.976E-02,1.73024,0.9,-1.976E-02;               0000629P0000912
110,1.73024,0.9,-1.976E-02,1.73024,0.9,-0.93024;                 0000631P0000913
110,1.73024,0.9,-0.93024,1.41976,0.9,-0.93024;                   0000633P0000914
110,1.41976,0.9,-0.93024,1.41976,0.9,-1.976E-02;                 0000635P0000915
144,639,1,0,641;                                                 0000637P0000916
108,1.,-0.,-0.,1.75,0,1.75,0.,0.,0.;                             0000639P0000917
142,0,639,0,643,2;                                               0000641P0000918
102,4,645,647,649,651;                                           0000643P0000919
110,1.75,1.976E-02,-1.976E-02,1.75,1.976E-02,-0.93024;           0000645P0000920
110,1.75,1.976E-02,-0.93024,1.75,0.88024,-0.93024;               0000647P0000921
110,1.75,0.88024,-0.93024,1.75,0.88024,-1.976E-02;               0000649P0000922
110,1.75,0.88024,-1.976E-02,1.75,1.976E-02,-1.976E-02;           0000651P0000923
144,655,1,0,657;                                                 0000653P0000924
108,-1.,0.,0.,0.,0,0.,0.,0.,0.;                                  0000655P0000925
142,0,655,0,659,2;                                               0000657P0000926
102,4,661,663,665,667;                                           0000659P0000927
110,0.,0.88024,-0.93024,0.,1.976E-02,-0.93024;                   0000661P0000928
110,0.,1.976E-02,-0.93024,0.,1.976E-02,-1.976E-02;               0000663P0000929
110,0.,1.976E-02,-1.976E-02,0.,0.88024,-1.976E-02;               0000665P0000930
110,0.,0.88024,-1.976E-02,0.,0.88024,-0.93024;                   0000667P0000931
144,671,1,0,673;                                                 0000669P0000932
108,0.,-1.,0.,-1.976E-02,0,0.35,1.976E-02,-0.95,0.;              0000671P0000933
142,0,671,0,675,2;                                               0000673P0000934
102,4,677,679,681,683;                                           0000675P0000935
110,0.35,1.976E-02,-3.952E-02,0.35,1.976E-02,-0.91048;           0000677P0000936
110,0.35,1.976E-02,-0.91048,1.4,1.976E-02,-0.91048;              0000679P0000937
110,1.4,1.976E-02,-0.91048,1.4,1.976E-02,-3.952E-02;             0000681P0000938
110,1.4,1.976E-02,-3.952E-02,0.35,1.976E-02,-3.952E-02;          0000683P0000939
144,687,1,0,695;                                                 0000685P0000940
120,691,693,4.71238898,6.283185307;                              0000687P0000941
124,1.,0.,0.,1.73024,0.,1.,0.,0.88024,0.,0.,1.,0.;               0000689P0000942
110,0.,0.,1.,0.,0.,0.;                                           0000691P0000943
110,1.976E-02,0.,-0.93024,1.976E-02,0.,-1.976E-02;               0000693P0000944
142,0,687,697,707,3;                                             0000695P0000945
102,4,699,701,703,705;                                           0000697P0000946
110,1.,4.71238898,0.,1.,6.283185307,0.;                          0000699P0000947
110,1.,6.283185307,0.,-2.438764222E-16,6.283185307,0.;           0000701P0000948
110,1.972152263E-31,6.283185307,0.,-3.830801883E-16,4.71238898,  0000703P0000949
0.;                                                              0000703P0000950
110,-5.551115123E-16,4.71238898,0.,1.,4.71238898,0.;             0000705P0000951
102,4,709,713,715,719;                                           0000707P0000952
100,0.,0.,0.,0.,-1.976E-02,1.976E-02,0.;                         0000709P0000953
124,1.,0.,0.,1.73024,0.,-1.,0.,0.88024,0.,0.,-1.,-1.976E-02;     0000711P0000954
110,1.75,0.88024,-1.976E-02,1.75,0.88024,-0.93024;               0000713P0000955
100,0.,0.,0.,-1.976E-02,0.,0.,-1.976E-02;                        0000715P0000956
124,-1.,0.,-0.,1.73024,0.,-1.,0.,0.88024,0.,-0.,1.,-0.93024;     0000717P0000957
110,1.73024,0.9,-0.93024,1.73024,0.9,-1.976E-02;                 0000719P0000958
144,723,1,0,733;                                                 0000721P0000959
120,727,729,0.,1.570796327;                                      0000723P0000960
124,1.,0.,0.,1.73024,0.,0.,1.,0.88024,0.,-1.,0.,-1.976E-02;      0000725P0000961
110,0.,0.,1.,0.,0.,0.;                                           0000727P0000962
100,0.,0.,0.,1.976E-02,0.,1.209951038E-18,1.976E-02;             0000729P0000963
124,1.,0.,0.,0.,0.,0.,-1.,0.,0.,1.,-0.,0.;                       0000731P0000964
142,0,723,735,743,3;                                             0000733P0000965
102,3,737,739,741;                                               0000735P0000966
126,24,3,0,0,1,0,4.71238898,4.71238898,4.71238898,4.71238898,    0000737P0000967
4.783788813,4.855188646,4.926588479,4.997988313,5.069388146,     0000737P0000968
5.140787979,5.212187812,5.283587645,5.354987478,5.426387311,     0000737P0000969
5.497787144,5.569186977,5.64058681,5.711986643,5.783386476,      0000737P0000970
5.854786309,5.926186142,5.997585975,6.068985808,6.140385641,     0000737P0000971
6.211785474,6.283185307,6.283185307,6.283185307,6.283185307,1.,  0000737P0000972
1.,1.,1.,1.,1.,1.,1.,1.,1.,1.,1.,1.,1.,1.,1.,1.,1.,1.,1.,1.,1.,  0000737P0000973
1.,1.,1.,-1.046360549E-15,1.570796327,0.,-1.051645199E-15,       0000737P0000974
1.546996382,0.,-1.062214497E-15,1.499396494,0.,-1.078068445E-15, 0000737P0000975
1.427996661,0.,-1.093922393E-15,1.356596828,0.,-1.10977634E-15,  0000737P0000976
1.285196995,0.,-1.125630288E-15,1.213797162,0.,-1.141484236E-15, 0000737P0000977
1.142397329,0.,-1.157338183E-15,1.070997496,0.,-1.173192131E-15, 0000737P0000978
0.999597663,0.,-1.189046079E-15,0.928197829,0.,-1.204900027E-15, 0000737P0000979
0.856797996,0.,-1.220753974E-15,0.785398163,0.,-1.236607922E-15, 0000737P0000980
0.71399833,0.,-1.25246187E-15,0.642598497,0.,-1.268315817E-15,   0000737P0000981
0.571198664,0.,-1.284169765E-15,0.499798831,0.,-1.300023713E-15, 0000737P0000982
0.428398998,0.,-1.315877661E-15,0.356999165,0.,-1.331731608E-15, 0000737P0000983
0.285599332,0.,-1.347585556E-15,0.214199499,0.,-1.363439504E-15, 0000737P0000984
0.142799666,0.,-1.379293451E-15,7.139983304E-02,0.,              0000737P0000985
-1.38986275E-15,2.379994435E-02,0.,-1.395147399E-15,             0000737P0000986
1.776356839E-15,0.,4.71238898,6.283185307,0.,0.,1.;              0000737P0000987
110,-1.395147399E-15,1.776356839E-15,0.,1.570796327,             0000739P0000988
2.125143689E-15,0.;                                              0000739P0000989
110,1.570796327,1.570796327,0.,0.,1.570796327,0.;                0000741P0000990
102,3,745,749,753;                                               0000743P0000991
100,0.,0.,0.,1.976E-02,0.,0.,1.976E-02;                          0000745P0000992
124,0.,1.,0.,1.73024,0.,0.,1.,0.88024,1.,0.,0.,-1.976E-02;       0000747P0000993
100,0.,0.,0.,1.976E-02,0.,0.,1.976E-02;                          0000749P0000994
124,1.,0.,0.,1.73024,0.,1.,0.,0.88024,0.,0.,1.,-1.976E-02;       0000751P0000995
100,0.,0.,0.,0.,1.976E-02,-1.976E-02,0.;                         0000753P0000996
124,0.,0.,1.,1.73024,0.,1.,0.,0.88024,-1.,0.,0.,-1.976E-02;      0000755P0000997
144,759,1,0,769;                                                 0000757P0000998
120,763,765,4.71238898,6.283185307;                              0000759P0000999
124,1.,0.,0.,1.73024,0.,0.,1.,0.88024,0.,-1.,0.,-0.93024;        0000761P0001000
110,0.,0.,1.,0.,0.,0.;                                           0000763P0001001
100,0.,0.,0.,1.976E-02,0.,1.209951038E-18,1.976E-02;             0000765P0001002
124,1.,0.,0.,0.,0.,0.,-1.,0.,0.,1.,-0.,0.;                       0000767P0001003
142,0,759,771,779,3;                                             0000769P0001004
102,3,773,775,777;                                               0000771P0001005
126,24,3,0,0,1,0,4.71238898,4.71238898,4.71238898,4.71238898,    0000773P0001006
4.783788813,4.855188646,4.926588479,4.997988313,5.069388146,     0000773P0001007
5.140787979,5.212187812,5.283587645,5.354987478,5.426387311,     0000773P0001008
5.497787144,5.569186977,5.64058681,5.711986643,5.783386476,      0000773P0001009
5.854786309,5.926186142,5.997585975,6.068985808,6.140385641,     0000773P0001010
6.211785474,6.283185307,6.283185307,6.283185307,6.283185307,1.,  0000773P0001011
1.,1.,1.,1.,1.,1.,1.,1.,1.,1.,1.,1.,1.,1.,1.,1.,1.,1.,1.,1.,1.,  0000773P0001012
1.,1.,1.,-3.487868498E-16,4.71238898,0.,2.379994435E-02,         0000773P0001013
4.71238898,0.,7.139983304E-02,4.71238898,0.,0.142799666,         0000773P0001014
4.71238898,0.,0.214199499,4.71238898,0.,0.285599332,4.71238898,  0000773P0001015
0.,0.356999165,4.71238898,0.,0.428398998,4.71238898,0.,          0000773P0001016
0.499798831,4.71238898,0.,0.571198664,4.71238898,0.,0.642598497, 0000773P0001017
4.71238898,0.,0.71399833,4.71238898,0.,0.785398163,4.71238898,   0000773P0001018
0.,0.856797996,4.71238898,0.,0.928197829,4.71238898,0.,          0000773P0001019
0.999597663,4.71238898,0.,1.070997496,4.71238898,0.,1.142397329, 0000773P0001020
4.71238898,0.,1.213797162,4.71238898,0.,1.285196995,4.71238898,  0000773P0001021
0.,1.356596828,4.71238898,0.,1.427996661,4.71238898,0.,          0000773P0001022
1.499396494,4.71238898,0.,1.546996382,4.71238898,0.,1.570796327, 0000773P0001023
4.71238898,0.,4.71238898,6.283185307,0.,0.,1.;                   0000773P0001024
110,1.570796327,6.283185307,0.,-8.881784197E-16,6.283185307,0.;  0000775P0001025
110,1.972152263E-31,6.283185307,0.,-3.487868498E-16,4.71238898,  0000777P0001026
0.;                                                              0000777P0001027
102,3,781,785,789;                                               0000779P0001028
100,0.,0.,0.,1.976E-02,0.,0.,1.976E-02;                          0000781P0001029
124,0.,0.,1.,1.73024,0.,1.,0.,0.88024,-1.,0.,0.,-0.93024;        0000783P0001030
100,0.,0.,0.,0.,1.976E-02,-1.976E-02,0.;                         0000785P0001031
124,-1.,0.,0.,1.73024,0.,1.,0.,0.88024,0.,0.,-1.,-0.93024;       0000787P0001032
100,0.,0.,0.,0.,1.976E-02,-1.976E-02,0.;                         0000789P0001033
124,0.,1.,0.,1.73024,0.,0.,1.,0.88024,1.,0.,0.,-0.93024;         0000791P0001034
144,795,1,0,803;                                                 0000793P0001035
120,799,801,4.71238898,6.283185307;                              0000795P0001036
124,0.,0.,-1.,1.75,0.,1.,0.,0.88024,1.,0.,0.,-1.976E-02;         0000797P0001037
110,0.,0.,1.,0.,0.,0.;                                           0000799P0001038
110,1.976E-02,0.,1.976E-02,1.976E-02,0.,0.33024;                 0000801P0001039
142,0,795,805,815,3;                                             0000803P0001040
102,4,807,809,811,813;                                           0000805P0001041
110,-6.351946222E-31,6.283185307,0.,-1.123379444E-15,4.71238898, 0000807P0001042
0.;                                                              0000807P0001043
110,-1.110223025E-15,4.71238898,0.,1.,4.71238898,0.;             0000809P0001044
110,1.,4.71238898,0.,1.,6.283185307,0.;                          0000811P0001045
110,1.,6.283185307,0.,1.117446197E-17,6.283185307,0.;            0000813P0001046
102,4,817,821,823,827;                                           0000815P0001047
100,0.,0.,0.,-1.976E-02,0.,-3.469446952E-18,-1.976E-02;          0000817P0001048
124,0.,0.,-1.,1.73024,0.,-1.,0.,0.88024,-1.,0.,-0.,-1.976E-02;   0000819P0001049
110,1.73024,0.9,-1.976E-02,1.41976,0.9,-1.976E-02;               0000821P0001050
100,0.,0.,0.,-3.469446952E-18,-1.976E-02,1.976E-02,0.;           0000823P0001051
124,0.,0.,1.,1.41976,0.,-1.,-0.,0.88024,1.,0.,0.,-1.976E-02;     0000825P0001052
110,1.41976,0.88024,0.,1.73024,0.88024,0.;                       0000827P0001053
144,831,1,0,839;                                                 0000829P0001054
120,835,837,3.141592654,4.71238898;                              0000831P0001055
124,0.,1.,0.,1.73024,0.,0.,-1.,0.,-1.,0.,0.,-1.976E-02;          0000833P0001056
110,0.,0.,1.,0.,0.,0.;                                           0000835P0001057
110,1.976E-02,0.,-0.88024,1.976E-02,0.,-1.976E-02;               0000837P0001058
142,0,831,841,851,3;                                             0000839P0001059
102,4,843,845,847,849;                                           0000841P0001060
110,-4.053398682E-16,4.71238898,0.,-8.106797364E-16,3.141592654, 0000843P0001061
0.;                                                              0000843P0001062
110,-9.992007222E-16,3.141592654,0.,1.,3.141592654,0.;           0000845P0001063
110,1.,3.141592654,0.,1.,4.71238898,0.;                          0000847P0001064
110,1.,4.71238898,0.,-6.451184366E-16,4.71238898,0.;             0000849P0001065
102,4,853,857,859,863;                                           0000851P0001066
100,0.,0.,0.,-3.469446952E-18,-1.976E-02,1.976E-02,0.;           0000853P0001067
124,0.,-1.,0.,1.73024,0.,0.,-1.,0.88024,1.,0.,-0.,-1.976E-02;    0000855P0001068
110,1.73024,0.88024,0.,1.73024,1.976E-02,0.;                     0000857P0001069
100,0.,0.,0.,-1.976E-02,0.,-3.469446952E-18,-1.976E-02;          0000859P0001070
124,0.,-1.,0.,1.73024,0.,0.,1.,1.976E-02,-1.,-0.,0.,-1.976E-02;  0000861P0001071
110,1.75,1.976E-02,-1.976E-02,1.75,0.88024,-1.976E-02;           0000863P0001072
144,867,1,0,875;                                                 0000865P0001073
120,871,873,1.570796327,3.141592654;                             0000867P0001074
124,-1.,0.,0.,1.73024,0.,1.,0.,1.976E-02,0.,0.,-1.,0.;           0000869P0001075
110,0.,0.,1.,0.,0.,0.;                                           0000871P0001076
110,1.976E-02,0.,1.976E-02,1.976E-02,0.,0.93024;                 0000873P0001077
142,0,867,877,887,3;                                             0000875P0001078
102,4,879,881,883,885;                                           0000877P0001079
110,1.,1.570796327,0.,1.,3.141592654,0.;                         0000879P0001080
110,1.,3.141592654,0.,-7.621138195E-16,3.141592654,0.;           0000881P0001081
110,-7.661603765E-16,3.141592654,0.,-1.149240565E-15,            0000883P0001082
1.570796327,0.;                                                  0000883P0001083
110,-1.110223025E-15,1.570796327,0.,1.,1.570796327,0.;           0000885P0001084
102,4,889,893,895,899;                                           0000887P0001085
100,0.,0.,0.,0.,1.976E-02,-1.976E-02,3.469446952E-18;            0000889P0001086
124,-1.,0.,-0.,1.73024,0.,-1.,0.,1.976E-02,0.,-0.,1.,-0.93024;   0000891P0001087
110,1.75,1.976E-02,-0.93024,1.75,1.976E-02,-1.976E-02;           0000893P0001088
100,0.,0.,0.,1.976E-02,0.,0.,1.976E-02;                          0000895P0001089
124,1.,0.,0.,1.73024,0.,-1.,-0.,1.976E-02,0.,0.,-1.,-1.976E-02;  0000897P0001090
110,1.73024,0.,-1.976E-02,1.73024,0.,-0.93024;                   0000899P0001091
144,903,1,0,911;                                                 0000901P0001092
120,907,909,3.141592654,4.71238898;                              0000903P0001093
124,0.,1.,0.,1.73024,0.,0.,1.,0.,1.,0.,0.,-0.93024;              0000905P0001094
110,0.,0.,1.,0.,0.,0.;                                           0000907P0001095
110,1.976E-02,0.,1.976E-02,1.976E-02,0.,0.88024;                 0000909P0001096
142,0,903,913,923,3;                                             0000911P0001097
102,4,915,917,919,921;                                           0000913P0001098
110,1.,3.141592654,0.,1.,4.71238898,0.;                          0000915P0001099
110,1.,4.71238898,0.,-4.031990229E-16,4.71238898,0.;             0000917P0001100
110,-4.053398682E-16,4.71238898,0.,-8.106797364E-16,3.141592654, 0000919P0001101
0.;                                                              0000919P0001102
110,-7.771561172E-16,3.141592654,0.,1.,3.141592654,0.;           0000921P0001103
102,4,925,929,931,935;                                           0000923P0001104
100,0.,0.,0.,-1.976E-02,0.,0.,-1.976E-02;                        0000925P0001105
124,0.,-1.,0.,1.73024,0.,0.,-1.,0.88024,1.,0.,0.,-0.93024;       0000927P0001106
110,1.75,0.88024,-0.93024,1.75,1.976E-02,-0.93024;               0000929P0001107
100,0.,0.,0.,0.,-1.976E-02,1.976E-02,0.;                         0000931P0001108
124,0.,-1.,0.,1.73024,0.,0.,1.,1.976E-02,-1.,-0.,0.,-0.93024;    0000933P0001109
110,1.73024,1.976E-02,-0.95,1.73024,0.88024,-0.95;               0000935P0001110
144,939,1,0,947;                                                 0000937P0001111
120,943,945,3.141592654,4.71238898;                              0000939P0001112
124,0.,0.,-1.,1.75,0.,1.,0.,0.88024,1.,0.,0.,-0.93024;           0000941P0001113
110,0.,0.,1.,0.,0.,0.;                                           0000943P0001114
110,1.976E-02,0.,1.976E-02,1.976E-02,0.,0.33024;                 0000945P0001115
142,0,939,949,959,3;                                             0000947P0001116
102,4,951,953,955,957;                                           0000949P0001117
110,-1.123379444E-15,4.71238898,0.,-2.246758888E-15,3.141592654, 0000951P0001118
0.;                                                              0000951P0001119
110,-2.220446049E-15,3.141592654,0.,1.,3.141592654,0.;           0000953P0001120
110,1.,3.141592654,0.,1.,4.71238898,0.;                          0000955P0001121
110,1.,4.71238898,0.,-1.117446197E-15,4.71238898,0.;             0000957P0001122
102,4,961,965,967,971;                                           0000959P0001123
100,0.,0.,0.,0.,-1.976E-02,1.976E-02,0.;                         0000961P0001124
124,0.,0.,-1.,1.73024,0.,-1.,0.,0.88024,-1.,0.,0.,-0.93024;      0000963P0001125
110,1.73024,0.88024,-0.95,1.41976,0.88024,-0.95;                 0000965P0001126
100,0.,0.,0.,-1.976E-02,0.,0.,-1.976E-02;                        0000967P0001127
124,0.,0.,1.,1.41976,0.,-1.,-0.,0.88024,1.,0.,0.,-0.93024;       0000969P0001128
110,1.41976,0.9,-0.93024,1.73024,0.9,-0.93024;                   0000971P0001129
144,975,1,0,983;                                                 0000973P0001130
120,979,981,2.844341292,4.71238898;                              0000975P0001131
124,1.,0.,0.,1.41976,0.,1.,0.,0.88024,0.,0.,1.,0.;               0000977P0001132
110,0.,0.,1.,0.,0.,0.;                                           0000979P0001133
110,1.976E-02,0.,-0.93024,1.976E-02,0.,-1.976E-02;               0000981P0001134
142,0,975,985,1003,3;                                            0000983P0001135
102,8,987,989,991,993,995,997,999,1001;                          0000985P0001136
110,1.,3.141592654,0.,1.,4.71238898,0.;                          0000987P0001137
110,1.,4.71238898,0.,-6.096910556E-16,4.71238898,0.;             0000989P0001138
110,-3.830801883E-16,4.71238898,0.,-7.661603765E-16,3.141592654, 0000991P0001139
0.;                                                              0000991P0001140
126,24,3,1,0,1,0,1.570796327,1.570796327,1.570796327,            0000993P0001141
1.570796327,1.584307752,1.597819178,1.611330603,1.624842029,     0000993P0001142
1.638353454,1.65186488,1.665376305,1.678887731,1.692399156,      0000993P0001143
1.705910582,1.719422007,1.732933433,1.746444858,1.759956284,     0000993P0001144
1.77346771,1.786979135,1.800490561,1.814001986,1.827513412,      0000993P0001145
1.841024837,1.854536263,1.868047688,1.868047688,1.868047688,     0000993P0001146
1.868047688,1.,1.,1.,1.,1.,1.,1.,1.,1.,1.,1.,1.,1.,1.,1.,1.,1.,  0000993P0001147
1.,1.,1.,1.,1.,1.,1.,1.,-5.222839543E-16,3.141592654,0.,         0000993P0001148
9.738593175E-05,3.137105409,0.,2.92255524E-04,3.128126419,0.,    0000993P0001149
5.847734606E-04,3.114645647,0.,8.774254449E-04,3.101153796,0.,   0000993P0001150
1.170131495E-03,3.08765208,0.,1.462811404E-03,3.074141722,0.,    0000993P0001151
1.755384765E-03,3.060623947,0.,2.047771052E-03,3.047099986,0.,   0000993P0001152
2.339889698E-03,3.03357107,0.,2.631660163E-03,3.020038438,0.,    0000993P0001153
2.923002008E-03,3.006503325,0.,3.213834975E-03,2.992966973,0.,   0000993P0001154
3.504079053E-03,2.979430621,0.,3.793654555E-03,2.965895508,0.,   0000993P0001155
4.082482192E-03,2.952362875,0.,4.370483143E-03,2.93883396,0.,    0000993P0001156
4.657579128E-03,2.925309999,0.,4.943692477E-03,2.911792224,0.,   0000993P0001157
5.228746204E-03,2.898281866,0.,5.512664066E-03,2.88478015,0.,    0000993P0001158
5.795370661E-03,2.871288299,0.,6.076791374E-03,2.857807527,0.,   0000993P0001159
6.263499063E-03,2.848828537,0.,6.356614098E-03,2.844341292,0.,   0000993P0001160
1.570796327,1.868047688,-0.,-0.,1.;                              0000993P0001161
126,24,3,1,0,1,0,0.,0.,0.,0.,7.029509028E-07,1.405901806E-06,    0000995P0001162
2.108852708E-06,2.811803611E-06,3.514754514E-06,4.217705417E-06, 0000995P0001163
4.92065632E-06,5.623607223E-06,6.326558125E-06,7.029509028E-06,  0000995P0001164
7.732459931E-06,8.435410834E-06,9.138361737E-06,9.841312639E-06, 0000995P0001165
1.054426354E-05,1.124721445E-05,1.195016535E-05,1.265311625E-05, 0000995P0001166
1.335606715E-05,1.405901806E-05,1.476196896E-05,1.546491986E-05, 0000995P0001167
1.546491986E-05,1.546491986E-05,1.546491986E-05,1.,1.,1.,1.,1.,  0000995P0001168
1.,1.,1.,1.,1.,1.,1.,1.,1.,1.,1.,1.,1.,1.,1.,1.,1.,1.,1.,1.,     0000995P0001169
6.356614098E-03,2.844341292,0.,6.534467412E-03,2.852911802,0.,   0000995P0001170
6.898154452E-03,2.869748206,0.,7.466132632E-03,2.894058368,0.,   0000995P0001171
8.05506422E-03,2.917394812,0.,8.663457099E-03,2.939723633,0.,    0000995P0001172
9.289811375E-03,2.961007907,0.,9.932656166E-03,2.981208487,0.,   0000995P0001173
1.059041232E-02,3.000280434,0.,1.126190476E-02,3.018187646,0.,   0000995P0001174
1.194445033E-02,3.034849006,0.,1.26424658E-02,3.050376455,0.,    0000995P0001175
1.335364786E-02,3.064743658,0.,1.407676803E-02,3.077937514,0.,   0000995P0001176
1.481030632E-02,3.089940213,0.,1.555283399E-02,3.100734093,0.,   0000995P0001177
1.630284869E-02,3.110299906,0.,1.705905135E-02,3.118618834,0.,   0000995P0001178
1.781940339E-02,3.125666319,0.,1.858462097E-02,3.131435164,0.,   0000995P0001179
1.936173975E-02,3.135972011,0.,2.014044748E-02,3.139209385,0.,   0000995P0001180
2.09215899E-02,3.141158611,0.,2.144253575E-02,3.141592649,0.,    0000995P0001181
2.170283806E-02,3.141592654,0.,0.,1.546491986E-05,-0.,-0.,1.;    0000995P0001182
110,2.170283806E-02,3.141592654,0.,0.978297162,3.141592654,0.;   0000997P0001183
126,24,3,1,0,1,0,0.,0.,0.,0.,7.037440522E-07,1.407488104E-06,    0000999P0001184
2.111232157E-06,2.814976209E-06,3.518720261E-06,4.222464313E-06, 0000999P0001185
4.926208365E-06,5.629952417E-06,6.33369647E-06,7.037440522E-06,  0000999P0001186
7.741184574E-06,8.444928626E-06,9.148672678E-06,9.85241673E-06,  0000999P0001187
1.055616078E-05,1.125990483E-05,1.196364889E-05,1.266739294E-05, 0000999P0001188
1.337113699E-05,1.407488104E-05,1.47786251E-05,1.548236915E-05,  0000999P0001189
1.548236915E-05,1.548236915E-05,1.548236915E-05,1.,1.,1.,1.,1.,  0000999P0001190
1.,1.,1.,1.,1.,1.,1.,1.,1.,1.,1.,1.,1.,1.,1.,1.,1.,1.,1.,1.,     0000999P0001191
0.978297162,3.141592654,0.,0.978554808,3.141592651,0.,           0000999P0001192
0.979070854,3.141157943,0.,0.979845717,3.139213314,0.,           0000999P0001193
0.980619909,3.135987717,0.,0.981391961,3.13149256,0.,            0000999P0001194
0.982160406,3.125738931,0.,0.982923774,3.118737601,0.,           0000999P0001195
0.983680611,3.110498769,0.,0.984429398,3.101033012,0.,           0000999P0001196
0.985168856,3.090348023,0.,0.985896822,3.078461255,0.,           0000999P0001197
0.986617528,3.065297419,0.,0.987328804,3.050907471,0.,           0000999P0001198
0.988029359,3.035321145,0.,0.988717661,3.018571633,0.,           0000999P0001199
0.989392253,3.00068843,0.,0.990051627,2.981700612,0.,            0000999P0001200
0.990694402,2.961630305,0.,0.991318739,2.940515047,0.,0.9919245, 0000999P0001201
2.918324435,0.,0.992520704,2.894693999,0.,0.993094439,           0000999P0001202
2.870106912,0.,0.993463008,2.853033447,0.,0.993643386,           0000999P0001203
2.844341292,0.,0.,1.548236915E-05,-0.,-0.,1.;                    0000999P0001204
126,24,3,1,0,1,0,1.570796327,1.570796327,1.570796327,            0001001P0001205
1.570796327,1.584307752,1.597819178,1.611330603,1.624842029,     0001001P0001206
1.638353454,1.65186488,1.665376305,1.678887731,1.692399156,      0001001P0001207
1.705910582,1.719422007,1.732933433,1.746444858,1.759956284,     0001001P0001208
1.77346771,1.786979135,1.800490561,1.814001986,1.827513412,      0001001P0001209
1.841024837,1.854536263,1.868047688,1.868047688,1.868047688,     0001001P0001210
1.868047688,1.,1.,1.,1.,1.,1.,1.,1.,1.,1.,1.,1.,1.,1.,1.,1.,1.,  0001001P0001211
1.,1.,1.,1.,1.,1.,1.,1.,0.993643386,2.844341292,0.,0.993736501,  0001001P0001212
2.848828537,0.,0.993923209,2.857807527,0.,0.994204629,           0001001P0001213
2.871288299,0.,0.994487336,2.88478015,0.,0.994771254,            0001001P0001214
2.898281866,0.,0.995056308,2.911792224,0.,0.995342421,           0001001P0001215
2.925309999,0.,0.995629517,2.93883396,0.,0.995917518,            0001001P0001216
2.952362875,0.,0.996206345,2.965895508,0.,0.996495921,           0001001P0001217
2.979430621,0.,0.996786165,2.992966973,0.,0.997076998,           0001001P0001218
3.006503325,0.,0.99736834,3.020038438,0.,0.99766011,3.03357107,  0001001P0001219
0.,0.997952229,3.047099986,0.,0.998244615,3.060623947,0.,        0001001P0001220
0.998537189,3.074141722,0.,0.998829869,3.08765208,0.,            0001001P0001221
0.999122575,3.101153796,0.,0.999415227,3.114645647,0.,           0001001P0001222
0.999707744,3.128126419,0.,0.999902614,3.137105409,0.,1.,        0001001P0001223
3.141592654,0.,1.570796327,1.868047688,-0.,-0.,1.;               0001001P0001224
102,8,1005,1009,1011,1015,1017,1019,1021,1023;                   0001003P0001225
100,0.,0.,0.,-1.976E-02,0.,0.,-1.976E-02;                        0001005P0001226
124,1.,0.,-2.057569912E-15,1.41976,0.,-1.,0.,0.88024,            0001007P0001227
-2.057569912E-15,0.,-1.,-1.976E-02;                              0001007P0001228
110,1.41976,0.9,-1.976E-02,1.41976,0.9,-0.93024;                 0001009P0001229
100,0.,0.,0.,0.,-1.976E-02,1.976E-02,0.;                         0001011P0001230
124,-1.,-0.,0.,1.41976,0.,-1.,0.,0.88024,0.,0.,1.,-0.93024;      0001013P0001231
126,3,3,1,0,0,0,1.570796327,1.570796327,1.570796327,1.570796327, 0001015P0001232
1.868047688,1.868047688,1.868047688,1.868047688,1.,0.992650347,  0001015P0001233
0.992650347,1.,1.4,0.88024,-0.93024,1.4,0.878274862,             0001015P0001234
-0.928274862,1.400290996,0.876331388,-0.926331388,1.400866572,   0001015P0001235
0.87445243,-0.92445243,1.570796327,1.868047688,0.,0.707106781,   0001015P0001236
0.707106781;                                                     0001015P0001237
126,9,3,0,0,1,0,0.,0.,0.,0.,6.219594429E-06,6.219594429E-06,     0001017P0001238
6.219594429E-06,1.240638413E-05,1.240638413E-05,1.240638413E-05, 0001017P0001239
1.546491986E-05,1.546491986E-05,1.546491986E-05,1.546491986E-05, 0001017P0001240
1.,1.,1.,1.,1.,1.,1.,1.,1.,1.,1.400866572,0.87445243,            0001017P0001241
-0.92445243,1.400427682,0.875885177,-0.923019683,1.40022145,     0001017P0001242
0.877141871,-0.921302529,1.400118119,0.878082659,-0.919457972,   0001017P0001243
1.400015142,0.879020236,-0.917619713,1.400005436,0.87967537,     0001017P0001244
-0.915604861,1.400001484,0.879997842,-0.913564065,1.399999511,   0001017P0001245
0.880158785,-0.912545518,1.4,0.88024,-0.911511186,1.4,0.88024,   0001017P0001246
-0.91048,0.,1.546491986E-05,-0.967003714,-0.248304204,           0001017P0001247
5.699859049E-02;                                                 0001017P0001248
110,1.4,0.88024,-0.91048,1.4,0.88024,-3.952E-02;                 0001019P0001249
126,9,3,0,0,1,0,0.,0.,0.,0.,6.575748506E-06,6.575748506E-06,     0001021P0001250
6.575748506E-06,1.316507642E-05,1.316507642E-05,1.316507642E-05, 0001021P0001251
1.548236915E-05,1.548236915E-05,1.548236915E-05,1.548236915E-05, 0001021P0001252
1.,1.,1.,1.,1.,1.,1.,1.,1.,1.,1.4,0.88024,-3.952E-02,1.4,        0001021P0001253
0.88024,-3.732808383E-02,1.399990434,0.879865015,                0001021P0001254
-3.510619093E-02,1.400030314,0.879145882,-3.303598466E-02,       0001021P0001255
1.400070237,0.878425978,-3.096355855E-02,1.400165885,            0001021P0001256
0.877336339,-2.898206103E-02,1.400462646,0.875989148,            0001021P0001257
-2.727565736E-02,1.400568477,0.875508716,-2.666712435E-02,       0001021P0001258
1.400700916,0.87499321,-2.60883497E-02,1.400866572,0.87445243,   0001021P0001259
-2.554757E-02,0.,1.548236915E-05,0.968120385,0.244366949,        0001021P0001260
5.502466169E-02;                                                 0001021P0001261
126,3,3,1,0,0,0,1.570796327,1.570796327,1.570796327,1.570796327, 0001023P0001262
1.868047688,1.868047688,1.868047688,1.868047688,1.,0.992650347,  0001023P0001263
0.992650347,1.,1.400866572,0.87445243,-2.554757E-02,1.400290996, 0001023P0001264
0.876331388,-2.366861235E-02,1.4,0.878274862,-2.172513849E-02,   0001023P0001265
1.4,0.88024,-1.976E-02,1.570796327,1.868047688,2.156928315E-12,  0001023P0001266
-0.707106781,0.707106781;                                        0001023P0001267
144,1027,1,0,1037;                                               0001025P0001268
120,1031,1033,1.570796327,3.141592654;                           0001027P0001269
124,1.,0.,0.,1.41976,0.,0.,1.,0.88024,0.,-1.,0.,-1.976E-02;      0001029P0001270
110,0.,0.,1.,0.,0.,0.;                                           0001031P0001271
100,0.,0.,0.,1.976E-02,-4.440892099E-16,1.209951038E-18,         0001033P0001272
1.976E-02;                                                       0001033P0001273
124,1.,0.,0.,0.,0.,0.,-1.,0.,0.,1.,-0.,0.;                       0001035P0001274
142,0,1027,1039,1047,3;                                          0001037P0001275
102,3,1041,1043,1045;                                            0001039P0001276
126,24,3,0,0,1,0,0.,0.,0.,0.,7.139983304E-02,0.142799666,        0001041P0001277
0.214199499,0.285599332,0.356999165,0.428398998,0.499798831,     0001041P0001278
0.571198664,0.642598497,0.71399833,0.785398163,0.856797996,      0001041P0001279
0.928197829,0.999597663,1.070997496,1.142397329,1.213797162,     0001041P0001280
1.285196995,1.356596828,1.427996661,1.499396494,1.570796327,     0001041P0001281
1.570796327,1.570796327,1.570796327,1.,1.,1.,1.,1.,1.,1.,1.,1.,  0001041P0001282
1.,1.,1.,1.,1.,1.,1.,1.,1.,1.,1.,1.,1.,1.,1.,1.,                 0001041P0001283
-1.046360549E-15,1.570796327,0.,2.379994435E-02,1.570796327,0.,  0001041P0001284
7.139983304E-02,1.570796327,0.,0.142799666,1.570796327,0.,       0001041P0001285
0.214199499,1.570796327,0.,0.285599332,1.570796327,0.,           0001041P0001286
0.356999165,1.570796327,0.,0.428398998,1.570796327,0.,           0001041P0001287
0.499798831,1.570796327,0.,0.571198664,1.570796327,0.,           0001041P0001288
0.642598497,1.570796327,0.,0.71399833,1.570796327,0.,            0001041P0001289
0.785398163,1.570796327,0.,0.856797996,1.570796327,0.,           0001041P0001290
0.928197829,1.570796327,0.,0.999597663,1.570796327,0.,           0001041P0001291
1.070997496,1.570796327,0.,1.142397329,1.570796327,0.,           0001041P0001292
1.213797162,1.570796327,0.,1.285196995,1.570796327,0.,           0001041P0001293
1.356596828,1.570796327,0.,1.427996661,1.570796327,0.,           0001041P0001294
1.499396494,1.570796327,0.,1.546996382,1.570796327,0.,           0001041P0001295
1.570796327,1.570796327,0.,0.,1.570796327,0.,0.,1.;              0001041P0001296
126,24,3,0,0,1,0,1.570796327,1.570796327,1.570796327,            0001043P0001297
1.570796327,1.64219616,1.713595993,1.784995826,1.856395659,      0001043P0001298
1.927795492,1.999195325,2.070595158,2.141994991,2.213394824,     0001043P0001299
2.284794657,2.35619449,2.427594323,2.498994156,2.570393989,      0001043P0001300
2.641793822,2.713193655,2.784593488,2.855993321,2.927393154,     0001043P0001301
2.998792988,3.070192821,3.141592654,3.141592654,3.141592654,     0001043P0001302
3.141592654,1.,1.,1.,1.,1.,1.,1.,1.,1.,1.,1.,1.,1.,1.,1.,1.,1.,  0001043P0001303
1.,1.,1.,1.,1.,1.,1.,1.,1.570796327,3.141592654,0.,1.546996382,  0001043P0001304
3.141592654,0.,1.499396494,3.141592654,0.,1.427996661,           0001043P0001305
3.141592654,0.,1.356596828,3.141592654,0.,1.285196995,           0001043P0001306
3.141592654,0.,1.213797162,3.141592654,0.,1.142397329,           0001043P0001307
3.141592654,0.,1.070997496,3.141592654,0.,0.999597663,           0001043P0001308
3.141592654,0.,0.928197829,3.141592654,0.,0.856797996,           0001043P0001309
3.141592654,0.,0.785398163,3.141592654,0.,0.71399833,            0001043P0001310
3.141592654,0.,0.642598497,3.141592654,0.,0.571198664,           0001043P0001311
3.141592654,0.,0.499798831,3.141592654,0.,0.428398998,           0001043P0001312
3.141592654,0.,0.356999165,3.141592654,0.,0.285599332,           0001043P0001313
3.141592654,0.,0.214199499,3.141592654,0.,0.142799666,           0001043P0001314
3.141592654,0.,7.139983304E-02,3.141592654,0.,2.379994435E-02,   0001043P0001315
3.141592654,0.,-6.975736996E-16,3.141592654,0.,1.570796327,      0001043P0001316
3.141592654,0.,0.,1.;                                            0001043P0001317
110,-2.3171724E-14,3.141592654,0.,-1.046360549E-15,1.570796327,  0001045P0001318
0.;                                                              0001045P0001319
102,3,1049,1053,1057;                                            0001047P0001320
100,0.,0.,0.,1.976E-02,0.,0.,1.976E-02;                          0001049P0001321
124,0.,0.,-1.,1.41976,0.,1.,0.,0.88024,1.,0.,0.,-1.976E-02;      0001051P0001322
100,0.,0.,0.,0.,1.976E-02,-1.976E-02,0.;                         0001053P0001323
124,1.,0.,2.057569912E-15,1.41976,0.,1.,0.,0.88024,              0001055P0001324
-2.057569912E-15,0.,1.,-1.976E-02;                               0001055P0001325
100,0.,0.,0.,1.976E-02,0.,0.,1.976E-02;                          0001057P0001326
124,-1.,0.,-2.19474124E-14,1.41976,-2.19474124E-14,0.,1.,        0001059P0001327
0.88024,0.,1.,0.,-1.976E-02;                                     0001059P0001328
144,1063,1,0,1073;                                               0001061P0001329
120,1067,1069,0.,1.570796327;                                    0001063P0001330
124,1.,0.,0.,1.73024,0.,0.,1.,1.976E-02,0.,-1.,0.,-1.976E-02;    0001065P0001331
110,0.,0.,1.,0.,0.,0.;                                           0001067P0001332
100,0.,0.,0.,1.209951038E-18,-1.976E-02,1.976E-02,0.;            0001069P0001333
124,1.,0.,0.,0.,0.,0.,-1.,0.,0.,1.,-0.,0.;                       0001071P0001334
142,0,1063,1075,1083,3;                                          0001073P0001335
102,3,1077,1079,1081;                                            0001075P0001336
110,-1.570796327,1.046360549E-15,0.,0.,1.395147399E-15,0.;       0001077P0001337
126,24,3,0,0,1,0,1.570796327,1.570796327,1.570796327,            0001079P0001338
1.570796327,1.64219616,1.713595993,1.784995826,1.856395659,      0001079P0001339
1.927795492,1.999195325,2.070595158,2.141994991,2.213394824,     0001079P0001340
2.284794657,2.35619449,2.427594323,2.498994156,2.570393989,      0001079P0001341
2.641793822,2.713193655,2.784593488,2.855993321,2.927393154,     0001079P0001342
2.998792988,3.070192821,3.141592654,3.141592654,3.141592654,     0001079P0001343
3.141592654,1.,1.,1.,1.,1.,1.,1.,1.,1.,1.,1.,1.,1.,1.,1.,1.,1.,  0001079P0001344
1.,1.,1.,1.,1.,1.,1.,1.,-1.395147399E-15,1.776356839E-15,0.,     0001079P0001345
-1.38986275E-15,2.379994435E-02,0.,-1.379293451E-15,             0001079P0001346
7.139983304E-02,0.,-1.363439504E-15,0.142799666,0.,              0001079P0001347
-1.347585556E-15,0.214199499,0.,-1.331731608E-15,0.285599332,0., 0001079P0001348
-1.315877661E-15,0.356999165,0.,-1.300023713E-15,0.428398998,0., 0001079P0001349
-1.284169765E-15,0.499798831,0.,-1.268315817E-15,0.571198664,0., 0001079P0001350
-1.25246187E-15,0.642598497,0.,-1.236607922E-15,0.71399833,0.,   0001079P0001351
-1.220753974E-15,0.785398163,0.,-1.204900027E-15,0.856797996,0., 0001079P0001352
-1.189046079E-15,0.928197829,0.,-1.173192131E-15,0.999597663,0., 0001079P0001353
-1.157338183E-15,1.070997496,0.,-1.141484236E-15,1.142397329,0., 0001079P0001354
-1.125630288E-15,1.213797162,0.,-1.10977634E-15,1.285196995,0.,  0001079P0001355
-1.093922393E-15,1.356596828,0.,-1.078068445E-15,1.427996661,0., 0001079P0001356
-1.062214497E-15,1.499396494,0.,-1.051645199E-15,1.546996382,0., 0001079P0001357
-1.046360549E-15,1.570796327,0.,1.570796327,3.141592654,0.,0.,   0001079P0001358
1.;                                                              0001079P0001359
126,24,3,0,0,1,0,1.570796327,1.570796327,1.570796327,            0001081P0001360
1.570796327,1.64219616,1.713595993,1.784995826,1.856395659,      0001081P0001361
1.927795492,1.999195325,2.070595158,2.141994991,2.213394824,     0001081P0001362
2.284794657,2.35619449,2.427594323,2.498994156,2.570393989,      0001081P0001363
2.641793822,2.713193655,2.784593488,2.855993321,2.927393154,     0001081P0001364
2.998792988,3.070192821,3.141592654,3.141592654,3.141592654,     0001081P0001365
3.141592654,1.,1.,1.,1.,1.,1.,1.,1.,1.,1.,1.,1.,1.,1.,1.,1.,1.,  0001081P0001366
1.,1.,1.,1.,1.,1.,1.,1.,-1.221939849E-15,1.570796327,0.,         0001081P0001367
-2.379994435E-02,1.570796327,0.,-7.139983304E-02,1.570796327,0., 0001081P0001368
-0.142799666,1.570796327,0.,-0.214199499,1.570796327,0.,         0001081P0001369
-0.285599332,1.570796327,0.,-0.356999165,1.570796327,0.,         0001081P0001370
-0.428398998,1.570796327,0.,-0.499798831,1.570796327,0.,         0001081P0001371
-0.571198664,1.570796327,0.,-0.642598497,1.570796327,0.,         0001081P0001372
-0.71399833,1.570796327,0.,-0.785398163,1.570796327,0.,          0001081P0001373
-0.856797996,1.570796327,0.,-0.928197829,1.570796327,0.,         0001081P0001374
-0.999597663,1.570796327,0.,-1.070997496,1.570796327,0.,         0001081P0001375
-1.142397329,1.570796327,0.,-1.213797162,1.570796327,0.,         0001081P0001376
-1.285196995,1.570796327,0.,-1.356596828,1.570796327,0.,         0001081P0001377
-1.427996661,1.570796327,0.,-1.499396494,1.570796327,0.,         0001081P0001378
-1.546996382,1.570796327,0.,-1.570796327,1.570796327,0.,         0001081P0001379
1.570796327,3.141592654,0.,0.,1.;                                0001081P0001380
102,3,1085,1089,1093;                                            0001083P0001381
100,0.,0.,0.,0.,-1.976E-02,1.976E-02,-3.469446952E-18;           0001085P0001382
124,1.,0.,0.,1.73024,0.,1.,0.,1.976E-02,0.,0.,1.,-1.976E-02;     0001087P0001383
100,0.,0.,0.,0.,1.976E-02,-1.976E-02,0.;                         0001089P0001384
124,0.,1.,0.,1.73024,0.,0.,-1.,1.976E-02,-1.,0.,0.,-1.976E-02;   0001091P0001385
100,0.,0.,0.,-1.976E-02,3.469446952E-18,-3.469446952E-18,        0001093P0001386
-1.976E-02;                                                      0001093P0001387
124,0.,0.,1.,1.73024,0.,1.,0.,1.976E-02,-1.,0.,0.,-1.976E-02;    0001095P0001388
144,1099,1,0,1109;                                               0001097P0001389
120,1103,1105,4.71238898,6.283185307;                            0001099P0001390
124,1.,0.,0.,1.73024,0.,0.,1.,1.976E-02,0.,-1.,0.,-0.93024;      0001101P0001391
110,0.,0.,1.,0.,0.,0.;                                           0001103P0001392
100,0.,0.,0.,1.209951038E-18,-1.976E-02,1.976E-02,0.;            0001105P0001393
124,1.,0.,0.,0.,0.,0.,-1.,0.,0.,1.,-0.,0.;                       0001107P0001394
142,0,1099,1111,1119,3;                                          0001109P0001395
102,3,1113,1115,1117;                                            0001111P0001396
110,-3.487868498E-16,4.71238898,0.,9.860761315E-32,6.283185307,  0001113P0001397
0.;                                                              0001113P0001398
110,-8.881784197E-16,6.283185307,0.,-1.570796327,6.283185307,0.; 0001115P0001399
126,24,3,0,0,1,0,0.,0.,0.,0.,7.139983304E-02,0.142799666,        0001117P0001400
0.214199499,0.285599332,0.356999165,0.428398998,0.499798831,     0001117P0001401
0.571198664,0.642598497,0.71399833,0.785398163,0.856797996,      0001117P0001402
0.928197829,0.999597663,1.070997496,1.142397329,1.213797162,     0001117P0001403
1.285196995,1.356596828,1.427996661,1.499396494,1.570796327,     0001117P0001404
1.570796327,1.570796327,1.570796327,1.,1.,1.,1.,1.,1.,1.,1.,1.,  0001117P0001405
1.,1.,1.,1.,1.,1.,1.,1.,1.,1.,1.,1.,1.,1.,1.,1.,-1.570796327,    0001117P0001406
4.71238898,0.,-1.546996382,4.71238898,0.,-1.499396494,           0001117P0001407
4.71238898,0.,-1.427996661,4.71238898,0.,-1.356596828,           0001117P0001408
4.71238898,0.,-1.285196995,4.71238898,0.,-1.213797162,           0001117P0001409
4.71238898,0.,-1.142397329,4.71238898,0.,-1.070997496,           0001117P0001410
4.71238898,0.,-0.999597663,4.71238898,0.,-0.928197829,           0001117P0001411
4.71238898,0.,-0.856797996,4.71238898,0.,-0.785398163,           0001117P0001412
4.71238898,0.,-0.71399833,4.71238898,0.,-0.642598497,4.71238898, 0001117P0001413
0.,-0.571198664,4.71238898,0.,-0.499798831,4.71238898,0.,        0001117P0001414
-0.428398998,4.71238898,0.,-0.356999165,4.71238898,0.,           0001117P0001415
-0.285599332,4.71238898,0.,-0.214199499,4.71238898,0.,           0001117P0001416
-0.142799666,4.71238898,0.,-7.139983304E-02,4.71238898,0.,       0001117P0001417
-2.379994435E-02,4.71238898,0.,-3.487868498E-16,4.71238898,0.,   0001117P0001418
0.,1.570796327,0.,0.,1.;                                         0001117P0001419
102,3,1121,1125,1129;                                            0001119P0001420
100,0.,0.,0.,1.976E-02,0.,0.,1.976E-02;                          0001121P0001421
124,0.,1.,0.,1.73024,0.,0.,-1.,1.976E-02,-1.,0.,0.,-0.93024;     0001123P0001422
100,0.,0.,0.,-1.976E-02,3.469446952E-18,0.,-1.976E-02;           0001125P0001423
124,-1.,0.,0.,1.73024,0.,1.,0.,1.976E-02,0.,0.,-1.,-0.93024;     0001127P0001424
100,0.,0.,0.,0.,-1.976E-02,1.976E-02,-3.469446952E-18;           0001129P0001425
124,0.,0.,1.,1.73024,0.,1.,0.,1.976E-02,-1.,0.,0.,-0.93024;      0001131P0001426
144,1135,1,0,1145;                                               0001133P0001427
120,1139,1141,3.141592654,4.71238898;                            0001135P0001428
124,1.,0.,0.,1.41976,0.,0.,1.,0.88024,0.,-1.,0.,-0.93024;        0001137P0001429
110,0.,0.,1.,0.,0.,0.;                                           0001139P0001430
100,0.,0.,0.,1.976E-02,-4.440892099E-16,1.209951038E-18,         0001141P0001431
1.976E-02;                                                       0001141P0001432
124,1.,0.,0.,0.,0.,0.,-1.,0.,0.,1.,-0.,0.;                       0001143P0001433
142,0,1135,1147,1155,3;                                          0001145P0001434
102,3,1149,1151,1153;                                            0001147P0001435
126,24,3,0,0,1,0,0.,0.,0.,0.,7.139983304E-02,0.142799666,        0001149P0001436
0.214199499,0.285599332,0.356999165,0.428398998,0.499798831,     0001149P0001437
0.571198664,0.642598497,0.71399833,0.785398163,0.856797996,      0001149P0001438
0.928197829,0.999597663,1.070997496,1.142397329,1.213797162,     0001149P0001439
1.285196995,1.356596828,1.427996661,1.499396494,1.570796327,     0001149P0001440
1.570796327,1.570796327,1.570796327,1.,1.,1.,1.,1.,1.,1.,1.,1.,  0001149P0001441
1.,1.,1.,1.,1.,1.,1.,1.,1.,1.,1.,1.,1.,1.,1.,1.,                 0001149P0001442
-6.975736996E-16,3.141592654,0.,2.379994435E-02,3.141592654,0.,  0001149P0001443
7.139983304E-02,3.141592654,0.,0.142799666,3.141592654,0.,       0001149P0001444
0.214199499,3.141592654,0.,0.285599332,3.141592654,0.,           0001149P0001445
0.356999165,3.141592654,0.,0.428398998,3.141592654,0.,           0001149P0001446
0.499798831,3.141592654,0.,0.571198664,3.141592654,0.,           0001149P0001447
0.642598497,3.141592654,0.,0.71399833,3.141592654,0.,            0001149P0001448
0.785398163,3.141592654,0.,0.856797996,3.141592654,0.,           0001149P0001449
0.928197829,3.141592654,0.,0.999597663,3.141592654,0.,           0001149P0001450
1.070997496,3.141592654,0.,1.142397329,3.141592654,0.,           0001149P0001451
1.213797162,3.141592654,0.,1.285196995,3.141592654,0.,           0001149P0001452
1.356596828,3.141592654,0.,1.427996661,3.141592654,0.,           0001149P0001453
1.499396494,3.141592654,0.,1.546996382,3.141592654,0.,           0001149P0001454
1.570796327,3.141592654,0.,0.,1.570796327,0.,0.,1.;              0001149P0001455
126,24,3,0,0,1,0,1.570796327,1.570796327,1.570796327,            0001151P0001456
1.570796327,1.64219616,1.713595993,1.784995826,1.856395659,      0001151P0001457
1.927795492,1.999195325,2.070595158,2.141994991,2.213394824,     0001151P0001458
2.284794657,2.35619449,2.427594323,2.498994156,2.570393989,      0001151P0001459
2.641793822,2.713193655,2.784593488,2.855993321,2.927393154,     0001151P0001460
2.998792988,3.070192821,3.141592654,3.141592654,3.141592654,     0001151P0001461
3.141592654,1.,1.,1.,1.,1.,1.,1.,1.,1.,1.,1.,1.,1.,1.,1.,1.,1.,  0001151P0001462
1.,1.,1.,1.,1.,1.,1.,1.,1.570796327,4.71238898,0.,1.546996382,   0001151P0001463
4.71238898,0.,1.499396494,4.71238898,0.,1.427996661,4.71238898,  0001151P0001464
0.,1.356596828,4.71238898,0.,1.285196995,4.71238898,0.,          0001151P0001465
1.213797162,4.71238898,0.,1.142397329,4.71238898,0.,1.070997496, 0001151P0001466
4.71238898,0.,0.999597663,4.71238898,0.,0.928197829,4.71238898,  0001151P0001467
0.,0.856797996,4.71238898,0.,0.785398163,4.71238898,0.,          0001151P0001468
0.71399833,4.71238898,0.,0.642598497,4.71238898,0.,0.571198664,  0001151P0001469
4.71238898,0.,0.499798831,4.71238898,0.,0.428398998,4.71238898,  0001151P0001470
0.,0.356999165,4.71238898,0.,0.285599332,4.71238898,0.,          0001151P0001471
0.214199499,4.71238898,0.,0.142799666,4.71238898,0.,             0001151P0001472
7.139983304E-02,4.71238898,0.,2.379994435E-02,4.71238898,0.,     0001151P0001473
-3.487868498E-16,4.71238898,0.,1.570796327,3.141592654,0.,0.,1.; 0001151P0001474
110,-3.487868498E-16,4.71238898,0.,-2.3171724E-14,3.141592654,   0001153P0001475
0.;                                                              0001153P0001476
102,3,1157,1161,1165;                                            0001155P0001477
100,0.,0.,0.,1.976E-02,0.,0.,1.976E-02;                          0001157P0001478
124,-1.,0.,0.,1.41976,0.,1.,0.,0.88024,0.,0.,-1.,-0.93024;       0001159P0001479
100,0.,0.,0.,0.,1.976E-02,-1.976E-02,0.;                         0001161P0001480
124,0.,0.,-1.,1.41976,0.,1.,0.,0.88024,1.,0.,0.,-0.93024;        0001163P0001481
100,0.,0.,0.,0.,-1.976E-02,1.976E-02,0.;                         0001165P0001482
124,-1.,0.,-2.19474124E-14,1.41976,-2.19474124E-14,0.,1.,        0001167P0001483
0.88024,0.,1.,0.,-0.93024;                                       0001167P0001484
144,1171,1,0,1179;                                               0001169P0001485
120,1175,1177,4.71238898,6.283185307;                            0001171P0001486
124,-1.,0.,-2.19474124E-14,1.41976,-2.19474124E-14,0.,1.,0.9,0., 0001173P0001487
1.,0.,-1.976E-02;                                                0001173P0001488
110,0.,0.,1.,0.,0.,0.;                                           0001175P0001489
110,1.976E-02,0.,-0.88024,1.976E-02,0.,-1.976E-02;               0001177P0001490
142,0,1171,1181,1195,3;                                          0001179P0001491
102,6,1183,1185,1187,1189,1191,1193;                             0001181P0001492
110,2.296392711E-02,6.283185307,0.,2.580473746E-16,6.283185307,  0001183P0001493
0.;                                                              0001183P0001494
110,2.465190329E-31,6.283185307,0.,-4.053398682E-16,4.71238898,  0001185P0001495
0.;                                                              0001185P0001496
110,-3.330669074E-16,4.71238898,0.,1.,4.71238898,0.;             0001187P0001497
110,1.,4.71238898,0.,1.,6.283185307,0.;                          0001189P0001498
110,1.,6.283185307,0.,0.977036073,6.283185307,0.;                0001191P0001499
110,0.977036073,6.283185307,0.,2.296392711E-02,6.283185307,0.;   0001193P0001500
102,6,1197,1199,1203,1205,1209,1211;                             0001195P0001501
110,1.4,3.952E-02,-1.976E-02,1.4,1.976E-02,-1.976E-02;           0001197P0001502
100,0.,0.,0.,-1.976E-02,3.469446952E-18,0.,-1.976E-02;           0001199P0001503
124,1.,0.,-2.19474124E-14,1.41976,2.19474124E-14,0.,1.,          0001201P0001504
1.976E-02,0.,-1.,0.,-1.976E-02;                                  0001201P0001505
110,1.41976,1.976E-02,0.,1.41976,0.88024,0.;                     0001203P0001506
100,0.,0.,0.,0.,-1.976E-02,1.976E-02,-3.469446952E-18;           0001205P0001507
124,-1.,0.,2.19474124E-14,1.41976,-2.19474124E-14,0.,-1.,        0001207P0001508
0.88024,0.,-1.,0.,-1.976E-02;                                    0001207P0001509
110,1.4,0.88024,-1.976E-02,1.4,0.86048,-1.976E-02;               0001209P0001510
110,1.4,0.86048,-1.976E-02,1.4,3.952E-02,-1.976E-02;             0001211P0001511
144,1215,1,0,1223;                                               0001213P0001512
120,1219,1221,0.,1.570796327;                                    0001215P0001513
124,0.,0.,-1.,1.75,0.,1.,0.,1.976E-02,1.,0.,0.,-1.976E-02;       0001217P0001514
110,0.,0.,1.,0.,0.,0.;                                           0001219P0001515
110,1.976E-02,0.,1.976E-02,1.976E-02,0.,0.33024;                 0001221P0001516
142,0,1215,1225,1235,3;                                          0001223P0001517
102,4,1227,1229,1231,1233;                                       0001225P0001518
110,-3.370138332E-15,1.570796327,0.,-4.493517776E-15,            0001227P0001519
8.881784197E-16,0.;                                              0001227P0001520
110,-4.440892099E-15,1.780744441E-15,0.,1.,1.84968485E-15,0.;    0001229P0001521
110,1.,0.,0.,1.,1.570796327,0.;                                  0001231P0001522
110,1.,1.570796327,0.,-3.363513052E-15,1.570796327,0.;           0001233P0001523
102,4,1237,1241,1243,1247;                                       0001235P0001524
100,0.,0.,0.,0.,1.976E-02,-1.976E-02,3.469446952E-18;            0001237P0001525
124,0.,0.,-1.,1.73024,0.,-1.,0.,1.976E-02,-1.,0.,0.,-1.976E-02;  0001239P0001526
110,1.73024,1.976E-02,0.,1.41976,1.976E-02,0.;                   0001241P0001527
100,0.,0.,0.,1.976E-02,0.,0.,1.976E-02;                          0001243P0001528
124,0.,0.,1.,1.41976,0.,-1.,-0.,1.976E-02,1.,0.,0.,-1.976E-02;   0001245P0001529
110,1.41976,0.,-1.976E-02,1.73024,0.,-1.976E-02;                 0001247P0001530
144,1251,1,0,1259;                                               0001249P0001531
120,1255,1257,1.570796327,3.141592654;                           0001251P0001532
124,0.,0.,-1.,1.75,0.,1.,0.,1.976E-02,1.,0.,0.,-0.93024;         0001253P0001533
110,0.,0.,1.,0.,0.,0.;                                           0001255P0001534
110,1.976E-02,0.,1.976E-02,1.976E-02,0.,0.33024;                 0001257P0001535
142,0,1251,1261,1271,3;                                          0001259P0001536
102,4,1263,1265,1267,1269;                                       0001261P0001537
110,-2.246758888E-15,3.141592654,0.,-3.370138332E-15,            0001263P0001538
1.570796327,0.;                                                  0001263P0001539
110,-3.330669074E-15,1.570796327,0.,1.,1.570796327,0.;           0001265P0001540
110,1.,1.570796327,0.,1.,3.141592654,0.;                         0001267P0001541
110,1.,3.141592654,0.,-2.234892394E-15,3.141592654,0.;           0001269P0001542
102,4,1273,1277,1279,1283;                                       0001271P0001543
100,0.,0.,0.,1.976E-02,0.,0.,1.976E-02;                          0001273P0001544
124,0.,0.,-1.,1.73024,0.,-1.,0.,1.976E-02,-1.,0.,-0.,-0.93024;   0001275P0001545
110,1.73024,0.,-0.93024,1.41976,0.,-0.93024;                     0001277P0001546
100,0.,0.,0.,0.,1.976E-02,-1.976E-02,3.469446952E-18;            0001279P0001547
124,0.,0.,1.,1.41976,0.,-1.,0.,1.976E-02,1.,0.,0.,-0.93024;      0001281P0001548
110,1.41976,1.976E-02,-0.95,1.73024,1.976E-02,-0.95;             0001283P0001549
144,1287,1,0,1295;                                               0001285P0001550
120,1291,1293,5.985933946,6.283185307;                           0001287P0001551
124,-1.,0.,-2.19474124E-14,1.41976,-2.19474124E-14,0.,1.,        0001289P0001552
-7.24791347E-15,0.,1.,0.,-0.93024;                               0001289P0001553
110,0.,0.,1.,0.,0.,0.;                                           0001291P0001554
110,1.976E-02,0.,0.86048,1.976E-02,0.,0.88024;                   0001293P0001555
142,0,1287,1297,1305,3;                                          0001295P0001556
102,3,1299,1301,1303;                                            0001297P0001557
110,1.,6.283185307,0.,1.123707515E-14,6.283185307,0.;            0001299P0001558
126,24,3,1,0,1,0,2.168404345E-19,2.168404345E-19,                0001301P0001559
2.168404345E-19,2.168404345E-19,7.037440522E-07,1.407488104E-06, 0001301P0001560
2.111232157E-06,2.814976209E-06,3.518720261E-06,4.222464313E-06, 0001301P0001561
4.926208365E-06,5.629952417E-06,6.33369647E-06,7.037440522E-06,  0001301P0001562
7.741184574E-06,8.444928626E-06,9.148672678E-06,9.85241673E-06,  0001301P0001563
1.055616078E-05,1.125990483E-05,1.196364889E-05,1.266739294E-05, 0001301P0001564
1.337113699E-05,1.407488104E-05,1.47786251E-05,1.548236915E-05,  0001301P0001565
1.548236915E-05,1.548236915E-05,1.548236915E-05,1.,1.,1.,1.,1.,  0001301P0001566
1.,1.,1.,1.,1.,1.,1.,1.,1.,1.,1.,1.,1.,1.,1.,1.,1.,1.,1.,1.,0.,  0001301P0001567
6.283185307,0.,1.187152585E-02,6.283185305,0.,3.564932859E-02,   0001301P0001568
6.282750596,0.,7.13526702E-02,6.280805967,0.,0.107025038,        0001301P0001569
6.277580371,0.,0.142598806,6.273085213,0.,0.178006402,           0001301P0001570
6.267331585,0.,0.213180049,6.260330254,0.,0.248052747,           0001301P0001571
6.252091423,0.,0.282554583,6.242625666,0.,0.316626519,           0001301P0001572
6.231940676,0.,0.350168935,6.220053908,0.,0.383376857,           0001301P0001573
6.206890073,0.,0.416150299,6.192500124,0.,0.448429696,           0001301P0001574
6.176913798,0.,0.480144554,6.160164287,0.,0.51122768,            0001301P0001575
6.142281083,0.,0.5416096,6.123293265,0.,0.571226666,6.103222959, 0001301P0001576
0.,0.599994206,6.082107701,0.,0.627905819,6.059917089,0.,        0001301P0001577
0.65537704,6.036286652,0.,0.681812997,6.011699566,0.,            0001301P0001578
0.698795513,5.994626101,0.,0.707106781,5.985933946,0.,           0001301P0001579
2.168404345E-19,1.548236915E-05,-0.,-0.,1.;                      0001301P0001580
126,24,3,1,0,1,0,1.570796327,1.570796327,1.570796327,            0001303P0001581
1.570796327,1.584307752,1.597819178,1.611330603,1.624842029,     0001303P0001582
1.638353454,1.65186488,1.665376305,1.678887731,1.692399156,      0001303P0001583
1.705910582,1.719422007,1.732933433,1.746444858,1.759956284,     0001303P0001584
1.77346771,1.786979135,1.800490561,1.814001986,1.827513412,      0001303P0001585
1.841024837,1.854536263,1.868047688,1.868047688,1.868047688,     0001303P0001586
1.868047688,1.,1.,1.,1.,1.,1.,1.,1.,1.,1.,1.,1.,1.,1.,1.,1.,1.,  0001303P0001587
1.,1.,1.,1.,1.,1.,1.,1.,0.707106781,5.985933946,0.,0.711397235,  0001303P0001588
5.990421191,0.,0.720000151,5.99940018,0.,0.732967152,            0001303P0001589
6.012880952,0.,0.745993402,6.026372804,0.,0.759075463,           0001303P0001590
6.039874519,0.,0.772209862,6.053384877,0.,0.785393085,           0001303P0001591
6.066902652,0.,0.798621584,6.080426614,0.,0.811891782,           0001303P0001592
6.093955529,0.,0.825200071,6.107488162,0.,0.838542819,           0001303P0001593
6.121023274,0.,0.851916373,6.134559627,0.,0.865317061,           0001303P0001594
6.148095979,0.,0.878741197,6.161631091,0.,0.892185082,           0001303P0001595
6.175163724,0.,0.905645011,6.188692639,0.,0.919117271,           0001303P0001596
6.202216601,0.,0.932598151,6.215734376,0.,0.946083941,           0001303P0001597
6.229244734,0.,0.959570935,6.242746449,0.,0.973055438,           0001303P0001598
6.256238301,0.,0.986533765,6.269719073,0.,0.995512756,           0001303P0001599
6.278698062,0.,1.,6.283185307,0.,1.570796327,1.868047688,-0.,    0001303P0001600
-0.,1.;                                                          0001303P0001601
102,3,1307,1309,1311;                                            0001305P0001602
110,1.4,0.88024,-0.93024,1.4,0.86048,-0.93024;                   0001307P0001603
126,9,3,0,0,1,0,2.168404345E-19,2.168404345E-19,2.168404345E-19, 0001309P0001604
2.168404345E-19,6.575748506E-06,6.575748506E-06,6.575748506E-06, 0001309P0001605
1.316507642E-05,1.316507642E-05,1.316507642E-05,1.548236915E-05, 0001309P0001606
1.548236915E-05,1.548236915E-05,1.548236915E-05,1.,1.,1.,1.,1.,  0001309P0001607
1.,1.,1.,1.,1.,1.4,0.86048,-0.93024,1.4,0.862671916,-0.93024,    0001309P0001608
1.399990434,0.864893809,-0.929865015,1.400030314,0.866964015,    0001309P0001609
-0.929145882,1.400070237,0.869036441,-0.928425978,1.400165885,   0001309P0001610
0.871017939,-0.927336339,1.400462646,0.872724343,-0.925989148,   0001309P0001611
1.400568477,0.873332876,-0.925508716,1.400700916,0.87391165,     0001309P0001612
-0.92499321,1.400866572,0.87445243,-0.92445243,2.168404345E-19,  0001309P0001613
1.548236915E-05,-0.968120385,-5.502466169E-02,0.244366949;       0001309P0001614
126,3,3,1,0,0,0,1.570796327,1.570796327,1.570796327,1.570796327, 0001311P0001615
1.868047688,1.868047688,1.868047688,1.868047688,1.,0.992650347,  0001311P0001616
0.992650347,1.,1.400866572,0.87445243,-0.92445243,1.400290996,   0001311P0001617
0.876331388,-0.926331388,1.4,0.878274862,-0.928274862,1.4,       0001311P0001618
0.88024,-0.93024,1.570796327,1.868047688,-0.,0.707106781,        0001311P0001619
0.707106781;                                                     0001311P0001620
144,1315,1,0,1325;                                               0001313P0001621
120,1319,1321,1.570796327,3.141592654;                           0001315P0001622
124,1.,0.,0.,1.41976,0.,0.,1.,1.976E-02,0.,-1.,0.,-1.976E-02;    0001317P0001623
110,0.,0.,1.,0.,0.,0.;                                           0001319P0001624
100,0.,0.,0.,1.209951038E-18,-1.976E-02,1.976E-02,0.;            0001321P0001625
124,1.,0.,0.,0.,0.,0.,-1.,0.,0.,1.,-0.,0.;                       0001323P0001626
142,0,1315,1327,1335,3;                                          0001325P0001627
102,3,1329,1331,1333;                                            0001327P0001628
126,24,3,0,0,1,0,4.71238898,4.71238898,4.71238898,4.71238898,    0001329P0001629
4.783788813,4.855188646,4.926588479,4.997988313,5.069388146,     0001329P0001630
5.140787979,5.212187812,5.283587645,5.354987478,5.426387311,     0001329P0001631
5.497787144,5.569186977,5.64058681,5.711986643,5.783386476,      0001329P0001632
5.854786309,5.926186142,5.997585975,6.068985808,6.140385641,     0001329P0001633
6.211785474,6.283185307,6.283185307,6.283185307,6.283185307,1.,  0001329P0001634
1.,1.,1.,1.,1.,1.,1.,1.,1.,1.,1.,1.,1.,1.,1.,1.,1.,1.,1.,1.,1.,  0001329P0001635
1.,1.,1.,-1.570796327,1.570796327,0.,-1.546996382,1.570796327,   0001329P0001636
0.,-1.499396494,1.570796327,0.,-1.427996661,1.570796327,0.,      0001329P0001637
-1.356596828,1.570796327,0.,-1.285196995,1.570796327,0.,         0001329P0001638
-1.213797162,1.570796327,0.,-1.142397329,1.570796327,0.,         0001329P0001639
-1.070997496,1.570796327,0.,-0.999597663,1.570796327,0.,         0001329P0001640
-0.928197829,1.570796327,0.,-0.856797996,1.570796327,0.,         0001329P0001641
-0.785398163,1.570796327,0.,-0.71399833,1.570796327,0.,          0001329P0001642
-0.642598497,1.570796327,0.,-0.571198664,1.570796327,0.,         0001329P0001643
-0.499798831,1.570796327,0.,-0.428398998,1.570796327,0.,         0001329P0001644
-0.356999165,1.570796327,0.,-0.285599332,1.570796327,0.,         0001329P0001645
-0.214199499,1.570796327,0.,-0.142799666,1.570796327,0.,         0001329P0001646
-7.139983304E-02,1.570796327,0.,-2.379994435E-02,1.570796327,0., 0001329P0001647
-1.221939849E-15,1.570796327,0.,4.71238898,6.283185307,0.,0.,1.; 0001329P0001648
110,-1.046360549E-15,1.570796327,0.,-2.26449861E-14,3.141592654, 0001331P0001649
0.;                                                              0001331P0001650
126,24,3,0,0,1,0,0.,0.,0.,0.,7.139983304E-02,0.142799666,        0001333P0001651
0.214199499,0.285599332,0.356999165,0.428398998,0.499798831,     0001333P0001652
0.571198664,0.642598497,0.71399833,0.785398163,0.856797996,      0001333P0001653
0.928197829,0.999597663,1.070997496,1.142397329,1.213797162,     0001333P0001654
1.285196995,1.356596828,1.427996661,1.499396494,1.570796327,     0001333P0001655
1.570796327,1.570796327,1.570796327,1.,1.,1.,1.,1.,1.,1.,1.,1.,  0001333P0001656
1.,1.,1.,1.,1.,1.,1.,1.,1.,1.,1.,1.,1.,1.,1.,1.,-2.80452529E-15, 0001333P0001657
3.141592654,0.,-2.379994435E-02,3.141592654,0.,-7.139983304E-02, 0001333P0001658
3.141592654,0.,-0.142799666,3.141592654,0.,-0.214199499,         0001333P0001659
3.141592654,0.,-0.285599332,3.141592654,0.,-0.356999165,         0001333P0001660
3.141592654,0.,-0.428398998,3.141592654,0.,-0.499798831,         0001333P0001661
3.141592654,0.,-0.571198664,3.141592654,0.,-0.642598497,         0001333P0001662
3.141592654,0.,-0.71399833,3.141592654,0.,-0.785398163,          0001333P0001663
3.141592654,0.,-0.856797996,3.141592654,0.,-0.928197829,         0001333P0001664
3.141592654,0.,-0.999597663,3.141592654,0.,-1.070997496,         0001333P0001665
3.141592654,0.,-1.142397329,3.141592654,0.,-1.213797162,         0001333P0001666
3.141592654,0.,-1.285196995,3.141592654,0.,-1.356596828,         0001333P0001667
3.141592654,0.,-1.427996661,3.141592654,0.,-1.499396494,         0001333P0001668
3.141592654,0.,-1.546996382,3.141592654,0.,-1.570796327,         0001333P0001669
3.141592654,0.,0.,1.570796327,0.,0.,1.;                          0001333P0001670
102,3,1337,1341,1345;                                            0001335P0001671
100,0.,0.,0.,-3.469446952E-18,-1.976E-02,1.976E-02,              0001337P0001672
-3.469446952E-18;                                                0001337P0001673
124,0.,0.,-1.,1.41976,0.,1.,0.,1.976E-02,1.,0.,0.,-1.976E-02;    0001339P0001674
100,0.,0.,0.,0.,1.976E-02,-1.976E-02,3.469446952E-18;            0001341P0001675
124,1.,0.,2.19474124E-14,1.41976,2.19474124E-14,0.,-1.,          0001343P0001676
1.976E-02,0.,1.,0.,-1.976E-02;                                   0001343P0001677
100,0.,0.,0.,3.122502257E-17,-1.976E-02,1.976E-02,0.;            0001345P0001678
124,0.,1.,4.515833541E-29,1.41976,-1.,9.291643222E-44,           0001347P0001679
-2.057569912E-15,1.976E-02,-2.057569912E-15,-4.515833541E-29,1., 0001347P0001680
-1.976E-02;                                                      0001347P0001681
144,1351,1,0,1361;                                               0001349P0001682
120,1355,1357,3.141592654,4.71238898;                            0001351P0001683
124,1.,0.,0.,1.41976,0.,0.,1.,1.976E-02,0.,-1.,0.,-0.93024;      0001353P0001684
110,0.,0.,1.,0.,0.,0.;                                           0001355P0001685
100,0.,0.,0.,1.209951038E-18,-1.976E-02,1.976E-02,               0001357P0001686
3.469446952E-18;                                                 0001357P0001687
124,1.,0.,0.,0.,0.,0.,-1.,0.,0.,1.,-0.,0.;                       0001359P0001688
142,0,1351,1363,1371,3;                                          0001361P0001689
102,3,1365,1367,1369;                                            0001363P0001690
110,-2.26449861E-14,3.141592654,0.,-3.487868498E-16,4.71238898,  0001365P0001691
0.;                                                              0001365P0001692
126,24,3,0,0,1,0,3.141592654,3.141592654,3.141592654,            0001367P0001693
3.141592654,3.212992487,3.28439232,3.355792153,3.427191986,      0001367P0001694
3.498591819,3.569991652,3.641391485,3.712791318,3.784191151,     0001367P0001695
3.855590984,3.926990817,3.99839065,4.069790483,4.141190316,      0001367P0001696
4.212590149,4.283989982,4.355389815,4.426789648,4.498189481,     0001367P0001697
4.569589314,4.640989147,4.71238898,4.71238898,4.71238898,        0001367P0001698
4.71238898,1.,1.,1.,1.,1.,1.,1.,1.,1.,1.,1.,1.,1.,1.,1.,1.,1.,   0001367P0001699
1.,1.,1.,1.,1.,1.,1.,1.,-1.732075506E-16,4.71238898,0.,          0001367P0001700
-2.379994435E-02,4.71238898,0.,-7.139983304E-02,4.71238898,0.,   0001367P0001701
-0.142799666,4.71238898,0.,-0.214199499,4.71238898,0.,           0001367P0001702
-0.285599332,4.71238898,0.,-0.356999165,4.71238898,0.,           0001367P0001703
-0.428398998,4.71238898,0.,-0.499798831,4.71238898,0.,           0001367P0001704
-0.571198664,4.71238898,0.,-0.642598497,4.71238898,0.,           0001367P0001705
-0.71399833,4.71238898,0.,-0.785398163,4.71238898,0.,            0001367P0001706
-0.856797996,4.71238898,0.,-0.928197829,4.71238898,0.,           0001367P0001707
-0.999597663,4.71238898,0.,-1.070997496,4.71238898,0.,           0001367P0001708
-1.142397329,4.71238898,0.,-1.213797162,4.71238898,0.,           0001367P0001709
-1.285196995,4.71238898,0.,-1.356596828,4.71238898,0.,           0001367P0001710
-1.427996661,4.71238898,0.,-1.499396494,4.71238898,0.,           0001367P0001711
-1.546996382,4.71238898,0.,-1.570796327,4.71238898,0.,           0001367P0001712
3.141592654,4.71238898,0.,0.,1.;                                 0001367P0001713
126,24,3,0,0,1,0,0.,0.,0.,0.,7.139983304E-02,0.142799666,        0001369P0001714
0.214199499,0.285599332,0.356999165,0.428398998,0.499798831,     0001369P0001715
0.571198664,0.642598497,0.71399833,0.785398163,0.856797996,      0001369P0001716
0.928197829,0.999597663,1.070997496,1.142397329,1.213797162,     0001369P0001717
1.285196995,1.356596828,1.427996661,1.499396494,1.570796327,     0001369P0001718
1.570796327,1.570796327,1.570796327,1.,1.,1.,1.,1.,1.,1.,1.,1.,  0001369P0001719
1.,1.,1.,1.,1.,1.,1.,1.,1.,1.,1.,1.,1.,1.,1.,1.,-1.570796327,    0001369P0001720
3.141592654,0.,-1.546996382,3.141592654,0.,-1.499396494,         0001369P0001721
3.141592654,0.,-1.427996661,3.141592654,0.,-1.356596828,         0001369P0001722
3.141592654,0.,-1.285196995,3.141592654,0.,-1.213797162,         0001369P0001723
3.141592654,0.,-1.142397329,3.141592654,0.,-1.070997496,         0001369P0001724
3.141592654,0.,-0.999597663,3.141592654,0.,-0.928197829,         0001369P0001725
3.141592654,0.,-0.856797996,3.141592654,0.,-0.785398163,         0001369P0001726
3.141592654,0.,-0.71399833,3.141592654,0.,-0.642598497,          0001369P0001727
3.141592654,0.,-0.571198664,3.141592654,0.,-0.499798831,         0001369P0001728
3.141592654,0.,-0.428398998,3.141592654,0.,-0.356999165,         0001369P0001729
3.141592654,0.,-0.285599332,3.141592654,0.,-0.214199499,         0001369P0001730
3.141592654,0.,-0.142799666,3.141592654,0.,-7.139983304E-02,     0001369P0001731
3.141592654,0.,-2.379994435E-02,3.141592654,0.,-6.975736996E-16, 0001369P0001732
3.141592654,0.,0.,1.570796327,0.,0.,1.;                          0001369P0001733
102,3,1373,1377,1381;                                            0001371P0001734
100,0.,0.,0.,-1.976E-02,0.,0.,-1.976E-02;                        0001373P0001735
124,1.,0.,2.19474124E-14,1.41976,2.19474124E-14,0.,-1.,          0001375P0001736
1.976E-02,0.,1.,0.,-0.93024;                                     0001375P0001737
100,0.,0.,0.,-1.976E-02,3.469446952E-18,0.,-1.976E-02;           0001377P0001738
124,0.,0.,-1.,1.41976,0.,1.,0.,1.976E-02,1.,0.,-0.,-0.93024;     0001379P0001739
100,0.,0.,0.,0.,-1.976E-02,1.976E-02,-3.469446952E-18;           0001381P0001740
124,-1.,0.,0.,1.41976,0.,1.,-0.,1.976E-02,0.,0.,-1.,-0.93024;    0001383P0001741
144,1387,1,0,1395;                                               0001385P0001742
120,1391,1393,5.985933946,6.283185307;                           0001387P0001743
124,-1.,0.,0.,1.41976,0.,1.,0.,1.976E-02,0.,0.,-1.,0.;           0001389P0001744
110,0.,0.,1.,0.,0.,0.;                                           0001391P0001745
110,1.976E-02,0.,0.91048,1.976E-02,0.,0.93024;                   0001393P0001746
142,0,1387,1397,1405,3;                                          0001395P0001747
102,3,1399,1401,1403;                                            0001397P0001748
110,1.,6.283185307,0.,1.123707515E-14,6.283185307,0.;            0001399P0001749
126,24,3,1,0,1,0,0.,0.,0.,0.,7.037440522E-07,1.407488104E-06,    0001401P0001750
2.111232157E-06,2.814976209E-06,3.518720261E-06,4.222464313E-06, 0001401P0001751
4.926208365E-06,5.629952417E-06,6.33369647E-06,7.037440522E-06,  0001401P0001752
7.741184574E-06,8.444928626E-06,9.148672678E-06,9.85241673E-06,  0001401P0001753
1.055616078E-05,1.125990483E-05,1.196364889E-05,1.266739294E-05, 0001401P0001754
1.337113699E-05,1.407488104E-05,1.47786251E-05,1.548236915E-05,  0001401P0001755
1.548236915E-05,1.548236915E-05,1.548236915E-05,1.,1.,1.,1.,1.,  0001401P0001756
1.,1.,1.,1.,1.,1.,1.,1.,1.,1.,1.,1.,1.,1.,1.,1.,1.,1.,1.,1.,0.,  0001401P0001757
6.283185307,0.,1.187152585E-02,6.283185305,0.,3.564932859E-02,   0001401P0001758
6.282750596,0.,7.13526702E-02,6.280805967,0.,0.107025038,        0001401P0001759
6.277580371,0.,0.142598806,6.273085213,0.,0.178006402,           0001401P0001760
6.267331585,0.,0.213180049,6.260330254,0.,0.248052747,           0001401P0001761
6.252091423,0.,0.282554583,6.242625666,0.,0.316626519,           0001401P0001762
6.231940676,0.,0.350168935,6.220053908,0.,0.383376857,           0001401P0001763
6.206890073,0.,0.416150299,6.192500124,0.,0.448429696,           0001401P0001764
6.176913798,0.,0.480144554,6.160164287,0.,0.51122768,            0001401P0001765
6.142281083,0.,0.5416096,6.123293265,0.,0.571226666,6.103222959, 0001401P0001766
0.,0.599994206,6.082107701,0.,0.627905819,6.059917089,0.,        0001401P0001767
0.65537704,6.036286652,0.,0.681812997,6.011699566,0.,            0001401P0001768
0.698795513,5.994626101,0.,0.707106781,5.985933946,0.,0.,        0001401P0001769
1.548236915E-05,-0.,-0.,1.;                                      0001401P0001770
126,24,3,1,0,1,0,1.570796327,1.570796327,1.570796327,            0001403P0001771
1.570796327,1.584307752,1.597819178,1.611330603,1.624842029,     0001403P0001772
1.638353454,1.65186488,1.665376305,1.678887731,1.692399156,      0001403P0001773
1.705910582,1.719422007,1.732933433,1.746444858,1.759956284,     0001403P0001774
1.77346771,1.786979135,1.800490561,1.814001986,1.827513412,      0001403P0001775
1.841024837,1.854536263,1.868047688,1.868047688,1.868047688,     0001403P0001776
1.868047688,1.,1.,1.,1.,1.,1.,1.,1.,1.,1.,1.,1.,1.,1.,1.,1.,1.,  0001403P0001777
1.,1.,1.,1.,1.,1.,1.,1.,0.707106781,5.985933946,0.,0.711397235,  0001403P0001778
5.990421191,0.,0.720000151,5.99940018,0.,0.732967152,            0001403P0001779
6.012880952,0.,0.745993402,6.026372804,0.,0.759075463,           0001403P0001780
6.039874519,0.,0.772209862,6.053384877,0.,0.785393085,           0001403P0001781
6.066902652,0.,0.798621584,6.080426614,0.,0.811891782,           0001403P0001782
6.093955529,0.,0.825200071,6.107488162,0.,0.838542819,           0001403P0001783
6.121023274,0.,0.851916373,6.134559627,0.,0.865317061,           0001403P0001784
6.148095979,0.,0.878741197,6.161631091,0.,0.892185082,           0001403P0001785
6.175163724,0.,0.905645011,6.188692639,0.,0.919117271,           0001403P0001786
6.202216601,0.,0.932598151,6.215734376,0.,0.946083941,           0001403P0001787
6.229244734,0.,0.959570935,6.242746449,0.,0.973055438,           0001403P0001788
6.256238301,0.,0.986533765,6.269719073,0.,0.995512756,           0001403P0001789
6.278698062,0.,1.,6.283185307,0.,1.570796327,1.868047688,-0.,    0001403P0001790
-0.,1.;                                                          0001403P0001791
102,3,1407,1409,1411;                                            0001405P0001792
110,1.4,1.976E-02,-0.93024,1.4,1.976E-02,-0.91048;               0001407P0001793
126,9,3,0,0,1,0,0.,0.,0.,0.,6.575748506E-06,6.575748506E-06,     0001409P0001794
6.575748506E-06,1.316507642E-05,1.316507642E-05,1.316507642E-05, 0001409P0001795
1.548236915E-05,1.548236915E-05,1.548236915E-05,1.548236915E-05, 0001409P0001796
1.,1.,1.,1.,1.,1.,1.,1.,1.,1.,1.4,1.976E-02,-0.91048,1.4,        0001409P0001797
1.976E-02,-0.912671916,1.399990434,2.013498528E-02,-0.914893809, 0001409P0001798
1.400030314,2.085411815E-02,-0.916964015,1.400070237,            0001409P0001799
2.157402214E-02,-0.919036441,1.400165885,2.266366053E-02,        0001409P0001800
-0.921017939,1.400462646,2.401085195E-02,-0.922724343,           0001409P0001801
1.400568477,2.449128367E-02,-0.923332876,1.400700916,            0001409P0001802
2.500679031E-02,-0.92391165,1.400866572,2.554757E-02,            0001409P0001803
-0.92445243,0.,1.548236915E-05,-0.968120385,0.244366949,         0001409P0001804
5.502466168E-02;                                                 0001409P0001805
126,3,3,1,0,0,0,1.570796327,1.570796327,1.570796327,1.570796327, 0001411P0001806
1.868047688,1.868047688,1.868047688,1.868047688,1.,0.992650347,  0001411P0001807
0.992650347,1.,1.400866572,2.554757E-02,-0.92445243,1.400290996, 0001411P0001808
2.366861235E-02,-0.926331388,1.4,2.172513849E-02,-0.928274862,   0001411P0001809
1.4,1.976E-02,-0.93024,1.570796327,1.868047688,1.078464158E-12,  0001411P0001810
-0.707106781,0.707106781;                                        0001411P0001811
144,1415,1,0,1423;                                               0001413P0001812
120,1419,1421,4.71238898,6.283185307;                            0001415P0001813
124,-1.,0.,0.,1.976E-02,0.,1.,0.,0.88024,0.,0.,-1.,0.;           0001417P0001814
110,0.,0.,1.,0.,0.,0.;                                           0001419P0001815
110,1.976E-02,0.,1.976E-02,1.976E-02,0.,0.93024;                 0001421P0001816
142,0,1415,1425,1435,3;                                          0001423P0001817
102,4,1427,1429,1431,1433;                                       0001425P0001818
110,1.,4.71238898,0.,1.,6.283185307,0.;                          0001427P0001819
110,1.,6.283185307,0.,-2.438764222E-16,6.283185307,0.;           0001429P0001820
110,1.972152263E-31,6.283185307,0.,-3.830801883E-16,4.71238898,  0001431P0001821
0.;                                                              0001431P0001822
110,-3.330669074E-16,4.71238898,0.,1.,4.71238898,0.;             0001433P0001823
102,4,1437,1441,1443,1447;                                       0001435P0001824
100,0.,0.,0.,3.122502257E-17,-1.976E-02,1.976E-02,0.;            0001437P0001825
124,-1.,0.,-0.,1.976E-02,0.,-1.,0.,0.88024,0.,-0.,1.,-0.93024;   0001439P0001826
110,0.,0.88024,-0.93024,0.,0.88024,-1.976E-02;                   0001441P0001827
100,0.,0.,0.,-1.976E-02,0.,-3.469446952E-18,-1.976E-02;          0001443P0001828
124,1.,0.,0.,1.976E-02,0.,-1.,0.,0.88024,0.,0.,-1.,-1.976E-02;   0001445P0001829
110,1.976E-02,0.9,-1.976E-02,1.976E-02,0.9,-0.93024;             0001447P0001830
144,1451,1,0,1461;                                               0001449P0001831
120,1455,1457,3.141592654,4.71238898;                            0001451P0001832
124,1.,0.,0.,1.976E-02,0.,0.,1.,0.88024,0.,-1.,0.,-0.93024;      0001453P0001833
110,0.,0.,1.,0.,0.,0.;                                           0001455P0001834
100,0.,0.,0.,1.976E-02,0.,1.209951038E-18,1.976E-02;             0001457P0001835
124,1.,0.,0.,0.,0.,0.,-1.,0.,0.,1.,-0.,0.;                       0001459P0001836
142,0,1451,1463,1471,3;                                          0001461P0001837
102,3,1465,1467,1469;                                            0001463P0001838
110,-3.487868498E-16,4.71238898,0.,-6.975736996E-16,3.141592654, 0001465P0001839
0.;                                                              0001465P0001840
110,-6.975736996E-16,3.141592654,0.,1.570796327,3.141592654,0.;  0001467P0001841
126,24,3,0,0,1,0,3.141592654,3.141592654,3.141592654,            0001469P0001842
3.141592654,3.212992487,3.28439232,3.355792153,3.427191986,      0001469P0001843
3.498591819,3.569991652,3.641391485,3.712791318,3.784191151,     0001469P0001844
3.855590984,3.926990817,3.99839065,4.069790483,4.141190316,      0001469P0001845
4.212590149,4.283989982,4.355389815,4.426789648,4.498189481,     0001469P0001846
4.569589314,4.640989147,4.71238898,4.71238898,4.71238898,        0001469P0001847
4.71238898,1.,1.,1.,1.,1.,1.,1.,1.,1.,1.,1.,1.,1.,1.,1.,1.,1.,   0001469P0001848
1.,1.,1.,1.,1.,1.,1.,1.,1.570796327,4.71238898,0.,1.546996382,   0001469P0001849
4.71238898,0.,1.499396494,4.71238898,0.,1.427996661,4.71238898,  0001469P0001850
0.,1.356596828,4.71238898,0.,1.285196995,4.71238898,0.,          0001469P0001851
1.213797162,4.71238898,0.,1.142397329,4.71238898,0.,1.070997496, 0001469P0001852
4.71238898,0.,0.999597663,4.71238898,0.,0.928197829,4.71238898,  0001469P0001853
0.,0.856797996,4.71238898,0.,0.785398163,4.71238898,0.,          0001469P0001854
0.71399833,4.71238898,0.,0.642598497,4.71238898,0.,0.571198664,  0001469P0001855
4.71238898,0.,0.499798831,4.71238898,0.,0.428398998,4.71238898,  0001469P0001856
0.,0.356999165,4.71238898,0.,0.285599332,4.71238898,0.,          0001469P0001857
0.214199499,4.71238898,0.,0.142799666,4.71238898,0.,             0001469P0001858
7.139983304E-02,4.71238898,0.,2.379994435E-02,4.71238898,0.,     0001469P0001859
-3.487868498E-16,4.71238898,0.,3.141592654,4.71238898,0.,0.,1.;  0001469P0001860
102,3,1473,1477,1481;                                            0001471P0001861
100,0.,0.,0.,-1.976E-02,3.469446952E-18,0.,-1.976E-02;           0001473P0001862
124,0.,1.,0.,1.976E-02,0.,0.,1.,0.88024,1.,0.,0.,-0.93024;       0001475P0001863
100,0.,0.,0.,1.976E-02,0.,4.163336342E-17,1.976E-02;             0001477P0001864
124,-1.,0.,0.,1.976E-02,0.,1.,0.,0.88024,0.,0.,-1.,-0.93024;     0001479P0001865
100,0.,0.,0.,0.,1.976E-02,-1.976E-02,0.;                         0001481P0001866
124,0.,0.,-1.,1.976E-02,0.,1.,0.,0.88024,1.,0.,0.,-0.93024;      0001483P0001867
144,1487,1,0,1497;                                               0001485P0001868
120,1491,1493,1.570796327,3.141592654;                           0001487P0001869
124,1.,0.,0.,1.976E-02,0.,0.,1.,0.88024,0.,-1.,0.,-1.976E-02;    0001489P0001870
110,0.,0.,1.,0.,0.,0.;                                           0001491P0001871
100,0.,0.,0.,1.976E-02,-3.510081115E-17,1.209951038E-18,         0001493P0001872
1.976E-02;                                                       0001493P0001873
124,1.,0.,0.,0.,0.,0.,-1.,0.,0.,1.,-0.,0.;                       0001495P0001874
142,0,1487,1499,1507,3;                                          0001497P0001875
102,3,1501,1503,1505;                                            0001499P0001876
126,24,3,0,0,1,0,4.71238898,4.71238898,4.71238898,4.71238898,    0001501P0001877
4.783788813,4.855188646,4.926588479,4.997988313,5.069388146,     0001501P0001878
5.140787979,5.212187812,5.283587645,5.354987478,5.426387311,     0001501P0001879
5.497787144,5.569186977,5.64058681,5.711986643,5.783386476,      0001501P0001880
5.854786309,5.926186142,5.997585975,6.068985808,6.140385641,     0001501P0001881
6.211785474,6.283185307,6.283185307,6.283185307,6.283185307,1.,  0001501P0001882
1.,1.,1.,1.,1.,1.,1.,1.,1.,1.,1.,1.,1.,1.,1.,1.,1.,1.,1.,1.,1.,  0001501P0001883
1.,1.,1.,-1.046360549E-15,1.570796327,0.,2.379994435E-02,        0001501P0001884
1.570796327,0.,7.139983304E-02,1.570796327,0.,0.142799666,       0001501P0001885
1.570796327,0.,0.214199499,1.570796327,0.,0.285599332,           0001501P0001886
1.570796327,0.,0.356999165,1.570796327,0.,0.428398998,           0001501P0001887
1.570796327,0.,0.499798831,1.570796327,0.,0.571198664,           0001501P0001888
1.570796327,0.,0.642598497,1.570796327,0.,0.71399833,            0001501P0001889
1.570796327,0.,0.785398163,1.570796327,0.,0.856797996,           0001501P0001890
1.570796327,0.,0.928197829,1.570796327,0.,0.999597663,           0001501P0001891
1.570796327,0.,1.070997496,1.570796327,0.,1.142397329,           0001501P0001892
1.570796327,0.,1.213797162,1.570796327,0.,1.285196995,           0001501P0001893
1.570796327,0.,1.356596828,1.570796327,0.,1.427996661,           0001501P0001894
1.570796327,0.,1.499396494,1.570796327,0.,1.546996382,           0001501P0001895
1.570796327,0.,1.570796327,1.570796327,0.,4.71238898,            0001501P0001896
6.283185307,0.,0.,1.;                                            0001501P0001897
110,1.570796327,3.141592654,0.,-3.552713679E-15,3.141592654,0.;  0001503P0001898
110,-6.975736996E-16,3.141592654,0.,-1.046360549E-15,            0001505P0001899
1.570796327,0.;                                                  0001505P0001900
102,3,1509,1513,1517;                                            0001507P0001901
100,0.,0.,0.,1.976E-02,0.,0.,1.976E-02;                          0001509P0001902
124,0.,0.,-1.,1.976E-02,0.,1.,0.,0.88024,1.,0.,0.,-1.976E-02;    0001511P0001903
100,0.,0.,0.,0.,1.976E-02,-1.976E-02,0.;                         0001513P0001904
124,1.,0.,0.,1.976E-02,0.,1.,0.,0.88024,0.,0.,1.,-1.976E-02;     0001515P0001905
100,0.,0.,0.,-3.469446952E-18,-1.976E-02,1.976E-02,              0001517P0001906
-3.469446952E-18;                                                0001517P0001907
124,0.,1.,0.,1.976E-02,0.,0.,1.,0.88024,1.,0.,0.,-1.976E-02;     0001519P0001908
144,1523,1,0,1531;                                               0001521P0001909
120,1527,1529,3.141592654,4.71238898;                            0001523P0001910
124,0.,0.,-1.,1.75,0.,1.,0.,0.88024,1.,0.,0.,-0.93024;           0001525P0001911
110,0.,0.,1.,0.,0.,0.;                                           0001527P0001912
110,1.976E-02,0.,1.41976,1.976E-02,0.,1.73024;                   0001529P0001913
142,0,1523,1533,1543,3;                                          0001531P0001914
102,4,1535,1537,1539,1541;                                       0001533P0001915
110,1.,3.141592654,0.,1.,4.71238898,0.;                          0001535P0001916
110,1.,4.71238898,0.,-7.15165566E-16,4.71238898,0.;              0001537P0001917
110,-1.123379444E-15,4.71238898,0.,-2.246758888E-15,3.141592654, 0001539P0001918
0.;                                                              0001539P0001919
110,-1.443289932E-15,3.141592654,0.,1.,3.141592654,0.;           0001541P0001920
102,4,1545,1549,1551,1555;                                       0001543P0001921
100,0.,0.,0.,-1.976E-02,0.,0.,-1.976E-02;                        0001545P0001922
124,0.,0.,1.,1.976E-02,0.,-1.,-0.,0.88024,1.,0.,0.,-0.93024;     0001547P0001923
110,1.976E-02,0.9,-0.93024,0.33024,0.9,-0.93024;                 0001549P0001924
100,0.,0.,0.,0.,-1.976E-02,1.976E-02,0.;                         0001551P0001925
124,0.,0.,-1.,0.33024,0.,-1.,0.,0.88024,-1.,0.,0.,-0.93024;      0001553P0001926
110,0.33024,0.88024,-0.95,1.976E-02,0.88024,-0.95;               0001555P0001927
144,1559,1,0,1567;                                               0001557P0001928
120,1563,1565,0.,1.570796327;                                    0001559P0001929
124,0.,1.,0.,1.976E-02,0.,0.,-1.,0.,-1.,0.,0.,-0.93024;          0001561P0001930
110,0.,0.,1.,0.,0.,0.;                                           0001563P0001931
110,1.976E-02,0.,-0.88024,1.976E-02,0.,-1.976E-02;               0001565P0001932
142,0,1559,1569,1579,3;                                          0001567P0001933
102,4,1571,1573,1575,1577;                                       0001569P0001934
110,-1.216019605E-15,1.570796327,0.,-1.621359473E-15,            0001571P0001935
8.881784197E-16,0.;                                              0001571P0001936
110,-1.665334537E-15,1.780744441E-15,0.,1.,1.971809382E-15,0.;   0001573P0001937
110,1.,0.,0.,1.,1.570796327,0.;                                  0001575P0001938
110,1.,1.570796327,0.,-1.41926056E-15,1.570796327,0.;            0001577P0001939
102,4,1581,1585,1587,1591;                                       0001579P0001940
100,0.,0.,0.,0.,1.976E-02,-1.976E-02,3.469446952E-18;            0001581P0001941
124,0.,-1.,0.,1.976E-02,0.,0.,-1.,0.88024,1.,0.,-0.,-0.93024;    0001583P0001942
110,1.976E-02,0.88024,-0.95,1.976E-02,1.976E-02,-0.95;           0001585P0001943
100,0.,0.,0.,1.976E-02,0.,0.,1.976E-02;                          0001587P0001944
124,0.,-1.,0.,1.976E-02,0.,0.,1.,1.976E-02,-1.,0.,0.,-0.93024;   0001589P0001945
110,0.,1.976E-02,-0.93024,0.,0.88024,-0.93024;                   0001591P0001946
144,1595,1,0,1603;                                               0001593P0001947
120,1599,1601,1.570796327,3.141592654;                           0001595P0001948
124,1.,0.,0.,1.976E-02,0.,1.,0.,1.976E-02,0.,0.,1.,0.;           0001597P0001949
110,0.,0.,1.,0.,0.,0.;                                           0001599P0001950
110,1.976E-02,0.,-0.93024,1.976E-02,0.,-1.976E-02;               0001601P0001951
142,0,1595,1605,1615,3;                                          0001603P0001952
102,4,1607,1609,1611,1613;                                       0001605P0001953
110,1.,1.570796327,0.,1.,3.141592654,0.;                         0001607P0001954
110,1.,3.141592654,0.,-9.75505689E-16,3.141592654,0.;            0001609P0001955
110,-7.661603765E-16,3.141592654,0.,-1.149240565E-15,            0001611P0001956
1.570796327,0.;                                                  0001611P0001957
110,-1.110223025E-15,1.570796327,0.,1.,1.570796327,0.;           0001613P0001958
102,4,1617,1621,1623,1627;                                       0001615P0001959
100,0.,0.,0.,-3.469446952E-17,1.976E-02,-1.976E-02,              0001617P0001960
3.469446952E-18;                                                 0001617P0001961
124,1.,0.,0.,1.976E-02,0.,-1.,0.,1.976E-02,0.,0.,-1.,-1.976E-02; 0001619P0001962
110,0.,1.976E-02,-1.976E-02,0.,1.976E-02,-0.93024;               0001621P0001963
100,0.,0.,0.,1.976E-02,0.,0.,1.976E-02;                          0001623P0001964
124,-1.,0.,0.,1.976E-02,0.,-1.,0.,1.976E-02,0.,0.,1.,-0.93024;   0001625P0001965
110,1.976E-02,0.,-0.93024,1.976E-02,0.,-1.976E-02;               0001627P0001966
144,1631,1,0,1639;                                               0001629P0001967
120,1635,1637,0.,1.570796327;                                    0001631P0001968
124,0.,1.,0.,1.976E-02,0.,0.,1.,0.,1.,0.,0.,-1.976E-02;          0001633P0001969
110,0.,0.,1.,0.,0.,0.;                                           0001635P0001970
110,1.976E-02,0.,1.976E-02,1.976E-02,0.,0.88024;                 0001637P0001971
142,0,1631,1641,1651,3;                                          0001639P0001972
102,4,1643,1645,1647,1649;                                       0001641P0001973
110,1.,1.776356839E-15,0.,1.,1.570796327,0.;                     0001643P0001974
110,1.,1.570796327,0.,-1.41926056E-15,1.570796327,0.;            0001645P0001975
110,-1.216019605E-15,1.570796327,0.,-1.621359473E-15,            0001647P0001976
1.776356839E-15,0.;                                              0001647P0001977
110,-1.665334537E-15,1.780744441E-15,0.,1.,1.971809382E-15,0.;   0001649P0001978
102,4,1653,1657,1659,1663;                                       0001651P0001979
100,0.,0.,0.,1.976E-02,0.,0.,1.976E-02;                          0001653P0001980
124,0.,-1.,0.,1.976E-02,0.,0.,-1.,0.88024,1.,0.,-0.,-1.976E-02;  0001655P0001981
110,0.,0.88024,-1.976E-02,0.,1.976E-02,-1.976E-02;               0001657P0001982
100,0.,0.,0.,0.,1.976E-02,-1.976E-02,3.469446952E-18;            0001659P0001983
124,0.,-1.,0.,1.976E-02,0.,0.,1.,1.976E-02,-1.,-0.,0.,           0001661P0001984
-1.976E-02;                                                      0001661P0001985
110,1.976E-02,1.976E-02,0.,1.976E-02,0.88024,0.;                 0001663P0001986
144,1667,1,0,1675;                                               0001665P0001987
120,1671,1673,4.71238898,6.283185307;                            0001667P0001988
124,0.,0.,-1.,1.75,0.,1.,0.,0.88024,1.,0.,0.,-1.976E-02;         0001669P0001989
110,0.,0.,1.,0.,0.,0.;                                           0001671P0001990
110,1.976E-02,0.,1.41976,1.976E-02,0.,1.73024;                   0001673P0001991
142,0,1667,1677,1687,3;                                          0001675P0001992
102,4,1679,1681,1683,1685;                                       0001677P0001993
110,1.,4.71238898,0.,1.,6.283185307,0.;                          0001679P0001994
110,1.,6.283185307,0.,7.15165566E-16,6.283185307,0.;             0001681P0001995
110,5.916456789E-31,6.283185307,0.,-1.123379444E-15,4.71238898,  0001683P0001996
0.;                                                              0001683P0001997
110,-6.661338148E-16,4.71238898,0.,1.,4.71238898,0.;             0001685P0001998
102,4,1689,1693,1695,1699;                                       0001687P0001999
100,0.,0.,0.,-3.469446952E-18,-1.976E-02,1.976E-02,0.;           0001689P0002000
124,0.,0.,1.,1.976E-02,0.,-1.,-0.,0.88024,1.,0.,0.,-1.976E-02;   0001691P0002001
110,1.976E-02,0.88024,0.,0.33024,0.88024,0.;                     0001693P0002002
100,0.,0.,0.,-1.976E-02,0.,-3.469446952E-18,-1.976E-02;          0001695P0002003
124,0.,0.,-1.,0.33024,0.,-1.,0.,0.88024,-1.,0.,-0.,-1.976E-02;   0001697P0002004
110,0.33024,0.9,-1.976E-02,1.976E-02,0.9,-1.976E-02;             0001699P0002005
144,1703,1,0,1711;                                               0001701P0002006
120,1707,1709,4.71238898,6.283185307;                            0001703P0002007
124,1.,0.,0.,0.33024,0.,1.,0.,0.88024,0.,0.,1.,-0.95;            0001705P0002008
110,0.,0.,1.,0.,0.,0.;                                           0001707P0002009
110,1.976E-02,0.,1.976E-02,1.976E-02,0.,0.93024;                 0001709P0002010
142,0,1703,1713,1727,3;                                          0001711P0002011
102,6,1715,1717,1719,1721,1723,1725;                             0001713P0002012
110,2.170283806E-02,6.283185307,0.,2.476869913E-16,6.283185307,  0001715P0002013
0.;                                                              0001715P0002014
110,1.972152263E-31,6.283185307,0.,-3.830801883E-16,4.71238898,  0001717P0002015
0.;                                                              0001717P0002016
110,-5.551115123E-16,4.71238898,0.,1.,4.71238898,0.;             0001719P0002017
110,1.,4.71238898,0.,1.,6.283185307,0.;                          0001721P0002018
110,1.,6.283185307,0.,0.978297162,6.283185307,0.;                0001723P0002019
110,0.978297162,6.283185307,0.,2.170283806E-02,6.283185307,0.;   0001725P0002020
102,6,1729,1731,1735,1737,1741,1743;                             0001727P0002021
110,0.35,0.88024,-0.91048,0.35,0.88024,-0.93024;                 0001729P0002022
100,0.,0.,0.,-1.976E-02,0.,0.,-1.976E-02;                        0001731P0002023
124,-1.,0.,-0.,0.33024,0.,-1.,0.,0.88024,0.,-0.,1.,-0.93024;     0001733P0002024
110,0.33024,0.9,-0.93024,0.33024,0.9,-1.976E-02;                 0001735P0002025
100,0.,0.,0.,-1.976E-02,0.,0.,-1.976E-02;                        0001737P0002026
124,0.,-1.,1.128958385E-29,0.33024,-1.,-2.322910806E-44,         0001739P0002027
-2.057569912E-15,0.88024,2.057569912E-15,-1.128958385E-29,-1.,   0001739P0002028
-1.976E-02;                                                      0001739P0002029
110,0.35,0.88024,-1.976E-02,0.35,0.88024,-3.952E-02;             0001741P0002030
110,0.35,0.88024,-3.952E-02,0.35,0.88024,-0.91048;               0001743P0002031
144,1747,1,0,1757;                                               0001745P0002032
120,1751,1753,4.71238898,6.283185307;                            0001747P0002033
124,1.,0.,0.,0.33024,0.,0.,1.,0.88024,0.,-1.,0.,-0.93024;        0001749P0002034
110,0.,0.,1.,0.,0.,0.;                                           0001751P0002035
100,0.,0.,0.,1.976E-02,0.,1.209951038E-18,1.976E-02;             0001753P0002036
124,1.,0.,0.,0.,0.,0.,-1.,0.,0.,1.,-0.,0.;                       0001755P0002037
142,0,1747,1759,1767,3;                                          0001757P0002038
102,3,1761,1763,1765;                                            0001759P0002039
126,24,3,0,0,1,0,0.,0.,0.,0.,7.139983304E-02,0.142799666,        0001761P0002040
0.214199499,0.285599332,0.356999165,0.428398998,0.499798831,     0001761P0002041
0.571198664,0.642598497,0.71399833,0.785398163,0.856797996,      0001761P0002042
0.928197829,0.999597663,1.070997496,1.142397329,1.213797162,     0001761P0002043
1.285196995,1.356596828,1.427996661,1.499396494,1.570796327,     0001761P0002044
1.570796327,1.570796327,1.570796327,1.,1.,1.,1.,1.,1.,1.,1.,1.,  0001761P0002045
1.,1.,1.,1.,1.,1.,1.,1.,1.,1.,1.,1.,1.,1.,1.,1.,                 0001761P0002046
-3.487868498E-16,4.71238898,0.,2.379994435E-02,4.71238898,0.,    0001761P0002047
7.139983304E-02,4.71238898,0.,0.142799666,4.71238898,0.,         0001761P0002048
0.214199499,4.71238898,0.,0.285599332,4.71238898,0.,0.356999165, 0001761P0002049
4.71238898,0.,0.428398998,4.71238898,0.,0.499798831,4.71238898,  0001761P0002050
0.,0.571198664,4.71238898,0.,0.642598497,4.71238898,0.,          0001761P0002051
0.71399833,4.71238898,0.,0.785398163,4.71238898,0.,0.856797996,  0001761P0002052
4.71238898,0.,0.928197829,4.71238898,0.,0.999597663,4.71238898,  0001761P0002053
0.,1.070997496,4.71238898,0.,1.142397329,4.71238898,0.,          0001761P0002054
1.213797162,4.71238898,0.,1.285196995,4.71238898,0.,1.356596828, 0001761P0002055
4.71238898,0.,1.427996661,4.71238898,0.,1.499396494,4.71238898,  0001761P0002056
0.,1.546996382,4.71238898,0.,1.570796327,4.71238898,0.,0.,       0001761P0002057
1.570796327,0.,0.,1.;                                            0001761P0002058
110,1.570796327,6.283185307,0.,-8.881784197E-16,6.283185307,0.;  0001763P0002059
110,5.618537574E-15,6.283185307,0.,-3.487868498E-16,4.71238898,  0001765P0002060
0.;                                                              0001765P0002061
102,3,1769,1773,1777;                                            0001767P0002062
100,0.,0.,0.,1.976E-02,0.,0.,1.976E-02;                          0001769P0002063
124,0.,0.,1.,0.33024,0.,1.,0.,0.88024,-1.,0.,0.,-0.93024;        0001771P0002064
100,0.,0.,0.,0.,1.976E-02,-1.976E-02,0.;                         0001773P0002065
124,-1.,0.,0.,0.33024,0.,1.,0.,0.88024,0.,0.,-1.,-0.93024;       0001775P0002066
100,0.,0.,0.,-1.976E-02,0.,0.,-1.976E-02;                        0001777P0002067
124,-1.,0.,-5.4868531E-15,0.33024,-5.4868531E-15,0.,1.,0.88024,  0001779P0002068
0.,1.,0.,-0.93024;                                               0001779P0002069
144,1783,1,0,1793;                                               0001781P0002070
120,1787,1789,3.141592654,4.71238898;                            0001783P0002071
124,1.,0.,0.,1.976E-02,0.,0.,1.,1.976E-02,0.,-1.,0.,-0.93024;    0001785P0002072
110,0.,0.,1.,0.,0.,0.;                                           0001787P0002073
100,0.,0.,0.,1.209951038E-18,-1.976E-02,1.976E-02,               0001789P0002074
3.510081115E-17;                                                 0001789P0002075
124,1.,0.,0.,0.,0.,0.,-1.,0.,0.,1.,-0.,0.;                       0001791P0002076
142,0,1783,1795,1803,3;                                          0001793P0002077
102,3,1797,1799,1801;                                            0001795P0002078
110,-1.570796327,3.141592654,0.,2.664535259E-15,3.141592654,0.;  0001797P0002079
110,-6.975736996E-16,3.141592654,0.,-3.487868498E-16,4.71238898, 0001799P0002080
0.;                                                              0001799P0002081
126,24,3,0,0,1,0,1.570796327,1.570796327,1.570796327,            0001801P0002082
1.570796327,1.64219616,1.713595993,1.784995826,1.856395659,      0001801P0002083
1.927795492,1.999195325,2.070595158,2.141994991,2.213394824,     0001801P0002084
2.284794657,2.35619449,2.427594323,2.498994156,2.570393989,      0001801P0002085
2.641793822,2.713193655,2.784593488,2.855993321,2.927393154,     0001801P0002086
2.998792988,3.070192821,3.141592654,3.141592654,3.141592654,     0001801P0002087
3.141592654,1.,1.,1.,1.,1.,1.,1.,1.,1.,1.,1.,1.,1.,1.,1.,1.,1.,  0001801P0002088
1.,1.,1.,1.,1.,1.,1.,1.,-5.24366149E-16,4.71238898,0.,           0001801P0002089
-2.379994435E-02,4.71238898,0.,-7.139983304E-02,4.71238898,0.,   0001801P0002090
-0.142799666,4.71238898,0.,-0.214199499,4.71238898,0.,           0001801P0002091
-0.285599332,4.71238898,0.,-0.356999165,4.71238898,0.,           0001801P0002092
-0.428398998,4.71238898,0.,-0.499798831,4.71238898,0.,           0001801P0002093
-0.571198664,4.71238898,0.,-0.642598497,4.71238898,0.,           0001801P0002094
-0.71399833,4.71238898,0.,-0.785398163,4.71238898,0.,            0001801P0002095
-0.856797996,4.71238898,0.,-0.928197829,4.71238898,0.,           0001801P0002096
-0.999597663,4.71238898,0.,-1.070997496,4.71238898,0.,           0001801P0002097
-1.142397329,4.71238898,0.,-1.213797162,4.71238898,0.,           0001801P0002098
-1.285196995,4.71238898,0.,-1.356596828,4.71238898,0.,           0001801P0002099
-1.427996661,4.71238898,0.,-1.499396494,4.71238898,0.,           0001801P0002100
-1.546996382,4.71238898,0.,-1.570796327,4.71238898,0.,           0001801P0002101
1.570796327,3.141592654,0.,0.,1.;                                0001801P0002102
102,3,1805,1809,1813;                                            0001803P0002103
100,0.,0.,0.,-3.469446952E-18,-1.976E-02,1.976E-02,              0001805P0002104
-3.469446952E-18;                                                0001805P0002105
124,-1.,0.,0.,1.976E-02,0.,1.,0.,1.976E-02,0.,0.,-1.,-0.93024;   0001807P0002106
100,0.,0.,0.,0.,-1.976E-02,1.976E-02,-3.469446952E-18;           0001809P0002107
124,0.,1.,-0.,1.976E-02,0.,-0.,-1.,1.976E-02,-1.,0.,0.,-0.93024; 0001811P0002108
100,0.,0.,0.,-1.976E-02,3.469446952E-18,0.,-1.976E-02;           0001813P0002109
124,0.,0.,-1.,1.976E-02,0.,1.,0.,1.976E-02,1.,0.,-0.,-0.93024;   0001815P0002110
144,1819,1,0,1829;                                               0001817P0002111
120,1823,1825,1.570796327,3.141592654;                           0001819P0002112
124,1.,0.,0.,1.976E-02,0.,0.,1.,1.976E-02,0.,-1.,0.,-1.976E-02;  0001821P0002113
110,0.,0.,1.,0.,0.,0.;                                           0001823P0002114
100,0.,0.,0.,1.209951038E-18,-1.976E-02,1.976E-02,0.;            0001825P0002115
124,1.,0.,0.,0.,0.,0.,-1.,0.,0.,1.,-0.,0.;                       0001827P0002116
142,0,1819,1831,1839,3;                                          0001829P0002117
102,3,1833,1835,1837;                                            0001831P0002118
110,-1.046360549E-15,1.570796327,0.,-6.975736996E-16,            0001833P0002119
3.141592654,0.;                                                  0001833P0002120
110,-1.776356839E-15,3.141592654,0.,-1.570796327,3.141592654,0.; 0001835P0002121
126,24,3,0,0,1,0,0.,0.,0.,0.,7.139983304E-02,0.142799666,        0001837P0002122
0.214199499,0.285599332,0.356999165,0.428398998,0.499798831,     0001837P0002123
0.571198664,0.642598497,0.71399833,0.785398163,0.856797996,      0001837P0002124
0.928197829,0.999597663,1.070997496,1.142397329,1.213797162,     0001837P0002125
1.285196995,1.356596828,1.427996661,1.499396494,1.570796327,     0001837P0002126
1.570796327,1.570796327,1.570796327,1.,1.,1.,1.,1.,1.,1.,1.,1.,  0001837P0002127
1.,1.,1.,1.,1.,1.,1.,1.,1.,1.,1.,1.,1.,1.,1.,1.,-1.570796327,    0001837P0002128
1.570796327,0.,-1.546996382,1.570796327,0.,-1.499396494,         0001837P0002129
1.570796327,0.,-1.427996661,1.570796327,0.,-1.356596828,         0001837P0002130
1.570796327,0.,-1.285196995,1.570796327,0.,-1.213797162,         0001837P0002131
1.570796327,0.,-1.142397329,1.570796327,0.,-1.070997496,         0001837P0002132
1.570796327,0.,-0.999597663,1.570796327,0.,-0.928197829,         0001837P0002133
1.570796327,0.,-0.856797996,1.570796327,0.,-0.785398163,         0001837P0002134
1.570796327,0.,-0.71399833,1.570796327,0.,-0.642598497,          0001837P0002135
1.570796327,0.,-0.571198664,1.570796327,0.,-0.499798831,         0001837P0002136
1.570796327,0.,-0.428398998,1.570796327,0.,-0.356999165,         0001837P0002137
1.570796327,0.,-0.285599332,1.570796327,0.,-0.214199499,         0001837P0002138
1.570796327,0.,-0.142799666,1.570796327,0.,-7.139983304E-02,     0001837P0002139
1.570796327,0.,-2.379994435E-02,1.570796327,0.,-1.046360549E-15, 0001837P0002140
1.570796327,0.,0.,1.570796327,0.,0.,1.;                          0001837P0002141
102,3,1841,1845,1849;                                            0001839P0002142
100,0.,0.,0.,-1.976E-02,3.469446952E-18,-3.469446952E-18,        0001841P0002143
-1.976E-02;                                                      0001841P0002144
124,0.,1.,0.,1.976E-02,0.,0.,-1.,1.976E-02,-1.,0.,0.,-1.976E-02; 0001843P0002145
100,0.,0.,0.,-1.976E-02,3.469446952E-18,-3.816391647E-17,        0001845P0002146
-1.976E-02;                                                      0001845P0002147
124,1.,0.,0.,1.976E-02,0.,1.,0.,1.976E-02,0.,0.,1.,-1.976E-02;   0001847P0002148
100,0.,0.,0.,-3.469446952E-18,-1.976E-02,1.976E-02,              0001849P0002149
-3.469446952E-18;                                                0001849P0002150
124,0.,0.,-1.,1.976E-02,0.,1.,0.,1.976E-02,1.,0.,0.,-1.976E-02;  0001851P0002151
144,1855,1,0,1865;                                               0001853P0002152
120,1859,1861,-2.664535259E-15,1.570796327;                      0001855P0002153
124,1.,0.,0.,0.33024,0.,0.,1.,0.88024,0.,-1.,0.,-1.976E-02;      0001857P0002154
110,0.,0.,1.,0.,0.,0.;                                           0001859P0002155
100,0.,0.,0.,1.976E-02,-4.063698348E-17,1.209951038E-18,         0001861P0002156
1.976E-02;                                                       0001861P0002157
124,1.,0.,0.,0.,0.,0.,-1.,0.,0.,1.,-0.,0.;                       0001863P0002158
142,0,1855,1867,1875,3;                                          0001865P0002159
102,3,1869,1871,1873;                                            0001867P0002160
126,24,3,0,0,1,0,1.570796327,1.570796327,1.570796327,            0001869P0002161
1.570796327,1.64219616,1.713595993,1.784995826,1.856395659,      0001869P0002162
1.927795492,1.999195325,2.070595158,2.141994991,2.213394824,     0001869P0002163
2.284794657,2.35619449,2.427594323,2.498994156,2.570393989,      0001869P0002164
2.641793822,2.713193655,2.784593488,2.855993321,2.927393154,     0001869P0002165
2.998792988,3.070192821,3.141592654,3.141592654,3.141592654,     0001869P0002166
3.141592654,1.,1.,1.,1.,1.,1.,1.,1.,1.,1.,1.,1.,1.,1.,1.,1.,1.,  0001869P0002167
1.,1.,1.,1.,1.,1.,1.,1.,-1.395147399E-15,1.776356839E-15,0.,     0001869P0002168
2.379994435E-02,3.552713679E-15,0.,7.139983304E-02,              0001869P0002169
4.440892099E-15,0.,0.142799666,1.776356839E-15,0.,0.214199499,   0001869P0002170
5.329070518E-15,0.,0.285599332,4.440892099E-15,0.,0.356999165,   0001869P0002171
1.776356839E-15,0.,0.428398998,5.329070518E-15,0.,0.499798831,   0001869P0002172
2.664535259E-15,0.,0.571198664,1.776356839E-15,0.,0.642598497,   0001869P0002173
3.552713679E-15,0.,0.71399833,4.440892099E-15,0.,0.785398163,    0001869P0002174
4.440892099E-15,0.,0.856797996,3.552713679E-15,0.,0.928197829,   0001869P0002175
2.664535259E-15,0.,0.999597663,2.664535259E-15,0.,1.070997496,   0001869P0002176
4.440892099E-15,0.,1.142397329,-8.881784197E-16,-0.,1.213797162, 0001869P0002177
3.552713679E-15,0.,1.285196995,1.776356839E-15,0.,1.356596828,   0001869P0002178
3.552713679E-15,0.,1.427996661,0.,0.,1.499396494,                0001869P0002179
3.552713679E-15,0.,1.546996382,1.776356839E-15,0.,1.570796327,   0001869P0002180
8.881784197E-16,0.,1.570796327,3.141592654,0.,0.,1.;             0001869P0002181
126,24,3,0,0,1,0,1.570796327,1.570796327,1.570796327,            0001871P0002182
1.570796327,1.64219616,1.713595993,1.784995826,1.856395659,      0001871P0002183
1.927795492,1.999195325,2.070595158,2.141994991,2.213394824,     0001871P0002184
2.284794657,2.35619449,2.427594323,2.498994156,2.570393989,      0001871P0002185
2.641793822,2.713193655,2.784593488,2.855993321,2.927393154,     0001871P0002186
2.998792988,3.070192821,3.141592654,3.141592654,3.141592654,     0001871P0002187
3.141592654,1.,1.,1.,1.,1.,1.,1.,1.,1.,1.,1.,1.,1.,1.,1.,1.,1.,  0001871P0002188
1.,1.,1.,1.,1.,1.,1.,1.,1.570796327,1.570796327,0.,1.546996382,  0001871P0002189
1.570796327,0.,1.499396494,1.570796327,0.,1.427996661,           0001871P0002190
1.570796327,0.,1.356596828,1.570796327,0.,1.285196995,           0001871P0002191
1.570796327,0.,1.213797162,1.570796327,0.,1.142397329,           0001871P0002192
1.570796327,0.,1.070997496,1.570796327,0.,0.999597663,           0001871P0002193
1.570796327,0.,0.928197829,1.570796327,0.,0.856797996,           0001871P0002194
1.570796327,0.,0.785398163,1.570796327,0.,0.71399833,            0001871P0002195
1.570796327,0.,0.642598497,1.570796327,0.,0.571198664,           0001871P0002196
1.570796327,0.,0.499798831,1.570796327,0.,0.428398998,           0001871P0002197
1.570796327,0.,0.356999165,1.570796327,0.,0.285599332,           0001871P0002198
1.570796327,0.,0.214199499,1.570796327,0.,0.142799666,           0001871P0002199
1.570796327,0.,7.139983304E-02,1.570796327,0.,2.379994435E-02,   0001871P0002200
1.570796327,0.,-1.046360549E-15,1.570796327,0.,1.570796327,      0001871P0002201
3.141592654,0.,0.,1.;                                            0001871P0002202
126,24,3,0,0,1,0,3.141592654,3.141592654,3.141592654,            0001873P0002203
3.141592654,3.212992487,3.28439232,3.355792153,3.427191986,      0001873P0002204
3.498591819,3.569991652,3.641391485,3.712791318,3.784191151,     0001873P0002205
3.855590984,3.926990817,3.99839065,4.069790483,4.141190316,      0001873P0002206
4.212590149,4.283989982,4.355389815,4.426789648,4.498189481,     0001873P0002207
4.569589314,4.640989147,4.71238898,4.71238898,4.71238898,        0001873P0002208
4.71238898,1.,1.,1.,1.,1.,1.,1.,1.,1.,1.,1.,1.,1.,1.,1.,1.,1.,   0001873P0002209
1.,1.,1.,1.,1.,1.,1.,1.,-1.046360549E-15,1.570796327,0.,         0001873P0002210
-1.051645199E-15,1.546996382,0.,-1.063030256E-15,1.499396494,0., 0001873P0002211
-1.07521329E-15,1.427996661,0.,-1.104527255E-15,1.356596828,0.,  0001873P0002212
-1.070212047E-15,1.285196995,0.,-1.2732826E-15,1.213797162,0.,   0001873P0002213
-5.904392818E-16,1.142397329,0.,-3.213865687E-15,1.070997496,0., 0001873P0002214
6.501872931E-15,0.999597663,0.,3.878446622E-15,0.928197829,0.,   0001873P0002215
4.561289551E-15,0.856797996,0.,4.358220457E-15,0.785398163,0.,   0001873P0002216
4.392530219E-15,0.71399833,0.,4.363236579E-15,0.642598497,0.,    0001873P0002217
4.350977689E-15,0.571198664,0.,4.334183205E-15,0.499798831,0.,   0001873P0002218
4.318496346E-15,0.428398998,0.,4.302914578E-15,0.356999165,0.,   0001873P0002219
4.285804822E-15,0.285599332,0.,4.274701928E-15,0.214199499,0.,   0001873P0002220
4.241099573E-15,0.142799666,0.,4.291488203E-15,7.139983304E-02,  0001873P0002221
0.,4.116104302E-15,2.379994435E-02,0.,3.933923119E-15,           0001873P0002222
1.776356839E-15,0.,3.141592654,4.71238898,0.,0.,1.;              0001873P0002223
102,3,1877,1881,1885;                                            0001875P0002224
100,0.,0.,0.,0.,1.976E-02,-1.976E-02,0.;                         0001877P0002225
124,0.,1.,-1.128958385E-29,0.33024,-1.,2.322910806E-44,          0001879P0002226
2.057569912E-15,0.88024,2.057569912E-15,1.128958385E-29,1.,      0001879P0002227
-1.976E-02;                                                      0001879P0002228
100,0.,0.,0.,0.,1.976E-02,-1.976E-02,0.;                         0001881P0002229
124,0.,0.,1.,0.33024,0.,1.,0.,0.88024,-1.,0.,0.,-1.976E-02;      0001883P0002230
100,0.,0.,0.,5.551115123E-17,1.976E-02,-1.976E-02,               0001885P0002231
3.469446952E-18;                                                 0001885P0002232
124,-1.,1.714641594E-15,-5.4868531E-15,0.33024,-5.4868531E-15,   0001887P0002233
9.407986543E-30,1.,0.88024,1.714641594E-15,1.,0.,-1.976E-02;     0001887P0002234
144,1891,1,0,1899;                                               0001889P0002235
120,1895,1897,5.985933946,6.283185307;                           0001891P0002236
124,1.,0.,5.4868531E-15,0.33024,5.4868531E-15,0.,-1.,            0001893P0002237
-7.790014557E-15,0.,1.,0.,-0.93024;                              0001893P0002238
110,0.,0.,1.,0.,0.,0.;                                           0001895P0002239
110,1.976E-02,0.,-3.952E-02,1.976E-02,0.,-1.976E-02;             0001897P0002240
142,0,1891,1901,1909,3;                                          0001899P0002241
102,3,1903,1905,1907;                                            0001901P0002242
110,1.,6.283185307,0.,-3.511585984E-16,6.283185307,0.;           0001903P0002243
126,24,3,1,0,1,0,1.355252716E-20,1.355252716E-20,                0001905P0002244
1.355252716E-20,1.355252716E-20,7.037440522E-07,1.407488104E-06, 0001905P0002245
2.111232157E-06,2.814976209E-06,3.518720261E-06,4.222464313E-06, 0001905P0002246
4.926208365E-06,5.629952417E-06,6.33369647E-06,7.037440522E-06,  0001905P0002247
7.741184574E-06,8.444928626E-06,9.148672678E-06,9.85241673E-06,  0001905P0002248
1.055616078E-05,1.125990483E-05,1.196364889E-05,1.266739294E-05, 0001905P0002249
1.337113699E-05,1.407488104E-05,1.47786251E-05,1.548236915E-05,  0001905P0002250
1.548236915E-05,1.548236915E-05,1.548236915E-05,1.,1.,1.,1.,1.,  0001905P0002251
1.,1.,1.,1.,1.,1.,1.,1.,1.,1.,1.,1.,1.,1.,1.,1.,1.,1.,1.,1.,0.,  0001905P0002252
6.283185307,0.,1.187152585E-02,6.283185305,0.,3.564932859E-02,   0001905P0002253
6.282750596,0.,7.13526702E-02,6.280805967,0.,0.107025038,        0001905P0002254
6.277580371,0.,0.142598806,6.273085213,0.,0.178006402,           0001905P0002255
6.267331585,0.,0.213180049,6.260330254,0.,0.248052747,           0001905P0002256
6.252091423,0.,0.282554583,6.242625666,0.,0.316626519,           0001905P0002257
6.231940676,0.,0.350168935,6.220053908,0.,0.383376857,           0001905P0002258
6.206890073,0.,0.416150299,6.192500124,0.,0.448429696,           0001905P0002259
6.176913798,0.,0.480144554,6.160164287,0.,0.51122768,            0001905P0002260
6.142281083,0.,0.5416096,6.123293265,0.,0.571226666,6.103222959, 0001905P0002261
0.,0.599994206,6.082107701,0.,0.627905819,6.059917089,0.,        0001905P0002262
0.65537704,6.036286652,0.,0.681812997,6.011699566,0.,            0001905P0002263
0.698795513,5.994626101,0.,0.707106781,5.985933946,0.,           0001905P0002264
1.355252716E-20,1.548236915E-05,-0.,-0.,1.;                      0001905P0002265
126,24,3,1,0,1,0,1.570796327,1.570796327,1.570796327,            0001907P0002266
1.570796327,1.584307752,1.597819178,1.611330603,1.624842029,     0001907P0002267
1.638353454,1.65186488,1.665376305,1.678887731,1.692399156,      0001907P0002268
1.705910582,1.719422007,1.732933433,1.746444858,1.759956284,     0001907P0002269
1.77346771,1.786979135,1.800490561,1.814001986,1.827513412,      0001907P0002270
1.841024837,1.854536263,1.868047688,1.868047688,1.868047688,     0001907P0002271
1.868047688,1.,1.,1.,1.,1.,1.,1.,1.,1.,1.,1.,1.,1.,1.,1.,1.,1.,  0001907P0002272
1.,1.,1.,1.,1.,1.,1.,1.,0.707106781,5.985933946,0.,0.711397235,  0001907P0002273
5.990421191,0.,0.720000151,5.99940018,0.,0.732967152,            0001907P0002274
6.012880952,0.,0.745993402,6.026372804,0.,0.759075463,           0001907P0002275
6.039874519,0.,0.772209862,6.053384877,0.,0.785393085,           0001907P0002276
6.066902652,0.,0.798621584,6.080426614,0.,0.811891782,           0001907P0002277
6.093955529,0.,0.825200071,6.107488162,0.,0.838542819,           0001907P0002278
6.121023274,0.,0.851916373,6.134559627,0.,0.865317061,           0001907P0002279
6.148095979,0.,0.878741197,6.161631091,0.,0.892185082,           0001907P0002280
6.175163724,0.,0.905645011,6.188692639,0.,0.919117271,           0001907P0002281
6.202216601,0.,0.932598151,6.215734376,0.,0.946083941,           0001907P0002282
6.229244734,0.,0.959570935,6.242746449,0.,0.973055438,           0001907P0002283
6.256238301,0.,0.986533765,6.269719073,0.,0.995512756,           0001907P0002284
6.278698062,0.,1.,6.283185307,0.,1.570796327,1.868047688,-0.,    0001907P0002285
-0.,1.;                                                          0001907P0002286
102,3,1911,1913,1915;                                            0001909P0002287
110,0.35,1.976E-02,-0.93024,0.35,3.952E-02,-0.93024;             0001911P0002288
126,9,3,0,0,1,0,1.355252716E-20,1.355252716E-20,1.355252716E-20, 0001913P0002289
1.355252716E-20,6.575748506E-06,6.575748506E-06,6.575748506E-06, 0001913P0002290
1.316507642E-05,1.316507642E-05,1.316507642E-05,1.548236915E-05, 0001913P0002291
1.548236915E-05,1.548236915E-05,1.548236915E-05,1.,1.,1.,1.,1.,  0001913P0002292
1.,1.,1.,1.,1.,0.35,3.952E-02,-0.93024,0.35,3.732808383E-02,     0001913P0002293
-0.93024,0.350009566,3.510619093E-02,-0.929865015,0.349969686,   0001913P0002294
3.303598466E-02,-0.929145882,0.349929763,3.096355855E-02,        0001913P0002295
-0.928425978,0.349834115,2.898206103E-02,-0.927336339,           0001913P0002296
0.349537354,2.727565736E-02,-0.925989148,0.349431523,            0001913P0002297
2.666712435E-02,-0.925508716,0.349299084,2.60883497E-02,         0001913P0002298
-0.92499321,0.349133428,2.554757E-02,-0.92445243,                0001913P0002299
1.355252716E-20,1.548236915E-05,0.968120385,5.502466169E-02,     0001913P0002300
0.244366949;                                                     0001913P0002301
126,3,3,1,0,0,0,1.570796327,1.570796327,1.570796327,1.570796327, 0001915P0002302
1.868047688,1.868047688,1.868047688,1.868047688,1.,0.992650347,  0001915P0002303
0.992650347,1.,0.349133428,2.554757E-02,-0.92445243,0.349709004, 0001915P0002304
2.366861235E-02,-0.926331388,0.35,2.172513849E-02,-0.928274862,  0001915P0002305
0.35,1.976E-02,-0.93024,1.570796327,1.868047688,2.156928316E-12, 0001915P0002306
-0.707106781,0.707106781;                                        0001915P0002307
144,1919,1,0,1927;                                               0001917P0002308
120,1923,1925,1.570796327,3.141592654;                           0001919P0002309
124,0.,0.,-1.,1.75,0.,1.,0.,1.976E-02,1.,0.,0.,-0.93024;         0001921P0002310
110,0.,0.,1.,0.,0.,0.;                                           0001923P0002311
110,1.976E-02,0.,1.41976,1.976E-02,0.,1.73024;                   0001925P0002312
142,0,1919,1929,1939,3;                                          0001927P0002313
102,4,1931,1933,1935,1937;                                       0001929P0002314
110,1.,1.570796327,0.,1.,3.141592654,0.;                         0001931P0002315
110,1.,3.141592654,0.,-1.430331132E-15,3.141592654,0.;           0001933P0002316
110,-2.246758888E-15,3.141592654,0.,-3.370138332E-15,            0001935P0002317
1.570796327,0.;                                                  0001935P0002318
110,-2.886579864E-15,1.570796327,0.,1.,1.570796327,0.;           0001937P0002319
102,4,1941,1945,1947,1951;                                       0001939P0002320
100,0.,0.,0.,0.,1.976E-02,-1.976E-02,3.469446952E-18;            0001941P0002321
124,0.,0.,1.,1.976E-02,0.,-1.,0.,1.976E-02,1.,0.,0.,-0.93024;    0001943P0002322
110,1.976E-02,1.976E-02,-0.95,0.33024,1.976E-02,-0.95;           0001945P0002323
100,0.,0.,0.,1.976E-02,0.,0.,1.976E-02;                          0001947P0002324
124,5.4868531E-15,0.,-1.,0.33024,0.,-1.,0.,1.976E-02,-1.,0.,     0001949P0002325
-5.4868531E-15,-0.93024;                                         0001949P0002326
110,0.33024,0.,-0.93024,1.976E-02,0.,-0.93024;                   0001951P0002327
144,1955,1,0,1963;                                               0001953P0002328
120,1959,1961,0.,1.570796327;                                    0001955P0002329
124,0.,0.,-1.,1.75,0.,1.,0.,1.976E-02,1.,0.,0.,-1.976E-02;       0001957P0002330
110,0.,0.,1.,0.,0.,0.;                                           0001959P0002331
110,1.976E-02,0.,1.41976,1.976E-02,0.,1.73024;                   0001961P0002332
142,0,1955,1965,1975,3;                                          0001963P0002333
102,4,1967,1969,1971,1973;                                       0001965P0002334
110,1.,1.776356839E-15,0.,1.,1.570796327,0.;                     0001967P0002335
110,1.,1.570796327,0.,-2.860662264E-15,1.570796327,0.;           0001969P0002336
110,-3.370138332E-15,1.570796327,0.,-4.493517776E-15,            0001971P0002337
1.776356839E-15,0.;                                              0001971P0002338
110,-3.552713679E-15,2.091606888E-15,0.,1.,2.160547297E-15,0.;   0001973P0002339
102,4,1977,1981,1983,1987;                                       0001975P0002340
100,0.,0.,0.,1.976E-02,0.,0.,1.976E-02;                          0001977P0002341
124,0.,0.,1.,1.976E-02,0.,-1.,-0.,1.976E-02,1.,0.,0.,-1.976E-02; 0001979P0002342
110,1.976E-02,0.,-1.976E-02,0.33024,0.,-1.976E-02;               0001981P0002343
100,0.,0.,0.,-1.976E-02,3.469446952E-18,-3.469446952E-18,        0001983P0002344
-1.976E-02;                                                      0001983P0002345
124,5.4868531E-15,0.,-1.,0.33024,1.,0.,5.4868531E-15,1.976E-02,  0001985P0002346
0.,-1.,0.,-1.976E-02;                                            0001985P0002347
110,0.33024,1.976E-02,0.,1.976E-02,1.976E-02,0.;                 0001987P0002348
144,1991,1,0,1999;                                               0001989P0002349
120,1995,1997,4.71238898,6.283185307;                            0001991P0002350
124,1.,0.,5.4868531E-15,0.33024,5.4868531E-15,0.,-1.,0.9,0.,1.,  0001993P0002351
0.,-1.976E-02;                                                   0001993P0002352
110,0.,0.,1.,0.,0.,0.;                                           0001995P0002353
110,1.976E-02,0.,1.976E-02,1.976E-02,0.,0.88024;                 0001997P0002354
142,0,1991,2001,2015,3;                                          0001999P0002355
102,6,2003,2005,2007,2009,2011,2013;                             0002001P0002356
110,2.296392711E-02,6.283185307,0.,1.330556775E-16,6.283185307,  0002003P0002357
0.;                                                              0002003P0002358
110,-2.291921094E-31,6.283185307,0.,-4.053398682E-16,4.71238898, 0002005P0002359
0.;                                                              0002005P0002360
110,-6.661338148E-16,4.71238898,0.,1.,4.71238898,0.;             0002007P0002361
110,1.,4.71238898,0.,1.,6.283185307,0.;                          0002009P0002362
110,1.,6.283185307,0.,0.977036073,6.283185307,0.;                0002011P0002363
110,0.977036073,6.283185307,0.,2.296392711E-02,6.283185307,0.;   0002013P0002364
102,6,2017,2019,2023,2025,2029,2031;                             0002015P0002365
110,0.35,0.86048,-1.976E-02,0.35,0.88024,-1.976E-02;             0002017P0002366
100,0.,0.,0.,-1.976E-02,0.,5.551115123E-17,-1.976E-02;           0002019P0002367
124,-1.,-1.714641594E-15,5.4868531E-15,0.33024,-5.4868531E-15,   0002021P0002368
-9.407986543E-30,-1.,0.88024,1.714641594E-15,-1.,0.,-1.976E-02;  0002021P0002369
110,0.33024,0.88024,0.,0.33024,1.976E-02,0.;                     0002023P0002370
100,0.,0.,0.,0.,-1.976E-02,1.976E-02,-3.469446952E-18;           0002025P0002371
124,1.,0.,-5.4868531E-15,0.33024,5.4868531E-15,0.,1.,1.976E-02,  0002027P0002372
0.,-1.,0.,-1.976E-02;                                            0002027P0002373
110,0.35,1.976E-02,-1.976E-02,0.35,3.952E-02,-1.976E-02;         0002029P0002374
110,0.35,3.952E-02,-1.976E-02,0.35,0.86048,-1.976E-02;           0002031P0002375
144,2035,1,0,2045;                                               0002033P0002376
120,2039,2041,4.71238898,6.283185307;                            0002035P0002377
124,1.,0.,0.,0.33024,0.,0.,1.,1.976E-02,0.,-1.,0.,-0.93024;      0002037P0002378
110,0.,0.,1.,0.,0.,0.;                                           0002039P0002379
100,0.,0.,0.,1.209951038E-18,-1.976E-02,1.976E-02,               0002041P0002380
1.075528555E-16;                                                 0002041P0002381
124,1.,0.,0.,0.,0.,0.,-1.,0.,0.,1.,-0.,0.;                       0002043P0002382
142,0,2035,2047,2055,3;                                          0002045P0002383
102,3,2049,2051,2053;                                            0002047P0002384
126,24,3,0,0,1,0,4.71238898,4.71238898,4.71238898,4.71238898,    0002049P0002385
4.783788813,4.855188646,4.926588479,4.997988313,5.069388146,     0002049P0002386
5.140787979,5.212187812,5.283587645,5.354987478,5.426387311,     0002049P0002387
5.497787144,5.569186977,5.64058681,5.711986643,5.783386476,      0002049P0002388
5.854786309,5.926186142,5.997585975,6.068985808,6.140385641,     0002049P0002389
6.211785474,6.283185307,6.283185307,6.283185307,6.283185307,1.,  0002049P0002390
1.,1.,1.,1.,1.,1.,1.,1.,1.,1.,1.,1.,1.,1.,1.,1.,1.,1.,1.,1.,1.,  0002049P0002391
1.,1.,1.,-1.570796327,4.71238898,0.,-1.546996382,4.71238898,0.,  0002049P0002392
-1.499396494,4.71238898,0.,-1.427996661,4.71238898,0.,           0002049P0002393
-1.356596828,4.71238898,0.,-1.285196995,4.71238898,0.,           0002049P0002394
-1.213797162,4.71238898,0.,-1.142397329,4.71238898,0.,           0002049P0002395
-1.070997496,4.71238898,0.,-0.999597663,4.71238898,0.,           0002049P0002396
-0.928197829,4.71238898,0.,-0.856797996,4.71238898,0.,           0002049P0002397
-0.785398163,4.71238898,0.,-0.71399833,4.71238898,0.,            0002049P0002398
-0.642598497,4.71238898,0.,-0.571198664,4.71238898,0.,           0002049P0002399
-0.499798831,4.71238898,0.,-0.428398998,4.71238898,0.,           0002049P0002400
-0.356999165,4.71238898,0.,-0.285599332,4.71238898,0.,           0002049P0002401
-0.214199499,4.71238898,0.,-0.142799666,4.71238898,0.,           0002049P0002402
-7.139983304E-02,4.71238898,0.,-2.379994435E-02,4.71238898,0.,   0002049P0002403
-5.24366149E-16,4.71238898,0.,4.71238898,6.283185307,0.,0.,1.;   0002049P0002404
110,-3.487868498E-16,4.71238898,0.,5.442958275E-15,6.283185307,  0002051P0002405
0.;                                                              0002051P0002406
126,24,3,0,0,1,0,1.570796327,1.570796327,1.570796327,            0002053P0002407
1.570796327,1.64219616,1.713595993,1.784995826,1.856395659,      0002053P0002408
1.927795492,1.999195325,2.070595158,2.141994991,2.213394824,     0002053P0002409
2.284794657,2.35619449,2.427594323,2.498994156,2.570393989,      0002053P0002410
2.641793822,2.713193655,2.784593488,2.855993321,2.927393154,     0002053P0002411
2.998792988,3.070192821,3.141592654,3.141592654,3.141592654,     0002053P0002412
3.141592654,1.,1.,1.,1.,1.,1.,1.,1.,1.,1.,1.,1.,1.,1.,1.,1.,1.,  0002053P0002413
1.,1.,1.,1.,1.,1.,1.,1.,0.,6.283185307,0.,-2.379994435E-02,      0002053P0002414
6.283185307,0.,-7.139983304E-02,6.283185307,0.,-0.142799666,     0002053P0002415
6.283185307,0.,-0.214199499,6.283185307,0.,-0.285599332,         0002053P0002416
6.283185307,0.,-0.356999165,6.283185307,0.,-0.428398998,         0002053P0002417
6.283185307,0.,-0.499798831,6.283185307,0.,-0.571198664,         0002053P0002418
6.283185307,0.,-0.642598497,6.283185307,0.,-0.71399833,          0002053P0002419
6.283185307,0.,-0.785398163,6.283185307,0.,-0.856797996,         0002053P0002420
6.283185307,0.,-0.928197829,6.283185307,0.,-0.999597663,         0002053P0002421
6.283185307,0.,-1.070997496,6.283185307,0.,-1.142397329,         0002053P0002422
6.283185307,0.,-1.213797162,6.283185307,0.,-1.285196995,         0002053P0002423
6.283185307,0.,-1.356596828,6.283185307,0.,-1.427996661,         0002053P0002424
6.283185307,0.,-1.499396494,6.283185307,0.,-1.546996382,         0002053P0002425
6.283185307,0.,-1.570796327,6.283185307,0.,1.570796327,          0002053P0002426
3.141592654,0.,0.,1.;                                            0002053P0002427
102,3,2057,2061,2065;                                            0002055P0002428
100,0.,0.,0.,0.,-1.976E-02,1.976E-02,-3.469446952E-18;           0002057P0002429
124,5.4868531E-15,0.,1.,0.33024,0.,1.,0.,1.976E-02,-1.,0.,       0002059P0002430
5.4868531E-15,-0.93024;                                          0002059P0002431
100,0.,0.,0.,0.,-1.976E-02,1.976E-02,0.;                         0002061P0002432
124,1.,0.,5.4868531E-15,0.33024,5.4868531E-15,0.,-1.,1.976E-02,  0002063P0002433
0.,1.,0.,-0.93024;                                               0002063P0002434
100,0.,0.,0.,-1.976E-02,3.469446952E-18,1.110223025E-16,         0002065P0002435
-1.976E-02;                                                      0002065P0002436
124,-1.,0.,0.,0.33024,0.,1.,-0.,1.976E-02,0.,0.,-1.,-0.93024;    0002067P0002437
144,2071,1,0,2081;                                               0002069P0002438
120,2075,2077,0.,1.570796327;                                    0002071P0002439
124,1.,0.,0.,0.33024,0.,0.,1.,1.976E-02,0.,-1.,0.,-1.976E-02;    0002073P0002440
110,0.,0.,1.,0.,0.,0.;                                           0002075P0002441
100,0.,0.,0.,1.209951038E-18,-1.976E-02,1.976E-02,               0002077P0002442
1.075528555E-16;                                                 0002077P0002443
124,1.,0.,0.,0.,0.,0.,-1.,0.,0.,1.,-0.,0.;                       0002079P0002444
142,0,2071,2083,2091,3;                                          0002081P0002445
102,3,2085,2087,2089;                                            0002083P0002446
110,4.047810876E-15,1.776356839E-15,0.,-1.046360549E-15,         0002085P0002447
1.570796327,0.;                                                  0002085P0002448
126,24,3,0,0,1,0,1.570796327,1.570796327,1.570796327,            0002087P0002449
1.570796327,1.64219616,1.713595993,1.784995826,1.856395659,      0002087P0002450
1.927795492,1.999195325,2.070595158,2.141994991,2.213394824,     0002087P0002451
2.284794657,2.35619449,2.427594323,2.498994156,2.570393989,      0002087P0002452
2.641793822,2.713193655,2.784593488,2.855993321,2.927393154,     0002087P0002453
2.998792988,3.070192821,3.141592654,3.141592654,3.141592654,     0002087P0002454
3.141592654,1.,1.,1.,1.,1.,1.,1.,1.,1.,1.,1.,1.,1.,1.,1.,1.,1.,  0002087P0002455
1.,1.,1.,1.,1.,1.,1.,1.,-1.046360549E-15,1.570796327,0.,         0002087P0002456
-2.379994435E-02,1.570796327,0.,-7.139983304E-02,1.570796327,0., 0002087P0002457
-0.142799666,1.570796327,0.,-0.214199499,1.570796327,0.,         0002087P0002458
-0.285599332,1.570796327,0.,-0.356999165,1.570796327,0.,         0002087P0002459
-0.428398998,1.570796327,0.,-0.499798831,1.570796327,0.,         0002087P0002460
-0.571198664,1.570796327,0.,-0.642598497,1.570796327,0.,         0002087P0002461
-0.71399833,1.570796327,0.,-0.785398163,1.570796327,0.,          0002087P0002462
-0.856797996,1.570796327,0.,-0.928197829,1.570796327,0.,         0002087P0002463
-0.999597663,1.570796327,0.,-1.070997496,1.570796327,0.,         0002087P0002464
-1.142397329,1.570796327,0.,-1.213797162,1.570796327,0.,         0002087P0002465
-1.285196995,1.570796327,0.,-1.356596828,1.570796327,0.,         0002087P0002466
-1.427996661,1.570796327,0.,-1.499396494,1.570796327,0.,         0002087P0002467
-1.546996382,1.570796327,0.,-1.570796327,1.570796327,0.,         0002087P0002468
1.570796327,3.141592654,0.,0.,1.;                                0002087P0002469
126,24,3,0,0,1,0,0.,0.,0.,0.,7.139983304E-02,0.142799666,        0002089P0002470
0.214199499,0.285599332,0.356999165,0.428398998,0.499798831,     0002089P0002471
0.571198664,0.642598497,0.71399833,0.785398163,0.856797996,      0002089P0002472
0.928197829,0.999597663,1.070997496,1.142397329,1.213797162,     0002089P0002473
1.285196995,1.356596828,1.427996661,1.499396494,1.570796327,     0002089P0002474
1.570796327,1.570796327,1.570796327,1.,1.,1.,1.,1.,1.,1.,1.,1.,  0002089P0002475
1.,1.,1.,1.,1.,1.,1.,1.,1.,1.,1.,1.,1.,1.,1.,1.,-1.570796327,    0002089P0002476
4.440892099E-15,0.,-1.546996382,4.440892099E-15,0.,-1.499396494, 0002089P0002477
2.664535259E-15,0.,-1.427996661,5.329070518E-15,0.,-1.356596828, 0002089P0002478
3.552713679E-15,0.,-1.285196995,2.664535259E-15,0.,-1.213797162, 0002089P0002479
3.552713679E-15,0.,-1.142397329,3.552713679E-15,0.,-1.070997496, 0002089P0002480
1.776356839E-15,0.,-0.999597663,5.329070518E-15,0.,-0.928197829, 0002089P0002481
3.552713679E-15,0.,-0.856797996,2.664535259E-15,0.,-0.785398163, 0002089P0002482
3.552713679E-15,0.,-0.71399833,3.552713679E-15,0.,-0.642598497,  0002089P0002483
2.664535259E-15,0.,-0.571198664,4.440892099E-15,0.,-0.499798831, 0002089P0002484
1.776356839E-15,0.,-0.428398998,3.552713679E-15,0.,-0.356999165, 0002089P0002485
5.329070518E-15,0.,-0.285599332,2.664535259E-15,0.,-0.214199499, 0002089P0002486
2.664535259E-15,0.,-0.142799666,5.329070518E-15,0.,              0002089P0002487
-7.139983304E-02,3.552713679E-15,0.,-2.379994435E-02,            0002089P0002488
3.552713679E-15,0.,-1.395147399E-15,1.776356839E-15,0.,0.,       0002089P0002489
1.570796327,0.,0.,1.;                                            0002089P0002490
102,3,2093,2097,2101;                                            0002091P0002491
100,0.,0.,0.,1.976E-02,0.,0.,1.976E-02;                          0002093P0002492
124,1.,0.,5.4868531E-15,0.33024,5.4868531E-15,0.,-1.,1.976E-02,  0002095P0002493
0.,1.,0.,-1.976E-02;                                             0002095P0002494
100,0.,0.,0.,0.,1.976E-02,-1.976E-02,3.469446952E-18;            0002097P0002495
124,5.4868531E-15,0.,1.,0.33024,1.,0.,-5.4868531E-15,1.976E-02,  0002099P0002496
0.,1.,0.,-1.976E-02;                                             0002099P0002497
100,0.,0.,0.,0.,-1.976E-02,1.976E-02,-3.469446952E-18;           0002101P0002498
124,1.,0.,-2.057569912E-15,0.33024,0.,1.,0.,1.976E-02,           0002103P0002499
2.057569912E-15,0.,1.,-1.976E-02;                                0002103P0002500
144,2107,1,0,2115;                                               0002105P0002501
120,2111,2113,5.985933946,6.283185307;                           0002107P0002502
124,1.,0.,0.,0.33024,0.,1.,0.,1.976E-02,0.,0.,1.,0.;             0002109P0002503
110,0.,0.,1.,0.,0.,0.;                                           0002111P0002504
110,1.976E-02,0.,-3.952E-02,1.976E-02,0.,-1.976E-02;             0002113P0002505
142,0,2107,2117,2125,3;                                          0002115P0002506
102,3,2119,2121,2123;                                            0002117P0002507
110,1.,6.283185307,0.,-3.511585984E-16,6.283185307,0.;           0002119P0002508
126,24,3,1,0,1,0,4.121840219E-20,4.121840219E-20,                0002121P0002509
4.121840219E-20,4.121840219E-20,7.037440522E-07,1.407488104E-06, 0002121P0002510
2.111232157E-06,2.814976209E-06,3.518720261E-06,4.222464313E-06, 0002121P0002511
4.926208365E-06,5.629952417E-06,6.33369647E-06,7.037440522E-06,  0002121P0002512
7.741184574E-06,8.444928626E-06,9.148672678E-06,9.85241673E-06,  0002121P0002513
1.055616078E-05,1.125990483E-05,1.196364889E-05,1.266739294E-05, 0002121P0002514
1.337113699E-05,1.407488104E-05,1.47786251E-05,1.548236915E-05,  0002121P0002515
1.548236915E-05,1.548236915E-05,1.548236915E-05,1.,1.,1.,1.,1.,  0002121P0002516
1.,1.,1.,1.,1.,1.,1.,1.,1.,1.,1.,1.,1.,1.,1.,1.,1.,1.,1.,1.,0.,  0002121P0002517
6.283185307,0.,1.187152585E-02,6.283185305,0.,3.564932859E-02,   0002121P0002518
6.282750596,0.,7.13526702E-02,6.280805967,0.,0.107025038,        0002121P0002519
6.277580371,0.,0.142598806,6.273085213,0.,0.178006402,           0002121P0002520
6.267331585,0.,0.213180049,6.260330254,0.,0.248052747,           0002121P0002521
6.252091423,0.,0.282554583,6.242625666,0.,0.316626519,           0002121P0002522
6.231940676,0.,0.350168935,6.220053908,0.,0.383376857,           0002121P0002523
6.206890073,0.,0.416150299,6.192500124,0.,0.448429696,           0002121P0002524
6.176913798,0.,0.480144554,6.160164287,0.,0.51122768,            0002121P0002525
6.142281083,0.,0.5416096,6.123293265,0.,0.571226666,6.103222959, 0002121P0002526
0.,0.599994206,6.082107701,0.,0.627905819,6.059917089,0.,        0002121P0002527
0.65537704,6.036286652,0.,0.681812997,6.011699566,0.,            0002121P0002528
0.698795513,5.994626101,0.,0.707106781,5.985933946,0.,           0002121P0002529
4.121840219E-20,1.548236915E-05,-0.,-0.,1.;                      0002121P0002530
126,24,3,1,0,1,0,1.570796327,1.570796327,1.570796327,            0002123P0002531
1.570796327,1.584307752,1.597819178,1.611330603,1.624842029,     0002123P0002532
1.638353454,1.65186488,1.665376305,1.678887731,1.692399156,      0002123P0002533
1.705910582,1.719422007,1.732933433,1.746444858,1.759956284,     0002123P0002534
1.77346771,1.786979135,1.800490561,1.814001986,1.827513412,      0002123P0002535
1.841024837,1.854536263,1.868047688,1.868047688,1.868047688,     0002123P0002536
1.868047688,1.,1.,1.,1.,1.,1.,1.,1.,1.,1.,1.,1.,1.,1.,1.,1.,1.,  0002123P0002537
1.,1.,1.,1.,1.,1.,1.,1.,0.707106781,5.985933946,0.,0.711397235,  0002123P0002538
5.990421191,0.,0.720000151,5.99940018,0.,0.732967152,            0002123P0002539
6.012880952,0.,0.745993402,6.026372804,0.,0.759075463,           0002123P0002540
6.039874519,0.,0.772209862,6.053384877,0.,0.785393085,           0002123P0002541
6.066902652,0.,0.798621584,6.080426614,0.,0.811891782,           0002123P0002542
6.093955529,0.,0.825200071,6.107488162,0.,0.838542819,           0002123P0002543
6.121023274,0.,0.851916373,6.134559627,0.,0.865317061,           0002123P0002544
6.148095979,0.,0.878741197,6.161631091,0.,0.892185082,           0002123P0002545
6.175163724,0.,0.905645011,6.188692639,0.,0.919117271,           0002123P0002546
6.202216601,0.,0.932598151,6.215734376,0.,0.946083941,           0002123P0002547
6.229244734,0.,0.959570935,6.242746449,0.,0.973055438,           0002123P0002548
6.256238301,0.,0.986533765,6.269719073,0.,0.995512756,           0002123P0002549
6.278698062,0.,1.,6.283185307,0.,1.570796327,1.868047688,-0.,    0002123P0002550
-0.,1.;                                                          0002123P0002551
102,3,2127,2129,2131;                                            0002125P0002552
110,0.35,1.976E-02,-1.976E-02,0.35,1.976E-02,-3.952E-02;         0002127P0002553
126,9,3,0,0,1,0,4.121840219E-20,4.121840219E-20,4.121840219E-20, 0002129P0002554
4.121840219E-20,6.575748506E-06,6.575748506E-06,6.575748506E-06, 0002129P0002555
1.316507642E-05,1.316507642E-05,1.316507642E-05,1.548236915E-05, 0002129P0002556
1.548236915E-05,1.548236915E-05,1.548236915E-05,1.,1.,1.,1.,1.,  0002129P0002557
1.,1.,1.,1.,1.,0.35,1.976E-02,-3.952E-02,0.35,1.976E-02,         0002129P0002558
-3.732808383E-02,0.350009566,2.013498528E-02,-3.510619093E-02,   0002129P0002559
0.349969686,2.085411815E-02,-3.303598466E-02,0.349929763,        0002129P0002560
2.157402214E-02,-3.096355855E-02,0.349834115,2.266366053E-02,    0002129P0002561
-2.898206103E-02,0.349537354,2.401085195E-02,-2.727565736E-02,   0002129P0002562
0.349431523,2.449128367E-02,-2.666712435E-02,0.349299084,        0002129P0002563
2.500679031E-02,-2.60883497E-02,0.349133428,2.554757E-02,        0002129P0002564
-2.554757E-02,4.121840219E-20,1.548236915E-05,-0.968120385,      0002129P0002565
-0.244366949,5.502466169E-02;                                    0002129P0002566
126,3,3,1,0,0,0,1.570796327,1.570796327,1.570796327,1.570796327, 0002131P0002567
1.868047688,1.868047688,1.868047688,1.868047688,1.,0.992650347,  0002131P0002568
0.992650347,1.,0.349133428,2.554757E-02,-2.554757E-02,           0002131P0002569
0.349709004,2.366861235E-02,-2.366861235E-02,0.35,               0002131P0002570
2.172513849E-02,-2.172513849E-02,0.35,1.976E-02,-1.976E-02,      0002131P0002571
1.570796327,1.868047688,-8.256991208E-13,0.707106781,            0002131P0002572
0.707106781;                                                     0002131P0002573
144,2135,1,0,2143;                                               0002133P0002574
120,2139,2141,1.570796327,3.141592654;                           0002135P0002575
124,0.,0.,-1.,0.35,0.,1.,0.,3.952E-02,1.,0.,0.,-0.91048;         0002137P0002576
110,0.,0.,1.,0.,0.,0.;                                           0002139P0002577
110,1.976E-02,0.,-1.050866572,1.976E-02,0.,8.665716861E-04;      0002141P0002578
142,0,2135,2145,2159,3;                                          0002143P0002579
102,6,2147,2149,2151,2153,2155,2157;                             0002145P0002580
126,24,3,1,0,1,0,1.355252716E-20,1.355252716E-20,                0002147P0002581
1.355252716E-20,1.355252716E-20,7.037440522E-07,1.407488104E-06, 0002147P0002582
2.111232157E-06,2.814976209E-06,3.518720261E-06,4.222464313E-06, 0002147P0002583
4.926208365E-06,5.629952417E-06,6.33369647E-06,7.037440522E-06,  0002147P0002584
7.741184574E-06,8.444928626E-06,9.148672678E-06,9.85241673E-06,  0002147P0002585
1.055616078E-05,1.125990483E-05,1.196364889E-05,1.266739294E-05, 0002147P0002586
1.337113699E-05,1.407488104E-05,1.47786251E-05,1.548236915E-05,  0002147P0002587
1.548236915E-05,1.548236915E-05,1.548236915E-05,1.,1.,1.,1.,1.,  0002147P0002588
1.,1.,1.,1.,1.,1.,1.,1.,1.,1.,1.,1.,1.,1.,1.,1.,1.,1.,1.,1.,1.,  0002147P0002589
2.35619449,0.,0.999952166,2.367948453,0.,0.999862308,            0002147P0002590
2.391546954,0.,0.999744041,2.42709231,0.,0.999640789,            0002147P0002591
2.462904855,0.,0.999553149,2.498251194,0.,0.999477945,           0002147P0002592
2.533706905,0.,0.999414086,2.569319628,0.,0.999360582,           0002147P0002593
2.605032694,0.,0.999316419,2.640815889,0.,0.999280586,           0002147P0002594
2.676630999,0.,0.999252074,2.712442911,0.,0.999229873,           0002147P0002595
2.748213754,0.,0.999212964,2.783919344,0.,0.999200371,           0002147P0002596
2.819493304,0.,0.999190818,2.855192227,0.,0.999183954,           0002147P0002597
2.890962917,0.,0.99917935,2.926791835,0.,0.999176598,            0002147P0002598
2.962653114,0.,0.999175284,2.998523153,0.,0.999174996,           0002147P0002599
3.034377371,0.,0.99917532,3.070191814,0.,0.999175845,            0002147P0002600
3.105943191,0.,0.999176054,3.12972128,0.,0.999176054,            0002147P0002601
3.141592654,0.,1.355252716E-20,1.548236915E-05,-0.,-0.,1.;       0002147P0002602
110,0.999176054,3.141592654,0.,8.239463514E-04,3.141592654,0.;   0002149P0002603
126,24,3,1,0,1,0,0.,0.,0.,0.,7.029509028E-07,1.405901806E-06,    0002151P0002604
2.108852708E-06,2.811803611E-06,3.514754514E-06,4.217705417E-06, 0002151P0002605
4.92065632E-06,5.623607223E-06,6.326558125E-06,7.029509028E-06,  0002151P0002606
7.732459931E-06,8.435410834E-06,9.138361737E-06,9.841312639E-06, 0002151P0002607
1.054426354E-05,1.124721445E-05,1.195016535E-05,1.265311625E-05, 0002151P0002608
1.335606715E-05,1.405901806E-05,1.476196896E-05,1.546491986E-05, 0002151P0002609
1.546491986E-05,1.546491986E-05,1.546491986E-05,1.,1.,1.,1.,1.,  0002151P0002610
1.,1.,1.,1.,1.,1.,1.,1.,1.,1.,1.,1.,1.,1.,1.,1.,1.,1.,1.,1.,     0002151P0002611
8.239463514E-04,3.141592654,0.,8.239463514E-04,3.129598768,0.,   0002151P0002612
8.239956575E-04,3.105595105,0.,8.240112207E-04,3.06955539,0.,    0002151P0002613
8.237701348E-04,3.033534845,0.,8.230459333E-04,2.997447097,0.,   0002151P0002614
8.217169414E-04,2.961725465,0.,8.195756094E-04,2.925994444,0.,   0002151P0002615
8.157796537E-04,2.8901762,0.,8.096261437E-04,2.854322796,0.,     0002151P0002616
8.003749298E-04,2.818452869,0.,7.872953853E-04,2.78259499,0.,    0002151P0002617
7.696560109E-04,2.746774187,0.,7.467192742E-04,2.711019111,0.,   0002151P0002618
7.177726488E-04,2.67534349,0.,6.820096171E-04,2.639809808,0.,    0002151P0002619
6.377289355E-04,2.604143113,0.,5.840047583E-04,2.568450829,0.,   0002151P0002620
5.197301133E-04,2.532762204,0.,4.438465608E-04,2.497130136,0.,   0002151P0002621
3.55282657E-04,2.461602848,0.,2.529704426E-04,2.426230346,0.,    0002151P0002622
1.358410242E-04,2.391061857,0.,4.716418135E-05,2.367783713,0.,   0002151P0002623
-8.290763964E-16,2.35619449,0.,0.,1.546491986E-05,-0.,-0.,1.;    0002151P0002624
126,24,3,1,0,1,0,0.,0.,0.,0.,7.037440522E-07,1.407488104E-06,    0002153P0002625
2.111232157E-06,2.814976209E-06,3.518720261E-06,4.222464313E-06, 0002153P0002626
4.926208365E-06,5.629952417E-06,6.33369647E-06,7.037440522E-06,  0002153P0002627
7.741184574E-06,8.444928626E-06,9.148672678E-06,9.85241673E-06,  0002153P0002628
1.055616078E-05,1.125990483E-05,1.196364889E-05,1.266739294E-05, 0002153P0002629
1.337113699E-05,1.407488104E-05,1.47786251E-05,1.548236915E-05,  0002153P0002630
1.548236915E-05,1.548236915E-05,1.548236915E-05,1.,1.,1.,1.,1.,  0002153P0002631
1.,1.,1.,1.,1.,1.,1.,1.,1.,1.,1.,1.,1.,1.,1.,1.,1.,1.,1.,1.,     0002153P0002632
-8.290763964E-16,2.35619449,0.,4.783371868E-05,2.344440527,0.,   0002153P0002633
1.37692266E-04,2.320842026,0.,2.55958937E-04,2.28529667,0.,      0002153P0002634
3.592105804E-04,2.249484126,0.,4.4685121E-04,2.214137786,0.,     0002153P0002635
5.220551266E-04,2.178682075,0.,5.859144612E-04,2.143069352,0.,   0002153P0002636
6.394177052E-04,2.107356287,0.,6.83581174E-04,2.071573091,0.,    0002153P0002637
7.194135264E-04,2.035757981,0.,7.479262237E-04,1.999946069,0.,   0002153P0002638
7.70127174E-04,1.964175227,0.,7.870356955E-04,1.928469637,0.,    0002153P0002639
7.996290195E-04,1.892895676,0.,8.091821956E-04,1.857196754,0.,   0002153P0002640
8.160460905E-04,1.821426064,0.,8.206499177E-04,1.785597145,0.,   0002153P0002641
8.234018979E-04,1.749735866,0.,8.247158766E-04,1.713865827,0.,   0002153P0002642
8.250041923E-04,1.67801161,0.,8.246795871E-04,1.642197167,0.,    0002153P0002643
8.241546951E-04,1.60644579,0.,8.239463514E-04,1.582667701,0.,    0002153P0002644
8.239463514E-04,1.570796327,0.,0.,1.548236915E-05,-0.,-0.,1.;    0002153P0002645
110,8.239463514E-04,1.570796327,0.,0.999176054,1.570796327,0.;   0002155P0002646
126,24,3,1,0,1,0,0.,0.,0.,0.,7.029509028E-07,1.405901806E-06,    0002157P0002647
2.108852708E-06,2.811803611E-06,3.514754514E-06,4.217705417E-06, 0002157P0002648
4.92065632E-06,5.623607223E-06,6.326558125E-06,7.029509028E-06,  0002157P0002649
7.732459931E-06,8.435410834E-06,9.138361737E-06,9.841312639E-06, 0002157P0002650
1.054426354E-05,1.124721445E-05,1.195016535E-05,1.265311625E-05, 0002157P0002651
1.335606715E-05,1.405901806E-05,1.476196896E-05,1.546491986E-05, 0002157P0002652
1.546491986E-05,1.546491986E-05,1.546491986E-05,1.,1.,1.,1.,1.,  0002157P0002653
1.,1.,1.,1.,1.,1.,1.,1.,1.,1.,1.,1.,1.,1.,1.,1.,1.,1.,1.,1.,     0002157P0002654
0.999176054,1.570796327,0.,0.999176054,1.582790212,0.,           0002157P0002655
0.999176004,1.606793875,0.,0.999175989,1.64283359,0.,0.99917623, 0002157P0002656
1.678854135,0.,0.999176954,1.714941883,0.,0.999178283,           0002157P0002657
1.750663515,0.,0.999180424,1.786394537,0.,0.99918422,            0002157P0002658
1.822212781,0.,0.999190374,1.858066184,0.,0.999199625,           0002157P0002659
1.893936111,0.,0.999212705,1.929793991,0.,0.999230344,           0002157P0002660
1.965614793,0.,0.999253281,2.00136987,0.,0.999282227,            0002157P0002661
2.037045491,0.,0.99931799,2.072579173,0.,0.999362271,            0002157P0002662
2.108245868,0.,0.999415995,2.143938152,0.,0.99948027,            0002157P0002663
2.179626776,0.,0.999556153,2.215258844,0.,0.999644717,           0002157P0002664
2.250786132,0.,0.99974703,2.286158634,0.,0.999864159,            0002157P0002665
2.321327123,0.,0.999952836,2.344605267,0.,1.,2.35619449,0.,0.,   0002157P0002666
1.546491986E-05,-0.,-0.,1.;                                      0002157P0002667
102,6,2161,2163,2165,2167,2169,2171;                             0002159P0002668
126,9,3,0,0,1,0,1.355252716E-20,1.355252716E-20,1.355252716E-20, 0002161P0002669
1.355252716E-20,2.317292727E-06,2.317292727E-06,2.317292727E-06, 0002161P0002670
8.906620642E-06,8.906620642E-06,8.906620642E-06,1.548236915E-05, 0002161P0002671
1.548236915E-05,1.548236915E-05,1.548236915E-05,1.,1.,1.,1.,1.,  0002161P0002672
1.,1.,1.,1.,1.,0.349133428,2.554757E-02,-0.92445243,0.349299084, 0002161P0002673
2.60883497E-02,-0.92499321,0.349431523,2.666712435E-02,          0002161P0002674
-0.925508716,0.349537354,2.727565736E-02,-0.925989148,           0002161P0002675
0.349834115,2.898206103E-02,-0.927336339,0.349929763,            0002161P0002676
3.096355855E-02,-0.928425978,0.349969686,3.303598466E-02,        0002161P0002677
-0.929145882,0.350009566,3.510619093E-02,-0.929865015,0.35,      0002161P0002678
3.732808383E-02,-0.93024,0.35,3.952E-02,-0.93024,                0002161P0002679
1.355252716E-20,1.548236915E-05,0.968120385,5.502466169E-02,     0002161P0002680
0.244366949;                                                     0002161P0002681
110,0.35,3.952E-02,-0.93024,1.4,3.952E-02,-0.93024;              0002163P0002682
126,9,3,0,0,1,0,0.,0.,0.,0.,3.058535736E-06,3.058535736E-06,     0002165P0002683
3.058535736E-06,9.245325433E-06,9.245325433E-06,9.245325433E-06, 0002165P0002684
1.546491986E-05,1.546491986E-05,1.546491986E-05,1.546491986E-05, 0002165P0002685
1.,1.,1.,1.,1.,1.,1.,1.,1.,1.,1.4,3.952E-02,-0.93024,1.4,        0002165P0002686
3.848881402E-02,-0.93024,1.399999511,3.74544818E-02,             0002165P0002687
-0.930158785,1.400001484,3.643593484E-02,-0.929997842,           0002165P0002688
1.400005436,3.439513881E-02,-0.92967537,1.400015142,             0002165P0002689
3.238028721E-02,-0.929020236,1.400118119,3.054202781E-02,        0002165P0002690
-0.928082659,1.40022145,2.869747088E-02,-0.927141871,            0002165P0002691
1.400427682,2.69803168E-02,-0.925885177,1.400866572,             0002165P0002692
2.554757E-02,-0.92445243,0.,1.546491986E-05,-0.967003714,        0002165P0002693
5.699859049E-02,0.248304204;                                     0002165P0002694
126,9,3,0,0,1,0,0.,0.,0.,0.,2.317292727E-06,2.317292727E-06,     0002167P0002695
2.317292727E-06,8.906620642E-06,8.906620642E-06,8.906620642E-06, 0002167P0002696
1.548236915E-05,1.548236915E-05,1.548236915E-05,1.548236915E-05, 0002167P0002697
1.,1.,1.,1.,1.,1.,1.,1.,1.,1.,1.400866572,2.554757E-02,          0002167P0002698
-0.92445243,1.400700916,2.500679031E-02,-0.92391165,1.400568477, 0002167P0002699
2.449128367E-02,-0.923332876,1.400462646,2.401085195E-02,        0002167P0002700
-0.922724343,1.400165885,2.266366053E-02,-0.921017939,           0002167P0002701
1.400070237,2.157402214E-02,-0.919036441,1.400030314,            0002167P0002702
2.085411815E-02,-0.916964015,1.399990434,2.013498528E-02,        0002167P0002703
-0.914893809,1.4,1.976E-02,-0.912671916,1.4,1.976E-02,-0.91048,  0002167P0002704
0.,1.548236915E-05,-0.968120385,0.244366949,5.502466168E-02;     0002167P0002705
110,1.4,1.976E-02,-0.91048,0.35,1.976E-02,-0.91048;              0002169P0002706
126,9,3,0,0,1,0,0.,0.,0.,0.,3.058535736E-06,3.058535736E-06,     0002171P0002707
3.058535736E-06,9.245325433E-06,9.245325433E-06,9.245325433E-06, 0002171P0002708
1.546491986E-05,1.546491986E-05,1.546491986E-05,1.546491986E-05, 0002171P0002709
1.,1.,1.,1.,1.,1.,1.,1.,1.,1.,0.35,1.976E-02,-0.91048,0.35,      0002171P0002710
1.976E-02,-0.911511186,0.350000489,1.98412151E-02,-0.912545518,  0002171P0002711
0.349998516,2.000215837E-02,-0.913564065,0.349994564,            0002171P0002712
2.032462988E-02,-0.915604861,0.349984858,2.097976406E-02,        0002171P0002713
-0.917619713,0.349881881,2.191734067E-02,-0.919457972,           0002171P0002714
0.34977855,2.285812925E-02,-0.921302529,0.349572318,             0002171P0002715
2.411482321E-02,-0.923019683,0.349133428,2.554757E-02,           0002171P0002716
-0.92445243,0.,1.546491986E-05,0.967003714,0.248304204,          0002171P0002717
5.699859049E-02;                                                 0002171P0002718
144,2175,1,0,2183;                                               0002173P0002719
120,2179,2181,1.570796327,3.141592654;                           0002175P0002720
124,0.,0.,1.,0.35,0.,1.,0.,3.952E-02,-1.,0.,0.,-3.952E-02;       0002177P0002721
110,0.,0.,1.,0.,0.,0.;                                           0002179P0002722
110,1.976E-02,0.,-8.665716861E-04,1.976E-02,0.,1.050866572;      0002181P0002723
142,0,2175,2185,2199,3;                                          0002183P0002724
102,6,2187,2189,2191,2193,2195,2197;                             0002185P0002725
126,24,3,1,0,1,0,4.121840219E-20,4.121840219E-20,                0002187P0002726
4.121840219E-20,4.121840219E-20,7.037440522E-07,1.407488104E-06, 0002187P0002727
2.111232157E-06,2.814976209E-06,3.518720261E-06,4.222464313E-06, 0002187P0002728
4.926208365E-06,5.629952417E-06,6.33369647E-06,7.037440522E-06,  0002187P0002729
7.741184574E-06,8.444928626E-06,9.148672678E-06,9.85241673E-06,  0002187P0002730
1.055616078E-05,1.125990483E-05,1.196364889E-05,1.266739294E-05, 0002187P0002731
1.337113699E-05,1.407488104E-05,1.47786251E-05,1.548236915E-05,  0002187P0002732
1.548236915E-05,1.548236915E-05,1.548236915E-05,1.,1.,1.,1.,1.,  0002187P0002733
1.,1.,1.,1.,1.,1.,1.,1.,1.,1.,1.,1.,1.,1.,1.,1.,1.,1.,1.,1.,     0002187P0002734
-8.290763964E-16,2.35619449,0.,4.783371868E-05,2.344440527,0.,   0002187P0002735
1.37692266E-04,2.320842026,0.,2.55958937E-04,2.28529667,0.,      0002187P0002736
3.592105804E-04,2.249484126,0.,4.468512099E-04,2.214137786,0.,   0002187P0002737
5.220551266E-04,2.178682075,0.,5.859144612E-04,2.143069352,0.,   0002187P0002738
6.394177052E-04,2.107356287,0.,6.83581174E-04,2.071573091,0.,    0002187P0002739
7.194135264E-04,2.035757981,0.,7.479262237E-04,1.999946069,0.,   0002187P0002740
7.70127174E-04,1.964175227,0.,7.870356955E-04,1.928469637,0.,    0002187P0002741
7.996290195E-04,1.892895676,0.,8.091821956E-04,1.857196754,0.,   0002187P0002742
8.160460905E-04,1.821426064,0.,8.206499177E-04,1.785597145,0.,   0002187P0002743
8.234018979E-04,1.749735866,0.,8.247158766E-04,1.713865827,0.,   0002187P0002744
8.250041922E-04,1.67801161,0.,8.246795871E-04,1.642197167,0.,    0002187P0002745
8.241546951E-04,1.60644579,0.,8.239463514E-04,1.582667701,0.,    0002187P0002746
8.239463514E-04,1.570796327,0.,4.121840219E-20,1.548236915E-05,  0002187P0002747
-0.,-0.,1.;                                                      0002187P0002748
110,8.239463514E-04,1.570796327,0.,0.999176054,1.570796327,0.;   0002189P0002749
126,24,3,1,0,1,0,0.,0.,0.,0.,7.029509028E-07,1.405901806E-06,    0002191P0002750
2.108852708E-06,2.811803611E-06,3.514754514E-06,4.217705417E-06, 0002191P0002751
4.92065632E-06,5.623607223E-06,6.326558125E-06,7.029509028E-06,  0002191P0002752
7.732459931E-06,8.435410834E-06,9.138361737E-06,9.841312639E-06, 0002191P0002753
1.054426354E-05,1.124721445E-05,1.195016535E-05,1.265311625E-05, 0002191P0002754
1.335606715E-05,1.405901806E-05,1.476196896E-05,1.546491986E-05, 0002191P0002755
1.546491986E-05,1.546491986E-05,1.546491986E-05,1.,1.,1.,1.,1.,  0002191P0002756
1.,1.,1.,1.,1.,1.,1.,1.,1.,1.,1.,1.,1.,1.,1.,1.,1.,1.,1.,1.,     0002191P0002757
0.999176054,1.570796327,0.,0.999176054,1.582790212,0.,           0002191P0002758
0.999176004,1.606793875,0.,0.999175989,1.64283359,0.,0.99917623, 0002191P0002759
1.678854135,0.,0.999176954,1.714941883,0.,0.999178283,           0002191P0002760
1.750663515,0.,0.999180424,1.786394537,0.,0.99918422,            0002191P0002761
1.822212781,0.,0.999190374,1.858066184,0.,0.999199625,           0002191P0002762
1.893936111,0.,0.999212705,1.929793991,0.,0.999230344,           0002191P0002763
1.965614793,0.,0.999253281,2.00136987,0.,0.999282227,            0002191P0002764
2.037045491,0.,0.99931799,2.072579173,0.,0.999362271,            0002191P0002765
2.108245868,0.,0.999415995,2.143938152,0.,0.99948027,            0002191P0002766
2.179626776,0.,0.999556153,2.215258844,0.,0.999644717,           0002191P0002767
2.250786132,0.,0.99974703,2.286158634,0.,0.999864159,            0002191P0002768
2.321327123,0.,0.999952836,2.344605267,0.,1.,2.35619449,0.,0.,   0002191P0002769
1.546491986E-05,-0.,-0.,1.;                                      0002191P0002770
126,24,3,1,0,1,0,1.396962524E-20,1.396962524E-20,                0002193P0002771
1.396962524E-20,1.396962524E-20,7.037440522E-07,1.407488104E-06, 0002193P0002772
2.111232157E-06,2.814976209E-06,3.518720261E-06,4.222464313E-06, 0002193P0002773
4.926208365E-06,5.629952417E-06,6.33369647E-06,7.037440522E-06,  0002193P0002774
7.741184574E-06,8.444928626E-06,9.148672678E-06,9.85241673E-06,  0002193P0002775
1.055616078E-05,1.125990483E-05,1.196364889E-05,1.266739294E-05, 0002193P0002776
1.337113699E-05,1.407488104E-05,1.47786251E-05,1.548236915E-05,  0002193P0002777
1.548236915E-05,1.548236915E-05,1.548236915E-05,1.,1.,1.,1.,1.,  0002193P0002778
1.,1.,1.,1.,1.,1.,1.,1.,1.,1.,1.,1.,1.,1.,1.,1.,1.,1.,1.,1.,1.,  0002193P0002779
2.35619449,0.,0.999952166,2.367948453,0.,0.999862308,            0002193P0002780
2.391546954,0.,0.999744041,2.42709231,0.,0.999640789,            0002193P0002781
2.462904855,0.,0.999553149,2.498251194,0.,0.999477945,           0002193P0002782
2.533706905,0.,0.999414086,2.569319628,0.,0.999360582,           0002193P0002783
2.605032694,0.,0.999316419,2.640815889,0.,0.999280586,           0002193P0002784
2.676630999,0.,0.999252074,2.712442911,0.,0.999229873,           0002193P0002785
2.748213754,0.,0.999212964,2.783919344,0.,0.999200371,           0002193P0002786
2.819493304,0.,0.999190818,2.855192227,0.,0.999183954,           0002193P0002787
2.890962917,0.,0.99917935,2.926791835,0.,0.999176598,            0002193P0002788
2.962653114,0.,0.999175284,2.998523153,0.,0.999174996,           0002193P0002789
3.034377371,0.,0.99917532,3.070191814,0.,0.999175845,            0002193P0002790
3.105943191,0.,0.999176054,3.12972128,0.,0.999176054,            0002193P0002791
3.141592654,0.,1.396962524E-20,1.548236915E-05,-0.,-0.,1.;       0002193P0002792
110,0.999176054,3.141592654,0.,8.239463514E-04,3.141592654,0.;   0002195P0002793
126,24,3,1,0,1,0,0.,0.,0.,0.,7.029509028E-07,1.405901806E-06,    0002197P0002794
2.108852708E-06,2.811803611E-06,3.514754514E-06,4.217705417E-06, 0002197P0002795
4.92065632E-06,5.623607223E-06,6.326558125E-06,7.029509028E-06,  0002197P0002796
7.732459931E-06,8.435410834E-06,9.138361737E-06,9.841312639E-06, 0002197P0002797
1.054426354E-05,1.124721445E-05,1.195016535E-05,1.265311625E-05, 0002197P0002798
1.335606715E-05,1.405901806E-05,1.476196896E-05,1.546491986E-05, 0002197P0002799
1.546491986E-05,1.546491986E-05,1.546491986E-05,1.,1.,1.,1.,1.,  0002197P0002800
1.,1.,1.,1.,1.,1.,1.,1.,1.,1.,1.,1.,1.,1.,1.,1.,1.,1.,1.,1.,     0002197P0002801
8.239463514E-04,3.141592654,0.,8.239463514E-04,3.129598768,0.,   0002197P0002802
8.239956575E-04,3.105595105,0.,8.240112207E-04,3.06955539,0.,    0002197P0002803
8.237701348E-04,3.033534845,0.,8.230459333E-04,2.997447097,0.,   0002197P0002804
8.217169414E-04,2.961725465,0.,8.195756094E-04,2.925994444,0.,   0002197P0002805
8.157796537E-04,2.8901762,0.,8.096261437E-04,2.854322796,0.,     0002197P0002806
8.003749298E-04,2.818452869,0.,7.872953853E-04,2.78259499,0.,    0002197P0002807
7.696560109E-04,2.746774187,0.,7.467192742E-04,2.711019111,0.,   0002197P0002808
7.177726488E-04,2.67534349,0.,6.820096171E-04,2.639809808,0.,    0002197P0002809
6.377289355E-04,2.604143113,0.,5.840047583E-04,2.568450829,0.,   0002197P0002810
5.197301133E-04,2.532762204,0.,4.438465608E-04,2.497130136,0.,   0002197P0002811
3.55282657E-04,2.461602848,0.,2.529704426E-04,2.426230346,0.,    0002197P0002812
1.358410242E-04,2.391061857,0.,4.716418135E-05,2.367783713,0.,   0002197P0002813
-8.290763964E-16,2.35619449,0.,0.,1.546491986E-05,-0.,-0.,1.;    0002197P0002814
102,6,2201,2203,2205,2207,2209,2211;                             0002199P0002815
126,9,3,0,0,1,0,4.121840219E-20,4.121840219E-20,4.121840219E-20, 0002201P0002816
4.121840219E-20,2.317292727E-06,2.317292727E-06,2.317292727E-06, 0002201P0002817
8.906620642E-06,8.906620642E-06,8.906620642E-06,1.548236915E-05, 0002201P0002818
1.548236915E-05,1.548236915E-05,1.548236915E-05,1.,1.,1.,1.,1.,  0002201P0002819
1.,1.,1.,1.,1.,0.349133428,2.554757E-02,-2.554757E-02,           0002201P0002820
0.349299084,2.500679031E-02,-2.60883497E-02,0.349431523,         0002201P0002821
2.449128367E-02,-2.666712435E-02,0.349537354,2.401085195E-02,    0002201P0002822
-2.727565736E-02,0.349834115,2.266366053E-02,-2.898206103E-02,   0002201P0002823
0.349929763,2.157402214E-02,-3.096355855E-02,0.349969686,        0002201P0002824
2.085411815E-02,-3.303598466E-02,0.350009566,2.013498528E-02,    0002201P0002825
-3.510619093E-02,0.35,1.976E-02,-3.732808383E-02,0.35,1.976E-02, 0002201P0002826
-3.952E-02,4.121840219E-20,1.548236915E-05,-0.968120385,         0002201P0002827
-0.244366949,5.502466169E-02;                                    0002201P0002828
110,0.35,1.976E-02,-3.952E-02,1.4,1.976E-02,-3.952E-02;          0002203P0002829
126,9,3,0,0,1,0,0.,0.,0.,0.,3.058535736E-06,3.058535736E-06,     0002205P0002830
3.058535736E-06,9.245325433E-06,9.245325433E-06,9.245325433E-06, 0002205P0002831
1.546491986E-05,1.546491986E-05,1.546491986E-05,1.546491986E-05, 0002205P0002832
1.,1.,1.,1.,1.,1.,1.,1.,1.,1.,1.4,1.976E-02,-3.952E-02,1.4,      0002205P0002833
1.976E-02,-3.848881402E-02,1.399999511,1.98412151E-02,           0002205P0002834
-3.74544818E-02,1.400001484,2.000215837E-02,-3.643593484E-02,    0002205P0002835
1.400005436,2.032462988E-02,-3.439513881E-02,1.400015142,        0002205P0002836
2.097976406E-02,-3.238028721E-02,1.400118119,2.191734067E-02,    0002205P0002837
-3.054202781E-02,1.40022145,2.285812925E-02,-2.869747088E-02,    0002205P0002838
1.400427682,2.411482321E-02,-2.69803168E-02,1.400866572,         0002205P0002839
2.554757E-02,-2.554757E-02,0.,1.546491986E-05,0.967003714,       0002205P0002840
-0.248304204,5.699859049E-02;                                    0002205P0002841
126,9,3,0,0,1,0,1.396962524E-20,1.396962524E-20,1.396962524E-20, 0002207P0002842
1.396962524E-20,2.317292727E-06,2.317292727E-06,2.317292727E-06, 0002207P0002843
8.906620642E-06,8.906620642E-06,8.906620642E-06,1.548236915E-05, 0002207P0002844
1.548236915E-05,1.548236915E-05,1.548236915E-05,1.,1.,1.,1.,1.,  0002207P0002845
1.,1.,1.,1.,1.,1.400866572,2.554757E-02,-2.554757E-02,           0002207P0002846
1.400700916,2.60883497E-02,-2.500679031E-02,1.400568477,         0002207P0002847
2.666712435E-02,-2.449128367E-02,1.400462646,2.727565736E-02,    0002207P0002848
-2.401085195E-02,1.400165885,2.898206103E-02,-2.266366053E-02,   0002207P0002849
1.400070237,3.096355855E-02,-2.157402214E-02,1.400030314,        0002207P0002850
3.303598466E-02,-2.085411815E-02,1.399990434,3.510619093E-02,    0002207P0002851
-2.013498528E-02,1.4,3.732808383E-02,-1.976E-02,1.4,3.952E-02,   0002207P0002852
-1.976E-02,1.396962524E-20,1.548236915E-05,0.968120385,          0002207P0002853
-5.502466168E-02,0.244366949;                                    0002207P0002854
110,1.4,3.952E-02,-1.976E-02,0.35,3.952E-02,-1.976E-02;          0002209P0002855
126,9,3,0,0,1,0,0.,0.,0.,0.,3.058535736E-06,3.058535736E-06,     0002211P0002856
3.058535736E-06,9.245325433E-06,9.245325433E-06,9.245325433E-06, 0002211P0002857
1.546491986E-05,1.546491986E-05,1.546491986E-05,1.546491986E-05, 0002211P0002858
1.,1.,1.,1.,1.,1.,1.,1.,1.,1.,0.35,3.952E-02,-1.976E-02,0.35,    0002211P0002859
3.848881402E-02,-1.976E-02,0.350000489,3.74544818E-02,           0002211P0002860
-1.98412151E-02,0.349998516,3.643593484E-02,-2.000215837E-02,    0002211P0002861
0.349994564,3.439513881E-02,-2.032462988E-02,0.349984858,        0002211P0002862
3.238028721E-02,-2.097976406E-02,0.349881881,3.054202781E-02,    0002211P0002863
-2.191734067E-02,0.34977855,2.869747088E-02,-2.285812925E-02,    0002211P0002864
0.349572318,2.69803168E-02,-2.411482321E-02,0.349133428,         0002211P0002865
2.554757E-02,-2.554757E-02,0.,1.546491986E-05,-0.967003714,      0002211P0002866
-5.699859049E-02,0.248304204;                                    0002211P0002867
144,2215,1,0,2223;                                               0002213P0002868
120,2219,2221,4.71238898,6.283185307;                            0002215P0002869
124,0.,0.,1.,0.35,0.,1.,0.,0.86048,-1.,0.,0.,-0.91048;           0002217P0002870
110,0.,0.,1.,0.,0.,0.;                                           0002219P0002871
110,1.976E-02,0.,-8.665716861E-04,1.976E-02,0.,1.050866572;      0002221P0002872
142,0,2215,2225,2239,3;                                          0002223P0002873
102,6,2227,2229,2231,2233,2235,2237;                             0002225P0002874
126,24,3,1,0,1,0,0.,0.,0.,0.,7.037440522E-07,1.407488104E-06,    0002227P0002875
2.111232157E-06,2.814976209E-06,3.518720261E-06,4.222464313E-06, 0002227P0002876
4.926208365E-06,5.629952417E-06,6.33369647E-06,7.037440522E-06,  0002227P0002877
7.741184574E-06,8.444928626E-06,9.148672678E-06,9.85241673E-06,  0002227P0002878
1.055616078E-05,1.125990483E-05,1.196364889E-05,1.266739294E-05, 0002227P0002879
1.337113699E-05,1.407488104E-05,1.47786251E-05,1.548236915E-05,  0002227P0002880
1.548236915E-05,1.548236915E-05,1.548236915E-05,1.,1.,1.,1.,1.,  0002227P0002881
1.,1.,1.,1.,1.,1.,1.,1.,1.,1.,1.,1.,1.,1.,1.,1.,1.,1.,1.,1.,     0002227P0002882
-1.658152793E-16,5.497787144,0.,4.783371868E-05,5.486033181,0.,  0002227P0002883
1.37692266E-04,5.46243468,0.,2.55958937E-04,5.426889324,0.,      0002227P0002884
3.592105804E-04,5.391076779,0.,4.4685121E-04,5.35573044,0.,      0002227P0002885
5.220551266E-04,5.320274729,0.,5.859144612E-04,5.284662006,0.,   0002227P0002886
6.394177052E-04,5.24894894,0.,6.83581174E-04,5.213165745,0.,     0002227P0002887
7.194135264E-04,5.177350635,0.,7.479262237E-04,5.141538723,0.,   0002227P0002888
7.70127174E-04,5.10576788,0.,7.870356955E-04,5.07006229,0.,      0002227P0002889
7.996290195E-04,5.03448833,0.,8.091821956E-04,4.998789407,0.,    0002227P0002890
8.160460905E-04,4.963018717,0.,8.206499177E-04,4.927189799,0.,   0002227P0002891
8.234018979E-04,4.89132852,0.,8.247158766E-04,4.855458481,0.,    0002227P0002892
8.250041922E-04,4.819604263,0.,8.246795871E-04,4.78378982,0.,    0002227P0002893
8.241546951E-04,4.748038443,0.,8.239463514E-04,4.724260354,0.,   0002227P0002894
8.239463514E-04,4.71238898,0.,0.,1.548236915E-05,-0.,-0.,1.;     0002227P0002895
110,8.239463514E-04,4.71238898,0.,0.999176054,4.71238898,0.;     0002229P0002896
126,24,3,1,0,1,0,0.,0.,0.,0.,7.029509028E-07,1.405901806E-06,    0002231P0002897
2.108852708E-06,2.811803611E-06,3.514754514E-06,4.217705417E-06, 0002231P0002898
4.92065632E-06,5.623607223E-06,6.326558125E-06,7.029509028E-06,  0002231P0002899
7.732459931E-06,8.435410834E-06,9.138361737E-06,9.841312639E-06, 0002231P0002900
1.054426354E-05,1.124721445E-05,1.195016535E-05,1.265311625E-05, 0002231P0002901
1.335606715E-05,1.405901806E-05,1.476196896E-05,1.546491986E-05, 0002231P0002902
1.546491986E-05,1.546491986E-05,1.546491986E-05,1.,1.,1.,1.,1.,  0002231P0002903
1.,1.,1.,1.,1.,1.,1.,1.,1.,1.,1.,1.,1.,1.,1.,1.,1.,1.,1.,1.,     0002231P0002904
0.999176054,4.71238898,0.,0.999176054,4.724382866,0.,            0002231P0002905
0.999176004,4.748386529,0.,0.999175989,4.784426244,0.,           0002231P0002906
0.99917623,4.820446789,0.,0.999176954,4.856534537,0.,            0002231P0002907
0.999178283,4.892256169,0.,0.999180424,4.92798719,0.,0.99918422, 0002231P0002908
4.963805434,0.,0.999190374,4.999658838,0.,0.999199625,           0002231P0002909
5.035528765,0.,0.999212705,5.071386644,0.,0.999230344,           0002231P0002910
5.107207447,0.,0.999253281,5.142962523,0.,0.999282227,           0002231P0002911
5.178638144,0.,0.99931799,5.214171826,0.,0.999362271,            0002231P0002912
5.249838521,0.,0.999415995,5.285530805,0.,0.99948027,5.32121943, 0002231P0002913
0.,0.999556153,5.356851498,0.,0.999644717,5.392378786,0.,        0002231P0002914
0.99974703,5.427751288,0.,0.999864159,5.462919777,0.,            0002231P0002915
0.999952836,5.486197921,0.,1.,5.497787144,0.,0.,1.546491986E-05, 0002231P0002916
-0.,-0.,1.;                                                      0002231P0002917
126,24,3,1,0,1,0,2.168404345E-19,2.168404345E-19,                0002233P0002918
2.168404345E-19,2.168404345E-19,7.037440522E-07,1.407488104E-06, 0002233P0002919
2.111232157E-06,2.814976209E-06,3.518720261E-06,4.222464313E-06, 0002233P0002920
4.926208365E-06,5.629952417E-06,6.33369647E-06,7.037440522E-06,  0002233P0002921
7.741184574E-06,8.444928626E-06,9.148672678E-06,9.85241673E-06,  0002233P0002922
1.055616078E-05,1.125990483E-05,1.196364889E-05,1.266739294E-05, 0002233P0002923
1.337113699E-05,1.407488104E-05,1.47786251E-05,1.548236915E-05,  0002233P0002924
1.548236915E-05,1.548236915E-05,1.548236915E-05,1.,1.,1.,1.,1.,  0002233P0002925
1.,1.,1.,1.,1.,1.,1.,1.,1.,1.,1.,1.,1.,1.,1.,1.,1.,1.,1.,1.,1.,  0002233P0002926
5.497787144,0.,0.999952166,5.509541107,0.,0.999862308,           0002233P0002927
5.533139608,0.,0.999744041,5.568684964,0.,0.999640789,           0002233P0002928
5.604497508,0.,0.999553149,5.639843848,0.,0.999477945,           0002233P0002929
5.675299559,0.,0.999414086,5.710912282,0.,0.999360582,           0002233P0002930
5.746625347,0.,0.999316419,5.782408543,0.,0.999280586,           0002233P0002931
5.818223653,0.,0.999252074,5.854035564,0.,0.999229873,           0002233P0002932
5.889806407,0.,0.999212964,5.925511997,0.,0.999200371,           0002233P0002933
5.961085958,0.,0.999190818,5.99678488,0.,0.999183954,6.03255557, 0002233P0002934
0.,0.99917935,6.068384489,0.,0.999176598,6.104245768,0.,         0002233P0002935
0.999175284,6.140115807,0.,0.999174996,6.175970024,0.,           0002233P0002936
0.99917532,6.211784467,0.,0.999175845,6.247535844,0.,            0002233P0002937
0.999176054,6.271313933,0.,0.999176054,6.283185307,0.,           0002233P0002938
2.168404345E-19,1.548236915E-05,-0.,-0.,1.;                      0002233P0002939
110,0.999176054,6.283185307,0.,8.239463514E-04,6.283185307,0.;   0002235P0002940
126,24,3,1,0,1,0,0.,0.,0.,0.,7.029509028E-07,1.405901806E-06,    0002237P0002941
2.108852708E-06,2.811803611E-06,3.514754514E-06,4.217705417E-06, 0002237P0002942
4.92065632E-06,5.623607223E-06,6.326558125E-06,7.029509028E-06,  0002237P0002943
7.732459931E-06,8.435410834E-06,9.138361737E-06,9.841312639E-06, 0002237P0002944
1.054426354E-05,1.124721445E-05,1.195016535E-05,1.265311625E-05, 0002237P0002945
1.335606715E-05,1.405901806E-05,1.476196896E-05,1.546491986E-05, 0002237P0002946
1.546491986E-05,1.546491986E-05,1.546491986E-05,1.,1.,1.,1.,1.,  0002237P0002947
1.,1.,1.,1.,1.,1.,1.,1.,1.,1.,1.,1.,1.,1.,1.,1.,1.,1.,1.,1.,     0002237P0002948
8.239463514E-04,6.283185307,0.,8.239463514E-04,6.271191422,0.,   0002237P0002949
8.239956575E-04,6.247187759,0.,8.240112207E-04,6.211148044,0.,   0002237P0002950
8.237701348E-04,6.175127499,0.,8.230459333E-04,6.139039751,0.,   0002237P0002951
8.217169414E-04,6.103318119,0.,8.195756094E-04,6.067587097,0.,   0002237P0002952
8.157796537E-04,6.031768853,0.,8.096261437E-04,5.99591545,0.,    0002237P0002953
8.003749298E-04,5.960045523,0.,7.872953853E-04,5.924187643,0.,   0002237P0002954
7.696560109E-04,5.888366841,0.,7.467192742E-04,5.852611764,0.,   0002237P0002955
7.177726488E-04,5.816936143,0.,6.820096171E-04,5.781402461,0.,   0002237P0002956
6.377289355E-04,5.745735766,0.,5.840047583E-04,5.710043482,0.,   0002237P0002957
5.197301133E-04,5.674354857,0.,4.438465608E-04,5.63872279,0.,    0002237P0002958
3.55282657E-04,5.603195502,0.,2.529704426E-04,5.567823,0.,       0002237P0002959
1.358410242E-04,5.532654511,0.,4.716418135E-05,5.509376367,0.,   0002237P0002960
-1.658152793E-16,5.497787144,0.,0.,1.546491986E-05,-0.,-0.,1.;   0002237P0002961
102,6,2241,2243,2245,2247,2249,2251;                             0002239P0002962
126,9,3,0,0,1,0,0.,0.,0.,0.,2.317292727E-06,2.317292727E-06,     0002241P0002963
2.317292727E-06,8.906620642E-06,8.906620642E-06,8.906620642E-06, 0002241P0002964
1.548236915E-05,1.548236915E-05,1.548236915E-05,1.548236915E-05, 0002241P0002965
1.,1.,1.,1.,1.,1.,1.,1.,1.,1.,0.349133428,0.87445243,            0002241P0002966
-0.92445243,0.349299084,0.87499321,-0.92391165,0.349431523,      0002241P0002967
0.875508716,-0.923332876,0.349537354,0.875989148,-0.922724343,   0002241P0002968
0.349834115,0.877336339,-0.921017939,0.349929763,0.878425978,    0002241P0002969
-0.919036441,0.349969686,0.879145882,-0.916964015,0.350009566,   0002241P0002970
0.879865015,-0.914893809,0.35,0.88024,-0.912671916,0.35,0.88024, 0002241P0002971
-0.91048,0.,1.548236915E-05,0.968120385,-0.244366949,            0002241P0002972
5.502466169E-02;                                                 0002241P0002973
110,0.35,0.88024,-0.91048,1.4,0.88024,-0.91048;                  0002243P0002974
126,9,3,0,0,1,0,0.,0.,0.,0.,3.058535736E-06,3.058535736E-06,     0002245P0002975
3.058535736E-06,9.245325433E-06,9.245325433E-06,9.245325433E-06, 0002245P0002976
1.546491986E-05,1.546491986E-05,1.546491986E-05,1.546491986E-05, 0002245P0002977
1.,1.,1.,1.,1.,1.,1.,1.,1.,1.,1.4,0.88024,-0.91048,1.4,0.88024,  0002245P0002978
-0.911511186,1.399999511,0.880158785,-0.912545518,1.400001484,   0002245P0002979
0.879997842,-0.913564065,1.400005436,0.87967537,-0.915604861,    0002245P0002980
1.400015142,0.879020236,-0.917619713,1.400118119,0.878082659,    0002245P0002981
-0.919457972,1.40022145,0.877141871,-0.921302529,1.400427682,    0002245P0002982
0.875885177,-0.923019683,1.400866572,0.87445243,-0.92445243,0.,  0002245P0002983
1.546491986E-05,-0.967003714,-0.248304204,5.699859049E-02;       0002245P0002984
126,9,3,0,0,1,0,2.168404345E-19,2.168404345E-19,2.168404345E-19, 0002247P0002985
2.168404345E-19,2.317292727E-06,2.317292727E-06,2.317292727E-06, 0002247P0002986
8.906620642E-06,8.906620642E-06,8.906620642E-06,1.548236915E-05, 0002247P0002987
1.548236915E-05,1.548236915E-05,1.548236915E-05,1.,1.,1.,1.,1.,  0002247P0002988
1.,1.,1.,1.,1.,1.400866572,0.87445243,-0.92445243,1.400700916,   0002247P0002989
0.87391165,-0.92499321,1.400568477,0.873332876,-0.925508716,     0002247P0002990
1.400462646,0.872724343,-0.925989148,1.400165885,0.871017939,    0002247P0002991
-0.927336339,1.400070237,0.869036441,-0.928425978,1.400030314,   0002247P0002992
0.866964015,-0.929145882,1.399990434,0.864893809,-0.929865015,   0002247P0002993
1.4,0.862671916,-0.93024,1.4,0.86048,-0.93024,2.168404345E-19,   0002247P0002994
1.548236915E-05,-0.968120385,-5.502466169E-02,0.244366949;       0002247P0002995
110,1.4,0.86048,-0.93024,0.35,0.86048,-0.93024;                  0002249P0002996
126,9,3,0,0,1,0,0.,0.,0.,0.,3.058535736E-06,3.058535736E-06,     0002251P0002997
3.058535736E-06,9.245325433E-06,9.245325433E-06,9.245325433E-06, 0002251P0002998
1.546491986E-05,1.546491986E-05,1.546491986E-05,1.546491986E-05, 0002251P0002999
1.,1.,1.,1.,1.,1.,1.,1.,1.,1.,0.35,0.86048,-0.93024,0.35,        0002251P0003000
0.861511186,-0.93024,0.350000489,0.862545518,-0.930158785,       0002251P0003001
0.349998516,0.863564065,-0.929997842,0.349994564,0.865604861,    0002251P0003002
-0.92967537,0.349984858,0.867619713,-0.929020236,0.349881881,    0002251P0003003
0.869457972,-0.928082659,0.34977855,0.871302529,-0.927141871,    0002251P0003004
0.349572318,0.873019683,-0.925885177,0.349133428,0.87445243,     0002251P0003005
-0.92445243,0.,1.546491986E-05,0.967003714,-5.699859049E-02,     0002251P0003006
0.248304204;                                                     0002251P0003007
144,2255,1,0,2263;                                               0002253P0003008
120,2259,2261,4.71238898,6.283185307;                            0002255P0003009
124,0.,0.,-1.,0.35,0.,1.,0.,0.86048,1.,0.,0.,-3.952E-02;         0002257P0003010
110,0.,0.,1.,0.,0.,0.;                                           0002259P0003011
110,1.976E-02,0.,-1.050866572,1.976E-02,0.,8.665716861E-04;      0002261P0003012
142,0,2255,2265,2279,3;                                          0002263P0003013
102,6,2267,2269,2271,2273,2275,2277;                             0002265P0003014
126,24,3,1,0,1,0,2.200199671E-19,2.200199671E-19,                0002267P0003015
2.200199671E-19,2.200199671E-19,7.037440522E-07,1.407488104E-06, 0002267P0003016
2.111232157E-06,2.814976209E-06,3.518720261E-06,4.222464313E-06, 0002267P0003017
4.926208365E-06,5.629952417E-06,6.33369647E-06,7.037440522E-06,  0002267P0003018
7.741184574E-06,8.444928626E-06,9.148672678E-06,9.85241673E-06,  0002267P0003019
1.055616078E-05,1.125990483E-05,1.196364889E-05,1.266739294E-05, 0002267P0003020
1.337113699E-05,1.407488104E-05,1.47786251E-05,1.548236915E-05,  0002267P0003021
1.548236915E-05,1.548236915E-05,1.548236915E-05,1.,1.,1.,1.,1.,  0002267P0003022
1.,1.,1.,1.,1.,1.,1.,1.,1.,1.,1.,1.,1.,1.,1.,1.,1.,1.,1.,1.,1.,  0002267P0003023
5.497787144,0.,0.999952166,5.509541107,0.,0.999862308,           0002267P0003024
5.533139608,0.,0.999744041,5.568684964,0.,0.999640789,           0002267P0003025
5.604497508,0.,0.999553149,5.639843848,0.,0.999477945,           0002267P0003026
5.675299559,0.,0.999414086,5.710912282,0.,0.999360582,           0002267P0003027
5.746625347,0.,0.999316419,5.782408543,0.,0.999280586,           0002267P0003028
5.818223653,0.,0.999252074,5.854035564,0.,0.999229873,           0002267P0003029
5.889806407,0.,0.999212964,5.925511997,0.,0.999200371,           0002267P0003030
5.961085958,0.,0.999190818,5.99678488,0.,0.999183954,6.03255557, 0002267P0003031
0.,0.99917935,6.068384489,0.,0.999176598,6.104245768,0.,         0002267P0003032
0.999175284,6.140115807,0.,0.999174996,6.175970024,0.,           0002267P0003033
0.99917532,6.211784467,0.,0.999175845,6.247535844,0.,            0002267P0003034
0.999176054,6.271313933,0.,0.999176054,6.283185307,0.,           0002267P0003035
2.200199671E-19,1.548236915E-05,-0.,-0.,1.;                      0002267P0003036
110,0.999176054,6.283185307,0.,8.239463514E-04,6.283185307,0.;   0002269P0003037
126,24,3,1,0,1,0,0.,0.,0.,0.,7.029509028E-07,1.405901806E-06,    0002271P0003038
2.108852708E-06,2.811803611E-06,3.514754514E-06,4.217705417E-06, 0002271P0003039
4.92065632E-06,5.623607223E-06,6.326558125E-06,7.029509028E-06,  0002271P0003040
7.732459931E-06,8.435410834E-06,9.138361737E-06,9.841312639E-06, 0002271P0003041
1.054426354E-05,1.124721445E-05,1.195016535E-05,1.265311625E-05, 0002271P0003042
1.335606715E-05,1.405901806E-05,1.476196896E-05,1.546491986E-05, 0002271P0003043
1.546491986E-05,1.546491986E-05,1.546491986E-05,1.,1.,1.,1.,1.,  0002271P0003044
1.,1.,1.,1.,1.,1.,1.,1.,1.,1.,1.,1.,1.,1.,1.,1.,1.,1.,1.,1.,     0002271P0003045
8.239463514E-04,6.283185307,0.,8.239463514E-04,6.271191422,0.,   0002271P0003046
8.239956575E-04,6.247187759,0.,8.240112207E-04,6.211148044,0.,   0002271P0003047
8.237701348E-04,6.175127499,0.,8.230459333E-04,6.139039751,0.,   0002271P0003048
8.217169414E-04,6.103318119,0.,8.195756094E-04,6.067587097,0.,   0002271P0003049
8.157796537E-04,6.031768853,0.,8.096261437E-04,5.99591545,0.,    0002271P0003050
8.003749298E-04,5.960045523,0.,7.872953853E-04,5.924187643,0.,   0002271P0003051
7.696560109E-04,5.888366841,0.,7.467192742E-04,5.852611764,0.,   0002271P0003052
7.177726488E-04,5.816936143,0.,6.820096171E-04,5.781402461,0.,   0002271P0003053
6.377289355E-04,5.745735766,0.,5.840047583E-04,5.710043482,0.,   0002271P0003054
5.197301133E-04,5.674354857,0.,4.438465608E-04,5.63872279,0.,    0002271P0003055
3.55282657E-04,5.603195502,0.,2.529704426E-04,5.567823,0.,       0002271P0003056
1.358410242E-04,5.532654511,0.,4.716418135E-05,5.509376367,0.,   0002271P0003057
-1.658152793E-16,5.497787144,0.,0.,1.546491986E-05,-0.,-0.,1.;   0002271P0003058
126,24,3,1,0,1,0,0.,0.,0.,0.,7.037440522E-07,1.407488104E-06,    0002273P0003059
2.111232157E-06,2.814976209E-06,3.518720261E-06,4.222464313E-06, 0002273P0003060
4.926208365E-06,5.629952417E-06,6.33369647E-06,7.037440522E-06,  0002273P0003061
7.741184574E-06,8.444928626E-06,9.148672678E-06,9.85241673E-06,  0002273P0003062
1.055616078E-05,1.125990483E-05,1.196364889E-05,1.266739294E-05, 0002273P0003063
1.337113699E-05,1.407488104E-05,1.47786251E-05,1.548236915E-05,  0002273P0003064
1.548236915E-05,1.548236915E-05,1.548236915E-05,1.,1.,1.,1.,1.,  0002273P0003065
1.,1.,1.,1.,1.,1.,1.,1.,1.,1.,1.,1.,1.,1.,1.,1.,1.,1.,1.,1.,     0002273P0003066
-1.658152793E-16,5.497787144,0.,4.783371868E-05,5.486033181,0.,  0002273P0003067
1.37692266E-04,5.46243468,0.,2.55958937E-04,5.426889324,0.,      0002273P0003068
3.592105804E-04,5.391076779,0.,4.4685121E-04,5.35573044,0.,      0002273P0003069
5.220551266E-04,5.320274729,0.,5.859144613E-04,5.284662006,0.,   0002273P0003070
6.394177052E-04,5.24894894,0.,6.83581174E-04,5.213165745,0.,     0002273P0003071
7.194135264E-04,5.177350635,0.,7.479262237E-04,5.141538723,0.,   0002273P0003072
7.70127174E-04,5.10576788,0.,7.870356955E-04,5.07006229,0.,      0002273P0003073
7.996290195E-04,5.03448833,0.,8.091821956E-04,4.998789407,0.,    0002273P0003074
8.160460905E-04,4.963018717,0.,8.206499177E-04,4.927189799,0.,   0002273P0003075
8.234018979E-04,4.89132852,0.,8.247158766E-04,4.855458481,0.,    0002273P0003076
8.250041922E-04,4.819604263,0.,8.246795871E-04,4.78378982,0.,    0002273P0003077
8.241546951E-04,4.748038443,0.,8.239463514E-04,4.724260354,0.,   0002273P0003078
8.239463514E-04,4.71238898,0.,0.,1.548236915E-05,-0.,-0.,1.;     0002273P0003079
110,8.239463514E-04,4.71238898,0.,0.999176054,4.71238898,0.;     0002275P0003080
126,24,3,1,0,1,0,0.,0.,0.,0.,7.029509028E-07,1.405901806E-06,    0002277P0003081
2.108852708E-06,2.811803611E-06,3.514754514E-06,4.217705417E-06, 0002277P0003082
4.92065632E-06,5.623607223E-06,6.326558125E-06,7.029509028E-06,  0002277P0003083
7.732459931E-06,8.435410834E-06,9.138361737E-06,9.841312639E-06, 0002277P0003084
1.054426354E-05,1.124721445E-05,1.195016535E-05,1.265311625E-05, 0002277P0003085
1.335606715E-05,1.405901806E-05,1.476196896E-05,1.546491986E-05, 0002277P0003086
1.546491986E-05,1.546491986E-05,1.546491986E-05,1.,1.,1.,1.,1.,  0002277P0003087
1.,1.,1.,1.,1.,1.,1.,1.,1.,1.,1.,1.,1.,1.,1.,1.,1.,1.,1.,1.,     0002277P0003088
0.999176054,4.71238898,0.,0.999176054,4.724382866,0.,            0002277P0003089
0.999176004,4.748386529,0.,0.999175989,4.784426244,0.,           0002277P0003090
0.99917623,4.820446789,0.,0.999176954,4.856534537,0.,            0002277P0003091
0.999178283,4.892256169,0.,0.999180424,4.92798719,0.,0.99918422, 0002277P0003092
4.963805434,0.,0.999190374,4.999658838,0.,0.999199625,           0002277P0003093
5.035528765,0.,0.999212705,5.071386644,0.,0.999230344,           0002277P0003094
5.107207447,0.,0.999253281,5.142962523,0.,0.999282227,           0002277P0003095
5.178638144,0.,0.99931799,5.214171826,0.,0.999362271,            0002277P0003096
5.249838521,0.,0.999415995,5.285530805,0.,0.99948027,5.32121943, 0002277P0003097
0.,0.999556153,5.356851498,0.,0.999644717,5.392378786,0.,        0002277P0003098
0.99974703,5.427751288,0.,0.999864159,5.462919777,0.,            0002277P0003099
0.999952836,5.486197921,0.,1.,5.497787144,0.,0.,1.546491986E-05, 0002277P0003100
-0.,-0.,1.;                                                      0002277P0003101
102,6,2281,2283,2285,2287,2289,2291;                             0002279P0003102
126,9,3,0,0,1,0,2.200199671E-19,2.200199671E-19,2.200199671E-19, 0002281P0003103
2.200199671E-19,2.317292727E-06,2.317292727E-06,2.317292727E-06, 0002281P0003104
8.906620642E-06,8.906620642E-06,8.906620642E-06,1.548236915E-05, 0002281P0003105
1.548236915E-05,1.548236915E-05,1.548236915E-05,1.,1.,1.,1.,1.,  0002281P0003106
1.,1.,1.,1.,1.,0.349133428,0.87445243,-2.554757E-02,0.349299084, 0002281P0003107
0.87391165,-2.500679031E-02,0.349431523,0.873332876,             0002281P0003108
-2.449128367E-02,0.349537354,0.872724343,-2.401085195E-02,       0002281P0003109
0.349834115,0.871017939,-2.266366053E-02,0.349929763,            0002281P0003110
0.869036441,-2.157402214E-02,0.349969686,0.866964015,            0002281P0003111
-2.085411815E-02,0.350009566,0.864893809,-2.013498528E-02,0.35,  0002281P0003112
0.862671916,-1.976E-02,0.35,0.86048,-1.976E-02,2.200199671E-19,  0002281P0003113
1.548236915E-05,-0.968120385,5.502466168E-02,0.244366949;        0002281P0003114
110,0.35,0.86048,-1.976E-02,1.4,0.86048,-1.976E-02;              0002283P0003115
126,9,3,0,0,1,0,0.,0.,0.,0.,3.058535736E-06,3.058535736E-06,     0002285P0003116
3.058535736E-06,9.245325433E-06,9.245325433E-06,9.245325433E-06, 0002285P0003117
1.546491986E-05,1.546491986E-05,1.546491986E-05,1.546491986E-05, 0002285P0003118
1.,1.,1.,1.,1.,1.,1.,1.,1.,1.,1.4,0.86048,-1.976E-02,1.4,        0002285P0003119
0.861511186,-1.976E-02,1.399999511,0.862545518,-1.98412151E-02,  0002285P0003120
1.400001484,0.863564065,-2.000215837E-02,1.400005436,            0002285P0003121
0.865604861,-2.032462988E-02,1.400015142,0.867619713,            0002285P0003122
-2.097976406E-02,1.400118119,0.869457972,-2.191734067E-02,       0002285P0003123
1.40022145,0.871302529,-2.285812925E-02,1.400427682,0.873019683, 0002285P0003124
-2.411482321E-02,1.400866572,0.87445243,-2.554757E-02,0.,        0002285P0003125
1.546491986E-05,0.967003714,5.699859049E-02,0.248304204;         0002285P0003126
126,9,3,0,0,1,0,0.,0.,0.,0.,2.317292727E-06,2.317292727E-06,     0002287P0003127
2.317292727E-06,8.906620642E-06,8.906620642E-06,8.906620642E-06, 0002287P0003128
1.548236915E-05,1.548236915E-05,1.548236915E-05,1.548236915E-05, 0002287P0003129
1.,1.,1.,1.,1.,1.,1.,1.,1.,1.,1.400866572,0.87445243,            0002287P0003130
-2.554757E-02,1.400700916,0.87499321,-2.60883497E-02,            0002287P0003131
1.400568477,0.875508716,-2.666712435E-02,1.400462646,            0002287P0003132
0.875989148,-2.727565736E-02,1.400165885,0.877336339,            0002287P0003133
-2.898206103E-02,1.400070237,0.878425978,-3.096355855E-02,       0002287P0003134
1.400030314,0.879145882,-3.303598466E-02,1.399990434,            0002287P0003135
0.879865015,-3.510619093E-02,1.4,0.88024,-3.732808383E-02,1.4,   0002287P0003136
0.88024,-3.952E-02,0.,1.548236915E-05,0.968120385,0.244366949,   0002287P0003137
5.502466169E-02;                                                 0002287P0003138
110,1.4,0.88024,-3.952E-02,0.35,0.88024,-3.952E-02;              0002289P0003139
126,9,3,0,0,1,0,0.,0.,0.,0.,3.058535736E-06,3.058535736E-06,     0002291P0003140
3.058535736E-06,9.245325433E-06,9.245325433E-06,9.245325433E-06, 0002291P0003141
1.546491986E-05,1.546491986E-05,1.546491986E-05,1.546491986E-05, 0002291P0003142
1.,1.,1.,1.,1.,1.,1.,1.,1.,1.,0.35,0.88024,-3.952E-02,0.35,      0002291P0003143
0.88024,-3.848881402E-02,0.350000489,0.880158785,                0002291P0003144
-3.74544818E-02,0.349998516,0.879997842,-3.643593484E-02,        0002291P0003145
0.349994564,0.87967537,-3.439513881E-02,0.349984858,0.879020236, 0002291P0003146
-3.238028721E-02,0.349881881,0.878082659,-3.054202781E-02,       0002291P0003147
0.34977855,0.877141871,-2.869747088E-02,0.349572318,0.875885177, 0002291P0003148
-2.69803168E-02,0.349133428,0.87445243,-2.554757E-02,0.,         0002291P0003149
1.546491986E-05,-0.967003714,0.248304204,5.699859049E-02;        0002291P0003150
402,19,2295,2311,2327,2343,2359,2375,2391,2407,2423,2439,2455,   0002293P0003151
2471,2487,2503,2519,2535,2551,2567,2609;                         0002293P0003152
144,2297,1,0,2299;                                               0002295P0003153
108,0.999996043,-0.,2.813301676E-03,0.830125051,0,0.831927889,   0002297P0003154
0.88524,-0.639656071,0.;                                         0002297P0003155
142,0,2297,0,2301,2;                                             0002299P0003156
102,4,2303,2305,2307,2309;                                       0002301P0003157
110,0.831927889,0.88024,-0.639656071,0.832107941,0.88024,        0002303P0003158
-0.703656237;                                                    0002303P0003159
110,0.832107941,0.88024,-0.703656237,0.832107941,0.88524,        0002305P0003160
-0.703656237;                                                    0002305P0003161
110,0.832107941,0.88524,-0.703656237,0.831927889,0.88524,        0002307P0003162
-0.639656071;                                                    0002307P0003163
110,0.831927889,0.88524,-0.639656071,0.831927889,0.88024,        0002309P0003164
-0.639656071;                                                    0002309P0003165
144,2313,1,0,2315;                                               0002311P0003166
108,0.999989185,-0.,4.650693824E-03,0.828826453,0,0.832107941,   0002313P0003167
0.88524,-0.703656237,0.;                                         0002313P0003168
142,0,2313,0,2317,2;                                             0002315P0003169
102,4,2319,2321,2323,2325;                                       0002317P0003170
110,0.832107941,0.88024,-0.703656237,0.832305404,0.88024,        0002319P0003171
-0.746114651;                                                    0002319P0003172
110,0.832305404,0.88024,-0.746114651,0.832305404,0.88524,        0002321P0003173
-0.746114651;                                                    0002321P0003174
110,0.832305404,0.88524,-0.746114651,0.832107941,0.88524,        0002323P0003175
-0.703656237;                                                    0002323P0003176
110,0.832107941,0.88524,-0.703656237,0.832107941,0.88024,        0002325P0003177
-0.703656237;                                                    0002325P0003178
144,2329,1,0,2331;                                               0002327P0003179
108,-0.276317334,-0.,0.961066455,-0.947046173,0,0.832305404,     0002329P0003180
0.88524,-0.746114651,0.;                                         0002329P0003181
142,0,2329,0,2333,2;                                             0002331P0003182
102,4,2335,2337,2339,2341;                                       0002333P0003183
110,0.832305404,0.88024,-0.746114651,0.945,0.88024,-0.713713697; 0002335P0003184
110,0.945,0.88024,-0.713713697,0.945,0.88524,-0.713713697;       0002337P0003185
110,0.945,0.88524,-0.713713697,0.832305404,0.88524,-0.746114651; 0002339P0003186
110,0.832305404,0.88524,-0.746114651,0.832305404,0.88024,        0002341P0003187
-0.746114651;                                                    0002341P0003188
144,2345,1,0,2347;                                               0002343P0003189
108,1.,-0.,-0.,0.945,0,0.945,0.88524,-0.713713697,0.;            0002345P0003190
142,0,2345,0,2349,2;                                             0002347P0003191
102,4,2351,2353,2355,2357;                                       0002349P0003192
110,0.945,0.88024,-0.713713697,0.945,0.88024,-0.753497652;       0002351P0003193
110,0.945,0.88024,-0.753497652,0.945,0.88524,-0.753497652;       0002353P0003194
110,0.945,0.88524,-0.753497652,0.945,0.88524,-0.713713697;       0002355P0003195
110,0.945,0.88524,-0.713713697,0.945,0.88024,-0.713713697;       0002357P0003196
144,2361,1,0,2363;                                               0002359P0003197
108,0.276243743,-0.,-0.96108761,0.985227595,0,0.945,0.88524,     0002361P0003198
-0.753497652,0.;                                                 0002361P0003199
142,0,2361,0,2365,2;                                             0002363P0003200
102,4,2367,2369,2371,2373;                                       0002365P0003201
110,0.945,0.88024,-0.753497652,0.832305404,0.88024,-0.785889264; 0002367P0003202
110,0.832305404,0.88024,-0.785889264,0.832305404,0.88524,        0002369P0003203
-0.785889264;                                                    0002369P0003204
110,0.832305404,0.88524,-0.785889264,0.945,0.88524,-0.753497652; 0002371P0003205
110,0.945,0.88524,-0.753497652,0.945,0.88024,-0.753497652;       0002373P0003206
144,2377,1,0,2379;                                               0002375P0003207
108,0.999999997,-0.,7.93884711E-05,0.832243011,0,0.832305404,    0002377P0003208
0.88524,-0.785889264,0.;                                         0002377P0003209
142,0,2377,0,2381,2;                                             0002379P0003210
102,4,2383,2385,2387,2389;                                       0002381P0003211
110,0.832305404,0.88024,-0.785889264,0.83230844,0.88024,         0002383P0003212
-0.824127;                                                       0002383P0003213
110,0.83230844,0.88024,-0.824127,0.83230844,0.88524,-0.824127;   0002385P0003214
110,0.83230844,0.88524,-0.824127,0.832305404,0.88524,            0002387P0003215
-0.785889264;                                                    0002387P0003216
110,0.832305404,0.88524,-0.785889264,0.832305404,0.88024,        0002389P0003217
-0.785889264;                                                    0002389P0003218
144,2393,1,0,2395;                                               0002391P0003219
108,0.276203301,-0.,-0.961099233,1.021954167,0,0.83230844,       0002393P0003220
0.88524,-0.824127,0.;                                            0002393P0003221
142,0,2393,0,2397,2;                                             0002395P0003222
102,4,2399,2401,2403,2405;                                       0002397P0003223
110,0.83230844,0.88024,-0.824127,0.805339572,0.88024,            0002399P0003224
-0.831877387;                                                    0002399P0003225
110,0.805339572,0.88024,-0.831877387,0.805339572,0.88524,        0002401P0003226
-0.831877387;                                                    0002401P0003227
110,0.805339572,0.88524,-0.831877387,0.83230844,0.88524,         0002403P0003228
-0.824127;                                                       0002403P0003229
110,0.83230844,0.88524,-0.824127,0.83230844,0.88024,-0.824127;   0002405P0003230
144,2409,1,0,2411;                                               0002407P0003231
108,-1.,0.,-0.,-0.805339572,0,0.805339572,0.88524,-0.711356028,  0002409P0003232
0.;                                                              0002409P0003233
142,0,2409,0,2413,2;                                             0002411P0003234
102,4,2415,2417,2419,2421;                                       0002413P0003235
110,0.805339572,0.88024,-0.831877387,0.805339572,0.88024,        0002415P0003236
-0.60767807;                                                     0002415P0003237
110,0.805339572,0.88024,-0.60767807,0.805339572,0.88524,         0002417P0003238
-0.60767807;                                                     0002417P0003239
110,0.805339572,0.88524,-0.60767807,0.805339572,0.88524,         0002419P0003240
-0.831877387;                                                    0002419P0003241
110,0.805339572,0.88524,-0.831877387,0.805339572,0.88024,        0002421P0003242
-0.831877387;                                                    0002421P0003243
144,2425,1,0,2427;                                               0002423P0003244
108,-0.276427328,-0.,0.961034824,-0.806617653,0,0.805339572,     0002425P0003245
0.88524,-0.60767807,0.;                                          0002425P0003246
142,0,2425,0,2429,2;                                             0002427P0003247
102,4,2431,2433,2435,2437;                                       0002429P0003248
110,0.805339572,0.88024,-0.60767807,0.945,0.88024,-0.567506832;  0002431P0003249
110,0.945,0.88024,-0.567506832,0.945,0.88524,-0.567506832;       0002433P0003250
110,0.945,0.88524,-0.567506832,0.805339572,0.88524,-0.60767807;  0002435P0003251
110,0.805339572,0.88524,-0.60767807,0.805339572,0.88024,         0002437P0003252
-0.60767807;                                                     0002437P0003253
144,2441,1,0,2443;                                               0002439P0003254
108,1.,-0.,-0.,0.945,0,0.945,0.88524,-0.567506832,0.;            0002441P0003255
142,0,2441,0,2445,2;                                             0002443P0003256
102,4,2447,2449,2451,2453;                                       0002445P0003257
110,0.945,0.88024,-0.567506832,0.945,0.88024,-0.673024383;       0002447P0003258
110,0.945,0.88024,-0.673024383,0.945,0.88524,-0.673024383;       0002449P0003259
110,0.945,0.88524,-0.673024383,0.945,0.88524,-0.567506832;       0002451P0003260
110,0.945,0.88524,-0.567506832,0.945,0.88024,-0.567506832;       0002453P0003261
144,2457,1,0,2459;                                               0002455P0003262
108,0.272978693,-0.,-0.962020079,0.905427835,0,0.945,0.88524,    0002457P0003263
-0.673024383,0.;                                                 0002457P0003264
142,0,2457,0,2461,2;                                             0002459P0003265
102,4,2463,2465,2467,2469;                                       0002461P0003266
110,0.945,0.88024,-0.673024383,0.918424423,0.88024,-0.680565355; 0002463P0003267
110,0.918424423,0.88024,-0.680565355,0.918424423,0.88524,        0002465P0003268
-0.680565355;                                                    0002465P0003269
110,0.918424423,0.88524,-0.680565355,0.945,0.88524,-0.673024383; 0002467P0003270
110,0.945,0.88524,-0.673024383,0.945,0.88024,-0.673024383;       0002469P0003271
144,2473,1,0,2475;                                               0002471P0003272
108,-1.,0.,-0.,-0.918424423,0,0.918424423,0.88524,-0.680565355,  0002473P0003273
0.;                                                              0002473P0003274
142,0,2473,0,2477,2;                                             0002475P0003275
102,4,2479,2481,2483,2485;                                       0002477P0003276
110,0.918424423,0.88024,-0.680565355,0.918424423,0.88024,        0002479P0003277
-0.614823266;                                                    0002479P0003278
110,0.918424423,0.88024,-0.614823266,0.918424423,0.88524,        0002481P0003279
-0.614823266;                                                    0002481P0003280
110,0.918424423,0.88524,-0.614823266,0.918424423,0.88524,        0002483P0003281
-0.680565355;                                                    0002483P0003282
110,0.918424423,0.88524,-0.680565355,0.918424423,0.88024,        0002485P0003283
-0.680565355;                                                    0002485P0003284
144,2489,1,0,2491;                                               0002487P0003285
108,0.274516,-0.,-0.961582532,0.843325512,0,0.918424423,0.88524, 0002489P0003286
-0.614823266,0.;                                                 0002489P0003287
142,0,2489,0,2493,2;                                             0002491P0003288
102,4,2495,2497,2499,2501;                                       0002493P0003289
110,0.918424423,0.88024,-0.614823266,0.883718457,0.88024,        0002495P0003290
-0.624731249;                                                    0002495P0003291
110,0.883718457,0.88024,-0.624731249,0.883718457,0.88524,        0002497P0003292
-0.624731249;                                                    0002497P0003293
110,0.883718457,0.88524,-0.624731249,0.918424423,0.88524,        0002499P0003294
-0.614823266;                                                    0002499P0003295
110,0.918424423,0.88524,-0.614823266,0.918424423,0.88024,        0002501P0003296
-0.614823266;                                                    0002501P0003297
144,2505,1,0,2507;                                               0002503P0003298
108,1.,-0.,-0.,0.883718457,0,0.883718457,0.88524,-0.624731249,   0002505P0003299
0.;                                                              0002505P0003300
142,0,2505,0,2509,2;                                             0002507P0003301
102,4,2511,2513,2515,2517;                                       0002509P0003302
110,0.883718457,0.88024,-0.624731249,0.883718457,0.88024,        0002511P0003303
-0.684657302;                                                    0002511P0003304
110,0.883718457,0.88024,-0.684657302,0.883718457,0.88524,        0002513P0003305
-0.684657302;                                                    0002513P0003306
110,0.883718457,0.88524,-0.684657302,0.883718457,0.88524,        0002515P0003307
-0.624731249;                                                    0002515P0003308
110,0.883718457,0.88524,-0.624731249,0.883718457,0.88024,        0002517P0003309
-0.624731249;                                                    0002517P0003310
144,2521,1,0,2523;                                               0002519P0003311
108,0.27469188,-0.,-0.961532304,0.901070397,0,0.883718457,       0002521P0003312
0.88524,-0.684657302,0.;                                         0002521P0003313
142,0,2521,0,2525,2;                                             0002523P0003314
102,4,2527,2529,2531,2533;                                       0002525P0003315
110,0.883718457,0.88024,-0.684657302,0.857904706,0.88024,        0002527P0003316
-0.69203181;                                                     0002527P0003317
110,0.857904706,0.88024,-0.69203181,0.857904706,0.88524,         0002529P0003318
-0.69203181;                                                     0002529P0003319
110,0.857904706,0.88524,-0.69203181,0.883718457,0.88524,         0002531P0003320
-0.684657302;                                                    0002531P0003321
110,0.883718457,0.88524,-0.684657302,0.883718457,0.88024,        0002533P0003322
-0.684657302;                                                    0002533P0003323
144,2537,1,0,2539;                                               0002535P0003324
108,-1.,0.,-0.,-0.857904706,0,0.857904706,0.88524,-0.69203181,   0002537P0003325
0.;                                                              0002537P0003326
142,0,2537,0,2541,2;                                             0002539P0003327
102,4,2543,2545,2547,2549;                                       0002541P0003328
110,0.857904706,0.88024,-0.69203181,0.857904706,0.88024,         0002543P0003329
-0.632097264;                                                    0002543P0003330
110,0.857904706,0.88024,-0.632097264,0.857904706,0.88524,        0002545P0003331
-0.632097264;                                                    0002545P0003332
110,0.857904706,0.88524,-0.632097264,0.857904706,0.88524,        0002547P0003333
-0.69203181;                                                     0002547P0003334
110,0.857904706,0.88524,-0.69203181,0.857904706,0.88024,         0002549P0003335
-0.69203181;                                                     0002549P0003336
144,2553,1,0,2555;                                               0002551P0003337
108,0.279394794,-0.,-0.960176311,0.846618928,0,0.857904706,      0002553P0003338
0.88524,-0.632097264,0.;                                         0002553P0003339
142,0,2553,0,2557,2;                                             0002555P0003340
102,4,2559,2561,2563,2565;                                       0002557P0003341
110,0.857904706,0.88024,-0.632097264,0.831927889,0.88024,        0002559P0003342
-0.639656071;                                                    0002559P0003343
110,0.831927889,0.88024,-0.639656071,0.831927889,0.88524,        0002561P0003344
-0.639656071;                                                    0002561P0003345
110,0.831927889,0.88524,-0.639656071,0.857904706,0.88524,        0002563P0003346
-0.632097264;                                                    0002563P0003347
110,0.857904706,0.88524,-0.632097264,0.857904706,0.88024,        0002565P0003348
-0.632097264;                                                    0002565P0003349
144,2569,1,0,2571;                                               0002567P0003350
108,0.,1.,0.,0.88524,0,7.753220358E-03,0.88524,2.149546055E-03,  0002569P0003351
0.;                                                              0002569P0003352
142,0,2569,0,2573,2;                                             0002571P0003353
102,17,2575,2577,2579,2581,2583,2585,2587,2589,2591,2593,2595,   0002573P0003354
2597,2599,2601,2603,2605,2607;                                   0002573P0003355
110,0.831927889,0.88524,-0.639656071,0.832107941,0.88524,        0002575P0003356
-0.703656237;                                                    0002575P0003357
110,0.832107941,0.88524,-0.703656237,0.832305404,0.88524,        0002577P0003358
-0.746114651;                                                    0002577P0003359
110,0.832305404,0.88524,-0.746114651,0.945,0.88524,-0.713713697; 0002579P0003360
110,0.945,0.88524,-0.713713697,0.945,0.88524,-0.753497652;       0002581P0003361
110,0.945,0.88524,-0.753497652,0.832305404,0.88524,-0.785889264; 0002583P0003362
110,0.832305404,0.88524,-0.785889264,0.83230844,0.88524,         0002585P0003363
-0.824127;                                                       0002585P0003364
110,0.83230844,0.88524,-0.824127,0.805339572,0.88524,            0002587P0003365
-0.831877387;                                                    0002587P0003366
110,0.805339572,0.88524,-0.831877387,0.805339572,0.88524,        0002589P0003367
-0.60767807;                                                     0002589P0003368
110,0.805339572,0.88524,-0.60767807,0.945,0.88524,-0.567506832;  0002591P0003369
110,0.945,0.88524,-0.567506832,0.945,0.88524,-0.673024383;       0002593P0003370
110,0.945,0.88524,-0.673024383,0.918424423,0.88524,-0.680565355; 0002595P0003371
110,0.918424423,0.88524,-0.680565355,0.918424423,0.88524,        0002597P0003372
-0.614823266;                                                    0002597P0003373
110,0.918424423,0.88524,-0.614823266,0.883718457,0.88524,        0002599P0003374
-0.624731249;                                                    0002599P0003375
110,0.883718457,0.88524,-0.624731249,0.883718457,0.88524,        0002601P0003376
-0.684657302;                                                    0002601P0003377
110,0.883718457,0.88524,-0.684657302,0.857904706,0.88524,        0002603P0003378
-0.69203181;                                                     0002603P0003379
110,0.857904706,0.88524,-0.69203181,0.857904706,0.88524,         0002605P0003380
-0.632097264;                                                    0002605P0003381
110,0.857904706,0.88524,-0.632097264,0.831927889,0.88524,        0002607P0003382
-0.639656071;                                                    0002607P0003383
144,2611,1,0,2613;                                               0002609P0003384
108,-0.,-1.,-0.,-0.88024,0,7.753220358E-03,0.88024,              0002611P0003385
2.149546055E-03,0.;                                              0002611P0003386
142,0,2611,0,2615,2;                                             0002613P0003387
102,17,2617,2619,2621,2623,2625,2627,2629,2631,2633,2635,2637,   0002615P0003388
2639,2641,2643,2645,2647,2649;                                   0002615P0003389
110,0.832107941,0.88024,-0.703656237,0.831927889,0.88024,        0002617P0003390
-0.639656071;                                                    0002617P0003391
110,0.831927889,0.88024,-0.639656071,0.857904706,0.88024,        0002619P0003392
-0.632097264;                                                    0002619P0003393
110,0.857904706,0.88024,-0.632097264,0.857904706,0.88024,        0002621P0003394
-0.69203181;                                                     0002621P0003395
110,0.857904706,0.88024,-0.69203181,0.883718457,0.88024,         0002623P0003396
-0.684657302;                                                    0002623P0003397
110,0.883718457,0.88024,-0.684657302,0.883718457,0.88024,        0002625P0003398
-0.624731249;                                                    0002625P0003399
110,0.883718457,0.88024,-0.624731249,0.918424423,0.88024,        0002627P0003400
-0.614823266;                                                    0002627P0003401
110,0.918424423,0.88024,-0.614823266,0.918424423,0.88024,        0002629P0003402
-0.680565355;                                                    0002629P0003403
110,0.918424423,0.88024,-0.680565355,0.945,0.88024,-0.673024383; 0002631P0003404
110,0.945,0.88024,-0.673024383,0.945,0.88024,-0.567506832;       0002633P0003405
110,0.945,0.88024,-0.567506832,0.805339572,0.88024,-0.60767807;  0002635P0003406
110,0.805339572,0.88024,-0.60767807,0.805339572,0.88024,         0002637P0003407
-0.831877387;                                                    0002637P0003408
110,0.805339572,0.88024,-0.831877387,0.83230844,0.88024,         0002639P0003409
-0.824127;                                                       0002639P0003410
110,0.83230844,0.88024,-0.824127,0.832305404,0.88024,            0002641P0003411
-0.785889264;                                                    0002641P0003412
110,0.832305404,0.88024,-0.785889264,0.945,0.88024,-0.753497652; 0002643P0003413
110,0.945,0.88024,-0.753497652,0.945,0.88024,-0.713713697;       0002645P0003414
110,0.945,0.88024,-0.713713697,0.832305404,0.88024,-0.746114651; 0002647P0003415
110,0.832305404,0.88024,-0.746114651,0.832107941,0.88024,        0002649P0003416
-0.703656237;                                                    0002649P0003417
402,25,2653,2669,2685,2701,2717,2733,2749,2765,2781,2797,2813,   0002651P0003418
2829,2845,2861,2877,2893,2909,2925,2941,2957,2973,2989,3005,     0002651P0003419
3021,3075;                                                       0002651P0003420
144,2655,1,0,2657;                                               0002653P0003421
108,-1.,0.,-0.,-0.805339572,0,0.805339572,0.88524,-0.590852505,  0002655P0003422
0.;                                                              0002655P0003423
142,0,2655,0,2659,2;                                             0002657P0003424
102,4,2661,2663,2665,2667;                                       0002659P0003425
110,0.805339572,0.88024,-0.590852505,0.805339572,0.88024,        0002661P0003426
-0.529598392;                                                    0002661P0003427
110,0.805339572,0.88024,-0.529598392,0.805339572,0.88524,        0002663P0003428
-0.529598392;                                                    0002663P0003429
110,0.805339572,0.88524,-0.529598392,0.805339572,0.88524,        0002665P0003430
-0.590852505;                                                    0002665P0003431
110,0.805339572,0.88524,-0.590852505,0.805339572,0.88024,        0002667P0003432
-0.590852505;                                                    0002667P0003433
144,2671,1,0,2673;                                               0002669P0003434
108,-0.444321031,-0.,0.895867636,-0.832279368,0,0.805339572,     0002671P0003435
0.88524,-0.529598392,0.;                                         0002671P0003436
142,0,2671,0,2675,2;                                             0002673P0003437
102,4,2677,2679,2681,2683;                                       0002675P0003438
110,0.805339572,0.88024,-0.529598392,0.905114776,0.88024,        0002677P0003439
-0.480113155;                                                    0002677P0003440
110,0.905114776,0.88024,-0.480113155,0.905114776,0.88524,        0002679P0003441
-0.480113155;                                                    0002679P0003442
110,0.905114776,0.88524,-0.480113155,0.805339572,0.88524,        0002681P0003443
-0.529598392;                                                    0002681P0003444
110,0.805339572,0.88524,-0.529598392,0.805339572,0.88024,        0002683P0003445
-0.529598392;                                                    0002683P0003446
144,2687,1,0,2689;                                               0002685P0003447
108,5.375259207E-02,-0.,-0.998554284,0.528071314,0,0.905114776,  0002687P0003448
0.88524,-0.480113155,0.;                                         0002687P0003449
142,0,2687,0,2691,2;                                             0002689P0003450
102,4,2693,2695,2697,2699;                                       0002691P0003451
110,0.905114776,0.88024,-0.480113155,0.805339572,0.88024,        0002693P0003452
-0.485484096;                                                    0002693P0003453
110,0.805339572,0.88024,-0.485484096,0.805339572,0.88524,        0002695P0003454
-0.485484096;                                                    0002695P0003455
110,0.805339572,0.88524,-0.485484096,0.905114776,0.88524,        0002697P0003456
-0.480113155;                                                    0002697P0003457
110,0.905114776,0.88524,-0.480113155,0.905114776,0.88024,        0002699P0003458
-0.480113155;                                                    0002699P0003459
144,2703,1,0,2705;                                               0002701P0003460
108,-1.,0.,-0.,-0.805339572,0,0.805339572,0.88524,-0.485484096,  0002703P0003461
0.;                                                              0002703P0003462
142,0,2703,0,2707,2;                                             0002705P0003463
102,4,2709,2711,2713,2715;                                       0002707P0003464
110,0.805339572,0.88024,-0.485484096,0.805339572,0.88024,        0002709P0003465
-0.426007661;                                                    0002709P0003466
110,0.805339572,0.88024,-0.426007661,0.805339572,0.88524,        0002711P0003467
-0.426007661;                                                    0002711P0003468
110,0.805339572,0.88524,-0.426007661,0.805339572,0.88524,        0002713P0003469
-0.485484096;                                                    0002713P0003470
110,0.805339572,0.88524,-0.485484096,0.805339572,0.88024,        0002715P0003471
-0.485484096;                                                    0002715P0003472
144,2719,1,0,2721;                                               0002717P0003473
108,-0.276251758,-0.,0.961085307,-0.631906176,0,0.805339572,     0002719P0003474
0.88524,-0.426007661,0.;                                         0002719P0003475
142,0,2719,0,2723,2;                                             0002721P0003476
102,4,2725,2727,2729,2731;                                       0002723P0003477
110,0.805339572,0.88024,-0.426007661,0.918429519,0.88024,        0002725P0003478
-0.393501393;                                                    0002725P0003479
110,0.918429519,0.88024,-0.393501393,0.918429519,0.88524,        0002727P0003480
-0.393501393;                                                    0002727P0003481
110,0.918429519,0.88524,-0.393501393,0.805339572,0.88524,        0002729P0003482
-0.426007661;                                                    0002729P0003483
110,0.805339572,0.88524,-0.426007661,0.805339572,0.88024,        0002731P0003484
-0.426007661;                                                    0002731P0003485
144,2735,1,0,2737;                                               0002733P0003486
108,-1.,0.,-0.,-0.918429519,0,0.918429519,0.88524,-0.393501393,  0002735P0003487
0.;                                                              0002735P0003488
142,0,2735,0,2739,2;                                             0002737P0003489
102,4,2741,2743,2745,2747;                                       0002739P0003490
110,0.918429519,0.88024,-0.393501393,0.918429519,0.88024,        0002741P0003491
-0.316081372;                                                    0002741P0003492
110,0.918429519,0.88024,-0.316081372,0.918429519,0.88524,        0002743P0003493
-0.316081372;                                                    0002743P0003494
110,0.918429519,0.88524,-0.316081372,0.918429519,0.88524,        0002745P0003495
-0.393501393;                                                    0002745P0003496
110,0.918429519,0.88524,-0.393501393,0.918429519,0.88024,        0002747P0003497
-0.393501393;                                                    0002747P0003498
144,2751,1,0,2753;                                               0002749P0003499
108,0.274021777,-0.,-0.961723487,0.555652568,0,0.918429519,      0002751P0003500
0.88524,-0.316081372,0.;                                         0002751P0003501
142,0,2751,0,2755,2;                                             0002753P0003502
102,4,2757,2759,2761,2763;                                       0002755P0003503
110,0.918429519,0.88024,-0.316081372,0.883718457,0.88024,        0002757P0003504
-0.325971519;                                                    0002757P0003505
110,0.883718457,0.88024,-0.325971519,0.883718457,0.88524,        0002759P0003506
-0.325971519;                                                    0002759P0003507
110,0.883718457,0.88524,-0.325971519,0.918429519,0.88524,        0002761P0003508
-0.316081372;                                                    0002761P0003509
110,0.918429519,0.88524,-0.316081372,0.918429519,0.88024,        0002763P0003510
-0.316081372;                                                    0002763P0003511
144,2767,1,0,2769;                                               0002765P0003512
108,1.,-0.,-0.,0.883718457,0,0.883718457,0.88524,-0.325971519,   0002767P0003513
0.;                                                              0002767P0003514
142,0,2767,0,2771,2;                                             0002769P0003515
102,4,2773,2775,2777,2779;                                       0002771P0003516
110,0.883718457,0.88024,-0.325971519,0.883718457,0.88024,        0002773P0003517
-0.385906915;                                                    0002773P0003518
110,0.883718457,0.88024,-0.385906915,0.883718457,0.88524,        0002775P0003519
-0.385906915;                                                    0002775P0003520
110,0.883718457,0.88524,-0.385906915,0.883718457,0.88524,        0002777P0003521
-0.325971519;                                                    0002777P0003522
110,0.883718457,0.88524,-0.325971519,0.883718457,0.88024,        0002779P0003523
-0.325971519;                                                    0002779P0003524
144,2783,1,0,2785;                                               0002781P0003525
108,0.27464593,-0.,-0.961545429,0.613776708,0,0.883718457,       0002783P0003526
0.88524,-0.385906915,0.;                                         0002783P0003527
142,0,2783,0,2787,2;                                             0002785P0003528
102,4,2789,2791,2793,2795;                                       0002787P0003529
110,0.883718457,0.88024,-0.385906915,0.857900035,0.88024,        0002789P0003530
-0.393281423;                                                    0002789P0003531
110,0.857900035,0.88024,-0.393281423,0.857900035,0.88524,        0002791P0003532
-0.393281423;                                                    0002791P0003533
110,0.857900035,0.88524,-0.393281423,0.883718457,0.88524,        0002793P0003534
-0.385906915;                                                    0002793P0003535
110,0.883718457,0.88524,-0.385906915,0.883718457,0.88024,        0002795P0003536
-0.385906915;                                                    0002795P0003537
144,2799,1,0,2801;                                               0002797P0003538
108,-1.,0.,-0.,-0.857900035,0,0.857900035,0.88524,-0.393281423,  0002799P0003539
0.;                                                              0002799P0003540
142,0,2799,0,2803,2;                                             0002801P0003541
102,4,2805,2807,2809,2811;                                       0002803P0003542
110,0.857900035,0.88024,-0.393281423,0.857900035,0.88024,        0002805P0003543
-0.333337534;                                                    0002805P0003544
110,0.857900035,0.88024,-0.333337534,0.857900035,0.88524,        0002807P0003545
-0.333337534;                                                    0002807P0003546
110,0.857900035,0.88524,-0.333337534,0.857900035,0.88524,        0002809P0003547
-0.393281423;                                                    0002809P0003548
110,0.857900035,0.88524,-0.393281423,0.857900035,0.88024,        0002811P0003549
-0.393281423;                                                    0002811P0003550
144,2815,1,0,2817;                                               0002813P0003551
108,0.279394794,-0.,-0.960176311,0.559755608,0,0.857900035,      0002815P0003552
0.88524,-0.333337534,0.;                                         0002815P0003553
142,0,2815,0,2819,2;                                             0002817P0003554
102,4,2821,2823,2825,2827;                                       0002819P0003555
110,0.857900035,0.88024,-0.333337534,0.831923217,0.88024,        0002821P0003556
-0.340896342;                                                    0002821P0003557
110,0.831923217,0.88024,-0.340896342,0.831923217,0.88524,        0002823P0003558
-0.340896342;                                                    0002823P0003559
110,0.831923217,0.88524,-0.340896342,0.857900035,0.88524,        0002825P0003560
-0.333337534;                                                    0002825P0003561
110,0.857900035,0.88524,-0.333337534,0.857900035,0.88024,        0002827P0003562
-0.333337534;                                                    0002827P0003563
144,2831,1,0,2833;                                               0002829P0003564
108,1.,-0.,-0.,0.831923217,0,0.831923217,0.88524,-0.340896342,   0002831P0003565
0.;                                                              0002831P0003566
142,0,2831,0,2835,2;                                             0002833P0003567
102,4,2837,2839,2841,2843;                                       0002835P0003568
110,0.831923217,0.88024,-0.340896342,0.831923217,0.88024,        0002837P0003569
-0.40452706;                                                     0002837P0003570
110,0.831923217,0.88024,-0.40452706,0.831923217,0.88524,         0002839P0003571
-0.40452706;                                                     0002839P0003572
110,0.831923217,0.88524,-0.40452706,0.831923217,0.88524,         0002841P0003573
-0.340896342;                                                    0002841P0003574
110,0.831923217,0.88524,-0.340896342,0.831923217,0.88024,        0002843P0003575
-0.340896342;                                                    0002843P0003576
144,2847,1,0,2849;                                               0002845P0003577
108,0.273214882,-0.,-0.961953028,0.616429834,0,0.831923217,      0002847P0003578
0.88524,-0.40452706,0.;                                          0002847P0003579
142,0,2847,0,2851,2;                                             0002849P0003580
102,4,2853,2855,2857,2859;                                       0002851P0003581
110,0.831923217,0.88024,-0.40452706,0.805339572,0.88024,         0002853P0003582
-0.412077374;                                                    0002853P0003583
110,0.805339572,0.88024,-0.412077374,0.805339572,0.88524,        0002855P0003584
-0.412077374;                                                    0002855P0003585
110,0.805339572,0.88524,-0.412077374,0.831923217,0.88524,        0002857P0003586
-0.40452706;                                                     0002857P0003587
110,0.831923217,0.88524,-0.40452706,0.831923217,0.88024,         0002859P0003588
-0.40452706;                                                     0002859P0003589
144,2863,1,0,2865;                                               0002861P0003590
108,-1.,0.,-0.,-0.805339572,0,0.805339572,0.88524,-0.412077374,  0002863P0003591
0.;                                                              0002863P0003592
142,0,2863,0,2867,2;                                             0002865P0003593
102,4,2869,2871,2873,2875;                                       0002867P0003594
110,0.805339572,0.88024,-0.412077374,0.805339572,0.88024,        0002869P0003595
-0.30890093;                                                     0002869P0003596
110,0.805339572,0.88024,-0.30890093,0.805339572,0.88524,         0002871P0003597
-0.30890093;                                                     0002871P0003598
110,0.805339572,0.88524,-0.30890093,0.805339572,0.88524,         0002873P0003599
-0.412077374;                                                    0002873P0003600
110,0.805339572,0.88524,-0.412077374,0.805339572,0.88024,        0002875P0003601
-0.412077374;                                                    0002875P0003602
144,2879,1,0,2881;                                               0002877P0003603
108,-0.276537975,-0.,0.961002991,-0.519561692,0,0.805339572,     0002879P0003604
0.88524,-0.30890093,0.;                                          0002879P0003605
142,0,2879,0,2883,2;                                             0002881P0003606
102,4,2885,2887,2889,2891;                                       0002883P0003607
110,0.805339572,0.88024,-0.30890093,0.945,0.88024,-0.268712281;  0002885P0003608
110,0.945,0.88024,-0.268712281,0.945,0.88524,-0.268712281;       0002887P0003609
110,0.945,0.88524,-0.268712281,0.805339572,0.88524,-0.30890093;  0002889P0003610
110,0.805339572,0.88524,-0.30890093,0.805339572,0.88024,         0002891P0003611
-0.30890093;                                                     0002891P0003612
144,2895,1,0,2897;                                               0002893P0003613
108,1.,-0.,-0.,0.945,0,0.945,0.88524,-0.394310355,0.;            0002895P0003614
142,0,2895,0,2899,2;                                             0002897P0003615
102,4,2901,2903,2905,2907;                                       0002899P0003616
110,0.945,0.88024,-0.268712281,0.945,0.88024,-0.419169488;       0002901P0003617
110,0.945,0.88024,-0.419169488,0.945,0.88524,-0.419169488;       0002903P0003618
110,0.945,0.88524,-0.419169488,0.945,0.88524,-0.268712281;       0002905P0003619
110,0.945,0.88524,-0.268712281,0.945,0.88024,-0.268712281;       0002907P0003620
144,2911,1,0,2913;                                               0002909P0003621
108,0.275978237,-0.,-0.961163885,0.663690007,0,0.945,0.88524,    0002911P0003622
-0.419169488,0.;                                                 0002911P0003623
142,0,2911,0,2915,2;                                             0002913P0003624
102,4,2917,2919,2921,2923;                                       0002915P0003625
110,0.945,0.88024,-0.419169488,0.820663992,0.88024,-0.454869989; 0002917P0003626
110,0.820663992,0.88024,-0.454869989,0.820663992,0.88524,        0002919P0003627
-0.454869989;                                                    0002919P0003628
110,0.820663992,0.88524,-0.454869989,0.945,0.88524,-0.419169488; 0002921P0003629
110,0.945,0.88524,-0.419169488,0.945,0.88024,-0.419169488;       0002923P0003630
144,2927,1,0,2929;                                               0002925P0003631
108,-5.596501978E-02,-0.,0.99843273,-0.500085562,0,0.820663992,  0002927P0003632
0.88524,-0.454869989,0.;                                         0002927P0003633
142,0,2927,0,2931,2;                                             0002929P0003634
102,4,2933,2935,2937,2939;                                       0002931P0003635
110,0.820663992,0.88024,-0.454869989,0.945,0.88024,-0.447900599; 0002933P0003636
110,0.945,0.88024,-0.447900599,0.945,0.88524,-0.447900599;       0002935P0003637
110,0.945,0.88524,-0.447900599,0.820663992,0.88524,-0.454869989; 0002937P0003638
110,0.820663992,0.88524,-0.454869989,0.820663992,0.88024,        0002939P0003639
-0.454869989;                                                    0002939P0003640
144,2943,1,0,2945;                                               0002941P0003641
108,1.,-0.,-0.,0.945,0,0.945,0.88524,-0.447900599,0.;            0002943P0003642
142,0,2943,0,2947,2;                                             0002945P0003643
102,4,2949,2951,2953,2955;                                       0002947P0003644
110,0.945,0.88024,-0.447900599,0.945,0.88024,-0.48513282;        0002949P0003645
110,0.945,0.88024,-0.48513282,0.945,0.88524,-0.48513282;         0002951P0003646
110,0.945,0.88524,-0.48513282,0.945,0.88524,-0.447900599;        0002953P0003647
110,0.945,0.88524,-0.447900599,0.945,0.88024,-0.447900599;       0002955P0003648
144,2959,1,0,2961;                                               0002957P0003649
108,0.46684593,-0.,-0.884338667,0.870191116,0,0.945,0.88524,     0002959P0003650
-0.48513282,0.;                                                  0002959P0003651
142,0,2959,0,2963,2;                                             0002961P0003652
102,4,2965,2967,2969,2971;                                       0002963P0003653
110,0.945,0.88024,-0.48513282,0.820065233,0.88024,-0.551086385;  0002965P0003654
110,0.820065233,0.88024,-0.551086385,0.820065233,0.88524,        0002967P0003655
-0.551086385;                                                    0002967P0003656
110,0.820065233,0.88524,-0.551086385,0.945,0.88524,-0.48513282;  0002969P0003657
110,0.945,0.88524,-0.48513282,0.945,0.88024,-0.48513282;         0002971P0003658
144,2975,1,0,2977;                                               0002973P0003659
108,-0.276011882,-0.,0.961154223,-0.756026755,0,0.820065233,     0002975P0003660
0.88524,-0.551086385,0.;                                         0002975P0003661
142,0,2975,0,2979,2;                                             0002977P0003662
102,4,2981,2983,2985,2987;                                       0002979P0003663
110,0.820065233,0.88024,-0.551086385,0.945,0.88024,-0.515209229; 0002981P0003664
110,0.945,0.88024,-0.515209229,0.945,0.88524,-0.515209229;       0002983P0003665
110,0.945,0.88524,-0.515209229,0.820065233,0.88524,-0.551086385; 0002985P0003666
110,0.820065233,0.88524,-0.551086385,0.820065233,0.88024,        0002987P0003667
-0.551086385;                                                    0002987P0003668
144,2991,1,0,2993;                                               0002989P0003669
108,1.,-0.,-0.,0.945,0,0.945,0.88524,-0.515209229,0.;            0002991P0003670
142,0,2991,0,2995,2;                                             0002993P0003671
102,4,2997,2999,3001,3003;                                       0002995P0003672
110,0.945,0.88024,-0.515209229,0.945,0.88024,-0.550699103;       0002997P0003673
110,0.945,0.88024,-0.550699103,0.945,0.88524,-0.550699103;       0002999P0003674
110,0.945,0.88524,-0.550699103,0.945,0.88524,-0.515209229;       0003001P0003675
110,0.945,0.88524,-0.515209229,0.945,0.88024,-0.515209229;       0003003P0003676
144,3007,1,0,3009;                                               0003005P0003677
108,0.27631397,-0.,-0.961067422,0.790375669,0,0.945,0.88524,     0003007P0003678
-0.550699103,0.;                                                 0003007P0003679
142,0,3007,0,3011,2;                                             0003009P0003680
102,4,3013,3015,3017,3019;                                       0003011P0003681
110,0.945,0.88024,-0.550699103,0.805339572,0.88024,-0.590852505; 0003013P0003682
110,0.805339572,0.88024,-0.590852505,0.805339572,0.88524,        0003015P0003683
-0.590852505;                                                    0003015P0003684
110,0.805339572,0.88524,-0.590852505,0.945,0.88524,-0.550699103; 0003017P0003685
110,0.945,0.88524,-0.550699103,0.945,0.88024,-0.550699103;       0003019P0003686
144,3023,1,0,3025;                                               0003021P0003687
108,-0.,1.,-0.,0.88524,0,7.753220358E-03,0.88524,                0003023P0003688
2.149546055E-03,0.;                                              0003023P0003689
142,0,3023,0,3027,2;                                             0003025P0003690
102,23,3029,3031,3033,3035,3037,3039,3041,3043,3045,3047,3049,   0003027P0003691
3051,3053,3055,3057,3059,3061,3063,3065,3067,3069,3071,3073;     0003027P0003692
110,0.805339572,0.88524,-0.590852505,0.805339572,0.88524,        0003029P0003693
-0.529598392;                                                    0003029P0003694
110,0.805339572,0.88524,-0.529598392,0.905114776,0.88524,        0003031P0003695
-0.480113155;                                                    0003031P0003696
110,0.905114776,0.88524,-0.480113155,0.805339572,0.88524,        0003033P0003697
-0.485484096;                                                    0003033P0003698
110,0.805339572,0.88524,-0.485484096,0.805339572,0.88524,        0003035P0003699
-0.426007661;                                                    0003035P0003700
110,0.805339572,0.88524,-0.426007661,0.918429519,0.88524,        0003037P0003701
-0.393501393;                                                    0003037P0003702
110,0.918429519,0.88524,-0.393501393,0.918429519,0.88524,        0003039P0003703
-0.316081372;                                                    0003039P0003704
110,0.918429519,0.88524,-0.316081372,0.883718457,0.88524,        0003041P0003705
-0.325971519;                                                    0003041P0003706
110,0.883718457,0.88524,-0.325971519,0.883718457,0.88524,        0003043P0003707
-0.385906915;                                                    0003043P0003708
110,0.883718457,0.88524,-0.385906915,0.857900035,0.88524,        0003045P0003709
-0.393281423;                                                    0003045P0003710
110,0.857900035,0.88524,-0.393281423,0.857900035,0.88524,        0003047P0003711
-0.333337534;                                                    0003047P0003712
110,0.857900035,0.88524,-0.333337534,0.831923217,0.88524,        0003049P0003713
-0.340896342;                                                    0003049P0003714
110,0.831923217,0.88524,-0.340896342,0.831923217,0.88524,        0003051P0003715
-0.40452706;                                                     0003051P0003716
110,0.831923217,0.88524,-0.40452706,0.805339572,0.88524,         0003053P0003717
-0.412077374;                                                    0003053P0003718
110,0.805339572,0.88524,-0.412077374,0.805339572,0.88524,        0003055P0003719
-0.30890093;                                                     0003055P0003720
110,0.805339572,0.88524,-0.30890093,0.945,0.88524,-0.268712281;  0003057P0003721
110,0.945,0.88524,-0.268712281,0.945,0.88524,-0.419169488;       0003059P0003722
110,0.945,0.88524,-0.419169488,0.820663992,0.88524,-0.454869989; 0003061P0003723
110,0.820663992,0.88524,-0.454869989,0.945,0.88524,-0.447900599; 0003063P0003724
110,0.945,0.88524,-0.447900599,0.945,0.88524,-0.48513282;        0003065P0003725
110,0.945,0.88524,-0.48513282,0.820065233,0.88524,-0.551086385;  0003067P0003726
110,0.820065233,0.88524,-0.551086385,0.945,0.88524,-0.515209229; 0003069P0003727
110,0.945,0.88524,-0.515209229,0.945,0.88524,-0.550699103;       0003071P0003728
110,0.945,0.88524,-0.550699103,0.805339572,0.88524,-0.590852505; 0003073P0003729
144,3077,1,0,3079;                                               0003075P0003730
108,0.,-1.,0.,-0.88024,0,7.753220358E-03,0.88024,                0003077P0003731
2.149546055E-03,0.;                                              0003077P0003732
142,0,3077,0,3081,2;                                             0003079P0003733
102,23,3083,3085,3087,3089,3091,3093,3095,3097,3099,3101,3103,   0003081P0003734
3105,3107,3109,3111,3113,3115,3117,3119,3121,3123,3125,3127;     0003081P0003735
110,0.805339572,0.88024,-0.529598392,0.805339572,0.88024,        0003083P0003736
-0.590852505;                                                    0003083P0003737
110,0.805339572,0.88024,-0.590852505,0.945,0.88024,-0.550699103; 0003085P0003738
110,0.945,0.88024,-0.550699103,0.945,0.88024,-0.515209229;       0003087P0003739
110,0.945,0.88024,-0.515209229,0.820065233,0.88024,-0.551086385; 0003089P0003740
110,0.820065233,0.88024,-0.551086385,0.945,0.88024,-0.48513282;  0003091P0003741
110,0.945,0.88024,-0.48513282,0.945,0.88024,-0.447900599;        0003093P0003742
110,0.945,0.88024,-0.447900599,0.820663992,0.88024,-0.454869989; 0003095P0003743
110,0.820663992,0.88024,-0.454869989,0.945,0.88024,-0.419169488; 0003097P0003744
110,0.945,0.88024,-0.419169488,0.945,0.88024,-0.268712281;       0003099P0003745
110,0.945,0.88024,-0.268712281,0.805339572,0.88024,-0.30890093;  0003101P0003746
110,0.805339572,0.88024,-0.30890093,0.805339572,0.88024,         0003103P0003747
-0.412077374;                                                    0003103P0003748
110,0.805339572,0.88024,-0.412077374,0.831923217,0.88024,        0003105P0003749
-0.40452706;                                                     0003105P0003750
110,0.831923217,0.88024,-0.40452706,0.831923217,0.88024,         0003107P0003751
-0.340896342;                                                    0003107P0003752
110,0.831923217,0.88024,-0.340896342,0.857900035,0.88024,        0003109P0003753
-0.333337534;                                                    0003109P0003754
110,0.857900035,0.88024,-0.333337534,0.857900035,0.88024,        0003111P0003755
-0.393281423;                                                    0003111P0003756
110,0.857900035,0.88024,-0.393281423,0.883718457,0.88024,        0003113P0003757
-0.385906915;                                                    0003113P0003758
110,0.883718457,0.88024,-0.385906915,0.883718457,0.88024,        0003115P0003759
-0.325971519;                                                    0003115P0003760
110,0.883718457,0.88024,-0.325971519,0.918429519,0.88024,        0003117P0003761
-0.316081372;                                                    0003117P0003762
110,0.918429519,0.88024,-0.316081372,0.918429519,0.88024,        0003119P0003763
-0.393501393;                                                    0003119P0003764
110,0.918429519,0.88024,-0.393501393,0.805339572,0.88024,        0003121P0003765
-0.426007661;                                                    0003121P0003766
110,0.805339572,0.88024,-0.426007661,0.805339572,0.88024,        0003123P0003767
-0.485484096;                                                    0003123P0003768
110,0.805339572,0.88024,-0.485484096,0.905114776,0.88024,        0003125P0003769
-0.480113155;                                                    0003125P0003770
110,0.905114776,0.88024,-0.480113155,0.805339572,0.88024,        0003127P0003771
-0.529598392;                                                    0003127P0003772
402,13,3131,3147,3163,3179,3195,3211,3227,3243,3259,3275,3291,   0003129P0003773
3307,3337;                                                       0003129P0003774
144,3133,1,0,3135;                                               0003131P0003775
108,-0.276203301,-0.,0.961099233,-0.375142653,0,0.945,0.88524,   0003133P0003776
-0.11875,0.;                                                     0003133P0003777
142,0,3133,0,3137,2;                                             0003135P0003778
102,4,3139,3141,3143,3145;                                       0003137P0003779
110,0.805339572,0.88024,-0.158885992,0.945,0.88024,-0.11875;     0003139P0003780
110,0.945,0.88024,-0.11875,0.945,0.88524,-0.11875;               0003141P0003781
110,0.945,0.88524,-0.11875,0.805339572,0.88524,-0.158885992;     0003143P0003782
110,0.805339572,0.88524,-0.158885992,0.805339572,0.88024,        0003145P0003783
-0.158885992;                                                    0003145P0003784
144,3149,1,0,3151;                                               0003147P0003785
108,1.,-0.,5.943634068E-14,0.945,0,0.945,0.88524,-0.158463038,   0003149P0003786
0.;                                                              0003149P0003787
142,0,3149,0,3153,2;                                             0003151P0003788
102,4,3155,3157,3159,3161;                                       0003153P0003789
110,0.945,0.88024,-0.11875,0.945,0.88024,-0.158463038;           0003155P0003790
110,0.945,0.88024,-0.158463038,0.945,0.88524,-0.158463038;       0003157P0003791
110,0.945,0.88524,-0.158463038,0.945,0.88524,-0.11875;           0003159P0003792
110,0.945,0.88524,-0.11875,0.945,0.88024,-0.11875;               0003161P0003793
144,3165,1,0,3167;                                               0003163P0003794
108,0.275526577,-0.,-0.961293454,0.412702097,0,0.869168178,      0003165P0003795
0.88524,-0.180198006,0.;                                         0003165P0003796
142,0,3165,0,3169,2;                                             0003167P0003797
102,4,3171,3173,3175,3177;                                       0003169P0003798
110,0.945,0.88024,-0.158463038,0.869168178,0.88024,-0.180198006; 0003171P0003799
110,0.869168178,0.88024,-0.180198006,0.869168178,0.88524,        0003173P0003800
-0.180198006;                                                    0003173P0003801
110,0.869168178,0.88524,-0.180198006,0.945,0.88524,-0.158463038; 0003175P0003802
110,0.945,0.88524,-0.158463038,0.945,0.88024,-0.158463038;       0003177P0003803
144,3181,1,0,3183;                                               0003179P0003804
108,0.372507738,-0.,0.928029086,0.156542881,0,0.945,0.88524,     0003181P0003805
-0.210636643,0.;                                                 0003181P0003806
142,0,3181,0,3185,2;                                             0003183P0003807
102,4,3187,3189,3191,3193;                                       0003185P0003808
110,0.869168178,0.88024,-0.180198006,0.945,0.88024,-0.210636643; 0003187P0003809
110,0.945,0.88024,-0.210636643,0.945,0.88524,-0.210636643;       0003189P0003810
110,0.945,0.88524,-0.210636643,0.869168178,0.88524,-0.180198006; 0003191P0003811
110,0.869168178,0.88524,-0.180198006,0.869168178,0.88024,        0003193P0003812
-0.180198006;                                                    0003193P0003813
144,3197,1,0,3199;                                               0003195P0003814
108,1.,-0.,-0.,0.945,0,0.945,0.88524,-0.253130728,0.;            0003197P0003815
142,0,3197,0,3201,2;                                             0003199P0003816
102,4,3203,3205,3207,3209;                                       0003201P0003817
110,0.945,0.88024,-0.210636643,0.945,0.88024,-0.253130728;       0003203P0003818
110,0.945,0.88024,-0.253130728,0.945,0.88524,-0.253130728;       0003205P0003819
110,0.945,0.88524,-0.253130728,0.945,0.88524,-0.210636643;       0003207P0003820
110,0.945,0.88524,-0.210636643,0.945,0.88024,-0.210636643;       0003209P0003821
144,3213,1,0,3215;                                               0003211P0003822
108,-0.382914032,-0.,-0.923783981,-0.128015648,0,0.869168178,    0003213P0003823
0.88524,-0.221697981,0.;                                         0003213P0003824
142,0,3213,0,3217,2;                                             0003215P0003825
102,4,3219,3221,3223,3225;                                       0003217P0003826
110,0.945,0.88024,-0.253130728,0.869168178,0.88024,-0.221697981; 0003219P0003827
110,0.869168178,0.88024,-0.221697981,0.869168178,0.88524,        0003221P0003828
-0.221697981;                                                    0003221P0003829
110,0.869168178,0.88524,-0.221697981,0.945,0.88524,-0.253130728; 0003223P0003830
110,0.945,0.88524,-0.253130728,0.945,0.88024,-0.253130728;       0003225P0003831
144,3229,1,0,3231;                                               0003227P0003832
108,0.714569559,-0.,-0.699564397,0.776173136,0,0.805339572,      0003229P0003833
0.88524,-0.286895665,0.;                                         0003229P0003834
142,0,3229,0,3233,2;                                             0003231P0003835
102,4,3235,3237,3239,3241;                                       0003233P0003836
110,0.869168178,0.88024,-0.221697981,0.805339572,0.88024,        0003235P0003837
-0.286895665;                                                    0003235P0003838
110,0.805339572,0.88024,-0.286895665,0.805339572,0.88524,        0003237P0003839
-0.286895665;                                                    0003237P0003840
110,0.805339572,0.88524,-0.286895665,0.869168178,0.88524,        0003239P0003841
-0.221697981;                                                    0003239P0003842
110,0.869168178,0.88524,-0.221697981,0.869168178,0.88024,        0003241P0003843
-0.221697981;                                                    0003241P0003844
144,3245,1,0,3247;                                               0003243P0003845
108,-1.,0.,-0.,-0.805339572,0,0.805339572,0.88524,-0.240934721,  0003245P0003846
0.;                                                              0003245P0003847
142,0,3245,0,3249,2;                                             0003247P0003848
102,4,3251,3253,3255,3257;                                       0003249P0003849
110,0.805339572,0.88024,-0.286895665,0.805339572,0.88024,        0003251P0003850
-0.240934721;                                                    0003251P0003851
110,0.805339572,0.88024,-0.240934721,0.805339572,0.88524,        0003253P0003852
-0.240934721;                                                    0003253P0003853
110,0.805339572,0.88524,-0.240934721,0.805339572,0.88524,        0003255P0003854
-0.286895665;                                                    0003255P0003855
110,0.805339572,0.88524,-0.286895665,0.805339572,0.88024,        0003257P0003856
-0.286895665;                                                    0003257P0003857
144,3261,1,0,3263;                                               0003259P0003858
108,-0.705903766,-0.,0.708307753,-0.739148167,0,0.864896178,     0003261P0003859
0.88524,-0.181580249,0.;                                         0003261P0003860
142,0,3261,0,3265,2;                                             0003263P0003861
102,4,3267,3269,3271,3273;                                       0003265P0003862
110,0.805339572,0.88024,-0.240934721,0.864896178,0.88024,        0003267P0003863
-0.181580249;                                                    0003267P0003864
110,0.864896178,0.88024,-0.181580249,0.864896178,0.88524,        0003269P0003865
-0.181580249;                                                    0003269P0003866
110,0.864896178,0.88524,-0.181580249,0.805339572,0.88524,        0003271P0003867
-0.240934721;                                                    0003271P0003868
110,0.805339572,0.88524,-0.240934721,0.805339572,0.88024,        0003273P0003869
-0.240934721;                                                    0003273P0003870
144,3277,1,0,3279;                                               0003275P0003871
108,0.275552063,-0.,-0.961286149,0.412874505,0,0.805339572,      0003277P0003872
0.88524,-0.198652112,0.;                                         0003277P0003873
142,0,3277,0,3281,2;                                             0003279P0003874
102,4,3283,3285,3287,3289;                                       0003281P0003875
110,0.864896178,0.88024,-0.181580249,0.805339572,0.88024,        0003283P0003876
-0.198652112;                                                    0003283P0003877
110,0.805339572,0.88024,-0.198652112,0.805339572,0.88524,        0003285P0003878
-0.198652112;                                                    0003285P0003879
110,0.805339572,0.88524,-0.198652112,0.864896178,0.88524,        0003287P0003880
-0.181580249;                                                    0003287P0003881
110,0.864896178,0.88524,-0.181580249,0.864896178,0.88024,        0003289P0003882
-0.181580249;                                                    0003289P0003883
144,3293,1,0,3295;                                               0003291P0003884
108,-1.,0.,-0.,-0.805339572,0,0.805339572,0.88524,-0.158885992,  0003293P0003885
0.;                                                              0003293P0003886
142,0,3293,0,3297,2;                                             0003295P0003887
102,4,3299,3301,3303,3305;                                       0003297P0003888
110,0.805339572,0.88024,-0.198652112,0.805339572,0.88024,        0003299P0003889
-0.158885992;                                                    0003299P0003890
110,0.805339572,0.88024,-0.158885992,0.805339572,0.88524,        0003301P0003891
-0.158885992;                                                    0003301P0003892
110,0.805339572,0.88524,-0.158885992,0.805339572,0.88524,        0003303P0003893
-0.198652112;                                                    0003303P0003894
110,0.805339572,0.88524,-0.198652112,0.805339572,0.88024,        0003305P0003895
-0.198652112;                                                    0003305P0003896
144,3309,1,0,3311;                                               0003307P0003897
108,-0.,1.,-0.,0.88524,0,7.753220358E-03,0.88524,                0003309P0003898
2.149546055E-03,0.;                                              0003309P0003899
142,0,3309,0,3313,2;                                             0003311P0003900
102,11,3315,3317,3319,3321,3323,3325,3327,3329,3331,3333,3335;   0003313P0003901
110,0.805339572,0.88524,-0.158885992,0.945,0.88524,-0.11875;     0003315P0003902
110,0.945,0.88524,-0.11875,0.945,0.88524,-0.158463038;           0003317P0003903
110,0.945,0.88524,-0.158463038,0.869168178,0.88524,-0.180198006; 0003319P0003904
110,0.869168178,0.88524,-0.180198006,0.945,0.88524,-0.210636643; 0003321P0003905
110,0.945,0.88524,-0.210636643,0.945,0.88524,-0.253130728;       0003323P0003906
110,0.945,0.88524,-0.253130728,0.869168178,0.88524,-0.221697981; 0003325P0003907
110,0.869168178,0.88524,-0.221697981,0.805339572,0.88524,        0003327P0003908
-0.286895665;                                                    0003327P0003909
110,0.805339572,0.88524,-0.286895665,0.805339572,0.88524,        0003329P0003910
-0.240934721;                                                    0003329P0003911
110,0.805339572,0.88524,-0.240934721,0.864896178,0.88524,        0003331P0003912
-0.181580249;                                                    0003331P0003913
110,0.864896178,0.88524,-0.181580249,0.805339572,0.88524,        0003333P0003914
-0.198652112;                                                    0003333P0003915
110,0.805339572,0.88524,-0.198652112,0.805339572,0.88524,        0003335P0003916
-0.158885992;                                                    0003335P0003917
144,3339,1,0,3341;                                               0003337P0003918
108,0.,-1.,0.,-0.88024,0,7.753220358E-03,0.88024,                0003339P0003919
2.149546055E-03,0.;                                              0003339P0003920
142,0,3339,0,3343,2;                                             0003341P0003921
102,11,3345,3347,3349,3351,3353,3355,3357,3359,3361,3363,3365;   0003343P0003922
110,0.945,0.88024,-0.11875,0.805339572,0.88024,-0.158885992;     0003345P0003923
110,0.805339572,0.88024,-0.158885992,0.805339572,0.88024,        0003347P0003924
-0.198652112;                                                    0003347P0003925
110,0.805339572,0.88024,-0.198652112,0.864896178,0.88024,        0003349P0003926
-0.181580249;                                                    0003349P0003927
110,0.864896178,0.88024,-0.181580249,0.805339572,0.88024,        0003351P0003928
-0.240934721;                                                    0003351P0003929
110,0.805339572,0.88024,-0.240934721,0.805339572,0.88024,        0003353P0003930
-0.286895665;                                                    0003353P0003931
110,0.805339572,0.88024,-0.286895665,0.869168178,0.88024,        0003355P0003932
-0.221697981;                                                    0003355P0003933
110,0.869168178,0.88024,-0.221697981,0.945,0.88024,-0.253130728; 0003357P0003934
110,0.945,0.88024,-0.253130728,0.945,0.88024,-0.210636643;       0003359P0003935
110,0.945,0.88024,-0.210636643,0.869168178,0.88024,-0.180198006; 0003361P0003936
110,0.869168178,0.88024,-0.180198006,0.945,0.88024,-0.158463038; 0003363P0003937
110,0.945,0.88024,-0.158463038,0.945,0.88024,-0.11875;           0003365P0003938
314,79.215686746,81.960782692,93.333334295,15HLIGHTSTEELBLUE2;   0003367P0003939
314,76.862746885,76.862746885,76.862746885,6HGRAY77;             0003369P0003940
314,64.70588277,51.764706598,0.,13HDARKGOLDENROD;                0003371P0003941
406,1,34HCCS_CCSTD_0603_L1.75W0.95T0.9B0.35;                     0003373P0003942
S      1G      4D   3374P   3942                                        T0000001
