                                                                        S0000001
,,31HOpen CASCADE IGES processor 7.7,13HFilename.iges,                  G0000001
16HOpen CASCADE 7.7,31HOpen CASCADE IGES processor 7.7,32,308,15,308,15,G0000002
,1.,2,2HMM,1,0.01,15H20260405.192729,1E-07,1.5,6HSYSTEM,,11,0,          G0000003
15H20260405.192729,;                                                    G0000004
     402       1       0       0       0       0       0       000000000D0000001
     402       0       0       2       1                DRC0010J        D0000002
     402       3       0       0       0       0       0       000020000D0000003
     402       0       0       6       1                BODY-SON        D0000004
     144       9       0       0       0       0       0       000020000D0000005
     144       0   -3699       1       0                               0D0000006
     108      10       0       0       0       0       0       000010000D0000007
     108       0       0       1       0                               0D0000008
     142      11       0       0       0       0       0       000010500D0000009
     142       0       0       1       0                               0D0000010
     102      12       0       0       0       0       0       000010000D0000011
     102       0       0       2       0                               0D0000012
     110      14       0       0       0       0       0       000010000D0000013
     110       0       0       1       0                               0D0000014
     110      15       0       0       0       0       0       000010000D0000015
     110       0       0       1       0                               0D0000016
     110      16       0       0       0       0       0       000010000D0000017
     110       0       0       1       0                               0D0000018
     110      17       0       0       0       0       0       000010000D0000019
     110       0       0       1       0                               0D0000020
     110      18       0       0       0       0       0       000010000D0000021
     110       0       0       1       0                               0D0000022
     110      19       0       0       0       0       0       000010000D0000023
     110       0       0       1       0                               0D0000024
     110      20       0       0       0       0       0       000010000D0000025
     110       0       0       1       0                               0D0000026
     110      21       0       0       0       0       0       000010000D0000027
     110       0       0       1       0                               0D0000028
     110      22       0       0       0       0       0       000010000D0000029
     110       0       0       1       0                               0D0000030
     110      23       0       0       0       0       0       000010000D0000031
     110       0       0       1       0                               0D0000032
     100      24       0       0       0       0      35       000010000D0000033
     100       0       0       1       0                               0D0000034
     124      25       0       0       0       0       0       000000000D0000035
     124       0       0       1       0                               0D0000036
     110      26       0       0       0       0       0       000010000D0000037
     110       0       0       1       0                               0D0000038
     110      27       0       0       0       0       0       000010000D0000039
     110       0       0       1       0                               0D0000040
     110      28       0       0       0       0       0       000010000D0000041
     110       0       0       1       0                               0D0000042
     100      29       0       0       0       0      45       000010000D0000043
     100       0       0       1       0                               0D0000044
     124      30       0       0       0       0       0       000000000D0000045
     124       0       0       1       0                               0D0000046
     110      31       0       0       0       0       0       000010000D0000047
     110       0       0       1       0                               0D0000048
     110      32       0       0       0       0       0       000010000D0000049
     110       0       0       1       0                               0D0000050
     110      33       0       0       0       0       0       000010000D0000051
     110       0       0       1       0                               0D0000052
     100      34       0       0       0       0      55       000010000D0000053
     100       0       0       1       0                               0D0000054
     124      35       0       0       0       0       0       000000000D0000055
     124       0       0       1       0                               0D0000056
     110      36       0       0       0       0       0       000010000D0000057
     110       0       0       1       0                               0D0000058
     110      37       0       0       0       0       0       000010000D0000059
     110       0       0       1       0                               0D0000060
     110      38       0       0       0       0       0       000010000D0000061
     110       0       0       1       0                               0D0000062
     100      39       0       0       0       0      65       000010000D0000063
     100       0       0       1       0                               0D0000064
     124      40       0       0       0       0       0       000000000D0000065
     124       0       0       1       0                               0D0000066
     110      41       0       0       0       0       0       000010000D0000067
     110       0       0       1       0                               0D0000068
     110      42       0       0       0       0       0       000010000D0000069
     110       0       0       1       0                               0D0000070
     110      43       0       0       0       0       0       000010000D0000071
     110       0       0       1       0                               0D0000072
     100      44       0       0       0       0      75       000010000D0000073
     100       0       0       1       0                               0D0000074
     124      45       0       0       0       0       0       000000000D0000075
     124       0       0       1       0                               0D0000076
     110      46       0       0       0       0       0       000010000D0000077
     110       0       0       1       0                               0D0000078
     110      47       0       0       0       0       0       000010000D0000079
     110       0       0       1       0                               0D0000080
     144      48       0       0       0       0       0       000020000D0000081
     144       0   -3699       1       0                               0D0000082
     108      49       0       0       0       0       0       000010000D0000083
     108       0       0       1       0                               0D0000084
     142      50       0       0       0       0       0       000010500D0000085
     142       0       0       1       0                               0D0000086
     102      51       0       0       0       0       0       000010000D0000087
     102       0       0       1       0                               0D0000088
     110      52       0       0       0       0       0       000010000D0000089
     110       0       0       1       0                               0D0000090
     110      53       0       0       0       0       0       000010000D0000091
     110       0       0       1       0                               0D0000092
     110      54       0       0       0       0       0       000010000D0000093
     110       0       0       1       0                               0D0000094
     110      55       0       0       0       0       0       000010000D0000095
     110       0       0       1       0                               0D0000096
     144      56       0       0       0       0       0       000020000D0000097
     144       0   -3699       1       0                               0D0000098
     108      57       0       0       0       0       0       000010000D0000099
     108       0       0       1       0                               0D0000100
     142      58       0       0       0       0       0       000010500D0000101
     142       0       0       1       0                               0D0000102
     102      59       0       0       0       0       0       000010000D0000103
     102       0       0       2       0                               0D0000104
     110      61       0       0       0       0       0       000010000D0000105
     110       0       0       1       0                               0D0000106
     110      62       0       0       0       0       0       000010000D0000107
     110       0       0       1       0                               0D0000108
     110      63       0       0       0       0       0       000010000D0000109
     110       0       0       1       0                               0D0000110
     110      64       0       0       0       0       0       000010000D0000111
     110       0       0       1       0                               0D0000112
     110      65       0       0       0       0       0       000010000D0000113
     110       0       0       1       0                               0D0000114
     110      66       0       0       0       0       0       000010000D0000115
     110       0       0       1       0                               0D0000116
     110      67       0       0       0       0       0       000010000D0000117
     110       0       0       1       0                               0D0000118
     110      68       0       0       0       0       0       000010000D0000119
     110       0       0       1       0                               0D0000120
     100      69       0       0       0       0     123       000010000D0000121
     100       0       0       1       0                               0D0000122
     124      70       0       0       0       0       0       000000000D0000123
     124       0       0       1       0                               0D0000124
     110      71       0       0       0       0       0       000010000D0000125
     110       0       0       1       0                               0D0000126
     110      72       0       0       0       0       0       000010000D0000127
     110       0       0       1       0                               0D0000128
     110      73       0       0       0       0       0       000010000D0000129
     110       0       0       1       0                               0D0000130
     100      74       0       0       0       0     133       000010000D0000131
     100       0       0       1       0                               0D0000132
     124      75       0       0       0       0       0       000000000D0000133
     124       0       0       1       0                               0D0000134
     110      76       0       0       0       0       0       000010000D0000135
     110       0       0       1       0                               0D0000136
     110      77       0       0       0       0       0       000010000D0000137
     110       0       0       1       0                               0D0000138
     110      78       0       0       0       0       0       000010000D0000139
     110       0       0       1       0                               0D0000140
     100      79       0       0       0       0     143       000010000D0000141
     100       0       0       1       0                               0D0000142
     124      80       0       0       0       0       0       000000000D0000143
     124       0       0       1       0                               0D0000144
     110      81       0       0       0       0       0       000010000D0000145
     110       0       0       1       0                               0D0000146
     110      82       0       0       0       0       0       000010000D0000147
     110       0       0       1       0                               0D0000148
     110      83       0       0       0       0       0       000010000D0000149
     110       0       0       1       0                               0D0000150
     100      84       0       0       0       0     153       000010000D0000151
     100       0       0       1       0                               0D0000152
     124      85       0       0       0       0       0       000000000D0000153
     124       0       0       1       0                               0D0000154
     110      86       0       0       0       0       0       000010000D0000155
     110       0       0       1       0                               0D0000156
     110      87       0       0       0       0       0       000010000D0000157
     110       0       0       1       0                               0D0000158
     110      88       0       0       0       0       0       000010000D0000159
     110       0       0       1       0                               0D0000160
     100      89       0       0       0       0     163       000010000D0000161
     100       0       0       1       0                               0D0000162
     124      90       0       0       0       0       0       000000000D0000163
     124       0       0       1       0                               0D0000164
     110      91       0       0       0       0       0       000010000D0000165
     110       0       0       1       0                               0D0000166
     110      92       0       0       0       0       0       000010000D0000167
     110       0       0       1       0                               0D0000168
     110      93       0       0       0       0       0       000010000D0000169
     110       0       0       1       0                               0D0000170
     144      94       0       0       0       0       0       000020000D0000171
     144       0   -3699       1       0                               0D0000172
     108      95       0       0       0       0       0       000010000D0000173
     108       0       0       1       0                               0D0000174
     142      96       0       0       0       0       0       000010500D0000175
     142       0       0       1       0                               0D0000176
     102      97       0       0       0       0       0       000010000D0000177
     102       0       0       1       0                               0D0000178
     110      98       0       0       0       0       0       000010000D0000179
     110       0       0       1       0                               0D0000180
     110      99       0       0       0       0       0       000010000D0000181
     110       0       0       1       0                               0D0000182
     110     100       0       0       0       0       0       000010000D0000183
     110       0       0       1       0                               0D0000184
     110     101       0       0       0       0       0       000010000D0000185
     110       0       0       1       0                               0D0000186
     144     102       0       0       0       0       0       000020000D0000187
     144       0   -3699       1       0                               0D0000188
     108     103       0       0       0       0       0       000010000D0000189
     108       0       0       1       0                               0D0000190
     142     104       0       0       0       0       0       000010500D0000191
     142       0       0       1       0                               0D0000192
     102     105       0       0       0       0       0       000010000D0000193
     102       0       0       2       0                               0D0000194
     110     107       0       0       0       0       0       000010000D0000195
     110       0       0       1       0                               0D0000196
     110     108       0       0       0       0       0       000010000D0000197
     110       0       0       1       0                               0D0000198
     110     109       0       0       0       0       0       000010000D0000199
     110       0       0       1       0                               0D0000200
     110     110       0       0       0       0       0       000010000D0000201
     110       0       0       1       0                               0D0000202
     110     111       0       0       0       0       0       000010000D0000203
     110       0       0       1       0                               0D0000204
     110     112       0       0       0       0       0       000010000D0000205
     110       0       0       1       0                               0D0000206
     110     113       0       0       0       0       0       000010000D0000207
     110       0       0       1       0                               0D0000208
     110     114       0       0       0       0       0       000010000D0000209
     110       0       0       1       0                               0D0000210
     110     115       0       0       0       0       0       000010000D0000211
     110       0       0       1       0                               0D0000212
     110     116       0       0       0       0       0       000010000D0000213
     110       0       0       1       0                               0D0000214
     110     117       0       0       0       0       0       000010000D0000215
     110       0       0       1       0                               0D0000216
     110     118       0       0       0       0       0       000010000D0000217
     110       0       0       1       0                               0D0000218
     110     119       0       0       0       0       0       000010000D0000219
     110       0       0       1       0                               0D0000220
     110     120       0       0       0       0       0       000010000D0000221
     110       0       0       1       0                               0D0000222
     110     121       0       0       0       0       0       000010000D0000223
     110       0       0       1       0                               0D0000224
     110     122       0       0       0       0       0       000010000D0000225
     110       0       0       1       0                               0D0000226
     110     123       0       0       0       0       0       000010000D0000227
     110       0       0       1       0                               0D0000228
     110     124       0       0       0       0       0       000010000D0000229
     110       0       0       1       0                               0D0000230
     110     125       0       0       0       0       0       000010000D0000231
     110       0       0       1       0                               0D0000232
     110     126       0       0       0       0       0       000010000D0000233
     110       0       0       1       0                               0D0000234
     110     127       0       0       0       0       0       000010000D0000235
     110       0       0       1       0                               0D0000236
     110     128       0       0       0       0       0       000010000D0000237
     110       0       0       1       0                               0D0000238
     110     129       0       0       0       0       0       000010000D0000239
     110       0       0       1       0                               0D0000240
     110     130       0       0       0       0       0       000010000D0000241
     110       0       0       1       0                               0D0000242
     144     131       0       0       0       0       0       000020000D0000243
     144       0   -3699       1       0                               0D0000244
     108     132       0       0       0       0       0       000010000D0000245
     108       0       0       1       0                               0D0000246
     142     133       0       0       0       0       0       000010500D0000247
     142       0       0       1       0                               0D0000248
     102     134       0       0       0       0       0       000010000D0000249
     102       0       0       1       0                               0D0000250
     110     135       0       0       0       0       0       000010000D0000251
     110       0       0       1       0                               0D0000252
     110     136       0       0       0       0       0       000010000D0000253
     110       0       0       1       0                               0D0000254
     110     137       0       0       0       0       0       000010000D0000255
     110       0       0       1       0                               0D0000256
     110     138       0       0       0       0       0       000010000D0000257
     110       0       0       1       0                               0D0000258
     110     139       0       0       0       0       0       000010000D0000259
     110       0       0       1       0                               0D0000260
     110     140       0       0       0       0       0       000010000D0000261
     110       0       0       1       0                               0D0000262
     110     141       0       0       0       0       0       000010000D0000263
     110       0       0       1       0                               0D0000264
     110     142       0       0       0       0       0       000010000D0000265
     110       0       0       1       0                               0D0000266
     110     143       0       0       0       0       0       000010000D0000267
     110       0       0       1       0                               0D0000268
     110     144       0       0       0       0       0       000010000D0000269
     110       0       0       1       0                               0D0000270
     110     145       0       0       0       0       0       000010000D0000271
     110       0       0       1       0                               0D0000272
     110     146       0       0       0       0       0       000010000D0000273
     110       0       0       1       0                               0D0000274
     144     147       0       0       0       0       0       000020000D0000275
     144       0   -3699       1       0                               0D0000276
     108     148       0       0       0       0       0       000010000D0000277
     108       0       0       1       0                               0D0000278
     142     149       0       0       0       0       0       000010500D0000279
     142       0       0       1       0                               0D0000280
     102     150       0       0       0       0       0       000010000D0000281
     102       0       0       2       0                               0D0000282
     110     152       0       0       0       0       0       000010000D0000283
     110       0       0       1       0                               0D0000284
     110     153       0       0       0       0       0       000010000D0000285
     110       0       0       1       0                               0D0000286
     110     154       0       0       0       0       0       000010000D0000287
     110       0       0       1       0                               0D0000288
     110     155       0       0       0       0       0       000010000D0000289
     110       0       0       1       0                               0D0000290
     110     156       0       0       0       0       0       000010000D0000291
     110       0       0       1       0                               0D0000292
     110     157       0       0       0       0       0       000010000D0000293
     110       0       0       1       0                               0D0000294
     110     158       0       0       0       0       0       000010000D0000295
     110       0       0       1       0                               0D0000296
     110     159       0       0       0       0       0       000010000D0000297
     110       0       0       1       0                               0D0000298
     110     160       0       0       0       0       0       000010000D0000299
     110       0       0       1       0                               0D0000300
     110     161       0       0       0       0       0       000010000D0000301
     110       0       0       1       0                               0D0000302
     110     162       0       0       0       0       0       000010000D0000303
     110       0       0       1       0                               0D0000304
     110     163       0       0       0       0       0       000010000D0000305
     110       0       0       1       0                               0D0000306
     110     164       0       0       0       0       0       000010000D0000307
     110       0       0       1       0                               0D0000308
     110     165       0       0       0       0       0       000010000D0000309
     110       0       0       1       0                               0D0000310
     110     166       0       0       0       0       0       000010000D0000311
     110       0       0       1       0                               0D0000312
     110     167       0       0       0       0       0       000010000D0000313
     110       0       0       1       0                               0D0000314
     110     168       0       0       0       0       0       000010000D0000315
     110       0       0       1       0                               0D0000316
     110     169       0       0       0       0       0       000010000D0000317
     110       0       0       1       0                               0D0000318
     110     170       0       0       0       0       0       000010000D0000319
     110       0       0       1       0                               0D0000320
     110     171       0       0       0       0       0       000010000D0000321
     110       0       0       1       0                               0D0000322
     110     172       0       0       0       0       0       000010000D0000323
     110       0       0       1       0                               0D0000324
     110     173       0       0       0       0       0       000010000D0000325
     110       0       0       1       0                               0D0000326
     110     174       0       0       0       0       0       000010000D0000327
     110       0       0       1       0                               0D0000328
     110     175       0       0       0       0       0       000010000D0000329
     110       0       0       1       0                               0D0000330
     144     176       0       0       0       0       0       000020000D0000331
     144       0   -3699       1       0                               0D0000332
     108     177       0       0       0       0       0       000010000D0000333
     108       0       0       1       0                               0D0000334
     142     178       0       0       0       0       0       000010500D0000335
     142       0       0       1       0                               0D0000336
     102     179       0       0       0       0       0       000010000D0000337
     102       0       0       1       0                               0D0000338
     110     180       0       0       0       0       0       000010000D0000339
     110       0       0       1       0                               0D0000340
     110     181       0       0       0       0       0       000010000D0000341
     110       0       0       1       0                               0D0000342
     110     182       0       0       0       0       0       000010000D0000343
     110       0       0       1       0                               0D0000344
     110     183       0       0       0       0       0       000010000D0000345
     110       0       0       1       0                               0D0000346
     110     184       0       0       0       0       0       000010000D0000347
     110       0       0       1       0                               0D0000348
     110     185       0       0       0       0       0       000010000D0000349
     110       0       0       1       0                               0D0000350
     110     186       0       0       0       0       0       000010000D0000351
     110       0       0       1       0                               0D0000352
     110     187       0       0       0       0       0       000010000D0000353
     110       0       0       1       0                               0D0000354
     110     188       0       0       0       0       0       000010000D0000355
     110       0       0       1       0                               0D0000356
     110     189       0       0       0       0       0       000010000D0000357
     110       0       0       1       0                               0D0000358
     110     190       0       0       0       0       0       000010000D0000359
     110       0       0       1       0                               0D0000360
     110     191       0       0       0       0       0       000010000D0000361
     110       0       0       1       0                               0D0000362
     144     192       0       0       0       0       0       000020000D0000363
     144       0   -3699       1       0                               0D0000364
     108     193       0       0       0       0       0       000010000D0000365
     108       0       0       1       0                               0D0000366
     142     194       0       0       0       0       0       000010500D0000367
     142       0       0       1       0                               0D0000368
     102     195       0       0       0       0       0       000010000D0000369
     102       0       0       1       0                               0D0000370
     110     196       0       0       0       0       0       000010000D0000371
     110       0       0       1       0                               0D0000372
     110     197       0       0       0       0       0       000010000D0000373
     110       0       0       1       0                               0D0000374
     110     198       0       0       0       0       0       000010000D0000375
     110       0       0       1       0                               0D0000376
     110     199       0       0       0       0       0       000010000D0000377
     110       0       0       1       0                               0D0000378
     144     200       0       0       0       0       0       000020000D0000379
     144       0   -3699       1       0                               0D0000380
     108     201       0       0       0       0       0       000010000D0000381
     108       0       0       1       0                               0D0000382
     142     202       0       0       0       0       0       000010500D0000383
     142       0       0       1       0                               0D0000384
     102     203       0       0       0       0       0       000010000D0000385
     102       0       0       1       0                               0D0000386
     110     204       0       0       0       0       0       000010000D0000387
     110       0       0       1       0                               0D0000388
     110     205       0       0       0       0       0       000010000D0000389
     110       0       0       1       0                               0D0000390
     110     206       0       0       0       0       0       000010000D0000391
     110       0       0       1       0                               0D0000392
     110     207       0       0       0       0       0       000010000D0000393
     110       0       0       1       0                               0D0000394
     110     208       0       0       0       0       0       000010000D0000395
     110       0       0       1       0                               0D0000396
     110     209       0       0       0       0       0       000010000D0000397
     110       0       0       1       0                               0D0000398
     144     210       0       0       0       0       0       000020000D0000399
     144       0   -3699       1       0                               0D0000400
     108     211       0       0       0       0       0       000010000D0000401
     108       0       0       1       0                               0D0000402
     142     212       0       0       0       0       0       000010500D0000403
     142       0       0       1       0                               0D0000404
     102     213       0       0       0       0       0       000010000D0000405
     102       0       0       1       0                               0D0000406
     110     214       0       0       0       0       0       000010000D0000407
     110       0       0       1       0                               0D0000408
     110     215       0       0       0       0       0       000010000D0000409
     110       0       0       1       0                               0D0000410
     110     216       0       0       0       0       0       000010000D0000411
     110       0       0       1       0                               0D0000412
     110     217       0       0       0       0       0       000010000D0000413
     110       0       0       1       0                               0D0000414
     144     218       0       0       0       0       0       000020000D0000415
     144       0   -3699       1       0                               0D0000416
     108     219       0       0       0       0       0       000010000D0000417
     108       0       0       1       0                               0D0000418
     142     220       0       0       0       0       0       000010500D0000419
     142       0       0       1       0                               0D0000420
     102     221       0       0       0       0       0       000010000D0000421
     102       0       0       1       0                               0D0000422
     110     222       0       0       0       0       0       000010000D0000423
     110       0       0       1       0                               0D0000424
     110     223       0       0       0       0       0       000010000D0000425
     110       0       0       1       0                               0D0000426
     110     224       0       0       0       0       0       000010000D0000427
     110       0       0       1       0                               0D0000428
     110     225       0       0       0       0       0       000010000D0000429
     110       0       0       1       0                               0D0000430
     144     226       0       0       0       0       0       000020000D0000431
     144       0   -3699       1       0                               0D0000432
     108     227       0       0       0       0       0       000010000D0000433
     108       0       0       1       0                               0D0000434
     142     228       0       0       0       0       0       000010500D0000435
     142       0       0       1       0                               0D0000436
     102     229       0       0       0       0       0       000010000D0000437
     102       0       0       1       0                               0D0000438
     110     230       0       0       0       0       0       000010000D0000439
     110       0       0       1       0                               0D0000440
     110     231       0       0       0       0       0       000010000D0000441
     110       0       0       1       0                               0D0000442
     110     232       0       0       0       0       0       000010000D0000443
     110       0       0       1       0                               0D0000444
     110     233       0       0       0       0       0       000010000D0000445
     110       0       0       1       0                               0D0000446
     144     234       0       0       0       0       0       000020000D0000447
     144       0   -3699       1       0                               0D0000448
     108     235       0       0       0       0       0       000010000D0000449
     108       0       0       1       0                               0D0000450
     142     236       0       0       0       0       0       000010500D0000451
     142       0       0       1       0                               0D0000452
     102     237       0       0       0       0       0       000010000D0000453
     102       0       0       1       0                               0D0000454
     110     238       0       0       0       0       0       000010000D0000455
     110       0       0       1       0                               0D0000456
     110     239       0       0       0       0       0       000010000D0000457
     110       0       0       1       0                               0D0000458
     110     240       0       0       0       0       0       000010000D0000459
     110       0       0       1       0                               0D0000460
     110     241       0       0       0       0       0       000010000D0000461
     110       0       0       1       0                               0D0000462
     110     242       0       0       0       0       0       000010000D0000463
     110       0       0       1       0                               0D0000464
     110     243       0       0       0       0       0       000010000D0000465
     110       0       0       1       0                               0D0000466
     144     244       0       0       0       0       0       000020000D0000467
     144       0   -3699       1       0                               0D0000468
     108     245       0       0       0       0       0       000010000D0000469
     108       0       0       1       0                               0D0000470
     142     246       0       0       0       0       0       000010500D0000471
     142       0       0       1       0                               0D0000472
     102     247       0       0       0       0       0       000010000D0000473
     102       0       0       2       0                               0D0000474
     110     249       0       0       0       0       0       000010000D0000475
     110       0       0       1       0                               0D0000476
     110     250       0       0       0       0       0       000010000D0000477
     110       0       0       1       0                               0D0000478
     110     251       0       0       0       0       0       000010000D0000479
     110       0       0       1       0                               0D0000480
     110     252       0       0       0       0       0       000010000D0000481
     110       0       0       1       0                               0D0000482
     110     253       0       0       0       0       0       000010000D0000483
     110       0       0       1       0                               0D0000484
     110     254       0       0       0       0       0       000010000D0000485
     110       0       0       1       0                               0D0000486
     110     255       0       0       0       0       0       000010000D0000487
     110       0       0       1       0                               0D0000488
     110     256       0       0       0       0       0       000010000D0000489
     110       0       0       1       0                               0D0000490
     110     257       0       0       0       0       0       000010000D0000491
     110       0       0       1       0                               0D0000492
     110     258       0       0       0       0       0       000010000D0000493
     110       0       0       1       0                               0D0000494
     110     259       0       0       0       0       0       000010000D0000495
     110       0       0       1       0                               0D0000496
     110     260       0       0       0       0       0       000010000D0000497
     110       0       0       1       0                               0D0000498
     110     261       0       0       0       0       0       000010000D0000499
     110       0       0       1       0                               0D0000500
     110     262       0       0       0       0       0       000010000D0000501
     110       0       0       1       0                               0D0000502
     110     263       0       0       0       0       0       000010000D0000503
     110       0       0       1       0                               0D0000504
     110     264       0       0       0       0       0       000010000D0000505
     110       0       0       1       0                               0D0000506
     110     265       0       0       0       0       0       000010000D0000507
     110       0       0       1       0                               0D0000508
     110     266       0       0       0       0       0       000010000D0000509
     110       0       0       1       0                               0D0000510
     110     267       0       0       0       0       0       000010000D0000511
     110       0       0       1       0                               0D0000512
     110     268       0       0       0       0       0       000010000D0000513
     110       0       0       1       0                               0D0000514
     144     269       0       0       0       0       0       000020000D0000515
     144       0   -3699       1       0                               0D0000516
     108     270       0       0       0       0       0       000010000D0000517
     108       0       0       1       0                               0D0000518
     142     271       0       0       0       0       0       000010500D0000519
     142       0       0       1       0                               0D0000520
     102     272       0       0       0       0       0       000010000D0000521
     102       0       0       1       0                               0D0000522
     110     273       0       0       0       0       0       000010000D0000523
     110       0       0       1       0                               0D0000524
     110     274       0       0       0       0       0       000010000D0000525
     110       0       0       1       0                               0D0000526
     110     275       0       0       0       0       0       000010000D0000527
     110       0       0       1       0                               0D0000528
     110     276       0       0       0       0       0       000010000D0000529
     110       0       0       1       0                               0D0000530
     110     277       0       0       0       0       0       000010000D0000531
     110       0       0       1       0                               0D0000532
     110     278       0       0       0       0       0       000010000D0000533
     110       0       0       1       0                               0D0000534
     144     279       0       0       0       0       0       000020000D0000535
     144       0   -3699       1       0                               0D0000536
     108     280       0       0       0       0       0       000010000D0000537
     108       0       0       1       0                               0D0000538
     142     281       0       0       0       0       0       000010500D0000539
     142       0       0       1       0                               0D0000540
     102     282       0       0       0       0       0       000010000D0000541
     102       0       0       1       0                               0D0000542
     110     283       0       0       0       0       0       000010000D0000543
     110       0       0       1       0                               0D0000544
     110     284       0       0       0       0       0       000010000D0000545
     110       0       0       1       0                               0D0000546
     110     285       0       0       0       0       0       000010000D0000547
     110       0       0       1       0                               0D0000548
     110     286       0       0       0       0       0       000010000D0000549
     110       0       0       1       0                               0D0000550
     144     287       0       0       0       0       0       000020000D0000551
     144       0   -3699       1       0                               0D0000552
     108     288       0       0       0       0       0       000010000D0000553
     108       0       0       1       0                               0D0000554
     142     289       0       0       0       0       0       000010500D0000555
     142       0       0       1       0                               0D0000556
     102     290       0       0       0       0       0       000010000D0000557
     102       0       0       1       0                               0D0000558
     110     291       0       0       0       0       0       000010000D0000559
     110       0       0       1       0                               0D0000560
     110     292       0       0       0       0       0       000010000D0000561
     110       0       0       1       0                               0D0000562
     110     293       0       0       0       0       0       000010000D0000563
     110       0       0       1       0                               0D0000564
     110     294       0       0       0       0       0       000010000D0000565
     110       0       0       1       0                               0D0000566
     110     295       0       0       0       0       0       000010000D0000567
     110       0       0       1       0                               0D0000568
     110     296       0       0       0       0       0       000010000D0000569
     110       0       0       1       0                               0D0000570
     110     297       0       0       0       0       0       000010000D0000571
     110       0       0       1       0                               0D0000572
     110     298       0       0       0       0       0       000010000D0000573
     110       0       0       1       0                               0D0000574
     110     299       0       0       0       0       0       000010000D0000575
     110       0       0       1       0                               0D0000576
     144     300       0       0       0       0       0       000020000D0000577
     144       0   -3699       1       0                               0D0000578
     108     301       0       0       0       0       0       000010000D0000579
     108       0       0       1       0                               0D0000580
     142     302       0       0       0       0       0       000010500D0000581
     142       0       0       1       0                               0D0000582
     102     303       0       0       0       0       0       000010000D0000583
     102       0       0       1       0                               0D0000584
     110     304       0       0       0       0       0       000010000D0000585
     110       0       0       1       0                               0D0000586
     110     305       0       0       0       0       0       000010000D0000587
     110       0       0       1       0                               0D0000588
     110     306       0       0       0       0       0       000010000D0000589
     110       0       0       1       0                               0D0000590
     110     307       0       0       0       0       0       000010000D0000591
     110       0       0       1       0                               0D0000592
     144     308       0       0       0       0       0       000020000D0000593
     144       0   -3699       1       0                               0D0000594
     108     309       0       0       0       0       0       000010000D0000595
     108       0       0       1       0                               0D0000596
     142     310       0       0       0       0       0       000010500D0000597
     142       0       0       1       0                               0D0000598
     102     311       0       0       0       0       0       000010000D0000599
     102       0       0       1       0                               0D0000600
     110     312       0       0       0       0       0       000010000D0000601
     110       0       0       1       0                               0D0000602
     110     313       0       0       0       0       0       000010000D0000603
     110       0       0       1       0                               0D0000604
     110     314       0       0       0       0       0       000010000D0000605
     110       0       0       1       0                               0D0000606
     110     315       0       0       0       0       0       000010000D0000607
     110       0       0       1       0                               0D0000608
     110     316       0       0       0       0       0       000010000D0000609
     110       0       0       1       0                               0D0000610
     110     317       0       0       0       0       0       000010000D0000611
     110       0       0       1       0                               0D0000612
     110     318       0       0       0       0       0       000010000D0000613
     110       0       0       1       0                               0D0000614
     110     319       0       0       0       0       0       000010000D0000615
     110       0       0       1       0                               0D0000616
     144     320       0       0       0       0       0       000020000D0000617
     144       0   -3699       1       0                               0D0000618
     108     321       0       0       0       0       0       000010000D0000619
     108       0       0       1       0                               0D0000620
     142     322       0       0       0       0       0       000010500D0000621
     142       0       0       1       0                               0D0000622
     102     323       0       0       0       0       0       000010000D0000623
     102       0       0       1       0                               0D0000624
     110     324       0       0       0       0       0       000010000D0000625
     110       0       0       1       0                               0D0000626
     110     325       0       0       0       0       0       000010000D0000627
     110       0       0       1       0                               0D0000628
     110     326       0       0       0       0       0       000010000D0000629
     110       0       0       1       0                               0D0000630
     110     327       0       0       0       0       0       000010000D0000631
     110       0       0       1       0                               0D0000632
     144     328       0       0       0       0       0       000020000D0000633
     144       0   -3699       1       0                               0D0000634
     108     329       0       0       0       0       0       000010000D0000635
     108       0       0       1       0                               0D0000636
     142     330       0       0       0       0       0       000010500D0000637
     142       0       0       1       0                               0D0000638
     102     331       0       0       0       0       0       000010000D0000639
     102       0       0       1       0                               0D0000640
     110     332       0       0       0       0       0       000010000D0000641
     110       0       0       1       0                               0D0000642
     110     333       0       0       0       0       0       000010000D0000643
     110       0       0       1       0                               0D0000644
     110     334       0       0       0       0       0       000010000D0000645
     110       0       0       1       0                               0D0000646
     110     335       0       0       0       0       0       000010000D0000647
     110       0       0       1       0                               0D0000648
     144     336       0       0       0       0       0       000020000D0000649
     144       0   -3699       1       0                               0D0000650
     108     337       0       0       0       0       0       000010000D0000651
     108       0       0       1       0                               0D0000652
     142     338       0       0       0       0       0       000010500D0000653
     142       0       0       1       0                               0D0000654
     102     339       0       0       0       0       0       000010000D0000655
     102       0       0       1       0                               0D0000656
     110     340       0       0       0       0       0       000010000D0000657
     110       0       0       1       0                               0D0000658
     110     341       0       0       0       0       0       000010000D0000659
     110       0       0       1       0                               0D0000660
     110     342       0       0       0       0       0       000010000D0000661
     110       0       0       1       0                               0D0000662
     110     343       0       0       0       0       0       000010000D0000663
     110       0       0       1       0                               0D0000664
     144     344       0       0       0       0       0       000020000D0000665
     144       0   -3699       1       0                               0D0000666
     108     345       0       0       0       0       0       000010000D0000667
     108       0       0       1       0                               0D0000668
     142     346       0       0       0       0       0       000010500D0000669
     142       0       0       1       0                               0D0000670
     102     347       0       0       0       0       0       000010000D0000671
     102       0       0       1       0                               0D0000672
     110     348       0       0       0       0       0       000010000D0000673
     110       0       0       1       0                               0D0000674
     110     349       0       0       0       0       0       000010000D0000675
     110       0       0       1       0                               0D0000676
     110     350       0       0       0       0       0       000010000D0000677
     110       0       0       1       0                               0D0000678
     110     351       0       0       0       0       0       000010000D0000679
     110       0       0       1       0                               0D0000680
     144     352       0       0       0       0       0       000020000D0000681
     144       0   -3699       1       0                               0D0000682
     108     353       0       0       0       0       0       000010000D0000683
     108       0       0       1       0                               0D0000684
     142     354       0       0       0       0       0       000010500D0000685
     142       0       0       1       0                               0D0000686
     102     355       0       0       0       0       0       000010000D0000687
     102       0       0       1       0                               0D0000688
     110     356       0       0       0       0       0       000010000D0000689
     110       0       0       1       0                               0D0000690
     110     357       0       0       0       0       0       000010000D0000691
     110       0       0       1       0                               0D0000692
     110     358       0       0       0       0       0       000010000D0000693
     110       0       0       1       0                               0D0000694
     110     359       0       0       0       0       0       000010000D0000695
     110       0       0       1       0                               0D0000696
     144     360       0       0       0       0       0       000020000D0000697
     144       0   -3699       1       0                               0D0000698
     108     361       0       0       0       0       0       000010000D0000699
     108       0       0       1       0                               0D0000700
     142     362       0       0       0       0       0       000010500D0000701
     142       0       0       1       0                               0D0000702
     102     363       0       0       0       0       0       000010000D0000703
     102       0       0       1       0                               0D0000704
     110     364       0       0       0       0       0       000010000D0000705
     110       0       0       1       0                               0D0000706
     110     365       0       0       0       0       0       000010000D0000707
     110       0       0       1       0                               0D0000708
     110     366       0       0       0       0       0       000010000D0000709
     110       0       0       1       0                               0D0000710
     110     367       0       0       0       0       0       000010000D0000711
     110       0       0       1       0                               0D0000712
     144     368       0       0       0       0       0       000020000D0000713
     144       0   -3699       1       0                               0D0000714
     108     369       0       0       0       0       0       000010000D0000715
     108       0       0       1       0                               0D0000716
     142     370       0       0       0       0       0       000010500D0000717
     142       0       0       1       0                               0D0000718
     102     371       0       0       0       0       0       000010000D0000719
     102       0       0       1       0                               0D0000720
     110     372       0       0       0       0       0       000010000D0000721
     110       0       0       1       0                               0D0000722
     110     373       0       0       0       0       0       000010000D0000723
     110       0       0       1       0                               0D0000724
     110     374       0       0       0       0       0       000010000D0000725
     110       0       0       1       0                               0D0000726
     110     375       0       0       0       0       0       000010000D0000727
     110       0       0       1       0                               0D0000728
     144     376       0       0       0       0       0       000020000D0000729
     144       0   -3699       1       0                               0D0000730
     108     377       0       0       0       0       0       000010000D0000731
     108       0       0       1       0                               0D0000732
     142     378       0       0       0       0       0       000010500D0000733
     142       0       0       1       0                               0D0000734
     102     379       0       0       0       0       0       000010000D0000735
     102       0       0       1       0                               0D0000736
     110     380       0       0       0       0       0       000010000D0000737
     110       0       0       1       0                               0D0000738
     110     381       0       0       0       0       0       000010000D0000739
     110       0       0       1       0                               0D0000740
     110     382       0       0       0       0       0       000010000D0000741
     110       0       0       1       0                               0D0000742
     110     383       0       0       0       0       0       000010000D0000743
     110       0       0       1       0                               0D0000744
     110     384       0       0       0       0       0       000010000D0000745
     110       0       0       1       0                               0D0000746
     110     385       0       0       0       0       0       000010000D0000747
     110       0       0       1       0                               0D0000748
     144     386       0       0       0       0       0       000020000D0000749
     144       0   -3699       1       0                               0D0000750
     108     387       0       0       0       0       0       000010000D0000751
     108       0       0       1       0                               0D0000752
     142     388       0       0       0       0       0       000010500D0000753
     142       0       0       1       0                               0D0000754
     102     389       0       0       0       0       0       000010000D0000755
     102       0       0       1       0                               0D0000756
     110     390       0       0       0       0       0       000010000D0000757
     110       0       0       1       0                               0D0000758
     110     391       0       0       0       0       0       000010000D0000759
     110       0       0       1       0                               0D0000760
     110     392       0       0       0       0       0       000010000D0000761
     110       0       0       1       0                               0D0000762
     110     393       0       0       0       0       0       000010000D0000763
     110       0       0       1       0                               0D0000764
     144     394       0       0       0       0       0       000020000D0000765
     144       0   -3699       1       0                               0D0000766
     108     395       0       0       0       0       0       000010000D0000767
     108       0       0       1       0                               0D0000768
     142     396       0       0       0       0       0       000010500D0000769
     142       0       0       1       0                               0D0000770
     102     397       0       0       0       0       0       000010000D0000771
     102       0       0       1       0                               0D0000772
     110     398       0       0       0       0       0       000010000D0000773
     110       0       0       1       0                               0D0000774
     110     399       0       0       0       0       0       000010000D0000775
     110       0       0       1       0                               0D0000776
     110     400       0       0       0       0       0       000010000D0000777
     110       0       0       1       0                               0D0000778
     110     401       0       0       0       0       0       000010000D0000779
     110       0       0       1       0                               0D0000780
     110     402       0       0       0       0       0       000010000D0000781
     110       0       0       1       0                               0D0000782
     110     403       0       0       0       0       0       000010000D0000783
     110       0       0       1       0                               0D0000784
     144     404       0       0       0       0       0       000020000D0000785
     144       0   -3699       1       0                               0D0000786
     108     405       0       0       0       0       0       000010000D0000787
     108       0       0       1       0                               0D0000788
     142     406       0       0       0       0       0       000010500D0000789
     142       0       0       1       0                               0D0000790
     102     407       0       0       0       0       0       000010000D0000791
     102       0       0       1       0                               0D0000792
     110     408       0       0       0       0       0       000010000D0000793
     110       0       0       1       0                               0D0000794
     110     409       0       0       0       0       0       000010000D0000795
     110       0       0       1       0                               0D0000796
     110     410       0       0       0       0       0       000010000D0000797
     110       0       0       1       0                               0D0000798
     110     411       0       0       0       0       0       000010000D0000799
     110       0       0       1       0                               0D0000800
     144     412       0       0       0       0       0       000020000D0000801
     144       0   -3699       1       0                               0D0000802
     108     413       0       0       0       0       0       000010000D0000803
     108       0       0       1       0                               0D0000804
     142     414       0       0       0       0       0       000010500D0000805
     142       0       0       1       0                               0D0000806
     102     415       0       0       0       0       0       000010000D0000807
     102       0       0       1       0                               0D0000808
     110     416       0       0       0       0       0       000010000D0000809
     110       0       0       1       0                               0D0000810
     110     417       0       0       0       0       0       000010000D0000811
     110       0       0       1       0                               0D0000812
     110     418       0       0       0       0       0       000010000D0000813
     110       0       0       1       0                               0D0000814
     110     419       0       0       0       0       0       000010000D0000815
     110       0       0       1       0                               0D0000816
     144     420       0       0       0       0       0       000020000D0000817
     144       0   -3699       1       0                               0D0000818
     108     421       0       0       0       0       0       000010000D0000819
     108       0       0       1       0                               0D0000820
     142     422       0       0       0       0       0       000010500D0000821
     142       0       0       1       0                               0D0000822
     102     423       0       0       0       0       0       000010000D0000823
     102       0       0       1       0                               0D0000824
     110     424       0       0       0       0       0       000010000D0000825
     110       0       0       1       0                               0D0000826
     110     425       0       0       0       0       0       000010000D0000827
     110       0       0       1       0                               0D0000828
     110     426       0       0       0       0       0       000010000D0000829
     110       0       0       1       0                               0D0000830
     110     427       0       0       0       0       0       000010000D0000831
     110       0       0       1       0                               0D0000832
     144     428       0       0       0       0       0       000020000D0000833
     144       0   -3699       1       0                               0D0000834
     108     429       0       0       0       0       0       000010000D0000835
     108       0       0       1       0                               0D0000836
     142     430       0       0       0       0       0       000010500D0000837
     142       0       0       1       0                               0D0000838
     102     431       0       0       0       0       0       000010000D0000839
     102       0       0       1       0                               0D0000840
     110     432       0       0       0       0       0       000010000D0000841
     110       0       0       1       0                               0D0000842
     110     433       0       0       0       0       0       000010000D0000843
     110       0       0       1       0                               0D0000844
     110     434       0       0       0       0       0       000010000D0000845
     110       0       0       1       0                               0D0000846
     110     435       0       0       0       0       0       000010000D0000847
     110       0       0       1       0                               0D0000848
     110     436       0       0       0       0       0       000010000D0000849
     110       0       0       1       0                               0D0000850
     110     437       0       0       0       0       0       000010000D0000851
     110       0       0       1       0                               0D0000852
     144     438       0       0       0       0       0       000020000D0000853
     144       0   -3699       1       0                               0D0000854
     108     439       0       0       0       0       0       000010000D0000855
     108       0       0       1       0                               0D0000856
     142     440       0       0       0       0       0       000010500D0000857
     142       0       0       1       0                               0D0000858
     102     441       0       0       0       0       0       000010000D0000859
     102       0       0       1       0                               0D0000860
     110     442       0       0       0       0       0       000010000D0000861
     110       0       0       1       0                               0D0000862
     110     443       0       0       0       0       0       000010000D0000863
     110       0       0       1       0                               0D0000864
     110     444       0       0       0       0       0       000010000D0000865
     110       0       0       1       0                               0D0000866
     110     445       0       0       0       0       0       000010000D0000867
     110       0       0       1       0                               0D0000868
     144     446       0       0       0       0       0       000020000D0000869
     144       0   -3699       1       0                               0D0000870
     108     447       0       0       0       0       0       000010000D0000871
     108       0       0       1       0                               0D0000872
     142     448       0       0       0       0       0       000010500D0000873
     142       0       0       1       0                               0D0000874
     102     449       0       0       0       0       0       000010000D0000875
     102       0       0       1       0                               0D0000876
     110     450       0       0       0       0       0       000010000D0000877
     110       0       0       1       0                               0D0000878
     110     451       0       0       0       0       0       000010000D0000879
     110       0       0       1       0                               0D0000880
     110     452       0       0       0       0       0       000010000D0000881
     110       0       0       1       0                               0D0000882
     110     453       0       0       0       0       0       000010000D0000883
     110       0       0       1       0                               0D0000884
     110     454       0       0       0       0       0       000010000D0000885
     110       0       0       1       0                               0D0000886
     110     455       0       0       0       0       0       000010000D0000887
     110       0       0       1       0                               0D0000888
     144     456       0       0       0       0       0       000020000D0000889
     144       0   -3699       1       0                               0D0000890
     108     457       0       0       0       0       0       000010000D0000891
     108       0       0       1       0                               0D0000892
     142     458       0       0       0       0       0       000010500D0000893
     142       0       0       1       0                               0D0000894
     102     459       0       0       0       0       0       000010000D0000895
     102       0       0       1       0                               0D0000896
     110     460       0       0       0       0       0       000010000D0000897
     110       0       0       1       0                               0D0000898
     110     461       0       0       0       0       0       000010000D0000899
     110       0       0       1       0                               0D0000900
     110     462       0       0       0       0       0       000010000D0000901
     110       0       0       1       0                               0D0000902
     110     463       0       0       0       0       0       000010000D0000903
     110       0       0       1       0                               0D0000904
     110     464       0       0       0       0       0       000010000D0000905
     110       0       0       1       0                               0D0000906
     110     465       0       0       0       0       0       000010000D0000907
     110       0       0       1       0                               0D0000908
     144     466       0       0       0       0       0       000020000D0000909
     144       0   -3699       1       0                               0D0000910
     108     467       0       0       0       0       0       000010000D0000911
     108       0       0       2       0                               0D0000912
     142     469       0       0       0       0       0       000010500D0000913
     142       0       0       1       0                               0D0000914
     102     470       0       0       0       0       0       000010000D0000915
     102       0       0       1       0                               0D0000916
     110     471       0       0       0       0       0       000010000D0000917
     110       0       0       1       0                               0D0000918
     110     472       0       0       0       0       0       000010000D0000919
     110       0       0       1       0                               0D0000920
     110     473       0       0       0       0       0       000010000D0000921
     110       0       0       1       0                               0D0000922
     110     474       0       0       0       0       0       000010000D0000923
     110       0       0       1       0                               0D0000924
     144     475       0       0       0       0       0       000020000D0000925
     144       0   -3699       1       0                               0D0000926
     108     476       0       0       0       0       0       000010000D0000927
     108       0       0       1       0                               0D0000928
     142     477       0       0       0       0       0       000010500D0000929
     142       0       0       1       0                               0D0000930
     102     478       0       0       0       0       0       000010000D0000931
     102       0       0       1       0                               0D0000932
     110     479       0       0       0       0       0       000010000D0000933
     110       0       0       1       0                               0D0000934
     110     480       0       0       0       0       0       000010000D0000935
     110       0       0       1       0                               0D0000936
     110     481       0       0       0       0       0       000010000D0000937
     110       0       0       1       0                               0D0000938
     110     482       0       0       0       0       0       000010000D0000939
     110       0       0       1       0                               0D0000940
     144     483       0       0       0       0       0       000020000D0000941
     144       0   -3699       1       0                               0D0000942
     108     484       0       0       0       0       0       000010000D0000943
     108       0       0       1       0                               0D0000944
     142     485       0       0       0       0       0       000010500D0000945
     142       0       0       1       0                               0D0000946
     102     486       0       0       0       0       0       000010000D0000947
     102       0       0       1       0                               0D0000948
     110     487       0       0       0       0       0       000010000D0000949
     110       0       0       1       0                               0D0000950
     110     488       0       0       0       0       0       000010000D0000951
     110       0       0       1       0                               0D0000952
     110     489       0       0       0       0       0       000010000D0000953
     110       0       0       1       0                               0D0000954
     110     490       0       0       0       0       0       000010000D0000955
     110       0       0       1       0                               0D0000956
     144     491       0       0       0       0       0       000020000D0000957
     144       0   -3699       1       0                               0D0000958
     120     492       0       0       0       0     961       000010000D0000959
     120       0       0       1       0                               0D0000960
     124     493       0       0       0       0       0       000000000D0000961
     124       0       0       1       1                               0D0000962
     110     494       0       0       0       0       0       000010000D0000963
     110       0       0       1       0                               0D0000964
     110     495       0       0       0       0       0       000010000D0000965
     110       0       0       1       0                               0D0000966
     142     496       0       0       0       0       0       000010500D0000967
     142       0       0       1       0                               0D0000968
     102     497       0       0       0       0       0       000010000D0000969
     102       0       0       1       0                               0D0000970
     110     498       0       0       0       0       0       000010000D0000971
     110       0       0       1       0                               0D0000972
     110     499       0       0       0       0       0       000010000D0000973
     110       0       0       1       0                               0D0000974
     110     500       0       0       0       0       0       000010000D0000975
     110       0       0       1       0                               0D0000976
     110     501       0       0       0       0       0       000010000D0000977
     110       0       0       2       0                               0D0000978
     102     503       0       0       0       0       0       000010000D0000979
     102       0       0       1       0                               0D0000980
     110     504       0       0       0       0       0       000010000D0000981
     110       0       0       1       0                               0D0000982
     100     505       0       0       0       0     985       000010000D0000983
     100       0       0       1       0                               0D0000984
     124     506       0       0       0       0       0       000000000D0000985
     124       0       0       1       0                               0D0000986
     110     507       0       0       0       0       0       000010000D0000987
     110       0       0       1       0                               0D0000988
     100     508       0       0       0       0     991       000010000D0000989
     100       0       0       1       0                               0D0000990
     124     509       0       0       0       0       0       000000000D0000991
     124       0       0       1       0                               0D0000992
     144     510       0       0       0       0       0       000020000D0000993
     144       0   -3699       1       0                               0D0000994
     108     511       0       0       0       0       0       000010000D0000995
     108       0       0       1       0                               0D0000996
     142     512       0       0       0       0       0       000010500D0000997
     142       0       0       1       0                               0D0000998
     102     513       0       0       0       0       0       000010000D0000999
     102       0       0       1       0                               0D0001000
     110     514       0       0       0       0       0       000010000D0001001
     110       0       0       1       0                               0D0001002
     110     515       0       0       0       0       0       000010000D0001003
     110       0       0       1       0                               0D0001004
     110     516       0       0       0       0       0       000010000D0001005
     110       0       0       1       0                               0D0001006
     110     517       0       0       0       0       0       000010000D0001007
     110       0       0       1       0                               0D0001008
     144     518       0       0       0       0       0       000020000D0001009
     144       0   -3699       1       0                               0D0001010
     108     519       0       0       0       0       0       000010000D0001011
     108       0       0       1       0                               0D0001012
     142     520       0       0       0       0       0       000010500D0001013
     142       0       0       1       0                               0D0001014
     102     521       0       0       0       0       0       000010000D0001015
     102       0       0       1       0                               0D0001016
     110     522       0       0       0       0       0       000010000D0001017
     110       0       0       1       0                               0D0001018
     100     523       0       0       0       0    1021       000010000D0001019
     100       0       0       1       0                               0D0001020
     124     524       0       0       0       0       0       000000000D0001021
     124       0       0       1       0                               0D0001022
     110     525       0       0       0       0       0       000010000D0001023
     110       0       0       1       0                               0D0001024
     110     526       0       0       0       0       0       000010000D0001025
     110       0       0       1       0                               0D0001026
     144     527       0       0       0       0       0       000020000D0001027
     144       0   -3699       1       0                               0D0001028
     108     528       0       0       0       0       0       000010000D0001029
     108       0       0       1       0                               0D0001030
     142     529       0       0       0       0       0       000010500D0001031
     142       0       0       1       0                               0D0001032
     102     530       0       0       0       0       0       000010000D0001033
     102       0       0       1       0                               0D0001034
     110     531       0       0       0       0       0       000010000D0001035
     110       0       0       1       0                               0D0001036
     110     532       0       0       0       0       0       000010000D0001037
     110       0       0       1       0                               0D0001038
     110     533       0       0       0       0       0       000010000D0001039
     110       0       0       1       0                               0D0001040
     110     534       0       0       0       0       0       000010000D0001041
     110       0       0       1       0                               0D0001042
     144     535       0       0       0       0       0       000020000D0001043
     144       0   -3699       1       0                               0D0001044
     120     536       0       0       0       0    1047       000010000D0001045
     120       0       0       1       0                               0D0001046
     124     537       0       0       0       0       0       000000000D0001047
     124       0       0       1       1                               0D0001048
     110     538       0       0       0       0       0       000010000D0001049
     110       0       0       1       0                               0D0001050
     110     539       0       0       0       0       0       000010000D0001051
     110       0       0       1       0                               0D0001052
     142     540       0       0       0       0       0       000010500D0001053
     142       0       0       1       0                               0D0001054
     102     541       0       0       0       0       0       000010000D0001055
     102       0       0       1       0                               0D0001056
     110     542       0       0       0       0       0       000010000D0001057
     110       0       0       1       0                               0D0001058
     110     543       0       0       0       0       0       000010000D0001059
     110       0       0       1       0                               0D0001060
     110     544       0       0       0       0       0       000010000D0001061
     110       0       0       1       0                               0D0001062
     110     545       0       0       0       0       0       000010000D0001063
     110       0       0       2       0                               0D0001064
     102     547       0       0       0       0       0       000010000D0001065
     102       0       0       1       0                               0D0001066
     110     548       0       0       0       0       0       000010000D0001067
     110       0       0       1       0                               0D0001068
     100     549       0       0       0       0    1071       000010000D0001069
     100       0       0       1       0                               0D0001070
     124     550       0       0       0       0       0       000000000D0001071
     124       0       0       1       0                               0D0001072
     110     551       0       0       0       0       0       000010000D0001073
     110       0       0       1       0                               0D0001074
     100     552       0       0       0       0    1077       000010000D0001075
     100       0       0       1       0                               0D0001076
     124     553       0       0       0       0       0       000000000D0001077
     124       0       0       1       0                               0D0001078
     144     554       0       0       0       0       0       000020000D0001079
     144       0   -3699       1       0                               0D0001080
     108     555       0       0       0       0       0       000010000D0001081
     108       0       0       1       0                               0D0001082
     142     556       0       0       0       0       0       000010500D0001083
     142       0       0       1       0                               0D0001084
     102     557       0       0       0       0       0       000010000D0001085
     102       0       0       1       0                               0D0001086
     110     558       0       0       0       0       0       000010000D0001087
     110       0       0       1       0                               0D0001088
     110     559       0       0       0       0       0       000010000D0001089
     110       0       0       1       0                               0D0001090
     110     560       0       0       0       0       0       000010000D0001091
     110       0       0       1       0                               0D0001092
     110     561       0       0       0       0       0       000010000D0001093
     110       0       0       1       0                               0D0001094
     144     562       0       0       0       0       0       000020000D0001095
     144       0   -3699       1       0                               0D0001096
     108     563       0       0       0       0       0       000010000D0001097
     108       0       0       1       0                               0D0001098
     142     564       0       0       0       0       0       000010500D0001099
     142       0       0       1       0                               0D0001100
     102     565       0       0       0       0       0       000010000D0001101
     102       0       0       1       0                               0D0001102
     110     566       0       0       0       0       0       000010000D0001103
     110       0       0       1       0                               0D0001104
     100     567       0       0       0       0    1107       000010000D0001105
     100       0       0       1       0                               0D0001106
     124     568       0       0       0       0       0       000000000D0001107
     124       0       0       1       0                               0D0001108
     110     569       0       0       0       0       0       000010000D0001109
     110       0       0       1       0                               0D0001110
     110     570       0       0       0       0       0       000010000D0001111
     110       0       0       1       0                               0D0001112
     144     571       0       0       0       0       0       000020000D0001113
     144       0   -3699       1       0                               0D0001114
     108     572       0       0       0       0       0       000010000D0001115
     108       0       0       1       0                               0D0001116
     142     573       0       0       0       0       0       000010500D0001117
     142       0       0       1       0                               0D0001118
     102     574       0       0       0       0       0       000010000D0001119
     102       0       0       1       0                               0D0001120
     110     575       0       0       0       0       0       000010000D0001121
     110       0       0       1       0                               0D0001122
     110     576       0       0       0       0       0       000010000D0001123
     110       0       0       1       0                               0D0001124
     110     577       0       0       0       0       0       000010000D0001125
     110       0       0       1       0                               0D0001126
     110     578       0       0       0       0       0       000010000D0001127
     110       0       0       1       0                               0D0001128
     144     579       0       0       0       0       0       000020000D0001129
     144       0   -3699       1       0                               0D0001130
     120     580       0       0       0       0    1133       000010000D0001131
     120       0       0       1       0                               0D0001132
     124     581       0       0       0       0       0       000000000D0001133
     124       0       0       1       1                               0D0001134
     110     582       0       0       0       0       0       000010000D0001135
     110       0       0       1       0                               0D0001136
     110     583       0       0       0       0       0       000010000D0001137
     110       0       0       1       0                               0D0001138
     142     584       0       0       0       0       0       000010500D0001139
     142       0       0       1       0                               0D0001140
     102     585       0       0       0       0       0       000010000D0001141
     102       0       0       1       0                               0D0001142
     110     586       0       0       0       0       0       000010000D0001143
     110       0       0       1       0                               0D0001144
     110     587       0       0       0       0       0       000010000D0001145
     110       0       0       1       0                               0D0001146
     110     588       0       0       0       0       0       000010000D0001147
     110       0       0       1       0                               0D0001148
     110     589       0       0       0       0       0       000010000D0001149
     110       0       0       2       0                               0D0001150
     102     591       0       0       0       0       0       000010000D0001151
     102       0       0       1       0                               0D0001152
     110     592       0       0       0       0       0       000010000D0001153
     110       0       0       1       0                               0D0001154
     100     593       0       0       0       0    1157       000010000D0001155
     100       0       0       1       0                               0D0001156
     124     594       0       0       0       0       0       000000000D0001157
     124       0       0       1       0                               0D0001158
     110     595       0       0       0       0       0       000010000D0001159
     110       0       0       1       0                               0D0001160
     100     596       0       0       0       0    1163       000010000D0001161
     100       0       0       1       0                               0D0001162
     124     597       0       0       0       0       0       000000000D0001163
     124       0       0       1       0                               0D0001164
     144     598       0       0       0       0       0       000020000D0001165
     144       0   -3699       1       0                               0D0001166
     108     599       0       0       0       0       0       000010000D0001167
     108       0       0       1       0                               0D0001168
     142     600       0       0       0       0       0       000010500D0001169
     142       0       0       1       0                               0D0001170
     102     601       0       0       0       0       0       000010000D0001171
     102       0       0       1       0                               0D0001172
     110     602       0       0       0       0       0       000010000D0001173
     110       0       0       1       0                               0D0001174
     110     603       0       0       0       0       0       000010000D0001175
     110       0       0       1       0                               0D0001176
     110     604       0       0       0       0       0       000010000D0001177
     110       0       0       1       0                               0D0001178
     110     605       0       0       0       0       0       000010000D0001179
     110       0       0       1       0                               0D0001180
     144     606       0       0       0       0       0       000020000D0001181
     144       0   -3699       1       0                               0D0001182
     108     607       0       0       0       0       0       000010000D0001183
     108       0       0       1       0                               0D0001184
     142     608       0       0       0       0       0       000010500D0001185
     142       0       0       1       0                               0D0001186
     102     609       0       0       0       0       0       000010000D0001187
     102       0       0       1       0                               0D0001188
     110     610       0       0       0       0       0       000010000D0001189
     110       0       0       1       0                               0D0001190
     100     611       0       0       0       0    1193       000010000D0001191
     100       0       0       1       0                               0D0001192
     124     612       0       0       0       0       0       000000000D0001193
     124       0       0       1       0                               0D0001194
     110     613       0       0       0       0       0       000010000D0001195
     110       0       0       1       0                               0D0001196
     110     614       0       0       0       0       0       000010000D0001197
     110       0       0       1       0                               0D0001198
     144     615       0       0       0       0       0       000020000D0001199
     144       0   -3699       1       0                               0D0001200
     108     616       0       0       0       0       0       000010000D0001201
     108       0       0       1       0                               0D0001202
     142     617       0       0       0       0       0       000010500D0001203
     142       0       0       1       0                               0D0001204
     102     618       0       0       0       0       0       000010000D0001205
     102       0       0       1       0                               0D0001206
     110     619       0       0       0       0       0       000010000D0001207
     110       0       0       1       0                               0D0001208
     110     620       0       0       0       0       0       000010000D0001209
     110       0       0       1       0                               0D0001210
     110     621       0       0       0       0       0       000010000D0001211
     110       0       0       1       0                               0D0001212
     110     622       0       0       0       0       0       000010000D0001213
     110       0       0       1       0                               0D0001214
     144     623       0       0       0       0       0       000020000D0001215
     144       0   -3699       1       0                               0D0001216
     120     624       0       0       0       0    1219       000010000D0001217
     120       0       0       1       0                               0D0001218
     124     625       0       0       0       0       0       000000000D0001219
     124       0       0       1       1                               0D0001220
     110     626       0       0       0       0       0       000010000D0001221
     110       0       0       1       0                               0D0001222
     110     627       0       0       0       0       0       000010000D0001223
     110       0       0       1       0                               0D0001224
     142     628       0       0       0       0       0       000010500D0001225
     142       0       0       1       0                               0D0001226
     102     629       0       0       0       0       0       000010000D0001227
     102       0       0       1       0                               0D0001228
     110     630       0       0       0       0       0       000010000D0001229
     110       0       0       1       0                               0D0001230
     110     631       0       0       0       0       0       000010000D0001231
     110       0       0       1       0                               0D0001232
     110     632       0       0       0       0       0       000010000D0001233
     110       0       0       1       0                               0D0001234
     110     633       0       0       0       0       0       000010000D0001235
     110       0       0       2       0                               0D0001236
     102     635       0       0       0       0       0       000010000D0001237
     102       0       0       1       0                               0D0001238
     110     636       0       0       0       0       0       000010000D0001239
     110       0       0       1       0                               0D0001240
     100     637       0       0       0       0    1243       000010000D0001241
     100       0       0       1       0                               0D0001242
     124     638       0       0       0       0       0       000000000D0001243
     124       0       0       1       0                               0D0001244
     110     639       0       0       0       0       0       000010000D0001245
     110       0       0       1       0                               0D0001246
     100     640       0       0       0       0    1249       000010000D0001247
     100       0       0       1       0                               0D0001248
     124     641       0       0       0       0       0       000000000D0001249
     124       0       0       1       0                               0D0001250
     144     642       0       0       0       0       0       000020000D0001251
     144       0   -3699       1       0                               0D0001252
     108     643       0       0       0       0       0       000010000D0001253
     108       0       0       1       0                               0D0001254
     142     644       0       0       0       0       0       000010500D0001255
     142       0       0       1       0                               0D0001256
     102     645       0       0       0       0       0       000010000D0001257
     102       0       0       1       0                               0D0001258
     110     646       0       0       0       0       0       000010000D0001259
     110       0       0       1       0                               0D0001260
     110     647       0       0       0       0       0       000010000D0001261
     110       0       0       1       0                               0D0001262
     110     648       0       0       0       0       0       000010000D0001263
     110       0       0       1       0                               0D0001264
     110     649       0       0       0       0       0       000010000D0001265
     110       0       0       1       0                               0D0001266
     144     650       0       0       0       0       0       000020000D0001267
     144       0   -3699       1       0                               0D0001268
     108     651       0       0       0       0       0       000010000D0001269
     108       0       0       1       0                               0D0001270
     142     652       0       0       0       0       0       000010500D0001271
     142       0       0       1       0                               0D0001272
     102     653       0       0       0       0       0       000010000D0001273
     102       0       0       1       0                               0D0001274
     110     654       0       0       0       0       0       000010000D0001275
     110       0       0       1       0                               0D0001276
     100     655       0       0       0       0    1279       000010000D0001277
     100       0       0       1       0                               0D0001278
     124     656       0       0       0       0       0       000000000D0001279
     124       0       0       1       0                               0D0001280
     110     657       0       0       0       0       0       000010000D0001281
     110       0       0       1       0                               0D0001282
     110     658       0       0       0       0       0       000010000D0001283
     110       0       0       1       0                               0D0001284
     144     659       0       0       0       0       0       000020000D0001285
     144       0   -3699       1       0                               0D0001286
     108     660       0       0       0       0       0       000010000D0001287
     108       0       0       1       0                               0D0001288
     142     661       0       0       0       0       0       000010500D0001289
     142       0       0       1       0                               0D0001290
     102     662       0       0       0       0       0       000010000D0001291
     102       0       0       1       0                               0D0001292
     110     663       0       0       0       0       0       000010000D0001293
     110       0       0       1       0                               0D0001294
     110     664       0       0       0       0       0       000010000D0001295
     110       0       0       1       0                               0D0001296
     110     665       0       0       0       0       0       000010000D0001297
     110       0       0       1       0                               0D0001298
     110     666       0       0       0       0       0       000010000D0001299
     110       0       0       1       0                               0D0001300
     144     667       0       0       0       0       0       000020000D0001301
     144       0   -3699       1       0                               0D0001302
     120     668       0       0       0       0    1305       000010000D0001303
     120       0       0       1       0                               0D0001304
     124     669       0       0       0       0       0       000000000D0001305
     124       0       0       1       1                               0D0001306
     110     670       0       0       0       0       0       000010000D0001307
     110       0       0       1       0                               0D0001308
     110     671       0       0       0       0       0       000010000D0001309
     110       0       0       1       0                               0D0001310
     142     672       0       0       0       0       0       000010500D0001311
     142       0       0       1       0                               0D0001312
     102     673       0       0       0       0       0       000010000D0001313
     102       0       0       1       0                               0D0001314
     110     674       0       0       0       0       0       000010000D0001315
     110       0       0       1       0                               0D0001316
     110     675       0       0       0       0       0       000010000D0001317
     110       0       0       1       0                               0D0001318
     110     676       0       0       0       0       0       000010000D0001319
     110       0       0       1       0                               0D0001320
     110     677       0       0       0       0       0       000010000D0001321
     110       0       0       2       0                               0D0001322
     102     679       0       0       0       0       0       000010000D0001323
     102       0       0       1       0                               0D0001324
     110     680       0       0       0       0       0       000010000D0001325
     110       0       0       1       0                               0D0001326
     100     681       0       0       0       0    1329       000010000D0001327
     100       0       0       1       0                               0D0001328
     124     682       0       0       0       0       0       000000000D0001329
     124       0       0       1       0                               0D0001330
     110     683       0       0       0       0       0       000010000D0001331
     110       0       0       1       0                               0D0001332
     100     684       0       0       0       0    1335       000010000D0001333
     100       0       0       1       0                               0D0001334
     124     685       0       0       0       0       0       000000000D0001335
     124       0       0       1       0                               0D0001336
     144     686       0       0       0       0       0       000020000D0001337
     144       0   -3699       1       0                               0D0001338
     108     687       0       0       0       0       0       000010000D0001339
     108       0       0       1       0                               0D0001340
     142     688       0       0       0       0       0       000010500D0001341
     142       0       0       1       0                               0D0001342
     102     689       0       0       0       0       0       000010000D0001343
     102       0       0       1       0                               0D0001344
     110     690       0       0       0       0       0       000010000D0001345
     110       0       0       1       0                               0D0001346
     110     691       0       0       0       0       0       000010000D0001347
     110       0       0       1       0                               0D0001348
     110     692       0       0       0       0       0       000010000D0001349
     110       0       0       1       0                               0D0001350
     110     693       0       0       0       0       0       000010000D0001351
     110       0       0       1       0                               0D0001352
     144     694       0       0       0       0       0       000020000D0001353
     144       0   -3699       1       0                               0D0001354
     108     695       0       0       0       0       0       000010000D0001355
     108       0       0       1       0                               0D0001356
     142     696       0       0       0       0       0       000010500D0001357
     142       0       0       1       0                               0D0001358
     102     697       0       0       0       0       0       000010000D0001359
     102       0       0       1       0                               0D0001360
     110     698       0       0       0       0       0       000010000D0001361
     110       0       0       1       0                               0D0001362
     100     699       0       0       0       0    1365       000010000D0001363
     100       0       0       1       0                               0D0001364
     124     700       0       0       0       0       0       000000000D0001365
     124       0       0       1       0                               0D0001366
     110     701       0       0       0       0       0       000010000D0001367
     110       0       0       1       0                               0D0001368
     110     702       0       0       0       0       0       000010000D0001369
     110       0       0       1       0                               0D0001370
     144     703       0       0       0       0       0       000020000D0001371
     144       0   -3699       1       0                               0D0001372
     108     704       0       0       0       0       0       000010000D0001373
     108       0       0       1       0                               0D0001374
     142     705       0       0       0       0       0       000010500D0001375
     142       0       0       1       0                               0D0001376
     102     706       0       0       0       0       0       000010000D0001377
     102       0       0       1       0                               0D0001378
     110     707       0       0       0       0       0       000010000D0001379
     110       0       0       1       0                               0D0001380
     110     708       0       0       0       0       0       000010000D0001381
     110       0       0       1       0                               0D0001382
     110     709       0       0       0       0       0       000010000D0001383
     110       0       0       1       0                               0D0001384
     110     710       0       0       0       0       0       000010000D0001385
     110       0       0       1       0                               0D0001386
     144     711       0       0       0       0       0       000020000D0001387
     144       0   -3699       1       0                               0D0001388
     120     712       0       0       0       0    1391       000010000D0001389
     120       0       0       1       0                               0D0001390
     124     713       0       0       0       0       0       000000000D0001391
     124       0       0       1       1                               0D0001392
     110     714       0       0       0       0       0       000010000D0001393
     110       0       0       1       0                               0D0001394
     110     715       0       0       0       0       0       000010000D0001395
     110       0       0       1       0                               0D0001396
     142     716       0       0       0       0       0       000010500D0001397
     142       0       0       1       0                               0D0001398
     102     717       0       0       0       0       0       000010000D0001399
     102       0       0       1       0                               0D0001400
     110     718       0       0       0       0       0       000010000D0001401
     110       0       0       1       0                               0D0001402
     110     719       0       0       0       0       0       000010000D0001403
     110       0       0       2       0                               0D0001404
     110     721       0       0       0       0       0       000010000D0001405
     110       0       0       1       0                               0D0001406
     110     722       0       0       0       0       0       000010000D0001407
     110       0       0       1       0                               0D0001408
     102     723       0       0       0       0       0       000010000D0001409
     102       0       0       1       0                               0D0001410
     110     724       0       0       0       0       0       000010000D0001411
     110       0       0       1       0                               0D0001412
     100     725       0       0       0       0    1415       000010000D0001413
     100       0       0       1       0                               0D0001414
     124     726       0       0       0       0       0       000000000D0001415
     124       0       0       1       0                               0D0001416
     110     727       0       0       0       0       0       000010000D0001417
     110       0       0       1       0                               0D0001418
     100     728       0       0       0       0    1421       000010000D0001419
     100       0       0       1       0                               0D0001420
     124     729       0       0       0       0       0       000000000D0001421
     124       0       0       1       0                               0D0001422
     144     730       0       0       0       0       0       000020000D0001423
     144       0   -3699       1       0                               0D0001424
     108     731       0       0       0       0       0       000010000D0001425
     108       0       0       1       0                               0D0001426
     142     732       0       0       0       0       0       000010500D0001427
     142       0       0       1       0                               0D0001428
     102     733       0       0       0       0       0       000010000D0001429
     102       0       0       1       0                               0D0001430
     110     734       0       0       0       0       0       000010000D0001431
     110       0       0       1       0                               0D0001432
     110     735       0       0       0       0       0       000010000D0001433
     110       0       0       1       0                               0D0001434
     110     736       0       0       0       0       0       000010000D0001435
     110       0       0       1       0                               0D0001436
     110     737       0       0       0       0       0       000010000D0001437
     110       0       0       1       0                               0D0001438
     144     738       0       0       0       0       0       000020000D0001439
     144       0   -3699       1       0                               0D0001440
     108     739       0       0       0       0       0       000010000D0001441
     108       0       0       1       0                               0D0001442
     142     740       0       0       0       0       0       000010500D0001443
     142       0       0       1       0                               0D0001444
     102     741       0       0       0       0       0       000010000D0001445
     102       0       0       1       0                               0D0001446
     110     742       0       0       0       0       0       000010000D0001447
     110       0       0       1       0                               0D0001448
     100     743       0       0       0       0    1451       000010000D0001449
     100       0       0       1       0                               0D0001450
     124     744       0       0       0       0       0       000000000D0001451
     124       0       0       1       0                               0D0001452
     110     745       0       0       0       0       0       000010000D0001453
     110       0       0       1       0                               0D0001454
     110     746       0       0       0       0       0       000010000D0001455
     110       0       0       1       0                               0D0001456
     144     747       0       0       0       0       0       000020000D0001457
     144       0   -3699       1       0                               0D0001458
     108     748       0       0       0       0       0       000010000D0001459
     108       0       0       1       0                               0D0001460
     142     749       0       0       0       0       0       000010500D0001461
     142       0       0       1       0                               0D0001462
     102     750       0       0       0       0       0       000010000D0001463
     102       0       0       1       0                               0D0001464
     110     751       0       0       0       0       0       000010000D0001465
     110       0       0       1       0                               0D0001466
     110     752       0       0       0       0       0       000010000D0001467
     110       0       0       1       0                               0D0001468
     110     753       0       0       0       0       0       000010000D0001469
     110       0       0       1       0                               0D0001470
     110     754       0       0       0       0       0       000010000D0001471
     110       0       0       1       0                               0D0001472
     144     755       0       0       0       0       0       000020000D0001473
     144       0   -3699       1       0                               0D0001474
     120     756       0       0       0       0    1477       000010000D0001475
     120       0       0       1       0                               0D0001476
     124     757       0       0       0       0       0       000000000D0001477
     124       0       0       1       1                               0D0001478
     110     758       0       0       0       0       0       000010000D0001479
     110       0       0       1       0                               0D0001480
     110     759       0       0       0       0       0       000010000D0001481
     110       0       0       1       0                               0D0001482
     142     760       0       0       0       0       0       000010500D0001483
     142       0       0       1       0                               0D0001484
     102     761       0       0       0       0       0       000010000D0001485
     102       0       0       1       0                               0D0001486
     110     762       0       0       0       0       0       000010000D0001487
     110       0       0       1       0                               0D0001488
     110     763       0       0       0       0       0       000010000D0001489
     110       0       0       2       0                               0D0001490
     110     765       0       0       0       0       0       000010000D0001491
     110       0       0       1       0                               0D0001492
     110     766       0       0       0       0       0       000010000D0001493
     110       0       0       1       0                               0D0001494
     102     767       0       0       0       0       0       000010000D0001495
     102       0       0       1       0                               0D0001496
     110     768       0       0       0       0       0       000010000D0001497
     110       0       0       1       0                               0D0001498
     100     769       0       0       0       0    1501       000010000D0001499
     100       0       0       1       0                               0D0001500
     124     770       0       0       0       0       0       000000000D0001501
     124       0       0       1       0                               0D0001502
     110     771       0       0       0       0       0       000010000D0001503
     110       0       0       1       0                               0D0001504
     100     772       0       0       0       0    1507       000010000D0001505
     100       0       0       1       0                               0D0001506
     124     773       0       0       0       0       0       000000000D0001507
     124       0       0       1       0                               0D0001508
     144     774       0       0       0       0       0       000020000D0001509
     144       0   -3699       1       0                               0D0001510
     108     775       0       0       0       0       0       000010000D0001511
     108       0       0       1       0                               0D0001512
     142     776       0       0       0       0       0       000010500D0001513
     142       0       0       1       0                               0D0001514
     102     777       0       0       0       0       0       000010000D0001515
     102       0       0       1       0                               0D0001516
     110     778       0       0       0       0       0       000010000D0001517
     110       0       0       1       0                               0D0001518
     110     779       0       0       0       0       0       000010000D0001519
     110       0       0       1       0                               0D0001520
     110     780       0       0       0       0       0       000010000D0001521
     110       0       0       1       0                               0D0001522
     110     781       0       0       0       0       0       000010000D0001523
     110       0       0       1       0                               0D0001524
     144     782       0       0       0       0       0       000020000D0001525
     144       0   -3699       1       0                               0D0001526
     108     783       0       0       0       0       0       000010000D0001527
     108       0       0       1       0                               0D0001528
     142     784       0       0       0       0       0       000010500D0001529
     142       0       0       1       0                               0D0001530
     102     785       0       0       0       0       0       000010000D0001531
     102       0       0       1       0                               0D0001532
     110     786       0       0       0       0       0       000010000D0001533
     110       0       0       1       0                               0D0001534
     100     787       0       0       0       0    1537       000010000D0001535
     100       0       0       1       0                               0D0001536
     124     788       0       0       0       0       0       000000000D0001537
     124       0       0       1       0                               0D0001538
     110     789       0       0       0       0       0       000010000D0001539
     110       0       0       1       0                               0D0001540
     110     790       0       0       0       0       0       000010000D0001541
     110       0       0       1       0                               0D0001542
     144     791       0       0       0       0       0       000020000D0001543
     144       0   -3699       1       0                               0D0001544
     108     792       0       0       0       0       0       000010000D0001545
     108       0       0       1       0                               0D0001546
     142     793       0       0       0       0       0       000010500D0001547
     142       0       0       1       0                               0D0001548
     102     794       0       0       0       0       0       000010000D0001549
     102       0       0       1       0                               0D0001550
     110     795       0       0       0       0       0       000010000D0001551
     110       0       0       1       0                               0D0001552
     110     796       0       0       0       0       0       000010000D0001553
     110       0       0       1       0                               0D0001554
     110     797       0       0       0       0       0       000010000D0001555
     110       0       0       1       0                               0D0001556
     110     798       0       0       0       0       0       000010000D0001557
     110       0       0       1       0                               0D0001558
     144     799       0       0       0       0       0       000020000D0001559
     144       0   -3699       1       0                               0D0001560
     120     800       0       0       0       0    1563       000010000D0001561
     120       0       0       1       0                               0D0001562
     124     801       0       0       0       0       0       000000000D0001563
     124       0       0       1       1                               0D0001564
     110     802       0       0       0       0       0       000010000D0001565
     110       0       0       1       0                               0D0001566
     110     803       0       0       0       0       0       000010000D0001567
     110       0       0       1       0                               0D0001568
     142     804       0       0       0       0       0       000010500D0001569
     142       0       0       1       0                               0D0001570
     102     805       0       0       0       0       0       000010000D0001571
     102       0       0       1       0                               0D0001572
     110     806       0       0       0       0       0       000010000D0001573
     110       0       0       1       0                               0D0001574
     110     807       0       0       0       0       0       000010000D0001575
     110       0       0       2       0                               0D0001576
     110     809       0       0       0       0       0       000010000D0001577
     110       0       0       1       0                               0D0001578
     110     810       0       0       0       0       0       000010000D0001579
     110       0       0       1       0                               0D0001580
     102     811       0       0       0       0       0       000010000D0001581
     102       0       0       1       0                               0D0001582
     110     812       0       0       0       0       0       000010000D0001583
     110       0       0       1       0                               0D0001584
     100     813       0       0       0       0    1587       000010000D0001585
     100       0       0       1       0                               0D0001586
     124     814       0       0       0       0       0       000000000D0001587
     124       0       0       1       0                               0D0001588
     110     815       0       0       0       0       0       000010000D0001589
     110       0       0       1       0                               0D0001590
     100     816       0       0       0       0    1593       000010000D0001591
     100       0       0       1       0                               0D0001592
     124     817       0       0       0       0       0       000000000D0001593
     124       0       0       1       0                               0D0001594
     144     818       0       0       0       0       0       000020000D0001595
     144       0   -3699       1       0                               0D0001596
     108     819       0       0       0       0       0       000010000D0001597
     108       0       0       1       0                               0D0001598
     142     820       0       0       0       0       0       000010500D0001599
     142       0       0       1       0                               0D0001600
     102     821       0       0       0       0       0       000010000D0001601
     102       0       0       1       0                               0D0001602
     110     822       0       0       0       0       0       000010000D0001603
     110       0       0       1       0                               0D0001604
     110     823       0       0       0       0       0       000010000D0001605
     110       0       0       1       0                               0D0001606
     110     824       0       0       0       0       0       000010000D0001607
     110       0       0       1       0                               0D0001608
     110     825       0       0       0       0       0       000010000D0001609
     110       0       0       1       0                               0D0001610
     144     826       0       0       0       0       0       000020000D0001611
     144       0   -3699       1       0                               0D0001612
     108     827       0       0       0       0       0       000010000D0001613
     108       0       0       1       0                               0D0001614
     142     828       0       0       0       0       0       000010500D0001615
     142       0       0       1       0                               0D0001616
     102     829       0       0       0       0       0       000010000D0001617
     102       0       0       1       0                               0D0001618
     110     830       0       0       0       0       0       000010000D0001619
     110       0       0       1       0                               0D0001620
     100     831       0       0       0       0    1623       000010000D0001621
     100       0       0       1       0                               0D0001622
     124     832       0       0       0       0       0       000000000D0001623
     124       0       0       1       0                               0D0001624
     110     833       0       0       0       0       0       000010000D0001625
     110       0       0       1       0                               0D0001626
     110     834       0       0       0       0       0       000010000D0001627
     110       0       0       1       0                               0D0001628
     144     835       0       0       0       0       0       000020000D0001629
     144       0   -3699       1       0                               0D0001630
     108     836       0       0       0       0       0       000010000D0001631
     108       0       0       1       0                               0D0001632
     142     837       0       0       0       0       0       000010500D0001633
     142       0       0       1       0                               0D0001634
     102     838       0       0       0       0       0       000010000D0001635
     102       0       0       1       0                               0D0001636
     110     839       0       0       0       0       0       000010000D0001637
     110       0       0       1       0                               0D0001638
     110     840       0       0       0       0       0       000010000D0001639
     110       0       0       1       0                               0D0001640
     110     841       0       0       0       0       0       000010000D0001641
     110       0       0       1       0                               0D0001642
     110     842       0       0       0       0       0       000010000D0001643
     110       0       0       1       0                               0D0001644
     144     843       0       0       0       0       0       000020000D0001645
     144       0   -3699       1       0                               0D0001646
     120     844       0       0       0       0    1649       000010000D0001647
     120       0       0       1       0                               0D0001648
     124     845       0       0       0       0       0       000000000D0001649
     124       0       0       1       1                               0D0001650
     110     846       0       0       0       0       0       000010000D0001651
     110       0       0       1       0                               0D0001652
     110     847       0       0       0       0       0       000010000D0001653
     110       0       0       1       0                               0D0001654
     142     848       0       0       0       0       0       000010500D0001655
     142       0       0       1       0                               0D0001656
     102     849       0       0       0       0       0       000010000D0001657
     102       0       0       1       0                               0D0001658
     110     850       0       0       0       0       0       000010000D0001659
     110       0       0       1       0                               0D0001660
     110     851       0       0       0       0       0       000010000D0001661
     110       0       0       2       0                               0D0001662
     110     853       0       0       0       0       0       000010000D0001663
     110       0       0       1       0                               0D0001664
     110     854       0       0       0       0       0       000010000D0001665
     110       0       0       1       0                               0D0001666
     102     855       0       0       0       0       0       000010000D0001667
     102       0       0       1       0                               0D0001668
     110     856       0       0       0       0       0       000010000D0001669
     110       0       0       1       0                               0D0001670
     100     857       0       0       0       0    1673       000010000D0001671
     100       0       0       1       0                               0D0001672
     124     858       0       0       0       0       0       000000000D0001673
     124       0       0       1       0                               0D0001674
     110     859       0       0       0       0       0       000010000D0001675
     110       0       0       1       0                               0D0001676
     100     860       0       0       0       0    1679       000010000D0001677
     100       0       0       1       0                               0D0001678
     124     861       0       0       0       0       0       000000000D0001679
     124       0       0       1       0                               0D0001680
     144     862       0       0       0       0       0       000020000D0001681
     144       0   -3699       1       0                               0D0001682
     108     863       0       0       0       0       0       000010000D0001683
     108       0       0       1       0                               0D0001684
     142     864       0       0       0       0       0       000010500D0001685
     142       0       0       1       0                               0D0001686
     102     865       0       0       0       0       0       000010000D0001687
     102       0       0       1       0                               0D0001688
     110     866       0       0       0       0       0       000010000D0001689
     110       0       0       1       0                               0D0001690
     110     867       0       0       0       0       0       000010000D0001691
     110       0       0       1       0                               0D0001692
     110     868       0       0       0       0       0       000010000D0001693
     110       0       0       1       0                               0D0001694
     110     869       0       0       0       0       0       000010000D0001695
     110       0       0       1       0                               0D0001696
     144     870       0       0       0       0       0       000020000D0001697
     144       0   -3699       1       0                               0D0001698
     108     871       0       0       0       0       0       000010000D0001699
     108       0       0       1       0                               0D0001700
     142     872       0       0       0       0       0       000010500D0001701
     142       0       0       1       0                               0D0001702
     102     873       0       0       0       0       0       000010000D0001703
     102       0       0       1       0                               0D0001704
     110     874       0       0       0       0       0       000010000D0001705
     110       0       0       1       0                               0D0001706
     100     875       0       0       0       0    1709       000010000D0001707
     100       0       0       1       0                               0D0001708
     124     876       0       0       0       0       0       000000000D0001709
     124       0       0       1       0                               0D0001710
     110     877       0       0       0       0       0       000010000D0001711
     110       0       0       1       0                               0D0001712
     110     878       0       0       0       0       0       000010000D0001713
     110       0       0       1       0                               0D0001714
     144     879       0       0       0       0       0       000020000D0001715
     144       0   -3699       1       0                               0D0001716
     108     880       0       0       0       0       0       000010000D0001717
     108       0       0       1       0                               0D0001718
     142     881       0       0       0       0       0       000010500D0001719
     142       0       0       1       0                               0D0001720
     102     882       0       0       0       0       0       000010000D0001721
     102       0       0       1       0                               0D0001722
     110     883       0       0       0       0       0       000010000D0001723
     110       0       0       1       0                               0D0001724
     110     884       0       0       0       0       0       000010000D0001725
     110       0       0       1       0                               0D0001726
     110     885       0       0       0       0       0       000010000D0001727
     110       0       0       1       0                               0D0001728
     110     886       0       0       0       0       0       000010000D0001729
     110       0       0       1       0                               0D0001730
     144     887       0       0       0       0       0       000020000D0001731
     144       0   -3699       1       0                               0D0001732
     120     888       0       0       0       0    1735       000010000D0001733
     120       0       0       1       0                               0D0001734
     124     889       0       0       0       0       0       000000000D0001735
     124       0       0       1       1                               0D0001736
     110     890       0       0       0       0       0       000010000D0001737
     110       0       0       1       0                               0D0001738
     110     891       0       0       0       0       0       000010000D0001739
     110       0       0       1       0                               0D0001740
     142     892       0       0       0       0       0       000010500D0001741
     142       0       0       1       0                               0D0001742
     102     893       0       0       0       0       0       000010000D0001743
     102       0       0       1       0                               0D0001744
     110     894       0       0       0       0       0       000010000D0001745
     110       0       0       1       0                               0D0001746
     110     895       0       0       0       0       0       000010000D0001747
     110       0       0       2       0                               0D0001748
     110     897       0       0       0       0       0       000010000D0001749
     110       0       0       1       0                               0D0001750
     110     898       0       0       0       0       0       000010000D0001751
     110       0       0       1       0                               0D0001752
     102     899       0       0       0       0       0       000010000D0001753
     102       0       0       1       0                               0D0001754
     110     900       0       0       0       0       0       000010000D0001755
     110       0       0       1       0                               0D0001756
     100     901       0       0       0       0    1759       000010000D0001757
     100       0       0       1       0                               0D0001758
     124     902       0       0       0       0       0       000000000D0001759
     124       0       0       1       0                               0D0001760
     110     903       0       0       0       0       0       000010000D0001761
     110       0       0       1       0                               0D0001762
     100     904       0       0       0       0    1765       000010000D0001763
     100       0       0       1       0                               0D0001764
     124     905       0       0       0       0       0       000000000D0001765
     124       0       0       1       0                               0D0001766
     144     906       0       0       0       0       0       000020000D0001767
     144       0   -3699       1       0                               0D0001768
     108     907       0       0       0       0       0       000010000D0001769
     108       0       0       1       0                               0D0001770
     142     908       0       0       0       0       0       000010500D0001771
     142       0       0       1       0                               0D0001772
     102     909       0       0       0       0       0       000010000D0001773
     102       0       0       1       0                               0D0001774
     110     910       0       0       0       0       0       000010000D0001775
     110       0       0       1       0                               0D0001776
     110     911       0       0       0       0       0       000010000D0001777
     110       0       0       1       0                               0D0001778
     110     912       0       0       0       0       0       000010000D0001779
     110       0       0       1       0                               0D0001780
     110     913       0       0       0       0       0       000010000D0001781
     110       0       0       1       0                               0D0001782
     144     914       0       0       0       0       0       000020000D0001783
     144       0   -3699       1       0                               0D0001784
     108     915       0       0       0       0       0       000010000D0001785
     108       0       0       1       0                               0D0001786
     142     916       0       0       0       0       0       000010500D0001787
     142       0       0       1       0                               0D0001788
     102     917       0       0       0       0       0       000010000D0001789
     102       0       0       1       0                               0D0001790
     110     918       0       0       0       0       0       000010000D0001791
     110       0       0       1       0                               0D0001792
     100     919       0       0       0       0    1795       000010000D0001793
     100       0       0       1       0                               0D0001794
     124     920       0       0       0       0       0       000000000D0001795
     124       0       0       1       0                               0D0001796
     110     921       0       0       0       0       0       000010000D0001797
     110       0       0       1       0                               0D0001798
     110     922       0       0       0       0       0       000010000D0001799
     110       0       0       1       0                               0D0001800
     402     923       0       0       0       0       0       000020000D0001801
     402       0       0       4       1                =>[0:1:1        D0001802
     144     927       0       0       0       0       0       000020000D0001803
     144       0   -3701       1       0                               0D0001804
     108     928       0       0       0       0       0       000010000D0001805
     108       0       0       1       0                               0D0001806
     142     929       0       0       0       0       0       000010500D0001807
     142       0       0       1       0                               0D0001808
     102     930       0       0       0       0       0       000010000D0001809
     102       0       0       1       0                               0D0001810
     110     931       0       0       0       0       0       000010000D0001811
     110       0       0       1       0                               0D0001812
     110     932       0       0       0       0       0       000010000D0001813
     110       0       0       1       0                               0D0001814
     110     933       0       0       0       0       0       000010000D0001815
     110       0       0       1       0                               0D0001816
     110     934       0       0       0       0       0       000010000D0001817
     110       0       0       1       0                               0D0001818
     110     935       0       0       0       0       0       000010000D0001819
     110       0       0       1       0                               0D0001820
     110     936       0       0       0       0       0       000010000D0001821
     110       0       0       1       0                               0D0001822
     144     937       0       0       0       0       0       000020000D0001823
     144       0   -3701       1       0                               0D0001824
     108     938       0       0       0       0       0       000010000D0001825
     108       0       0       1       0                               0D0001826
     142     939       0       0       0       0       0       000010500D0001827
     142       0       0       1       0                               0D0001828
     102     940       0       0       0       0       0       000010000D0001829
     102       0       0       2       0                               0D0001830
     110     942       0       0       0       0       0       000010000D0001831
     110       0       0       1       0                               0D0001832
     110     943       0       0       0       0       0       000010000D0001833
     110       0       0       1       0                               0D0001834
     110     944       0       0       0       0       0       000010000D0001835
     110       0       0       1       0                               0D0001836
     110     945       0       0       0       0       0       000010000D0001837
     110       0       0       1       0                               0D0001838
     110     946       0       0       0       0       0       000010000D0001839
     110       0       0       1       0                               0D0001840
     110     947       0       0       0       0       0       000010000D0001841
     110       0       0       1       0                               0D0001842
     110     948       0       0       0       0       0       000010000D0001843
     110       0       0       1       0                               0D0001844
     110     949       0       0       0       0       0       000010000D0001845
     110       0       0       1       0                               0D0001846
     110     950       0       0       0       0       0       000010000D0001847
     110       0       0       1       0                               0D0001848
     110     951       0       0       0       0       0       000010000D0001849
     110       0       0       1       0                               0D0001850
     110     952       0       0       0       0       0       000010000D0001851
     110       0       0       1       0                               0D0001852
     110     953       0       0       0       0       0       000010000D0001853
     110       0       0       1       0                               0D0001854
     110     954       0       0       0       0       0       000010000D0001855
     110       0       0       1       0                               0D0001856
     110     955       0       0       0       0       0       000010000D0001857
     110       0       0       1       0                               0D0001858
     110     956       0       0       0       0       0       000010000D0001859
     110       0       0       1       0                               0D0001860
     110     957       0       0       0       0       0       000010000D0001861
     110       0       0       1       0                               0D0001862
     110     958       0       0       0       0       0       000010000D0001863
     110       0       0       1       0                               0D0001864
     110     959       0       0       0       0       0       000010000D0001865
     110       0       0       1       0                               0D0001866
     110     960       0       0       0       0       0       000010000D0001867
     110       0       0       1       0                               0D0001868
     110     961       0       0       0       0       0       000010000D0001869
     110       0       0       1       0                               0D0001870
     110     962       0       0       0       0       0       000010000D0001871
     110       0       0       1       0                               0D0001872
     144     963       0       0       0       0       0       000020000D0001873
     144       0   -3701       1       0                               0D0001874
     108     964       0       0       0       0       0       000010000D0001875
     108       0       0       1       0                               0D0001876
     142     965       0       0       0       0       0       000010500D0001877
     142       0       0       1       0                               0D0001878
     102     966       0       0       0       0       0       000010000D0001879
     102       0       0       1       0                               0D0001880
     110     967       0       0       0       0       0       000010000D0001881
     110       0       0       1       0                               0D0001882
     110     968       0       0       0       0       0       000010000D0001883
     110       0       0       1       0                               0D0001884
     110     969       0       0       0       0       0       000010000D0001885
     110       0       0       1       0                               0D0001886
     110     970       0       0       0       0       0       000010000D0001887
     110       0       0       1       0                               0D0001888
     144     971       0       0       0       0       0       000020000D0001889
     144       0   -3701       1       0                               0D0001890
     108     972       0       0       0       0       0       000010000D0001891
     108       0       0       1       0                               0D0001892
     142     973       0       0       0       0       0       000010500D0001893
     142       0       0       1       0                               0D0001894
     102     974       0       0       0       0       0       000010000D0001895
     102       0       0       1       0                               0D0001896
     110     975       0       0       0       0       0       000010000D0001897
     110       0       0       1       0                               0D0001898
     110     976       0       0       0       0       0       000010000D0001899
     110       0       0       1       0                               0D0001900
     110     977       0       0       0       0       0       000010000D0001901
     110       0       0       1       0                               0D0001902
     110     978       0       0       0       0       0       000010000D0001903
     110       0       0       1       0                               0D0001904
     144     979       0       0       0       0       0       000020000D0001905
     144       0   -3701       1       0                               0D0001906
     108     980       0       0       0       0       0       000010000D0001907
     108       0       0       1       0                               0D0001908
     142     981       0       0       0       0       0       000010500D0001909
     142       0       0       1       0                               0D0001910
     102     982       0       0       0       0       0       000010000D0001911
     102       0       0       1       0                               0D0001912
     110     983       0       0       0       0       0       000010000D0001913
     110       0       0       1       0                               0D0001914
     110     984       0       0       0       0       0       000010000D0001915
     110       0       0       1       0                               0D0001916
     110     985       0       0       0       0       0       000010000D0001917
     110       0       0       1       0                               0D0001918
     110     986       0       0       0       0       0       000010000D0001919
     110       0       0       1       0                               0D0001920
     144     987       0       0       0       0       0       000020000D0001921
     144       0   -3701       1       0                               0D0001922
     108     988       0       0       0       0       0       000010000D0001923
     108       0       0       1       0                               0D0001924
     142     989       0       0       0       0       0       000010500D0001925
     142       0       0       1       0                               0D0001926
     102     990       0       0       0       0       0       000010000D0001927
     102       0       0       1       0                               0D0001928
     110     991       0       0       0       0       0       000010000D0001929
     110       0       0       1       0                               0D0001930
     110     992       0       0       0       0       0       000010000D0001931
     110       0       0       1       0                               0D0001932
     110     993       0       0       0       0       0       000010000D0001933
     110       0       0       1       0                               0D0001934
     110     994       0       0       0       0       0       000010000D0001935
     110       0       0       1       0                               0D0001936
     110     995       0       0       0       0       0       000010000D0001937
     110       0       0       1       0                               0D0001938
     110     996       0       0       0       0       0       000010000D0001939
     110       0       0       1       0                               0D0001940
     144     997       0       0       0       0       0       000020000D0001941
     144       0   -3701       1       0                               0D0001942
     108     998       0       0       0       0       0       000010000D0001943
     108       0       0       1       0                               0D0001944
     142     999       0       0       0       0       0       000010500D0001945
     142       0       0       1       0                               0D0001946
     102    1000       0       0       0       0       0       000010000D0001947
     102       0       0       1       0                               0D0001948
     110    1001       0       0       0       0       0       000010000D0001949
     110       0       0       1       0                               0D0001950
     110    1002       0       0       0       0       0       000010000D0001951
     110       0       0       1       0                               0D0001952
     110    1003       0       0       0       0       0       000010000D0001953
     110       0       0       1       0                               0D0001954
     110    1004       0       0       0       0       0       000010000D0001955
     110       0       0       1       0                               0D0001956
     144    1005       0       0       0       0       0       000020000D0001957
     144       0   -3701       1       0                               0D0001958
     108    1006       0       0       0       0       0       000010000D0001959
     108       0       0       1       0                               0D0001960
     142    1007       0       0       0       0       0       000010500D0001961
     142       0       0       1       0                               0D0001962
     102    1008       0       0       0       0       0       000010000D0001963
     102       0       0       1       0                               0D0001964
     110    1009       0       0       0       0       0       000010000D0001965
     110       0       0       1       0                               0D0001966
     110    1010       0       0       0       0       0       000010000D0001967
     110       0       0       1       0                               0D0001968
     110    1011       0       0       0       0       0       000010000D0001969
     110       0       0       1       0                               0D0001970
     110    1012       0       0       0       0       0       000010000D0001971
     110       0       0       1       0                               0D0001972
     110    1013       0       0       0       0       0       000010000D0001973
     110       0       0       1       0                               0D0001974
     110    1014       0       0       0       0       0       000010000D0001975
     110       0       0       1       0                               0D0001976
     110    1015       0       0       0       0       0       000010000D0001977
     110       0       0       1       0                               0D0001978
     110    1016       0       0       0       0       0       000010000D0001979
     110       0       0       1       0                               0D0001980
     110    1017       0       0       0       0       0       000010000D0001981
     110       0       0       1       0                               0D0001982
     144    1018       0       0       0       0       0       000020000D0001983
     144       0   -3701       1       0                               0D0001984
     108    1019       0       0       0       0       0       000010000D0001985
     108       0       0       1       0                               0D0001986
     142    1020       0       0       0       0       0       000010500D0001987
     142       0       0       1       0                               0D0001988
     102    1021       0       0       0       0       0       000010000D0001989
     102       0       0       1       0                               0D0001990
     110    1022       0       0       0       0       0       000010000D0001991
     110       0       0       1       0                               0D0001992
     110    1023       0       0       0       0       0       000010000D0001993
     110       0       0       1       0                               0D0001994
     110    1024       0       0       0       0       0       000010000D0001995
     110       0       0       1       0                               0D0001996
     110    1025       0       0       0       0       0       000010000D0001997
     110       0       0       1       0                               0D0001998
     144    1026       0       0       0       0       0       000020000D0001999
     144       0   -3701       1       0                               0D0002000
     108    1027       0       0       0       0       0       000010000D0002001
     108       0       0       1       0                               0D0002002
     142    1028       0       0       0       0       0       000010500D0002003
     142       0       0       1       0                               0D0002004
     102    1029       0       0       0       0       0       000010000D0002005
     102       0       0       1       0                               0D0002006
     110    1030       0       0       0       0       0       000010000D0002007
     110       0       0       1       0                               0D0002008
     110    1031       0       0       0       0       0       000010000D0002009
     110       0       0       1       0                               0D0002010
     110    1032       0       0       0       0       0       000010000D0002011
     110       0       0       1       0                               0D0002012
     110    1033       0       0       0       0       0       000010000D0002013
     110       0       0       1       0                               0D0002014
     110    1034       0       0       0       0       0       000010000D0002015
     110       0       0       1       0                               0D0002016
     110    1035       0       0       0       0       0       000010000D0002017
     110       0       0       1       0                               0D0002018
     110    1036       0       0       0       0       0       000010000D0002019
     110       0       0       1       0                               0D0002020
     110    1037       0       0       0       0       0       000010000D0002021
     110       0       0       1       0                               0D0002022
     144    1038       0       0       0       0       0       000020000D0002023
     144       0   -3701       1       0                               0D0002024
     108    1039       0       0       0       0       0       000010000D0002025
     108       0       0       1       0                               0D0002026
     142    1040       0       0       0       0       0       000010500D0002027
     142       0       0       1       0                               0D0002028
     102    1041       0       0       0       0       0       000010000D0002029
     102       0       0       1       0                               0D0002030
     110    1042       0       0       0       0       0       000010000D0002031
     110       0       0       1       0                               0D0002032
     110    1043       0       0       0       0       0       000010000D0002033
     110       0       0       1       0                               0D0002034
     110    1044       0       0       0       0       0       000010000D0002035
     110       0       0       1       0                               0D0002036
     110    1045       0       0       0       0       0       000010000D0002037
     110       0       0       1       0                               0D0002038
     144    1046       0       0       0       0       0       000020000D0002039
     144       0   -3701       1       0                               0D0002040
     108    1047       0       0       0       0       0       000010000D0002041
     108       0       0       1       0                               0D0002042
     142    1048       0       0       0       0       0       000010500D0002043
     142       0       0       1       0                               0D0002044
     102    1049       0       0       0       0       0       000010000D0002045
     102       0       0       1       0                               0D0002046
     110    1050       0       0       0       0       0       000010000D0002047
     110       0       0       1       0                               0D0002048
     110    1051       0       0       0       0       0       000010000D0002049
     110       0       0       1       0                               0D0002050
     110    1052       0       0       0       0       0       000010000D0002051
     110       0       0       1       0                               0D0002052
     110    1053       0       0       0       0       0       000010000D0002053
     110       0       0       1       0                               0D0002054
     144    1054       0       0       0       0       0       000020000D0002055
     144       0   -3701       1       0                               0D0002056
     108    1055       0       0       0       0       0       000010000D0002057
     108       0       0       1       0                               0D0002058
     142    1056       0       0       0       0       0       000010500D0002059
     142       0       0       1       0                               0D0002060
     102    1057       0       0       0       0       0       000010000D0002061
     102       0       0       1       0                               0D0002062
     110    1058       0       0       0       0       0       000010000D0002063
     110       0       0       1       0                               0D0002064
     110    1059       0       0       0       0       0       000010000D0002065
     110       0       0       1       0                               0D0002066
     110    1060       0       0       0       0       0       000010000D0002067
     110       0       0       1       0                               0D0002068
     110    1061       0       0       0       0       0       000010000D0002069
     110       0       0       1       0                               0D0002070
     144    1062       0       0       0       0       0       000020000D0002071
     144       0   -3701       1       0                               0D0002072
     108    1063       0       0       0       0       0       000010000D0002073
     108       0       0       1       0                               0D0002074
     142    1064       0       0       0       0       0       000010500D0002075
     142       0       0       1       0                               0D0002076
     102    1065       0       0       0       0       0       000010000D0002077
     102       0       0       1       0                               0D0002078
     110    1066       0       0       0       0       0       000010000D0002079
     110       0       0       1       0                               0D0002080
     110    1067       0       0       0       0       0       000010000D0002081
     110       0       0       1       0                               0D0002082
     110    1068       0       0       0       0       0       000010000D0002083
     110       0       0       1       0                               0D0002084
     110    1069       0       0       0       0       0       000010000D0002085
     110       0       0       1       0                               0D0002086
     110    1070       0       0       0       0       0       000010000D0002087
     110       0       0       1       0                               0D0002088
     110    1071       0       0       0       0       0       000010000D0002089
     110       0       0       1       0                               0D0002090
     144    1072       0       0       0       0       0       000020000D0002091
     144       0   -3701       1       0                               0D0002092
     108    1073       0       0       0       0       0       000010000D0002093
     108       0       0       1       0                               0D0002094
     142    1074       0       0       0       0       0       000010500D0002095
     142       0       0       1       0                               0D0002096
     102    1075       0       0       0       0       0       000010000D0002097
     102       0       0       1       0                               0D0002098
     110    1076       0       0       0       0       0       000010000D0002099
     110       0       0       1       0                               0D0002100
     110    1077       0       0       0       0       0       000010000D0002101
     110       0       0       1       0                               0D0002102
     110    1078       0       0       0       0       0       000010000D0002103
     110       0       0       1       0                               0D0002104
     110    1079       0       0       0       0       0       000010000D0002105
     110       0       0       1       0                               0D0002106
     144    1080       0       0       0       0       0       000020000D0002107
     144       0   -3701       1       0                               0D0002108
     108    1081       0       0       0       0       0       000010000D0002109
     108       0       0       1       0                               0D0002110
     142    1082       0       0       0       0       0       000010500D0002111
     142       0       0       1       0                               0D0002112
     102    1083       0       0       0       0       0       000010000D0002113
     102       0       0       1       0                               0D0002114
     110    1084       0       0       0       0       0       000010000D0002115
     110       0       0       1       0                               0D0002116
     110    1085       0       0       0       0       0       000010000D0002117
     110       0       0       1       0                               0D0002118
     110    1086       0       0       0       0       0       000010000D0002119
     110       0       0       1       0                               0D0002120
     110    1087       0       0       0       0       0       000010000D0002121
     110       0       0       1       0                               0D0002122
     144    1088       0       0       0       0       0       000020000D0002123
     144       0   -3701       1       0                               0D0002124
     108    1089       0       0       0       0       0       000010000D0002125
     108       0       0       1       0                               0D0002126
     142    1090       0       0       0       0       0       000010500D0002127
     142       0       0       1       0                               0D0002128
     102    1091       0       0       0       0       0       000010000D0002129
     102       0       0       1       0                               0D0002130
     110    1092       0       0       0       0       0       000010000D0002131
     110       0       0       1       0                               0D0002132
     110    1093       0       0       0       0       0       000010000D0002133
     110       0       0       1       0                               0D0002134
     110    1094       0       0       0       0       0       000010000D0002135
     110       0       0       1       0                               0D0002136
     110    1095       0       0       0       0       0       000010000D0002137
     110       0       0       1       0                               0D0002138
     144    1096       0       0       0       0       0       000020000D0002139
     144       0   -3701       1       0                               0D0002140
     108    1097       0       0       0       0       0       000010000D0002141
     108       0       0       2       0                               0D0002142
     142    1099       0       0       0       0       0       000010500D0002143
     142       0       0       1       0                               0D0002144
     102    1100       0       0       0       0       0       000010000D0002145
     102       0       0       1       0                               0D0002146
     110    1101       0       0       0       0       0       000010000D0002147
     110       0       0       1       0                               0D0002148
     110    1102       0       0       0       0       0       000010000D0002149
     110       0       0       1       0                               0D0002150
     110    1103       0       0       0       0       0       000010000D0002151
     110       0       0       1       0                               0D0002152
     110    1104       0       0       0       0       0       000010000D0002153
     110       0       0       1       0                               0D0002154
     144    1105       0       0       0       0       0       000020000D0002155
     144       0   -3701       1       0                               0D0002156
     108    1106       0       0       0       0       0       000010000D0002157
     108       0       0       1       0                               0D0002158
     142    1107       0       0       0       0       0       000010500D0002159
     142       0       0       1       0                               0D0002160
     102    1108       0       0       0       0       0       000010000D0002161
     102       0       0       1       0                               0D0002162
     110    1109       0       0       0       0       0       000010000D0002163
     110       0       0       1       0                               0D0002164
     110    1110       0       0       0       0       0       000010000D0002165
     110       0       0       1       0                               0D0002166
     110    1111       0       0       0       0       0       000010000D0002167
     110       0       0       1       0                               0D0002168
     110    1112       0       0       0       0       0       000010000D0002169
     110       0       0       1       0                               0D0002170
     144    1113       0       0       0       0       0       000020000D0002171
     144       0   -3701       1       0                               0D0002172
     108    1114       0       0       0       0       0       000010000D0002173
     108       0       0       1       0                               0D0002174
     142    1115       0       0       0       0       0       000010500D0002175
     142       0       0       1       0                               0D0002176
     102    1116       0       0       0       0       0       000010000D0002177
     102       0       0       1       0                               0D0002178
     110    1117       0       0       0       0       0       000010000D0002179
     110       0       0       1       0                               0D0002180
     110    1118       0       0       0       0       0       000010000D0002181
     110       0       0       1       0                               0D0002182
     110    1119       0       0       0       0       0       000010000D0002183
     110       0       0       1       0                               0D0002184
     110    1120       0       0       0       0       0       000010000D0002185
     110       0       0       1       0                               0D0002186
     110    1121       0       0       0       0       0       000010000D0002187
     110       0       0       1       0                               0D0002188
     110    1122       0       0       0       0       0       000010000D0002189
     110       0       0       1       0                               0D0002190
     144    1123       0       0       0       0       0       000020000D0002191
     144       0   -3703       1       0                               0D0002192
     108    1124       0       0       0       0       0       000010000D0002193
     108       0       0       1       0                               0D0002194
     142    1125       0       0       0       0       0       000010500D0002195
     142       0       0       1       0                               0D0002196
     102    1126       0       0       0       0       0       000010000D0002197
     102       0       0       1       0                               0D0002198
     110    1127       0       0       0       0       0       000010000D0002199
     110       0       0       1       0                               0D0002200
     110    1128       0       0       0       0       0       000010000D0002201
     110       0       0       1       0                               0D0002202
     110    1129       0       0       0       0       0       000010000D0002203
     110       0       0       1       0                               0D0002204
     110    1130       0       0       0       0       0       000010000D0002205
     110       0       0       1       0                               0D0002206
     144    1131       0       0       0       0       0       000020000D0002207
     144       0   -3701       1       0                               0D0002208
     108    1132       0       0       0       0       0       000010000D0002209
     108       0       0       1       0                               0D0002210
     142    1133       0       0       0       0       0       000010500D0002211
     142       0       0       1       0                               0D0002212
     102    1134       0       0       0       0       0       000010000D0002213
     102       0       0       1       0                               0D0002214
     110    1135       0       0       0       0       0       000010000D0002215
     110       0       0       1       0                               0D0002216
     110    1136       0       0       0       0       0       000010000D0002217
     110       0       0       1       0                               0D0002218
     110    1137       0       0       0       0       0       000010000D0002219
     110       0       0       1       0                               0D0002220
     110    1138       0       0       0       0       0       000010000D0002221
     110       0       0       1       0                               0D0002222
     110    1139       0       0       0       0       0       000010000D0002223
     110       0       0       1       0                               0D0002224
     110    1140       0       0       0       0       0       000010000D0002225
     110       0       0       1       0                               0D0002226
     144    1141       0       0       0       0       0       000020000D0002227
     144       0   -3701       1       0                               0D0002228
     108    1142       0       0       0       0       0       000010000D0002229
     108       0       0       1       0                               0D0002230
     142    1143       0       0       0       0       0       000010500D0002231
     142       0       0       1       0                               0D0002232
     102    1144       0       0       0       0       0       000010000D0002233
     102       0       0       2       0                               0D0002234
     110    1146       0       0       0       0       0       000010000D0002235
     110       0       0       1       0                               0D0002236
     110    1147       0       0       0       0       0       000010000D0002237
     110       0       0       1       0                               0D0002238
     110    1148       0       0       0       0       0       000010000D0002239
     110       0       0       1       0                               0D0002240
     110    1149       0       0       0       0       0       000010000D0002241
     110       0       0       1       0                               0D0002242
     110    1150       0       0       0       0       0       000010000D0002243
     110       0       0       1       0                               0D0002244
     110    1151       0       0       0       0       0       000010000D0002245
     110       0       0       1       0                               0D0002246
     110    1152       0       0       0       0       0       000010000D0002247
     110       0       0       1       0                               0D0002248
     110    1153       0       0       0       0       0       000010000D0002249
     110       0       0       1       0                               0D0002250
     110    1154       0       0       0       0       0       000010000D0002251
     110       0       0       1       0                               0D0002252
     110    1155       0       0       0       0       0       000010000D0002253
     110       0       0       1       0                               0D0002254
     110    1156       0       0       0       0       0       000010000D0002255
     110       0       0       1       0                               0D0002256
     110    1157       0       0       0       0       0       000010000D0002257
     110       0       0       1       0                               0D0002258
     110    1158       0       0       0       0       0       000010000D0002259
     110       0       0       1       0                               0D0002260
     110    1159       0       0       0       0       0       000010000D0002261
     110       0       0       1       0                               0D0002262
     110    1160       0       0       0       0       0       000010000D0002263
     110       0       0       1       0                               0D0002264
     110    1161       0       0       0       0       0       000010000D0002265
     110       0       0       1       0                               0D0002266
     110    1162       0       0       0       0       0       000010000D0002267
     110       0       0       1       0                               0D0002268
     110    1163       0       0       0       0       0       000010000D0002269
     110       0       0       1       0                               0D0002270
     110    1164       0       0       0       0       0       000010000D0002271
     110       0       0       1       0                               0D0002272
     110    1165       0       0       0       0       0       000010000D0002273
     110       0       0       1       0                               0D0002274
     144    1166       0       0       0       0       0       000020000D0002275
     144       0   -3701       1       0                               0D0002276
     108    1167       0       0       0       0       0       000010000D0002277
     108       0       0       1       0                               0D0002278
     142    1168       0       0       0       0       0       000010500D0002279
     142       0       0       1       0                               0D0002280
     102    1169       0       0       0       0       0       000010000D0002281
     102       0       0       1       0                               0D0002282
     110    1170       0       0       0       0       0       000010000D0002283
     110       0       0       1       0                               0D0002284
     110    1171       0       0       0       0       0       000010000D0002285
     110       0       0       1       0                               0D0002286
     110    1172       0       0       0       0       0       000010000D0002287
     110       0       0       1       0                               0D0002288
     110    1173       0       0       0       0       0       000010000D0002289
     110       0       0       1       0                               0D0002290
     144    1174       0       0       0       0       0       000020000D0002291
     144       0   -3701       1       0                               0D0002292
     108    1175       0       0       0       0       0       000010000D0002293
     108       0       0       1       0                               0D0002294
     142    1176       0       0       0       0       0       000010500D0002295
     142       0       0       1       0                               0D0002296
     102    1177       0       0       0       0       0       000010000D0002297
     102       0       0       1       0                               0D0002298
     110    1178       0       0       0       0       0       000010000D0002299
     110       0       0       1       0                               0D0002300
     110    1179       0       0       0       0       0       000010000D0002301
     110       0       0       1       0                               0D0002302
     110    1180       0       0       0       0       0       000010000D0002303
     110       0       0       1       0                               0D0002304
     110    1181       0       0       0       0       0       000010000D0002305
     110       0       0       1       0                               0D0002306
     144    1182       0       0       0       0       0       000020000D0002307
     144       0   -3701       1       0                               0D0002308
     108    1183       0       0       0       0       0       000010000D0002309
     108       0       0       1       0                               0D0002310
     142    1184       0       0       0       0       0       000010500D0002311
     142       0       0       1       0                               0D0002312
     102    1185       0       0       0       0       0       000010000D0002313
     102       0       0       1       0                               0D0002314
     110    1186       0       0       0       0       0       000010000D0002315
     110       0       0       1       0                               0D0002316
     110    1187       0       0       0       0       0       000010000D0002317
     110       0       0       1       0                               0D0002318
     110    1188       0       0       0       0       0       000010000D0002319
     110       0       0       1       0                               0D0002320
     110    1189       0       0       0       0       0       000010000D0002321
     110       0       0       1       0                               0D0002322
     144    1190       0       0       0       0       0       000020000D0002323
     144       0   -3701       1       0                               0D0002324
     108    1191       0       0       0       0       0       000010000D0002325
     108       0       0       1       0                               0D0002326
     142    1192       0       0       0       0       0       000010500D0002327
     142       0       0       1       0                               0D0002328
     102    1193       0       0       0       0       0       000010000D0002329
     102       0       0       1       0                               0D0002330
     110    1194       0       0       0       0       0       000010000D0002331
     110       0       0       1       0                               0D0002332
     110    1195       0       0       0       0       0       000010000D0002333
     110       0       0       1       0                               0D0002334
     110    1196       0       0       0       0       0       000010000D0002335
     110       0       0       1       0                               0D0002336
     110    1197       0       0       0       0       0       000010000D0002337
     110       0       0       1       0                               0D0002338
     144    1198       0       0       0       0       0       000020000D0002339
     144       0   -3701       1       0                               0D0002340
     108    1199       0       0       0       0       0       000010000D0002341
     108       0       0       1       0                               0D0002342
     142    1200       0       0       0       0       0       000010500D0002343
     142       0       0       1       0                               0D0002344
     102    1201       0       0       0       0       0       000010000D0002345
     102       0       0       1       0                               0D0002346
     110    1202       0       0       0       0       0       000010000D0002347
     110       0       0       1       0                               0D0002348
     110    1203       0       0       0       0       0       000010000D0002349
     110       0       0       1       0                               0D0002350
     110    1204       0       0       0       0       0       000010000D0002351
     110       0       0       1       0                               0D0002352
     110    1205       0       0       0       0       0       000010000D0002353
     110       0       0       1       0                               0D0002354
     110    1206       0       0       0       0       0       000010000D0002355
     110       0       0       1       0                               0D0002356
     110    1207       0       0       0       0       0       000010000D0002357
     110       0       0       1       0                               0D0002358
     144    1208       0       0       0       0       0       000020000D0002359
     144       0   -3703       1       0                               0D0002360
     108    1209       0       0       0       0       0       000010000D0002361
     108       0       0       1       0                               0D0002362
     142    1210       0       0       0       0       0       000010500D0002363
     142       0       0       1       0                               0D0002364
     102    1211       0       0       0       0       0       000010000D0002365
     102       0       0       1       0                               0D0002366
     110    1212       0       0       0       0       0       000010000D0002367
     110       0       0       1       0                               0D0002368
     110    1213       0       0       0       0       0       000010000D0002369
     110       0       0       1       0                               0D0002370
     110    1214       0       0       0       0       0       000010000D0002371
     110       0       0       1       0                               0D0002372
     110    1215       0       0       0       0       0       000010000D0002373
     110       0       0       1       0                               0D0002374
     144    1216       0       0       0       0       0       000020000D0002375
     144       0   -3701       1       0                               0D0002376
     108    1217       0       0       0       0       0       000010000D0002377
     108       0       0       1       0                               0D0002378
     142    1218       0       0       0       0       0       000010500D0002379
     142       0       0       1       0                               0D0002380
     102    1219       0       0       0       0       0       000010000D0002381
     102       0       0       1       0                               0D0002382
     110    1220       0       0       0       0       0       000010000D0002383
     110       0       0       1       0                               0D0002384
     110    1221       0       0       0       0       0       000010000D0002385
     110       0       0       1       0                               0D0002386
     110    1222       0       0       0       0       0       000010000D0002387
     110       0       0       1       0                               0D0002388
     110    1223       0       0       0       0       0       000010000D0002389
     110       0       0       1       0                               0D0002390
     110    1224       0       0       0       0       0       000010000D0002391
     110       0       0       1       0                               0D0002392
     110    1225       0       0       0       0       0       000010000D0002393
     110       0       0       1       0                               0D0002394
     144    1226       0       0       0       0       0       000020000D0002395
     144       0   -3701       1       0                               0D0002396
     108    1227       0       0       0       0       0       000010000D0002397
     108       0       0       1       0                               0D0002398
     142    1228       0       0       0       0       0       000010500D0002399
     142       0       0       1       0                               0D0002400
     102    1229       0       0       0       0       0       000010000D0002401
     102       0       0       1       0                               0D0002402
     110    1230       0       0       0       0       0       000010000D0002403
     110       0       0       1       0                               0D0002404
     110    1231       0       0       0       0       0       000010000D0002405
     110       0       0       1       0                               0D0002406
     110    1232       0       0       0       0       0       000010000D0002407
     110       0       0       1       0                               0D0002408
     110    1233       0       0       0       0       0       000010000D0002409
     110       0       0       1       0                               0D0002410
     110    1234       0       0       0       0       0       000010000D0002411
     110       0       0       1       0                               0D0002412
     110    1235       0       0       0       0       0       000010000D0002413
     110       0       0       1       0                               0D0002414
     144    1236       0       0       0       0       0       000020000D0002415
     144       0   -3703       1       0                               0D0002416
     108    1237       0       0       0       0       0       000010000D0002417
     108       0       0       1       0                               0D0002418
     142    1238       0       0       0       0       0       000010500D0002419
     142       0       0       1       0                               0D0002420
     102    1239       0       0       0       0       0       000010000D0002421
     102       0       0       1       0                               0D0002422
     110    1240       0       0       0       0       0       000010000D0002423
     110       0       0       1       0                               0D0002424
     110    1241       0       0       0       0       0       000010000D0002425
     110       0       0       1       0                               0D0002426
     110    1242       0       0       0       0       0       000010000D0002427
     110       0       0       1       0                               0D0002428
     110    1243       0       0       0       0       0       000010000D0002429
     110       0       0       1       0                               0D0002430
     144    1244       0       0       0       0       0       000020000D0002431
     144       0   -3701       1       0                               0D0002432
     108    1245       0       0       0       0       0       000010000D0002433
     108       0       0       1       0                               0D0002434
     142    1246       0       0       0       0       0       000010500D0002435
     142       0       0       1       0                               0D0002436
     102    1247       0       0       0       0       0       000010000D0002437
     102       0       0       1       0                               0D0002438
     110    1248       0       0       0       0       0       000010000D0002439
     110       0       0       1       0                               0D0002440
     110    1249       0       0       0       0       0       000010000D0002441
     110       0       0       1       0                               0D0002442
     110    1250       0       0       0       0       0       000010000D0002443
     110       0       0       1       0                               0D0002444
     110    1251       0       0       0       0       0       000010000D0002445
     110       0       0       1       0                               0D0002446
     144    1252       0       0       0       0       0       000020000D0002447
     144       0   -3703       1       0                               0D0002448
     108    1253       0       0       0       0       0       000010000D0002449
     108       0       0       1       0                               0D0002450
     142    1254       0       0       0       0       0       000010500D0002451
     142       0       0       1       0                               0D0002452
     102    1255       0       0       0       0       0       000010000D0002453
     102       0       0       1       0                               0D0002454
     110    1256       0       0       0       0       0       000010000D0002455
     110       0       0       1       0                               0D0002456
     110    1257       0       0       0       0       0       000010000D0002457
     110       0       0       1       0                               0D0002458
     110    1258       0       0       0       0       0       000010000D0002459
     110       0       0       1       0                               0D0002460
     110    1259       0       0       0       0       0       000010000D0002461
     110       0       0       1       0                               0D0002462
     144    1260       0       0       0       0       0       000020000D0002463
     144       0   -3701       1       0                               0D0002464
     108    1261       0       0       0       0       0       000010000D0002465
     108       0       0       1       0                               0D0002466
     142    1262       0       0       0       0       0       000010500D0002467
     142       0       0       1       0                               0D0002468
     102    1263       0       0       0       0       0       000010000D0002469
     102       0       0       1       0                               0D0002470
     110    1264       0       0       0       0       0       000010000D0002471
     110       0       0       1       0                               0D0002472
     110    1265       0       0       0       0       0       000010000D0002473
     110       0       0       1       0                               0D0002474
     110    1266       0       0       0       0       0       000010000D0002475
     110       0       0       1       0                               0D0002476
     110    1267       0       0       0       0       0       000010000D0002477
     110       0       0       1       0                               0D0002478
     402    1268       0       0       0       0       0       000020000D0002479
     402       0       0       1       1                =>[0:1:1        D0002480
     144    1269       0       0       0       0       0       000020000D0002481
     144       0   -3701       1       0                               0D0002482
     108    1270       0       0       0       0       0       000010000D0002483
     108       0       0       1       0                               0D0002484
     142    1271       0       0       0       0       0       000010500D0002485
     142       0       0       1       0                               0D0002486
     102    1272       0       0       0       0       0       000010000D0002487
     102       0       0       1       0                               0D0002488
     110    1273       0       0       0       0       0       000010000D0002489
     110       0       0       1       0                               0D0002490
     110    1274       0       0       0       0       0       000010000D0002491
     110       0       0       1       0                               0D0002492
     100    1275       0       0       0       0    2495       000010000D0002493
     100       0       0       1       0                               0D0002494
     124    1276       0       0       0       0       0       000000000D0002495
     124       0       0       1       0                               0D0002496
     110    1277       0       0       0       0       0       000010000D0002497
     110       0       0       1       0                               0D0002498
     144    1278       0       0       0       0       0       000020000D0002499
     144       0   -3701       1       0                               0D0002500
     108    1279       0       0       0       0       0       000010000D0002501
     108       0       0       1       0                               0D0002502
     142    1280       0       0       0       0       0       000010500D0002503
     142       0       0       1       0                               0D0002504
     102    1281       0       0       0       0       0       000010000D0002505
     102       0       0       1       0                               0D0002506
     110    1282       0       0       0       0       0       000010000D0002507
     110       0       0       1       0                               0D0002508
     110    1283       0       0       0       0       0       000010000D0002509
     110       0       0       1       0                               0D0002510
     110    1284       0       0       0       0       0       000010000D0002511
     110       0       0       1       0                               0D0002512
     110    1285       0       0       0       0       0       000010000D0002513
     110       0       0       1       0                               0D0002514
     144    1286       0       0       0       0       0       000020000D0002515
     144       0   -3703       1       0                               0D0002516
     108    1287       0       0       0       0       0       000010000D0002517
     108       0       0       1       0                               0D0002518
     142    1288       0       0       0       0       0       000010500D0002519
     142       0       0       1       0                               0D0002520
     102    1289       0       0       0       0       0       000010000D0002521
     102       0       0       1       0                               0D0002522
     110    1290       0       0       0       0       0       000010000D0002523
     110       0       0       1       0                               0D0002524
     110    1291       0       0       0       0       0       000010000D0002525
     110       0       0       1       0                               0D0002526
     110    1292       0       0       0       0       0       000010000D0002527
     110       0       0       1       0                               0D0002528
     110    1293       0       0       0       0       0       000010000D0002529
     110       0       0       1       0                               0D0002530
     144    1294       0       0       0       0       0       000020000D0002531
     144       0   -3701       1       0                               0D0002532
     108    1295       0       0       0       0       0       000010000D0002533
     108       0       0       1       0                               0D0002534
     142    1296       0       0       0       0       0       000010500D0002535
     142       0       0       1       0                               0D0002536
     102    1297       0       0       0       0       0       000010000D0002537
     102       0       0       1       0                               0D0002538
     110    1298       0       0       0       0       0       000010000D0002539
     110       0       0       1       0                               0D0002540
     110    1299       0       0       0       0       0       000010000D0002541
     110       0       0       1       0                               0D0002542
     110    1300       0       0       0       0       0       000010000D0002543
     110       0       0       1       0                               0D0002544
     110    1301       0       0       0       0       0       000010000D0002545
     110       0       0       1       0                               0D0002546
     144    1302       0       0       0       0       0       000020000D0002547
     144       0   -3701       1       0                               0D0002548
     120    1303       0       0       0       0    2551       000010000D0002549
     120       0       0       1       0                               0D0002550
     124    1304       0       0       0       0       0       000000000D0002551
     124       0       0       1       0                               0D0002552
     110    1305       0       0       0       0       0       000010000D0002553
     110       0       0       1       0                               0D0002554
     110    1306       0       0       0       0       0       000010000D0002555
     110       0       0       1       0                               0D0002556
     142    1307       0       0       0       0       0       000010500D0002557
     142       0       0       1       0                               0D0002558
     102    1308       0       0       0       0       0       000010000D0002559
     102       0       0       1       0                               0D0002560
     110    1309       0       0       0       0       0       000010000D0002561
     110       0       0       1       0                               0D0002562
     110    1310       0       0       0       0       0       000010000D0002563
     110       0       0       1       0                               0D0002564
     110    1311       0       0       0       0       0       000010000D0002565
     110       0       0       1       0                               0D0002566
     110    1312       0       0       0       0       0       000010000D0002567
     110       0       0       2       0                               0D0002568
     102    1314       0       0       0       0       0       000010000D0002569
     102       0       0       1       0                               0D0002570
     110    1315       0       0       0       0       0       000010000D0002571
     110       0       0       1       0                               0D0002572
     100    1316       0       0       0       0    2575       000010000D0002573
     100       0       0       1       0                               0D0002574
     124    1317       0       0       0       0       0       000000000D0002575
     124       0       0       1       0                               0D0002576
     110    1318       0       0       0       0       0       000010000D0002577
     110       0       0       1       0                               0D0002578
     100    1319       0       0       0       0    2581       000010000D0002579
     100       0       0       1       0                               0D0002580
     124    1320       0       0       0       0       0       000000000D0002581
     124       0       0       1       0                               0D0002582
     144    1321       0       0       0       0       0       000020000D0002583
     144       0   -3701       1       0                               0D0002584
     108    1322       0       0       0       0       0       000010000D0002585
     108       0       0       1       0                               0D0002586
     142    1323       0       0       0       0       0       000010500D0002587
     142       0       0       1       0                               0D0002588
     102    1324       0       0       0       0       0       000010000D0002589
     102       0       0       1       0                               0D0002590
     100    1325       0       0       0       0    2593       000010000D0002591
     100       0       0       1       0                               0D0002592
     124    1326       0       0       0       0       0       000000000D0002593
     124       0       0       1       0                               0D0002594
     110    1327       0       0       0       0       0       000010000D0002595
     110       0       0       1       0                               0D0002596
     110    1328       0       0       0       0       0       000010000D0002597
     110       0       0       1       0                               0D0002598
     110    1329       0       0       0       0       0       000010000D0002599
     110       0       0       1       0                               0D0002600
     402    1330       0       0       0       0       0       000020000D0002601
     402       0       0       1       1                =>[0:1:1        D0002602
     144    1331       0       0       0       0       0       000020000D0002603
     144       0   -3701       1       0                               0D0002604
     108    1332       0       0       0       0       0       000010000D0002605
     108       0       0       1       0                               0D0002606
     142    1333       0       0       0       0       0       000010500D0002607
     142       0       0       1       0                               0D0002608
     102    1334       0       0       0       0       0       000010000D0002609
     102       0       0       1       0                               0D0002610
     110    1335       0       0       0       0       0       000010000D0002611
     110       0       0       1       0                               0D0002612
     110    1336       0       0       0       0       0       000010000D0002613
     110       0       0       1       0                               0D0002614
     100    1337       0       0       0       0    2617       000010000D0002615
     100       0       0       1       0                               0D0002616
     124    1338       0       0       0       0       0       000000000D0002617
     124       0       0       1       0                               0D0002618
     110    1339       0       0       0       0       0       000010000D0002619
     110       0       0       1       0                               0D0002620
     144    1340       0       0       0       0       0       000020000D0002621
     144       0   -3701       1       0                               0D0002622
     108    1341       0       0       0       0       0       000010000D0002623
     108       0       0       1       0                               0D0002624
     142    1342       0       0       0       0       0       000010500D0002625
     142       0       0       1       0                               0D0002626
     102    1343       0       0       0       0       0       000010000D0002627
     102       0       0       1       0                               0D0002628
     110    1344       0       0       0       0       0       000010000D0002629
     110       0       0       1       0                               0D0002630
     110    1345       0       0       0       0       0       000010000D0002631
     110       0       0       1       0                               0D0002632
     110    1346       0       0       0       0       0       000010000D0002633
     110       0       0       1       0                               0D0002634
     110    1347       0       0       0       0       0       000010000D0002635
     110       0       0       1       0                               0D0002636
     144    1348       0       0       0       0       0       000020000D0002637
     144       0   -3703       1       0                               0D0002638
     108    1349       0       0       0       0       0       000010000D0002639
     108       0       0       1       0                               0D0002640
     142    1350       0       0       0       0       0       000010500D0002641
     142       0       0       1       0                               0D0002642
     102    1351       0       0       0       0       0       000010000D0002643
     102       0       0       1       0                               0D0002644
     110    1352       0       0       0       0       0       000010000D0002645
     110       0       0       1       0                               0D0002646
     110    1353       0       0       0       0       0       000010000D0002647
     110       0       0       1       0                               0D0002648
     110    1354       0       0       0       0       0       000010000D0002649
     110       0       0       1       0                               0D0002650
     110    1355       0       0       0       0       0       000010000D0002651
     110       0       0       1       0                               0D0002652
     144    1356       0       0       0       0       0       000020000D0002653
     144       0   -3701       1       0                               0D0002654
     108    1357       0       0       0       0       0       000010000D0002655
     108       0       0       1       0                               0D0002656
     142    1358       0       0       0       0       0       000010500D0002657
     142       0       0       1       0                               0D0002658
     102    1359       0       0       0       0       0       000010000D0002659
     102       0       0       1       0                               0D0002660
     110    1360       0       0       0       0       0       000010000D0002661
     110       0       0       1       0                               0D0002662
     110    1361       0       0       0       0       0       000010000D0002663
     110       0       0       1       0                               0D0002664
     110    1362       0       0       0       0       0       000010000D0002665
     110       0       0       1       0                               0D0002666
     110    1363       0       0       0       0       0       000010000D0002667
     110       0       0       1       0                               0D0002668
     144    1364       0       0       0       0       0       000020000D0002669
     144       0   -3701       1       0                               0D0002670
     120    1365       0       0       0       0    2673       000010000D0002671
     120       0       0       1       0                               0D0002672
     124    1366       0       0       0       0       0       000000000D0002673
     124       0       0       1       0                               0D0002674
     110    1367       0       0       0       0       0       000010000D0002675
     110       0       0       1       0                               0D0002676
     110    1368       0       0       0       0       0       000010000D0002677
     110       0       0       1       0                               0D0002678
     142    1369       0       0       0       0       0       000010500D0002679
     142       0       0       1       0                               0D0002680
     102    1370       0       0       0       0       0       000010000D0002681
     102       0       0       1       0                               0D0002682
     110    1371       0       0       0       0       0       000010000D0002683
     110       0       0       1       0                               0D0002684
     110    1372       0       0       0       0       0       000010000D0002685
     110       0       0       1       0                               0D0002686
     110    1373       0       0       0       0       0       000010000D0002687
     110       0       0       1       0                               0D0002688
     110    1374       0       0       0       0       0       000010000D0002689
     110       0       0       2       0                               0D0002690
     102    1376       0       0       0       0       0       000010000D0002691
     102       0       0       1       0                               0D0002692
     110    1377       0       0       0       0       0       000010000D0002693
     110       0       0       1       0                               0D0002694
     100    1378       0       0       0       0    2697       000010000D0002695
     100       0       0       1       0                               0D0002696
     124    1379       0       0       0       0       0       000000000D0002697
     124       0       0       1       0                               0D0002698
     110    1380       0       0       0       0       0       000010000D0002699
     110       0       0       1       0                               0D0002700
     100    1381       0       0       0       0    2703       000010000D0002701
     100       0       0       1       0                               0D0002702
     124    1382       0       0       0       0       0       000000000D0002703
     124       0       0       1       0                               0D0002704
     144    1383       0       0       0       0       0       000020000D0002705
     144       0   -3701       1       0                               0D0002706
     108    1384       0       0       0       0       0       000010000D0002707
     108       0       0       1       0                               0D0002708
     142    1385       0       0       0       0       0       000010500D0002709
     142       0       0       1       0                               0D0002710
     102    1386       0       0       0       0       0       000010000D0002711
     102       0       0       1       0                               0D0002712
     100    1387       0       0       0       0    2715       000010000D0002713
     100       0       0       1       0                               0D0002714
     124    1388       0       0       0       0       0       000000000D0002715
     124       0       0       1       0                               0D0002716
     110    1389       0       0       0       0       0       000010000D0002717
     110       0       0       1       0                               0D0002718
     110    1390       0       0       0       0       0       000010000D0002719
     110       0       0       1       0                               0D0002720
     110    1391       0       0       0       0       0       000010000D0002721
     110       0       0       1       0                               0D0002722
     402    1392       0       0       0       0       0       000020000D0002723
     402       0       0       1       1                =>[0:1:1        D0002724
     144    1393       0       0       0       0       0       000020000D0002725
     144       0   -3701       1       0                               0D0002726
     108    1394       0       0       0       0       0       000010000D0002727
     108       0       0       1       0                               0D0002728
     142    1395       0       0       0       0       0       000010500D0002729
     142       0       0       1       0                               0D0002730
     102    1396       0       0       0       0       0       000010000D0002731
     102       0       0       1       0                               0D0002732
     110    1397       0       0       0       0       0       000010000D0002733
     110       0       0       1       0                               0D0002734
     110    1398       0       0       0       0       0       000010000D0002735
     110       0       0       1       0                               0D0002736
     100    1399       0       0       0       0    2739       000010000D0002737
     100       0       0       1       0                               0D0002738
     124    1400       0       0       0       0       0       000000000D0002739
     124       0       0       1       0                               0D0002740
     110    1401       0       0       0       0       0       000010000D0002741
     110       0       0       1       0                               0D0002742
     144    1402       0       0       0       0       0       000020000D0002743
     144       0   -3701       1       0                               0D0002744
     108    1403       0       0       0       0       0       000010000D0002745
     108       0       0       1       0                               0D0002746
     142    1404       0       0       0       0       0       000010500D0002747
     142       0       0       1       0                               0D0002748
     102    1405       0       0       0       0       0       000010000D0002749
     102       0       0       1       0                               0D0002750
     110    1406       0       0       0       0       0       000010000D0002751
     110       0       0       1       0                               0D0002752
     110    1407       0       0       0       0       0       000010000D0002753
     110       0       0       1       0                               0D0002754
     110    1408       0       0       0       0       0       000010000D0002755
     110       0       0       1       0                               0D0002756
     110    1409       0       0       0       0       0       000010000D0002757
     110       0       0       1       0                               0D0002758
     144    1410       0       0       0       0       0       000020000D0002759
     144       0   -3703       1       0                               0D0002760
     108    1411       0       0       0       0       0       000010000D0002761
     108       0       0       1       0                               0D0002762
     142    1412       0       0       0       0       0       000010500D0002763
     142       0       0       1       0                               0D0002764
     102    1413       0       0       0       0       0       000010000D0002765
     102       0       0       1       0                               0D0002766
     110    1414       0       0       0       0       0       000010000D0002767
     110       0       0       1       0                               0D0002768
     110    1415       0       0       0       0       0       000010000D0002769
     110       0       0       1       0                               0D0002770
     110    1416       0       0       0       0       0       000010000D0002771
     110       0       0       1       0                               0D0002772
     110    1417       0       0       0       0       0       000010000D0002773
     110       0       0       1       0                               0D0002774
     144    1418       0       0       0       0       0       000020000D0002775
     144       0   -3701       1       0                               0D0002776
     108    1419       0       0       0       0       0       000010000D0002777
     108       0       0       1       0                               0D0002778
     142    1420       0       0       0       0       0       000010500D0002779
     142       0       0       1       0                               0D0002780
     102    1421       0       0       0       0       0       000010000D0002781
     102       0       0       1       0                               0D0002782
     110    1422       0       0       0       0       0       000010000D0002783
     110       0       0       1       0                               0D0002784
     110    1423       0       0       0       0       0       000010000D0002785
     110       0       0       1       0                               0D0002786
     110    1424       0       0       0       0       0       000010000D0002787
     110       0       0       1       0                               0D0002788
     110    1425       0       0       0       0       0       000010000D0002789
     110       0       0       1       0                               0D0002790
     144    1426       0       0       0       0       0       000020000D0002791
     144       0   -3701       1       0                               0D0002792
     120    1427       0       0       0       0    2795       000010000D0002793
     120       0       0       1       0                               0D0002794
     124    1428       0       0       0       0       0       000000000D0002795
     124       0       0       1       0                               0D0002796
     110    1429       0       0       0       0       0       000010000D0002797
     110       0       0       1       0                               0D0002798
     110    1430       0       0       0       0       0       000010000D0002799
     110       0       0       1       0                               0D0002800
     142    1431       0       0       0       0       0       000010500D0002801
     142       0       0       1       0                               0D0002802
     102    1432       0       0       0       0       0       000010000D0002803
     102       0       0       1       0                               0D0002804
     110    1433       0       0       0       0       0       000010000D0002805
     110       0       0       1       0                               0D0002806
     110    1434       0       0       0       0       0       000010000D0002807
     110       0       0       1       0                               0D0002808
     110    1435       0       0       0       0       0       000010000D0002809
     110       0       0       1       0                               0D0002810
     110    1436       0       0       0       0       0       000010000D0002811
     110       0       0       2       0                               0D0002812
     102    1438       0       0       0       0       0       000010000D0002813
     102       0       0       1       0                               0D0002814
     110    1439       0       0       0       0       0       000010000D0002815
     110       0       0       1       0                               0D0002816
     100    1440       0       0       0       0    2819       000010000D0002817
     100       0       0       1       0                               0D0002818
     124    1441       0       0       0       0       0       000000000D0002819
     124       0       0       1       0                               0D0002820
     110    1442       0       0       0       0       0       000010000D0002821
     110       0       0       1       0                               0D0002822
     100    1443       0       0       0       0    2825       000010000D0002823
     100       0       0       1       0                               0D0002824
     124    1444       0       0       0       0       0       000000000D0002825
     124       0       0       1       0                               0D0002826
     144    1445       0       0       0       0       0       000020000D0002827
     144       0   -3701       1       0                               0D0002828
     108    1446       0       0       0       0       0       000010000D0002829
     108       0       0       1       0                               0D0002830
     142    1447       0       0       0       0       0       000010500D0002831
     142       0       0       1       0                               0D0002832
     102    1448       0       0       0       0       0       000010000D0002833
     102       0       0       1       0                               0D0002834
     100    1449       0       0       0       0    2837       000010000D0002835
     100       0       0       1       0                               0D0002836
     124    1450       0       0       0       0       0       000000000D0002837
     124       0       0       1       0                               0D0002838
     110    1451       0       0       0       0       0       000010000D0002839
     110       0       0       1       0                               0D0002840
     110    1452       0       0       0       0       0       000010000D0002841
     110       0       0       1       0                               0D0002842
     110    1453       0       0       0       0       0       000010000D0002843
     110       0       0       1       0                               0D0002844
     402    1454       0       0       0       0       0       000020000D0002845
     402       0       0       1       1                =>[0:1:1        D0002846
     144    1455       0       0       0       0       0       000020000D0002847
     144       0   -3701       1       0                               0D0002848
     108    1456       0       0       0       0       0       000010000D0002849
     108       0       0       1       0                               0D0002850
     142    1457       0       0       0       0       0       000010500D0002851
     142       0       0       1       0                               0D0002852
     102    1458       0       0       0       0       0       000010000D0002853
     102       0       0       1       0                               0D0002854
     110    1459       0       0       0       0       0       000010000D0002855
     110       0       0       1       0                               0D0002856
     110    1460       0       0       0       0       0       000010000D0002857
     110       0       0       1       0                               0D0002858
     100    1461       0       0       0       0    2861       000010000D0002859
     100       0       0       1       0                               0D0002860
     124    1462       0       0       0       0       0       000000000D0002861
     124       0       0       1       0                               0D0002862
     110    1463       0       0       0       0       0       000010000D0002863
     110       0       0       1       0                               0D0002864
     144    1464       0       0       0       0       0       000020000D0002865
     144       0   -3701       1       0                               0D0002866
     108    1465       0       0       0       0       0       000010000D0002867
     108       0       0       1       0                               0D0002868
     142    1466       0       0       0       0       0       000010500D0002869
     142       0       0       1       0                               0D0002870
     102    1467       0       0       0       0       0       000010000D0002871
     102       0       0       1       0                               0D0002872
     110    1468       0       0       0       0       0       000010000D0002873
     110       0       0       1       0                               0D0002874
     110    1469       0       0       0       0       0       000010000D0002875
     110       0       0       1       0                               0D0002876
     110    1470       0       0       0       0       0       000010000D0002877
     110       0       0       1       0                               0D0002878
     110    1471       0       0       0       0       0       000010000D0002879
     110       0       0       1       0                               0D0002880
     144    1472       0       0       0       0       0       000020000D0002881
     144       0   -3703       1       0                               0D0002882
     108    1473       0       0       0       0       0       000010000D0002883
     108       0       0       1       0                               0D0002884
     142    1474       0       0       0       0       0       000010500D0002885
     142       0       0       1       0                               0D0002886
     102    1475       0       0       0       0       0       000010000D0002887
     102       0       0       1       0                               0D0002888
     110    1476       0       0       0       0       0       000010000D0002889
     110       0       0       1       0                               0D0002890
     110    1477       0       0       0       0       0       000010000D0002891
     110       0       0       1       0                               0D0002892
     110    1478       0       0       0       0       0       000010000D0002893
     110       0       0       1       0                               0D0002894
     110    1479       0       0       0       0       0       000010000D0002895
     110       0       0       1       0                               0D0002896
     144    1480       0       0       0       0       0       000020000D0002897
     144       0   -3701       1       0                               0D0002898
     108    1481       0       0       0       0       0       000010000D0002899
     108       0       0       1       0                               0D0002900
     142    1482       0       0       0       0       0       000010500D0002901
     142       0       0       1       0                               0D0002902
     102    1483       0       0       0       0       0       000010000D0002903
     102       0       0       1       0                               0D0002904
     110    1484       0       0       0       0       0       000010000D0002905
     110       0       0       1       0                               0D0002906
     110    1485       0       0       0       0       0       000010000D0002907
     110       0       0       1       0                               0D0002908
     110    1486       0       0       0       0       0       000010000D0002909
     110       0       0       1       0                               0D0002910
     110    1487       0       0       0       0       0       000010000D0002911
     110       0       0       1       0                               0D0002912
     144    1488       0       0       0       0       0       000020000D0002913
     144       0   -3701       1       0                               0D0002914
     120    1489       0       0       0       0    2917       000010000D0002915
     120       0       0       1       0                               0D0002916
     124    1490       0       0       0       0       0       000000000D0002917
     124       0       0       1       0                               0D0002918
     110    1491       0       0       0       0       0       000010000D0002919
     110       0       0       1       0                               0D0002920
     110    1492       0       0       0       0       0       000010000D0002921
     110       0       0       1       0                               0D0002922
     142    1493       0       0       0       0       0       000010500D0002923
     142       0       0       1       0                               0D0002924
     102    1494       0       0       0       0       0       000010000D0002925
     102       0       0       1       0                               0D0002926
     110    1495       0       0       0       0       0       000010000D0002927
     110       0       0       1       0                               0D0002928
     110    1496       0       0       0       0       0       000010000D0002929
     110       0       0       1       0                               0D0002930
     110    1497       0       0       0       0       0       000010000D0002931
     110       0       0       1       0                               0D0002932
     110    1498       0       0       0       0       0       000010000D0002933
     110       0       0       2       0                               0D0002934
     102    1500       0       0       0       0       0       000010000D0002935
     102       0       0       1       0                               0D0002936
     110    1501       0       0       0       0       0       000010000D0002937
     110       0       0       1       0                               0D0002938
     100    1502       0       0       0       0    2941       000010000D0002939
     100       0       0       1       0                               0D0002940
     124    1503       0       0       0       0       0       000000000D0002941
     124       0       0       1       0                               0D0002942
     110    1504       0       0       0       0       0       000010000D0002943
     110       0       0       1       0                               0D0002944
     100    1505       0       0       0       0    2947       000010000D0002945
     100       0       0       1       0                               0D0002946
     124    1506       0       0       0       0       0       000000000D0002947
     124       0       0       1       0                               0D0002948
     144    1507       0       0       0       0       0       000020000D0002949
     144       0   -3701       1       0                               0D0002950
     108    1508       0       0       0       0       0       000010000D0002951
     108       0       0       1       0                               0D0002952
     142    1509       0       0       0       0       0       000010500D0002953
     142       0       0       1       0                               0D0002954
     102    1510       0       0       0       0       0       000010000D0002955
     102       0       0       1       0                               0D0002956
     100    1511       0       0       0       0    2959       000010000D0002957
     100       0       0       1       0                               0D0002958
     124    1512       0       0       0       0       0       000000000D0002959
     124       0       0       1       0                               0D0002960
     110    1513       0       0       0       0       0       000010000D0002961
     110       0       0       1       0                               0D0002962
     110    1514       0       0       0       0       0       000010000D0002963
     110       0       0       1       0                               0D0002964
     110    1515       0       0       0       0       0       000010000D0002965
     110       0       0       1       0                               0D0002966
     402    1516       0       0       0       0       0       000020000D0002967
     402       0       0       1       1                =>[0:1:1        D0002968
     144    1517       0       0       0       0       0       000020000D0002969
     144       0   -3701       1       0                               0D0002970
     108    1518       0       0       0       0       0       000010000D0002971
     108       0       0       1       0                               0D0002972
     142    1519       0       0       0       0       0       000010500D0002973
     142       0       0       1       0                               0D0002974
     102    1520       0       0       0       0       0       000010000D0002975
     102       0       0       1       0                               0D0002976
     100    1521       0       0       0       0    2979       000010000D0002977
     100       0       0       1       0                               0D0002978
     124    1522       0       0       0       0       0       000000000D0002979
     124       0       0       1       0                               0D0002980
     110    1523       0       0       0       0       0       000010000D0002981
     110       0       0       1       0                               0D0002982
     110    1524       0       0       0       0       0       000010000D0002983
     110       0       0       1       0                               0D0002984
     110    1525       0       0       0       0       0       000010000D0002985
     110       0       0       1       0                               0D0002986
     144    1526       0       0       0       0       0       000020000D0002987
     144       0   -3701       1       0                               0D0002988
     108    1527       0       0       0       0       0       000010000D0002989
     108       0       0       1       0                               0D0002990
     142    1528       0       0       0       0       0       000010500D0002991
     142       0       0       1       0                               0D0002992
     102    1529       0       0       0       0       0       000010000D0002993
     102       0       0       1       0                               0D0002994
     110    1530       0       0       0       0       0       000010000D0002995
     110       0       0       1       0                               0D0002996
     110    1531       0       0       0       0       0       000010000D0002997
     110       0       0       1       0                               0D0002998
     110    1532       0       0       0       0       0       000010000D0002999
     110       0       0       1       0                               0D0003000
     110    1533       0       0       0       0       0       000010000D0003001
     110       0       0       1       0                               0D0003002
     144    1534       0       0       0       0       0       000020000D0003003
     144       0   -3701       1       0                               0D0003004
     120    1535       0       0       0       0    3007       000010000D0003005
     120       0       0       1       0                               0D0003006
     124    1536       0       0       0       0       0       000000000D0003007
     124       0       0       1       0                               0D0003008
     110    1537       0       0       0       0       0       000010000D0003009
     110       0       0       1       0                               0D0003010
     110    1538       0       0       0       0       0       000010000D0003011
     110       0       0       1       0                               0D0003012
     142    1539       0       0       0       0       0       000010500D0003013
     142       0       0       1       0                               0D0003014
     102    1540       0       0       0       0       0       000010000D0003015
     102       0       0       1       0                               0D0003016
     110    1541       0       0       0       0       0       000010000D0003017
     110       0       0       1       0                               0D0003018
     110    1542       0       0       0       0       0       000010000D0003019
     110       0       0       2       0                               0D0003020
     110    1544       0       0       0       0       0       000010000D0003021
     110       0       0       1       0                               0D0003022
     110    1545       0       0       0       0       0       000010000D0003023
     110       0       0       1       0                               0D0003024
     102    1546       0       0       0       0       0       000010000D0003025
     102       0       0       1       0                               0D0003026
     110    1547       0       0       0       0       0       000010000D0003027
     110       0       0       1       0                               0D0003028
     100    1548       0       0       0       0    3031       000010000D0003029
     100       0       0       1       0                               0D0003030
     124    1549       0       0       0       0       0       000000000D0003031
     124       0       0       1       0                               0D0003032
     110    1550       0       0       0       0       0       000010000D0003033
     110       0       0       1       0                               0D0003034
     100    1551       0       0       0       0    3037       000010000D0003035
     100       0       0       1       0                               0D0003036
     124    1552       0       0       0       0       0       000000000D0003037
     124       0       0       1       0                               0D0003038
     144    1553       0       0       0       0       0       000020000D0003039
     144       0   -3701       1       0                               0D0003040
     108    1554       0       0       0       0       0       000010000D0003041
     108       0       0       1       0                               0D0003042
     142    1555       0       0       0       0       0       000010500D0003043
     142       0       0       1       0                               0D0003044
     102    1556       0       0       0       0       0       000010000D0003045
     102       0       0       1       0                               0D0003046
     110    1557       0       0       0       0       0       000010000D0003047
     110       0       0       1       0                               0D0003048
     110    1558       0       0       0       0       0       000010000D0003049
     110       0       0       1       0                               0D0003050
     110    1559       0       0       0       0       0       000010000D0003051
     110       0       0       1       0                               0D0003052
     110    1560       0       0       0       0       0       000010000D0003053
     110       0       0       1       0                               0D0003054
     144    1561       0       0       0       0       0       000020000D0003055
     144       0   -3703       1       0                               0D0003056
     108    1562       0       0       0       0       0       000010000D0003057
     108       0       0       1       0                               0D0003058
     142    1563       0       0       0       0       0       000010500D0003059
     142       0       0       1       0                               0D0003060
     102    1564       0       0       0       0       0       000010000D0003061
     102       0       0       1       0                               0D0003062
     110    1565       0       0       0       0       0       000010000D0003063
     110       0       0       1       0                               0D0003064
     110    1566       0       0       0       0       0       000010000D0003065
     110       0       0       1       0                               0D0003066
     110    1567       0       0       0       0       0       000010000D0003067
     110       0       0       1       0                               0D0003068
     110    1568       0       0       0       0       0       000010000D0003069
     110       0       0       1       0                               0D0003070
     144    1569       0       0       0       0       0       000020000D0003071
     144       0   -3701       1       0                               0D0003072
     108    1570       0       0       0       0       0       000010000D0003073
     108       0       0       1       0                               0D0003074
     142    1571       0       0       0       0       0       000010500D0003075
     142       0       0       1       0                               0D0003076
     102    1572       0       0       0       0       0       000010000D0003077
     102       0       0       1       0                               0D0003078
     110    1573       0       0       0       0       0       000010000D0003079
     110       0       0       1       0                               0D0003080
     110    1574       0       0       0       0       0       000010000D0003081
     110       0       0       1       0                               0D0003082
     100    1575       0       0       0       0    3085       000010000D0003083
     100       0       0       1       0                               0D0003084
     124    1576       0       0       0       0       0       000000000D0003085
     124       0       0       1       0                               0D0003086
     110    1577       0       0       0       0       0       000010000D0003087
     110       0       0       1       0                               0D0003088
     402    1578       0       0       0       0       0       000020000D0003089
     402       0       0       1       1                =>[0:1:1        D0003090
     144    1579       0       0       0       0       0       000020000D0003091
     144       0   -3701       1       0                               0D0003092
     108    1580       0       0       0       0       0       000010000D0003093
     108       0       0       1       0                               0D0003094
     142    1581       0       0       0       0       0       000010500D0003095
     142       0       0       1       0                               0D0003096
     102    1582       0       0       0       0       0       000010000D0003097
     102       0       0       1       0                               0D0003098
     100    1583       0       0       0       0    3101       000010000D0003099
     100       0       0       1       0                               0D0003100
     124    1584       0       0       0       0       0       000000000D0003101
     124       0       0       1       0                               0D0003102
     110    1585       0       0       0       0       0       000010000D0003103
     110       0       0       1       0                               0D0003104
     110    1586       0       0       0       0       0       000010000D0003105
     110       0       0       1       0                               0D0003106
     110    1587       0       0       0       0       0       000010000D0003107
     110       0       0       1       0                               0D0003108
     144    1588       0       0       0       0       0       000020000D0003109
     144       0   -3701       1       0                               0D0003110
     108    1589       0       0       0       0       0       000010000D0003111
     108       0       0       1       0                               0D0003112
     142    1590       0       0       0       0       0       000010500D0003113
     142       0       0       1       0                               0D0003114
     102    1591       0       0       0       0       0       000010000D0003115
     102       0       0       1       0                               0D0003116
     110    1592       0       0       0       0       0       000010000D0003117
     110       0       0       1       0                               0D0003118
     110    1593       0       0       0       0       0       000010000D0003119
     110       0       0       1       0                               0D0003120
     110    1594       0       0       0       0       0       000010000D0003121
     110       0       0       1       0                               0D0003122
     110    1595       0       0       0       0       0       000010000D0003123
     110       0       0       1       0                               0D0003124
     144    1596       0       0       0       0       0       000020000D0003125
     144       0   -3701       1       0                               0D0003126
     120    1597       0       0       0       0    3129       000010000D0003127
     120       0       0       1       0                               0D0003128
     124    1598       0       0       0       0       0       000000000D0003129
     124       0       0       1       0                               0D0003130
     110    1599       0       0       0       0       0       000010000D0003131
     110       0       0       1       0                               0D0003132
     110    1600       0       0       0       0       0       000010000D0003133
     110       0       0       1       0                               0D0003134
     142    1601       0       0       0       0       0       000010500D0003135
     142       0       0       1       0                               0D0003136
     102    1602       0       0       0       0       0       000010000D0003137
     102       0       0       1       0                               0D0003138
     110    1603       0       0       0       0       0       000010000D0003139
     110       0       0       1       0                               0D0003140
     110    1604       0       0       0       0       0       000010000D0003141
     110       0       0       2       0                               0D0003142
     110    1606       0       0       0       0       0       000010000D0003143
     110       0       0       1       0                               0D0003144
     110    1607       0       0       0       0       0       000010000D0003145
     110       0       0       1       0                               0D0003146
     102    1608       0       0       0       0       0       000010000D0003147
     102       0       0       1       0                               0D0003148
     110    1609       0       0       0       0       0       000010000D0003149
     110       0       0       1       0                               0D0003150
     100    1610       0       0       0       0    3153       000010000D0003151
     100       0       0       1       0                               0D0003152
     124    1611       0       0       0       0       0       000000000D0003153
     124       0       0       1       0                               0D0003154
     110    1612       0       0       0       0       0       000010000D0003155
     110       0       0       1       0                               0D0003156
     100    1613       0       0       0       0    3159       000010000D0003157
     100       0       0       1       0                               0D0003158
     124    1614       0       0       0       0       0       000000000D0003159
     124       0       0       1       0                               0D0003160
     144    1615       0       0       0       0       0       000020000D0003161
     144       0   -3701       1       0                               0D0003162
     108    1616       0       0       0       0       0       000010000D0003163
     108       0       0       1       0                               0D0003164
     142    1617       0       0       0       0       0       000010500D0003165
     142       0       0       1       0                               0D0003166
     102    1618       0       0       0       0       0       000010000D0003167
     102       0       0       1       0                               0D0003168
     110    1619       0       0       0       0       0       000010000D0003169
     110       0       0       1       0                               0D0003170
     110    1620       0       0       0       0       0       000010000D0003171
     110       0       0       1       0                               0D0003172
     110    1621       0       0       0       0       0       000010000D0003173
     110       0       0       1       0                               0D0003174
     110    1622       0       0       0       0       0       000010000D0003175
     110       0       0       1       0                               0D0003176
     144    1623       0       0       0       0       0       000020000D0003177
     144       0   -3703       1       0                               0D0003178
     108    1624       0       0       0       0       0       000010000D0003179
     108       0       0       1       0                               0D0003180
     142    1625       0       0       0       0       0       000010500D0003181
     142       0       0       1       0                               0D0003182
     102    1626       0       0       0       0       0       000010000D0003183
     102       0       0       1       0                               0D0003184
     110    1627       0       0       0       0       0       000010000D0003185
     110       0       0       1       0                               0D0003186
     110    1628       0       0       0       0       0       000010000D0003187
     110       0       0       1       0                               0D0003188
     110    1629       0       0       0       0       0       000010000D0003189
     110       0       0       1       0                               0D0003190
     110    1630       0       0       0       0       0       000010000D0003191
     110       0       0       1       0                               0D0003192
     144    1631       0       0       0       0       0       000020000D0003193
     144       0   -3701       1       0                               0D0003194
     108    1632       0       0       0       0       0       000010000D0003195
     108       0       0       1       0                               0D0003196
     142    1633       0       0       0       0       0       000010500D0003197
     142       0       0       1       0                               0D0003198
     102    1634       0       0       0       0       0       000010000D0003199
     102       0       0       1       0                               0D0003200
     110    1635       0       0       0       0       0       000010000D0003201
     110       0       0       1       0                               0D0003202
     110    1636       0       0       0       0       0       000010000D0003203
     110       0       0       1       0                               0D0003204
     100    1637       0       0       0       0    3207       000010000D0003205
     100       0       0       1       0                               0D0003206
     124    1638       0       0       0       0       0       000000000D0003207
     124       0       0       1       0                               0D0003208
     110    1639       0       0       0       0       0       000010000D0003209
     110       0       0       1       0                               0D0003210
     402    1640       0       0       0       0       0       000020000D0003211
     402       0       0       1       1                =>[0:1:1        D0003212
     144    1641       0       0       0       0       0       000020000D0003213
     144       0   -3701       1       0                               0D0003214
     108    1642       0       0       0       0       0       000010000D0003215
     108       0       0       1       0                               0D0003216
     142    1643       0       0       0       0       0       000010500D0003217
     142       0       0       1       0                               0D0003218
     102    1644       0       0       0       0       0       000010000D0003219
     102       0       0       1       0                               0D0003220
     100    1645       0       0       0       0    3223       000010000D0003221
     100       0       0       1       0                               0D0003222
     124    1646       0       0       0       0       0       000000000D0003223
     124       0       0       1       0                               0D0003224
     110    1647       0       0       0       0       0       000010000D0003225
     110       0       0       1       0                               0D0003226
     110    1648       0       0       0       0       0       000010000D0003227
     110       0       0       1       0                               0D0003228
     110    1649       0       0       0       0       0       000010000D0003229
     110       0       0       1       0                               0D0003230
     144    1650       0       0       0       0       0       000020000D0003231
     144       0   -3701       1       0                               0D0003232
     108    1651       0       0       0       0       0       000010000D0003233
     108       0       0       1       0                               0D0003234
     142    1652       0       0       0       0       0       000010500D0003235
     142       0       0       1       0                               0D0003236
     102    1653       0       0       0       0       0       000010000D0003237
     102       0       0       1       0                               0D0003238
     110    1654       0       0       0       0       0       000010000D0003239
     110       0       0       1       0                               0D0003240
     110    1655       0       0       0       0       0       000010000D0003241
     110       0       0       1       0                               0D0003242
     110    1656       0       0       0       0       0       000010000D0003243
     110       0       0       1       0                               0D0003244
     110    1657       0       0       0       0       0       000010000D0003245
     110       0       0       1       0                               0D0003246
     144    1658       0       0       0       0       0       000020000D0003247
     144       0   -3701       1       0                               0D0003248
     120    1659       0       0       0       0    3251       000010000D0003249
     120       0       0       1       0                               0D0003250
     124    1660       0       0       0       0       0       000000000D0003251
     124       0       0       1       0                               0D0003252
     110    1661       0       0       0       0       0       000010000D0003253
     110       0       0       1       0                               0D0003254
     110    1662       0       0       0       0       0       000010000D0003255
     110       0       0       1       0                               0D0003256
     142    1663       0       0       0       0       0       000010500D0003257
     142       0       0       1       0                               0D0003258
     102    1664       0       0       0       0       0       000010000D0003259
     102       0       0       1       0                               0D0003260
     110    1665       0       0       0       0       0       000010000D0003261
     110       0       0       1       0                               0D0003262
     110    1666       0       0       0       0       0       000010000D0003263
     110       0       0       2       0                               0D0003264
     110    1668       0       0       0       0       0       000010000D0003265
     110       0       0       1       0                               0D0003266
     110    1669       0       0       0       0       0       000010000D0003267
     110       0       0       1       0                               0D0003268
     102    1670       0       0       0       0       0       000010000D0003269
     102       0       0       1       0                               0D0003270
     110    1671       0       0       0       0       0       000010000D0003271
     110       0       0       1       0                               0D0003272
     100    1672       0       0       0       0    3275       000010000D0003273
     100       0       0       1       0                               0D0003274
     124    1673       0       0       0       0       0       000000000D0003275
     124       0       0       1       0                               0D0003276
     110    1674       0       0       0       0       0       000010000D0003277
     110       0       0       1       0                               0D0003278
     100    1675       0       0       0       0    3281       000010000D0003279
     100       0       0       1       0                               0D0003280
     124    1676       0       0       0       0       0       000000000D0003281
     124       0       0       1       0                               0D0003282
     144    1677       0       0       0       0       0       000020000D0003283
     144       0   -3701       1       0                               0D0003284
     108    1678       0       0       0       0       0       000010000D0003285
     108       0       0       1       0                               0D0003286
     142    1679       0       0       0       0       0       000010500D0003287
     142       0       0       1       0                               0D0003288
     102    1680       0       0       0       0       0       000010000D0003289
     102       0       0       1       0                               0D0003290
     110    1681       0       0       0       0       0       000010000D0003291
     110       0       0       1       0                               0D0003292
     110    1682       0       0       0       0       0       000010000D0003293
     110       0       0       1       0                               0D0003294
     110    1683       0       0       0       0       0       000010000D0003295
     110       0       0       1       0                               0D0003296
     110    1684       0       0       0       0       0       000010000D0003297
     110       0       0       1       0                               0D0003298
     144    1685       0       0       0       0       0       000020000D0003299
     144       0   -3703       1       0                               0D0003300
     108    1686       0       0       0       0       0       000010000D0003301
     108       0       0       1       0                               0D0003302
     142    1687       0       0       0       0       0       000010500D0003303
     142       0       0       1       0                               0D0003304
     102    1688       0       0       0       0       0       000010000D0003305
     102       0       0       1       0                               0D0003306
     110    1689       0       0       0       0       0       000010000D0003307
     110       0       0       1       0                               0D0003308
     110    1690       0       0       0       0       0       000010000D0003309
     110       0       0       1       0                               0D0003310
     110    1691       0       0       0       0       0       000010000D0003311
     110       0       0       1       0                               0D0003312
     110    1692       0       0       0       0       0       000010000D0003313
     110       0       0       1       0                               0D0003314
     144    1693       0       0       0       0       0       000020000D0003315
     144       0   -3701       1       0                               0D0003316
     108    1694       0       0       0       0       0       000010000D0003317
     108       0       0       1       0                               0D0003318
     142    1695       0       0       0       0       0       000010500D0003319
     142       0       0       1       0                               0D0003320
     102    1696       0       0       0       0       0       000010000D0003321
     102       0       0       1       0                               0D0003322
     110    1697       0       0       0       0       0       000010000D0003323
     110       0       0       1       0                               0D0003324
     110    1698       0       0       0       0       0       000010000D0003325
     110       0       0       1       0                               0D0003326
     100    1699       0       0       0       0    3329       000010000D0003327
     100       0       0       1       0                               0D0003328
     124    1700       0       0       0       0       0       000000000D0003329
     124       0       0       1       0                               0D0003330
     110    1701       0       0       0       0       0       000010000D0003331
     110       0       0       1       0                               0D0003332
     402    1702       0       0       0       0       0       000020000D0003333
     402       0       0       1       1                =>[0:1:1        D0003334
     144    1703       0       0       0       0       0       000020000D0003335
     144       0   -3701       1       0                               0D0003336
     108    1704       0       0       0       0       0       000010000D0003337
     108       0       0       1       0                               0D0003338
     142    1705       0       0       0       0       0       000010500D0003339
     142       0       0       1       0                               0D0003340
     102    1706       0       0       0       0       0       000010000D0003341
     102       0       0       1       0                               0D0003342
     100    1707       0       0       0       0    3345       000010000D0003343
     100       0       0       1       0                               0D0003344
     124    1708       0       0       0       0       0       000000000D0003345
     124       0       0       1       0                               0D0003346
     110    1709       0       0       0       0       0       000010000D0003347
     110       0       0       1       0                               0D0003348
     110    1710       0       0       0       0       0       000010000D0003349
     110       0       0       1       0                               0D0003350
     110    1711       0       0       0       0       0       000010000D0003351
     110       0       0       1       0                               0D0003352
     144    1712       0       0       0       0       0       000020000D0003353
     144       0   -3701       1       0                               0D0003354
     108    1713       0       0       0       0       0       000010000D0003355
     108       0       0       1       0                               0D0003356
     142    1714       0       0       0       0       0       000010500D0003357
     142       0       0       1       0                               0D0003358
     102    1715       0       0       0       0       0       000010000D0003359
     102       0       0       1       0                               0D0003360
     110    1716       0       0       0       0       0       000010000D0003361
     110       0       0       1       0                               0D0003362
     110    1717       0       0       0       0       0       000010000D0003363
     110       0       0       1       0                               0D0003364
     110    1718       0       0       0       0       0       000010000D0003365
     110       0       0       1       0                               0D0003366
     110    1719       0       0       0       0       0       000010000D0003367
     110       0       0       1       0                               0D0003368
     144    1720       0       0       0       0       0       000020000D0003369
     144       0   -3701       1       0                               0D0003370
     120    1721       0       0       0       0    3373       000010000D0003371
     120       0       0       1       0                               0D0003372
     124    1722       0       0       0       0       0       000000000D0003373
     124       0       0       1       0                               0D0003374
     110    1723       0       0       0       0       0       000010000D0003375
     110       0       0       1       0                               0D0003376
     110    1724       0       0       0       0       0       000010000D0003377
     110       0       0       1       0                               0D0003378
     142    1725       0       0       0       0       0       000010500D0003379
     142       0       0       1       0                               0D0003380
     102    1726       0       0       0       0       0       000010000D0003381
     102       0       0       1       0                               0D0003382
     110    1727       0       0       0       0       0       000010000D0003383
     110       0       0       1       0                               0D0003384
     110    1728       0       0       0       0       0       000010000D0003385
     110       0       0       2       0                               0D0003386
     110    1730       0       0       0       0       0       000010000D0003387
     110       0       0       1       0                               0D0003388
     110    1731       0       0       0       0       0       000010000D0003389
     110       0       0       1       0                               0D0003390
     102    1732       0       0       0       0       0       000010000D0003391
     102       0       0       1       0                               0D0003392
     110    1733       0       0       0       0       0       000010000D0003393
     110       0       0       1       0                               0D0003394
     100    1734       0       0       0       0    3397       000010000D0003395
     100       0       0       1       0                               0D0003396
     124    1735       0       0       0       0       0       000000000D0003397
     124       0       0       1       0                               0D0003398
     110    1736       0       0       0       0       0       000010000D0003399
     110       0       0       1       0                               0D0003400
     100    1737       0       0       0       0    3403       000010000D0003401
     100       0       0       1       0                               0D0003402
     124    1738       0       0       0       0       0       000000000D0003403
     124       0       0       1       0                               0D0003404
     144    1739       0       0       0       0       0       000020000D0003405
     144       0   -3701       1       0                               0D0003406
     108    1740       0       0       0       0       0       000010000D0003407
     108       0       0       1       0                               0D0003408
     142    1741       0       0       0       0       0       000010500D0003409
     142       0       0       1       0                               0D0003410
     102    1742       0       0       0       0       0       000010000D0003411
     102       0       0       1       0                               0D0003412
     110    1743       0       0       0       0       0       000010000D0003413
     110       0       0       1       0                               0D0003414
     110    1744       0       0       0       0       0       000010000D0003415
     110       0       0       1       0                               0D0003416
     110    1745       0       0       0       0       0       000010000D0003417
     110       0       0       1       0                               0D0003418
     110    1746       0       0       0       0       0       000010000D0003419
     110       0       0       1       0                               0D0003420
     144    1747       0       0       0       0       0       000020000D0003421
     144       0   -3703       1       0                               0D0003422
     108    1748       0       0       0       0       0       000010000D0003423
     108       0       0       1       0                               0D0003424
     142    1749       0       0       0       0       0       000010500D0003425
     142       0       0       1       0                               0D0003426
     102    1750       0       0       0       0       0       000010000D0003427
     102       0       0       1       0                               0D0003428
     110    1751       0       0       0       0       0       000010000D0003429
     110       0       0       1       0                               0D0003430
     110    1752       0       0       0       0       0       000010000D0003431
     110       0       0       1       0                               0D0003432
     110    1753       0       0       0       0       0       000010000D0003433
     110       0       0       1       0                               0D0003434
     110    1754       0       0       0       0       0       000010000D0003435
     110       0       0       1       0                               0D0003436
     144    1755       0       0       0       0       0       000020000D0003437
     144       0   -3701       1       0                               0D0003438
     108    1756       0       0       0       0       0       000010000D0003439
     108       0       0       1       0                               0D0003440
     142    1757       0       0       0       0       0       000010500D0003441
     142       0       0       1       0                               0D0003442
     102    1758       0       0       0       0       0       000010000D0003443
     102       0       0       1       0                               0D0003444
     110    1759       0       0       0       0       0       000010000D0003445
     110       0       0       1       0                               0D0003446
     110    1760       0       0       0       0       0       000010000D0003447
     110       0       0       1       0                               0D0003448
     100    1761       0       0       0       0    3451       000010000D0003449
     100       0       0       1       0                               0D0003450
     124    1762       0       0       0       0       0       000000000D0003451
     124       0       0       1       0                               0D0003452
     110    1763       0       0       0       0       0       000010000D0003453
     110       0       0       1       0                               0D0003454
     402    1764       0       0       0       0       0       000020000D0003455
     402       0       0       1       1                =>[0:1:1        D0003456
     144    1765       0       0       0       0       0       000020000D0003457
     144       0   -3701       1       0                               0D0003458
     108    1766       0       0       0       0       0       000010000D0003459
     108       0       0       1       0                               0D0003460
     142    1767       0       0       0       0       0       000010500D0003461
     142       0       0       1       0                               0D0003462
     102    1768       0       0       0       0       0       000010000D0003463
     102       0       0       1       0                               0D0003464
     110    1769       0       0       0       0       0       000010000D0003465
     110       0       0       1       0                               0D0003466
     110    1770       0       0       0       0       0       000010000D0003467
     110       0       0       1       0                               0D0003468
     100    1771       0       0       0       0    3471       000010000D0003469
     100       0       0       1       0                               0D0003470
     124    1772       0       0       0       0       0       000000000D0003471
     124       0       0       1       0                               0D0003472
     110    1773       0       0       0       0       0       000010000D0003473
     110       0       0       1       0                               0D0003474
     144    1774       0       0       0       0       0       000020000D0003475
     144       0   -3701       1       0                               0D0003476
     108    1775       0       0       0       0       0       000010000D0003477
     108       0       0       1       0                               0D0003478
     142    1776       0       0       0       0       0       000010500D0003479
     142       0       0       1       0                               0D0003480
     102    1777       0       0       0       0       0       000010000D0003481
     102       0       0       1       0                               0D0003482
     110    1778       0       0       0       0       0       000010000D0003483
     110       0       0       1       0                               0D0003484
     110    1779       0       0       0       0       0       000010000D0003485
     110       0       0       1       0                               0D0003486
     110    1780       0       0       0       0       0       000010000D0003487
     110       0       0       1       0                               0D0003488
     110    1781       0       0       0       0       0       000010000D0003489
     110       0       0       1       0                               0D0003490
     144    1782       0       0       0       0       0       000020000D0003491
     144       0   -3703       1       0                               0D0003492
     108    1783       0       0       0       0       0       000010000D0003493
     108       0       0       1       0                               0D0003494
     142    1784       0       0       0       0       0       000010500D0003495
     142       0       0       1       0                               0D0003496
     102    1785       0       0       0       0       0       000010000D0003497
     102       0       0       1       0                               0D0003498
     110    1786       0       0       0       0       0       000010000D0003499
     110       0       0       1       0                               0D0003500
     110    1787       0       0       0       0       0       000010000D0003501
     110       0       0       1       0                               0D0003502
     110    1788       0       0       0       0       0       000010000D0003503
     110       0       0       1       0                               0D0003504
     110    1789       0       0       0       0       0       000010000D0003505
     110       0       0       1       0                               0D0003506
     144    1790       0       0       0       0       0       000020000D0003507
     144       0   -3701       1       0                               0D0003508
     108    1791       0       0       0       0       0       000010000D0003509
     108       0       0       1       0                               0D0003510
     142    1792       0       0       0       0       0       000010500D0003511
     142       0       0       1       0                               0D0003512
     102    1793       0       0       0       0       0       000010000D0003513
     102       0       0       1       0                               0D0003514
     110    1794       0       0       0       0       0       000010000D0003515
     110       0       0       1       0                               0D0003516
     110    1795       0       0       0       0       0       000010000D0003517
     110       0       0       1       0                               0D0003518
     110    1796       0       0       0       0       0       000010000D0003519
     110       0       0       1       0                               0D0003520
     110    1797       0       0       0       0       0       000010000D0003521
     110       0       0       1       0                               0D0003522
     144    1798       0       0       0       0       0       000020000D0003523
     144       0   -3701       1       0                               0D0003524
     120    1799       0       0       0       0    3527       000010000D0003525
     120       0       0       1       0                               0D0003526
     124    1800       0       0       0       0       0       000000000D0003527
     124       0       0       1       0                               0D0003528
     110    1801       0       0       0       0       0       000010000D0003529
     110       0       0       1       0                               0D0003530
     110    1802       0       0       0       0       0       000010000D0003531
     110       0       0       1       0                               0D0003532
     142    1803       0       0       0       0       0       000010500D0003533
     142       0       0       1       0                               0D0003534
     102    1804       0       0       0       0       0       000010000D0003535
     102       0       0       1       0                               0D0003536
     110    1805       0       0       0       0       0       000010000D0003537
     110       0       0       1       0                               0D0003538
     110    1806       0       0       0       0       0       000010000D0003539
     110       0       0       1       0                               0D0003540
     110    1807       0       0       0       0       0       000010000D0003541
     110       0       0       1       0                               0D0003542
     110    1808       0       0       0       0       0       000010000D0003543
     110       0       0       2       0                               0D0003544
     102    1810       0       0       0       0       0       000010000D0003545
     102       0       0       1       0                               0D0003546
     110    1811       0       0       0       0       0       000010000D0003547
     110       0       0       1       0                               0D0003548
     100    1812       0       0       0       0    3551       000010000D0003549
     100       0       0       1       0                               0D0003550
     124    1813       0       0       0       0       0       000000000D0003551
     124       0       0       1       0                               0D0003552
     110    1814       0       0       0       0       0       000010000D0003553
     110       0       0       1       0                               0D0003554
     100    1815       0       0       0       0    3557       000010000D0003555
     100       0       0       1       0                               0D0003556
     124    1816       0       0       0       0       0       000000000D0003557
     124       0       0       1       0                               0D0003558
     144    1817       0       0       0       0       0       000020000D0003559
     144       0   -3701       1       0                               0D0003560
     108    1818       0       0       0       0       0       000010000D0003561
     108       0       0       1       0                               0D0003562
     142    1819       0       0       0       0       0       000010500D0003563
     142       0       0       1       0                               0D0003564
     102    1820       0       0       0       0       0       000010000D0003565
     102       0       0       1       0                               0D0003566
     100    1821       0       0       0       0    3569       000010000D0003567
     100       0       0       1       0                               0D0003568
     124    1822       0       0       0       0       0       000000000D0003569
     124       0       0       1       0                               0D0003570
     110    1823       0       0       0       0       0       000010000D0003571
     110       0       0       1       0                               0D0003572
     110    1824       0       0       0       0       0       000010000D0003573
     110       0       0       1       0                               0D0003574
     110    1825       0       0       0       0       0       000010000D0003575
     110       0       0       1       0                               0D0003576
     402    1826       0       0       0       0       0       000020000D0003577
     402       0       0       1       1                =>[0:1:1        D0003578
     144    1827       0       0       0       0       0       000020000D0003579
     144       0   -3701       1       0                               0D0003580
     108    1828       0       0       0       0       0       000010000D0003581
     108       0       0       1       0                               0D0003582
     142    1829       0       0       0       0       0       000010500D0003583
     142       0       0       1       0                               0D0003584
     102    1830       0       0       0       0       0       000010000D0003585
     102       0       0       1       0                               0D0003586
     100    1831       0       0       0       0    3589       000010000D0003587
     100       0       0       1       0                               0D0003588
     124    1832       0       0       0       0       0       000000000D0003589
     124       0       0       1       0                               0D0003590
     110    1833       0       0       0       0       0       000010000D0003591
     110       0       0       1       0                               0D0003592
     110    1834       0       0       0       0       0       000010000D0003593
     110       0       0       1       0                               0D0003594
     110    1835       0       0       0       0       0       000010000D0003595
     110       0       0       1       0                               0D0003596
     144    1836       0       0       0       0       0       000020000D0003597
     144       0   -3701       1       0                               0D0003598
     108    1837       0       0       0       0       0       000010000D0003599
     108       0       0       1       0                               0D0003600
     142    1838       0       0       0       0       0       000010500D0003601
     142       0       0       1       0                               0D0003602
     102    1839       0       0       0       0       0       000010000D0003603
     102       0       0       1       0                               0D0003604
     110    1840       0       0       0       0       0       000010000D0003605
     110       0       0       1       0                               0D0003606
     110    1841       0       0       0       0       0       000010000D0003607
     110       0       0       1       0                               0D0003608
     110    1842       0       0       0       0       0       000010000D0003609
     110       0       0       1       0                               0D0003610
     110    1843       0       0       0       0       0       000010000D0003611
     110       0       0       1       0                               0D0003612
     144    1844       0       0       0       0       0       000020000D0003613
     144       0   -3701       1       0                               0D0003614
     120    1845       0       0       0       0    3617       000010000D0003615
     120       0       0       1       0                               0D0003616
     124    1846       0       0       0       0       0       000000000D0003617
     124       0       0       1       0                               0D0003618
     110    1847       0       0       0       0       0       000010000D0003619
     110       0       0       1       0                               0D0003620
     110    1848       0       0       0       0       0       000010000D0003621
     110       0       0       1       0                               0D0003622
     142    1849       0       0       0       0       0       000010500D0003623
     142       0       0       1       0                               0D0003624
     102    1850       0       0       0       0       0       000010000D0003625
     102       0       0       1       0                               0D0003626
     110    1851       0       0       0       0       0       000010000D0003627
     110       0       0       1       0                               0D0003628
     110    1852       0       0       0       0       0       000010000D0003629
     110       0       0       2       0                               0D0003630
     110    1854       0       0       0       0       0       000010000D0003631
     110       0       0       1       0                               0D0003632
     110    1855       0       0       0       0       0       000010000D0003633
     110       0       0       1       0                               0D0003634
     102    1856       0       0       0       0       0       000010000D0003635
     102       0       0       1       0                               0D0003636
     110    1857       0       0       0       0       0       000010000D0003637
     110       0       0       1       0                               0D0003638
     100    1858       0       0       0       0    3641       000010000D0003639
     100       0       0       1       0                               0D0003640
     124    1859       0       0       0       0       0       000000000D0003641
     124       0       0       1       0                               0D0003642
     110    1860       0       0       0       0       0       000010000D0003643
     110       0       0       1       0                               0D0003644
     100    1861       0       0       0       0    3647       000010000D0003645
     100       0       0       1       0                               0D0003646
     124    1862       0       0       0       0       0       000000000D0003647
     124       0       0       1       0                               0D0003648
     144    1863       0       0       0       0       0       000020000D0003649
     144       0   -3701       1       0                               0D0003650
     108    1864       0       0       0       0       0       000010000D0003651
     108       0       0       1       0                               0D0003652
     142    1865       0       0       0       0       0       000010500D0003653
     142       0       0       1       0                               0D0003654
     102    1866       0       0       0       0       0       000010000D0003655
     102       0       0       1       0                               0D0003656
     110    1867       0       0       0       0       0       000010000D0003657
     110       0       0       1       0                               0D0003658
     110    1868       0       0       0       0       0       000010000D0003659
     110       0       0       1       0                               0D0003660
     110    1869       0       0       0       0       0       000010000D0003661
     110       0       0       1       0                               0D0003662
     110    1870       0       0       0       0       0       000010000D0003663
     110       0       0       1       0                               0D0003664
     144    1871       0       0       0       0       0       000020000D0003665
     144       0   -3703       1       0                               0D0003666
     108    1872       0       0       0       0       0       000010000D0003667
     108       0       0       1       0                               0D0003668
     142    1873       0       0       0       0       0       000010500D0003669
     142       0       0       1       0                               0D0003670
     102    1874       0       0       0       0       0       000010000D0003671
     102       0       0       1       0                               0D0003672
     110    1875       0       0       0       0       0       000010000D0003673
     110       0       0       1       0                               0D0003674
     110    1876       0       0       0       0       0       000010000D0003675
     110       0       0       1       0                               0D0003676
     110    1877       0       0       0       0       0       000010000D0003677
     110       0       0       1       0                               0D0003678
     110    1878       0       0       0       0       0       000010000D0003679
     110       0       0       1       0                               0D0003680
     144    1879       0       0       0       0       0       000020000D0003681
     144       0   -3701       1       0                               0D0003682
     108    1880       0       0       0       0       0       000010000D0003683
     108       0       0       1       0                               0D0003684
     142    1881       0       0       0       0       0       000010500D0003685
     142       0       0       1       0                               0D0003686
     102    1882       0       0       0       0       0       000010000D0003687
     102       0       0       1       0                               0D0003688
     110    1883       0       0       0       0       0       000010000D0003689
     110       0       0       1       0                               0D0003690
     110    1884       0       0       0       0       0       000010000D0003691
     110       0       0       1       0                               0D0003692
     100    1885       0       0       0       0    3695       000010000D0003693
     100       0       0       1       0                               0D0003694
     124    1886       0       0       0       0       0       000000000D0003695
     124       0       0       1       0                               0D0003696
     110    1887       0       0       0       0       0       000010000D0003697
     110       0       0       1       0                               0D0003698
     314    1888       0       0       0       0       0       000000200D0003699
     314       0       0       1       0                               0D0003700
     314    1889       0       0       0       0       0       000000200D0003701
     314       0       0       1       0                               0D0003702
     314    1890       0       0       0       0       0       000000200D0003703
     314       0       0       1       0                               0D0003704
     406    1891       0       0       0       0       0       000000000D0003705
     406       0       0       1      15                               0D0003706
     406    1892       0       0       0       0       0       000000000D0003707
     406       0       0       1      15                               0D0003708
     406    1893       0       0       0       0       0       000000000D0003709
     406       0       0       1      15                               0D0003710
     406    1894       0       0       0       0       0       000000000D0003711
     406       0       0       1      15                               0D0003712
     406    1895       0       0       0       0       0       000000000D0003713
     406       0       0       1      15                               0D0003714
     406    1896       0       0       0       0       0       000000000D0003715
     406       0       0       1      15                               0D0003716
     406    1897       0       0       0       0       0       000000000D0003717
     406       0       0       1      15                               0D0003718
     406    1898       0       0       0       0       0       000000000D0003719
     406       0       0       1      15                               0D0003720
     406    1899       0       0       0       0       0       000000000D0003721
     406       0       0       1      15                               0D0003722
     406    1900       0       0       0       0       0       000000000D0003723
     406       0       0       1      15                               0D0003724
     406    1901       0       0       0       0       0       000000000D0003725
     406       0       0       1      15                               0D0003726
     406    1902       0       0       0       0       0       000000000D0003727
     406       0       0       1      15                               0D0003728
     406    1903       0       0       0       0       0       000000000D0003729
     406       0       0       1      15                               0D0003730
402,12,3,1801,2479,2601,2723,2845,2967,3089,3211,3333,3455,3577, 0000001P0000001
0,1,3711;                                                        0000001P0000002
402,79,5,81,97,171,187,243,275,331,363,379,399,415,431,447,467,  0000003P0000003
515,535,551,577,593,617,633,649,665,681,697,713,729,749,765,785, 0000003P0000004
801,817,833,853,869,889,909,925,941,957,993,1009,1027,1043,1079, 0000003P0000005
1095,1113,1129,1165,1181,1199,1215,1251,1267,1285,1301,1337,     0000003P0000006
1353,1371,1387,1423,1439,1457,1473,1509,1525,1543,1559,1595,     0000003P0000007
1611,1629,1645,1681,1697,1715,1731,1767,1783,0,1,3705;           0000003P0000008
144,7,1,0,9;                                                     0000005P0000009
108,-0.,-0.,-1.,-2.5E-02,0,0.,0.,2.5E-02,0.;                     0000007P0000010
142,0,7,0,11,2;                                                  0000009P0000011
102,29,13,15,17,19,21,23,25,27,29,31,33,37,39,41,43,47,49,51,53, 0000011P0000012
57,59,61,63,67,69,71,73,77,79;                                   0000011P0000013
110,-1.5,1.5,2.5E-02,-0.375,1.5,2.5E-02;                         0000013P0000014
110,-0.375,1.5,2.5E-02,-0.375,1.2,2.5E-02;                       0000015P0000015
110,-0.375,1.2,2.5E-02,-0.525,1.2,2.5E-02;                       0000017P0000016
110,-0.525,1.2,2.5E-02,-0.825,0.9,2.5E-02;                       0000019P0000017
110,-0.825,0.9,2.5E-02,-0.825,-1.2,2.5E-02;                      0000021P0000018
110,-0.825,-1.2,2.5E-02,-0.375,-1.2,2.5E-02;                     0000023P0000019
110,-0.375,-1.2,2.5E-02,-0.375,-1.5,2.5E-02;                     0000025P0000020
110,-0.375,-1.5,2.5E-02,-1.5,-1.5,2.5E-02;                       0000027P0000021
110,-1.5,-1.5,2.5E-02,-1.5,-1.12,2.5E-02;                        0000029P0000022
110,-1.5,-1.12,2.5E-02,-1.22,-1.12,2.5E-02;                      0000031P0000023
100,0.,0.,0.,-0.12,0.,0.12,0.;                                   0000033P0000024
124,0.,-1.,-0.,-1.22,1.,0.,0.,-1.,0.,0.,1.,2.5E-02;              0000035P0000025
110,-1.22,-0.88,2.5E-02,-1.5,-0.88,2.5E-02;                      0000037P0000026
110,-1.5,-0.88,2.5E-02,-1.5,-0.62,2.5E-02;                       0000039P0000027
110,-1.5,-0.62,2.5E-02,-1.22,-0.62,2.5E-02;                      0000041P0000028
100,0.,0.,0.,-0.12,0.,0.12,0.;                                   0000043P0000029
124,0.,-1.,-0.,-1.22,1.,0.,0.,-0.5,0.,0.,1.,2.5E-02;             0000045P0000030
110,-1.22,-0.38,2.5E-02,-1.5,-0.38,2.5E-02;                      0000047P0000031
110,-1.5,-0.38,2.5E-02,-1.5,-0.12,2.5E-02;                       0000049P0000032
110,-1.5,-0.12,2.5E-02,-1.22,-0.12,2.5E-02;                      0000051P0000033
100,0.,0.,0.,-0.12,0.,0.12,0.;                                   0000053P0000034
124,0.,-1.,-0.,-1.22,1.,0.,0.,0.,0.,0.,1.,2.5E-02;               0000055P0000035
110,-1.22,0.12,2.5E-02,-1.5,0.12,2.5E-02;                        0000057P0000036
110,-1.5,0.12,2.5E-02,-1.5,0.38,2.5E-02;                         0000059P0000037
110,-1.5,0.38,2.5E-02,-1.22,0.38,2.5E-02;                        0000061P0000038
100,0.,0.,0.,-0.12,0.,0.12,0.;                                   0000063P0000039
124,0.,-1.,-0.,-1.22,1.,0.,0.,0.5,0.,0.,1.,2.5E-02;              0000065P0000040
110,-1.22,0.62,2.5E-02,-1.5,0.62,2.5E-02;                        0000067P0000041
110,-1.5,0.62,2.5E-02,-1.5,0.88,2.5E-02;                         0000069P0000042
110,-1.5,0.88,2.5E-02,-1.22,0.88,2.5E-02;                        0000071P0000043
100,0.,0.,0.,-0.12,0.,0.12,0.;                                   0000073P0000044
124,0.,-1.,-0.,-1.22,1.,0.,0.,1.,0.,0.,1.,2.5E-02;               0000075P0000045
110,-1.22,1.12,2.5E-02,-1.5,1.12,2.5E-02;                        0000077P0000046
110,-1.5,1.12,2.5E-02,-1.5,1.5,2.5E-02;                          0000079P0000047
144,83,1,0,85;                                                   0000081P0000048
108,-0.,-0.,-1.,-2.5E-02,0,0.,0.,2.5E-02,0.;                     0000083P0000049
142,0,83,0,87,2;                                                 0000085P0000050
102,4,89,91,93,95;                                               0000087P0000051
110,-0.125,-1.5,2.5E-02,-0.125,-1.2,2.5E-02;                     0000089P0000052
110,-0.125,-1.2,2.5E-02,0.125,-1.2,2.5E-02;                      0000091P0000053
110,0.125,-1.2,2.5E-02,0.125,-1.5,2.5E-02;                       0000093P0000054
110,0.125,-1.5,2.5E-02,-0.125,-1.5,2.5E-02;                      0000095P0000055
144,99,1,0,101;                                                  0000097P0000056
108,-0.,-0.,-1.,-2.5E-02,0,0.,0.,2.5E-02,0.;                     0000099P0000057
142,0,99,0,103,2;                                                0000101P0000058
102,28,105,107,109,111,113,115,117,119,121,125,127,129,131,135,  0000103P0000059
137,139,141,145,147,149,151,155,157,159,161,165,167,169;         0000103P0000060
110,0.375,-1.5,2.5E-02,0.375,-1.2,2.5E-02;                       0000105P0000061
110,0.375,-1.2,2.5E-02,0.825,-1.2,2.5E-02;                       0000107P0000062
110,0.825,-1.2,2.5E-02,0.825,1.2,2.5E-02;                        0000109P0000063
110,0.825,1.2,2.5E-02,0.375,1.2,2.5E-02;                         0000111P0000064
110,0.375,1.2,2.5E-02,0.375,1.5,2.5E-02;                         0000113P0000065
110,0.375,1.5,2.5E-02,1.5,1.5,2.5E-02;                           0000115P0000066
110,1.5,1.5,2.5E-02,1.5,1.12,2.5E-02;                            0000117P0000067
110,1.5,1.12,2.5E-02,1.22,1.12,2.5E-02;                          0000119P0000068
100,0.,0.,0.,0.12,0.,-0.12,0.;                                   0000121P0000069
124,0.,-1.,0.,1.22,1.,0.,0.,1.,0.,0.,1.,2.5E-02;                 0000123P0000070
110,1.22,0.88,2.5E-02,1.5,0.88,2.5E-02;                          0000125P0000071
110,1.5,0.88,2.5E-02,1.5,0.62,2.5E-02;                           0000127P0000072
110,1.5,0.62,2.5E-02,1.22,0.62,2.5E-02;                          0000129P0000073
100,0.,0.,0.,0.12,0.,-0.12,0.;                                   0000131P0000074
124,0.,-1.,0.,1.22,1.,0.,0.,0.5,0.,0.,1.,2.5E-02;                0000133P0000075
110,1.22,0.38,2.5E-02,1.5,0.38,2.5E-02;                          0000135P0000076
110,1.5,0.38,2.5E-02,1.5,0.12,2.5E-02;                           0000137P0000077
110,1.5,0.12,2.5E-02,1.22,0.12,2.5E-02;                          0000139P0000078
100,0.,0.,0.,0.12,0.,-0.12,0.;                                   0000141P0000079
124,0.,-1.,0.,1.22,1.,0.,0.,0.,0.,0.,1.,2.5E-02;                 0000143P0000080
110,1.22,-0.12,2.5E-02,1.5,-0.12,2.5E-02;                        0000145P0000081
110,1.5,-0.12,2.5E-02,1.5,-0.38,2.5E-02;                         0000147P0000082
110,1.5,-0.38,2.5E-02,1.22,-0.38,2.5E-02;                        0000149P0000083
100,0.,0.,0.,0.12,0.,-0.12,0.;                                   0000151P0000084
124,0.,-1.,0.,1.22,1.,0.,0.,-0.5,0.,0.,1.,2.5E-02;               0000153P0000085
110,1.22,-0.62,2.5E-02,1.5,-0.62,2.5E-02;                        0000155P0000086
110,1.5,-0.62,2.5E-02,1.5,-0.88,2.5E-02;                         0000157P0000087
110,1.5,-0.88,2.5E-02,1.22,-0.88,2.5E-02;                        0000159P0000088
100,0.,0.,0.,0.12,0.,-0.12,0.;                                   0000161P0000089
124,0.,-1.,0.,1.22,1.,0.,0.,-1.,0.,0.,1.,2.5E-02;                0000163P0000090
110,1.22,-1.12,2.5E-02,1.5,-1.12,2.5E-02;                        0000165P0000091
110,1.5,-1.12,2.5E-02,1.5,-1.5,2.5E-02;                          0000167P0000092
110,1.5,-1.5,2.5E-02,0.375,-1.5,2.5E-02;                         0000169P0000093
144,173,1,0,175;                                                 0000171P0000094
108,-0.,-0.,-1.,-2.5E-02,0,0.,0.,2.5E-02,0.;                     0000173P0000095
142,0,173,0,177,2;                                               0000175P0000096
102,4,179,181,183,185;                                           0000177P0000097
110,0.125,1.5,2.5E-02,0.125,1.2,2.5E-02;                         0000179P0000098
110,0.125,1.2,2.5E-02,-0.125,1.2,2.5E-02;                        0000181P0000099
110,-0.125,1.2,2.5E-02,-0.125,1.5,2.5E-02;                       0000183P0000100
110,-0.125,1.5,2.5E-02,0.125,1.5,2.5E-02;                        0000185P0000101
144,189,1,0,191;                                                 0000187P0000102
108,-1.,0.,0.,1.5,0,-1.5,1.5,2.5E-02,0.;                         0000189P0000103
142,0,189,0,193,2;                                               0000191P0000104
102,24,195,197,199,201,203,205,207,209,211,213,215,217,219,221,  0000193P0000105
223,225,227,229,231,233,235,237,239,241;                         0000193P0000106
110,-1.5,1.12,2.5E-02,-1.5,1.12,0.2;                             0000195P0000107
110,-1.5,1.12,0.2,-1.5,0.88,0.2;                                 0000197P0000108
110,-1.5,0.88,0.2,-1.5,0.88,2.5E-02;                             0000199P0000109
110,-1.5,0.88,2.5E-02,-1.5,0.62,2.5E-02;                         0000201P0000110
110,-1.5,0.62,2.5E-02,-1.5,0.62,0.2;                             0000203P0000111
110,-1.5,0.62,0.2,-1.5,0.38,0.2;                                 0000205P0000112
110,-1.5,0.38,0.2,-1.5,0.38,2.5E-02;                             0000207P0000113
110,-1.5,0.38,2.5E-02,-1.5,0.12,2.5E-02;                         0000209P0000114
110,-1.5,0.12,2.5E-02,-1.5,0.12,0.2;                             0000211P0000115
110,-1.5,0.12,0.2,-1.5,-0.12,0.2;                                0000213P0000116
110,-1.5,-0.12,0.2,-1.5,-0.12,2.5E-02;                           0000215P0000117
110,-1.5,-0.12,2.5E-02,-1.5,-0.38,2.5E-02;                       0000217P0000118
110,-1.5,-0.38,2.5E-02,-1.5,-0.38,0.2;                           0000219P0000119
110,-1.5,-0.38,0.2,-1.5,-0.62,0.2;                               0000221P0000120
110,-1.5,-0.62,0.2,-1.5,-0.62,2.5E-02;                           0000223P0000121
110,-1.5,-0.62,2.5E-02,-1.5,-0.88,2.5E-02;                       0000225P0000122
110,-1.5,-0.88,2.5E-02,-1.5,-0.88,0.2;                           0000227P0000123
110,-1.5,-0.88,0.2,-1.5,-1.12,0.2;                               0000229P0000124
110,-1.5,-1.12,0.2,-1.5,-1.12,2.5E-02;                           0000231P0000125
110,-1.5,-1.12,2.5E-02,-1.5,-1.5,2.5E-02;                        0000233P0000126
110,-1.5,-1.5,2.5E-02,-1.5,-1.5,1.;                              0000235P0000127
110,-1.5,-1.5,1.,-1.5,1.5,1.;                                    0000237P0000128
110,-1.5,1.5,1.,-1.5,1.5,2.5E-02;                                0000239P0000129
110,-1.5,1.5,2.5E-02,-1.5,1.12,2.5E-02;                          0000241P0000130
144,245,1,0,247;                                                 0000243P0000131
108,0.,1.,0.,1.5,0,1.5,1.5,2.5E-02,0.;                           0000245P0000132
142,0,245,0,249,2;                                               0000247P0000133
102,12,251,253,255,257,259,261,263,265,267,269,271,273;          0000249P0000134
110,0.375,1.5,2.5E-02,0.375,1.5,0.2;                             0000251P0000135
110,0.375,1.5,0.2,0.125,1.5,0.2;                                 0000253P0000136
110,0.125,1.5,0.2,0.125,1.5,2.5E-02;                             0000255P0000137
110,0.125,1.5,2.5E-02,-0.125,1.5,2.5E-02;                        0000257P0000138
110,-0.125,1.5,2.5E-02,-0.125,1.5,0.2;                           0000259P0000139
110,-0.125,1.5,0.2,-0.375,1.5,0.2;                               0000261P0000140
110,-0.375,1.5,0.2,-0.375,1.5,2.5E-02;                           0000263P0000141
110,-0.375,1.5,2.5E-02,-1.5,1.5,2.5E-02;                         0000265P0000142
110,-1.5,1.5,2.5E-02,-1.5,1.5,1.;                                0000267P0000143
110,-1.5,1.5,1.,1.5,1.5,1.;                                      0000269P0000144
110,1.5,1.5,1.,1.5,1.5,2.5E-02;                                  0000271P0000145
110,1.5,1.5,2.5E-02,0.375,1.5,2.5E-02;                           0000273P0000146
144,277,1,0,279;                                                 0000275P0000147
108,1.,0.,0.,1.5,0,1.5,-1.5,2.5E-02,0.;                          0000277P0000148
142,0,277,0,281,2;                                               0000279P0000149
102,24,283,285,287,289,291,293,295,297,299,301,303,305,307,309,  0000281P0000150
311,313,315,317,319,321,323,325,327,329;                         0000281P0000151
110,1.5,-1.12,2.5E-02,1.5,-1.12,0.2;                             0000283P0000152
110,1.5,-1.12,0.2,1.5,-0.88,0.2;                                 0000285P0000153
110,1.5,-0.88,0.2,1.5,-0.88,2.5E-02;                             0000287P0000154
110,1.5,-0.88,2.5E-02,1.5,-0.62,2.5E-02;                         0000289P0000155
110,1.5,-0.62,2.5E-02,1.5,-0.62,0.2;                             0000291P0000156
110,1.5,-0.62,0.2,1.5,-0.38,0.2;                                 0000293P0000157
110,1.5,-0.38,0.2,1.5,-0.38,2.5E-02;                             0000295P0000158
110,1.5,-0.38,2.5E-02,1.5,-0.12,2.5E-02;                         0000297P0000159
110,1.5,-0.12,2.5E-02,1.5,-0.12,0.2;                             0000299P0000160
110,1.5,-0.12,0.2,1.5,0.12,0.2;                                  0000301P0000161
110,1.5,0.12,0.2,1.5,0.12,2.5E-02;                               0000303P0000162
110,1.5,0.12,2.5E-02,1.5,0.38,2.5E-02;                           0000305P0000163
110,1.5,0.38,2.5E-02,1.5,0.38,0.2;                               0000307P0000164
110,1.5,0.38,0.2,1.5,0.62,0.2;                                   0000309P0000165
110,1.5,0.62,0.2,1.5,0.62,2.5E-02;                               0000311P0000166
110,1.5,0.62,2.5E-02,1.5,0.88,2.5E-02;                           0000313P0000167
110,1.5,0.88,2.5E-02,1.5,0.88,0.2;                               0000315P0000168
110,1.5,0.88,0.2,1.5,1.12,0.2;                                   0000317P0000169
110,1.5,1.12,0.2,1.5,1.12,2.5E-02;                               0000319P0000170
110,1.5,1.12,2.5E-02,1.5,1.5,2.5E-02;                            0000321P0000171
110,1.5,1.5,2.5E-02,1.5,1.5,1.;                                  0000323P0000172
110,1.5,1.5,1.,1.5,-1.5,1.;                                      0000325P0000173
110,1.5,-1.5,1.,1.5,-1.5,2.5E-02;                                0000327P0000174
110,1.5,-1.5,2.5E-02,1.5,-1.12,2.5E-02;                          0000329P0000175
144,333,1,0,335;                                                 0000331P0000176
108,0.,-1.,0.,1.5,0,-1.5,-1.5,2.5E-02,0.;                        0000333P0000177
142,0,333,0,337,2;                                               0000335P0000178
102,12,339,341,343,345,347,349,351,353,355,357,359,361;          0000337P0000179
110,-0.375,-1.5,2.5E-02,-0.375,-1.5,0.2;                         0000339P0000180
110,-0.375,-1.5,0.2,-0.125,-1.5,0.2;                             0000341P0000181
110,-0.125,-1.5,0.2,-0.125,-1.5,2.5E-02;                         0000343P0000182
110,-0.125,-1.5,2.5E-02,0.125,-1.5,2.5E-02;                      0000345P0000183
110,0.125,-1.5,2.5E-02,0.125,-1.5,0.2;                           0000347P0000184
110,0.125,-1.5,0.2,0.375,-1.5,0.2;                               0000349P0000185
110,0.375,-1.5,0.2,0.375,-1.5,2.5E-02;                           0000351P0000186
110,0.375,-1.5,2.5E-02,1.5,-1.5,2.5E-02;                         0000353P0000187
110,1.5,-1.5,2.5E-02,1.5,-1.5,1.;                                0000355P0000188
110,1.5,-1.5,1.,-1.5,-1.5,1.;                                    0000357P0000189
110,-1.5,-1.5,1.,-1.5,-1.5,2.5E-02;                              0000359P0000190
110,-1.5,-1.5,2.5E-02,-0.375,-1.5,2.5E-02;                       0000361P0000191
144,365,1,0,367;                                                 0000363P0000192
108,0.,0.,1.,1.,0,0.,0.,1.,0.;                                   0000365P0000193
142,0,365,0,369,2;                                               0000367P0000194
102,4,371,373,375,377;                                           0000369P0000195
110,-1.5,-1.5,1.,1.5,-1.5,1.;                                    0000371P0000196
110,1.5,-1.5,1.,1.5,1.5,1.;                                      0000373P0000197
110,1.5,1.5,1.,-1.5,1.5,1.;                                      0000375P0000198
110,-1.5,1.5,1.,-1.5,-1.5,1.;                                    0000377P0000199
144,381,1,0,383;                                                 0000379P0000200
108,-1.,-0.,-0.,-0.375,0,0.375,-1.5,0.,0.;                       0000381P0000201
142,0,381,0,385,2;                                               0000383P0000202
102,6,387,389,391,393,395,397;                                   0000385P0000203
110,0.375,-1.5,2.5E-02,0.375,-1.5,0.2;                           0000387P0000204
110,0.375,-1.5,0.2,0.375,-1.35,0.2;                              0000389P0000205
110,0.375,-1.35,0.2,0.375,-1.35,0.1;                             0000391P0000206
110,0.375,-1.35,0.1,0.375,-1.2,0.1;                              0000393P0000207
110,0.375,-1.2,0.1,0.375,-1.2,2.5E-02;                           0000395P0000208
110,0.375,-1.2,2.5E-02,0.375,-1.5,2.5E-02;                       0000397P0000209
144,401,1,0,403;                                                 0000399P0000210
108,-0.,1.,-0.,-1.2,0,-0.825,-1.2,0.,0.;                         0000401P0000211
142,0,401,0,405,2;                                               0000403P0000212
102,4,407,409,411,413;                                           0000405P0000213
110,-0.825,-1.2,2.5E-02,-0.825,-1.2,0.1;                         0000407P0000214
110,-0.825,-1.2,0.1,-0.375,-1.2,0.1;                             0000409P0000215
110,-0.375,-1.2,0.1,-0.375,-1.2,2.5E-02;                         0000411P0000216
110,-0.375,-1.2,2.5E-02,-0.825,-1.2,2.5E-02;                     0000413P0000217
144,417,1,0,419;                                                 0000415P0000218
108,-0.,1.,-0.,-1.2,0,-0.825,-1.2,0.,0.;                         0000417P0000219
142,0,417,0,421,2;                                               0000419P0000220
102,4,423,425,427,429;                                           0000421P0000221
110,-0.125,-1.2,2.5E-02,-0.125,-1.2,0.1;                         0000423P0000222
110,-0.125,-1.2,0.1,0.125,-1.2,0.1;                              0000425P0000223
110,0.125,-1.2,0.1,0.125,-1.2,2.5E-02;                           0000427P0000224
110,0.125,-1.2,2.5E-02,-0.125,-1.2,2.5E-02;                      0000429P0000225
144,433,1,0,435;                                                 0000431P0000226
108,-0.,1.,-0.,-1.2,0,-0.825,-1.2,0.,0.;                         0000433P0000227
142,0,433,0,437,2;                                               0000435P0000228
102,4,439,441,443,445;                                           0000437P0000229
110,0.825,-1.2,2.5E-02,0.375,-1.2,2.5E-02;                       0000439P0000230
110,0.375,-1.2,2.5E-02,0.375,-1.2,0.1;                           0000441P0000231
110,0.375,-1.2,0.1,0.825,-1.2,0.1;                               0000443P0000232
110,0.825,-1.2,0.1,0.825,-1.2,2.5E-02;                           0000445P0000233
144,449,1,0,451;                                                 0000447P0000234
108,1.,0.,0.,-0.375,0,-0.375,-1.5,0.,0.;                         0000449P0000235
142,0,449,0,453,2;                                               0000451P0000236
102,6,455,457,459,461,463,465;                                   0000453P0000237
110,-0.375,-1.2,2.5E-02,-0.375,-1.2,0.1;                         0000455P0000238
110,-0.375,-1.2,0.1,-0.375,-1.35,0.1;                            0000457P0000239
110,-0.375,-1.35,0.1,-0.375,-1.35,0.2;                           0000459P0000240
110,-0.375,-1.35,0.2,-0.375,-1.5,0.2;                            0000461P0000241
110,-0.375,-1.5,0.2,-0.375,-1.5,2.5E-02;                         0000463P0000242
110,-0.375,-1.5,2.5E-02,-0.375,-1.2,2.5E-02;                     0000465P0000243
144,469,1,0,471;                                                 0000467P0000244
108,-0.,-0.,-1.,-0.2,0,0.,0.,0.2,0.;                             0000469P0000245
142,0,469,0,473,2;                                               0000471P0000246
102,20,475,477,479,481,483,485,487,489,491,493,495,497,499,501,  0000473P0000247
503,505,507,509,511,513;                                         0000473P0000248
110,-0.375,-1.5,0.2,-0.375,-1.35,0.2;                            0000475P0000249
110,-0.375,-1.35,0.2,-0.95,-1.35,0.2;                            0000477P0000250
110,-0.95,-1.35,0.2,-0.95,1.35,0.2;                              0000479P0000251
110,-0.95,1.35,0.2,-0.375,1.35,0.2;                              0000481P0000252
110,-0.375,1.35,0.2,-0.375,1.5,0.2;                              0000483P0000253
110,-0.375,1.5,0.2,-0.125,1.5,0.2;                               0000485P0000254
110,-0.125,1.5,0.2,-0.125,1.35,0.2;                              0000487P0000255
110,-0.125,1.35,0.2,0.125,1.35,0.2;                              0000489P0000256
110,0.125,1.35,0.2,0.125,1.5,0.2;                                0000491P0000257
110,0.125,1.5,0.2,0.375,1.5,0.2;                                 0000493P0000258
110,0.375,1.5,0.2,0.375,1.35,0.2;                                0000495P0000259
110,0.375,1.35,0.2,0.95,1.35,0.2;                                0000497P0000260
110,0.95,1.35,0.2,0.95,-1.35,0.2;                                0000499P0000261
110,0.95,-1.35,0.2,0.375,-1.35,0.2;                              0000501P0000262
110,0.375,-1.35,0.2,0.375,-1.5,0.2;                              0000503P0000263
110,0.375,-1.5,0.2,0.125,-1.5,0.2;                               0000505P0000264
110,0.125,-1.5,0.2,0.125,-1.35,0.2;                              0000507P0000265
110,0.125,-1.35,0.2,-0.125,-1.35,0.2;                            0000509P0000266
110,-0.125,-1.35,0.2,-0.125,-1.5,0.2;                            0000511P0000267
110,-0.125,-1.5,0.2,-0.375,-1.5,0.2;                             0000513P0000268
144,517,1,0,519;                                                 0000515P0000269
108,-1.,0.,0.,0.125,0,-0.125,-1.2,0.,0.;                         0000517P0000270
142,0,517,0,521,2;                                               0000519P0000271
102,6,523,525,527,529,531,533;                                   0000521P0000272
110,-0.125,-1.5,2.5E-02,-0.125,-1.5,0.2;                         0000523P0000273
110,-0.125,-1.5,0.2,-0.125,-1.35,0.2;                            0000525P0000274
110,-0.125,-1.35,0.2,-0.125,-1.35,0.1;                           0000527P0000275
110,-0.125,-1.35,0.1,-0.125,-1.2,0.1;                            0000529P0000276
110,-0.125,-1.2,0.1,-0.125,-1.2,2.5E-02;                         0000531P0000277
110,-0.125,-1.2,2.5E-02,-0.125,-1.5,2.5E-02;                     0000533P0000278
144,537,1,0,539;                                                 0000535P0000279
108,0.,0.,1.,0.1,0,0.,0.,0.1,0.;                                 0000537P0000280
142,0,537,0,541,2;                                               0000539P0000281
102,4,543,545,547,549;                                           0000541P0000282
110,-0.125,1.35,0.1,-0.125,1.2,0.1;                              0000543P0000283
110,-0.125,1.2,0.1,0.125,1.2,0.1;                                0000545P0000284
110,0.125,1.2,0.1,0.125,1.35,0.1;                                0000547P0000285
110,0.125,1.35,0.1,-0.125,1.35,0.1;                              0000549P0000286
144,553,1,0,555;                                                 0000551P0000287
108,0.,0.,1.,0.1,0,0.,0.,0.1,0.;                                 0000553P0000288
142,0,553,0,557,2;                                               0000555P0000289
102,9,559,561,563,565,567,569,571,573,575;                       0000557P0000290
110,-0.375,-1.35,0.1,-0.375,-1.2,0.1;                            0000559P0000291
110,-0.375,-1.2,0.1,-0.825,-1.2,0.1;                             0000561P0000292
110,-0.825,-1.2,0.1,-0.825,0.9,0.1;                              0000563P0000293
110,-0.825,0.9,0.1,-0.525,1.2,0.1;                               0000565P0000294
110,-0.525,1.2,0.1,-0.375,1.2,0.1;                               0000567P0000295
110,-0.375,1.2,0.1,-0.375,1.35,0.1;                              0000569P0000296
110,-0.375,1.35,0.1,-0.95,1.35,0.1;                              0000571P0000297
110,-0.95,1.35,0.1,-0.95,-1.35,0.1;                              0000573P0000298
110,-0.95,-1.35,0.1,-0.375,-1.35,0.1;                            0000575P0000299
144,579,1,0,581;                                                 0000577P0000300
108,0.,0.,1.,0.1,0,0.,0.,0.1,0.;                                 0000579P0000301
142,0,579,0,583,2;                                               0000581P0000302
102,4,585,587,589,591;                                           0000583P0000303
110,0.125,-1.35,0.1,0.125,-1.2,0.1;                              0000585P0000304
110,0.125,-1.2,0.1,-0.125,-1.2,0.1;                              0000587P0000305
110,-0.125,-1.2,0.1,-0.125,-1.35,0.1;                            0000589P0000306
110,-0.125,-1.35,0.1,0.125,-1.35,0.1;                            0000591P0000307
144,595,1,0,597;                                                 0000593P0000308
108,0.,0.,1.,0.1,0,0.,0.,0.1,0.;                                 0000595P0000309
142,0,595,0,599,2;                                               0000597P0000310
102,8,601,603,605,607,609,611,613,615;                           0000599P0000311
110,0.95,-1.35,0.1,0.95,1.35,0.1;                                0000601P0000312
110,0.95,1.35,0.1,0.375,1.35,0.1;                                0000603P0000313
110,0.375,1.35,0.1,0.375,1.2,0.1;                                0000605P0000314
110,0.375,1.2,0.1,0.825,1.2,0.1;                                 0000607P0000315
110,0.825,1.2,0.1,0.825,-1.2,0.1;                                0000609P0000316
110,0.825,-1.2,0.1,0.375,-1.2,0.1;                               0000611P0000317
110,0.375,-1.2,0.1,0.375,-1.35,0.1;                              0000613P0000318
110,0.375,-1.35,0.1,0.95,-1.35,0.1;                              0000615P0000319
144,619,1,0,621;                                                 0000617P0000320
108,-0.,-1.,-0.,-1.35,0,0.95,1.35,0.1,0.;                        0000619P0000321
142,0,619,0,623,2;                                               0000621P0000322
102,4,625,627,629,631;                                           0000623P0000323
110,-0.375,1.35,0.1,-0.375,1.35,0.2;                             0000625P0000324
110,-0.375,1.35,0.2,-0.95,1.35,0.2;                              0000627P0000325
110,-0.95,1.35,0.2,-0.95,1.35,0.1;                               0000629P0000326
110,-0.95,1.35,0.1,-0.375,1.35,0.1;                              0000631P0000327
144,635,1,0,637;                                                 0000633P0000328
108,-0.,-1.,-0.,-1.35,0,0.95,1.35,0.1,0.;                        0000635P0000329
142,0,635,0,639,2;                                               0000637P0000330
102,4,641,643,645,647;                                           0000639P0000331
110,0.95,1.35,0.1,0.95,1.35,0.2;                                 0000641P0000332
110,0.95,1.35,0.2,0.375,1.35,0.2;                                0000643P0000333
110,0.375,1.35,0.2,0.375,1.35,0.1;                               0000645P0000334
110,0.375,1.35,0.1,0.95,1.35,0.1;                                0000647P0000335
144,651,1,0,653;                                                 0000649P0000336
108,-0.,-1.,-0.,-1.35,0,0.95,1.35,0.1,0.;                        0000651P0000337
142,0,651,0,655,2;                                               0000653P0000338
102,4,657,659,661,663;                                           0000655P0000339
110,0.125,1.35,0.1,0.125,1.35,0.2;                               0000657P0000340
110,0.125,1.35,0.2,-0.125,1.35,0.2;                              0000659P0000341
110,-0.125,1.35,0.2,-0.125,1.35,0.1;                             0000661P0000342
110,-0.125,1.35,0.1,0.125,1.35,0.1;                              0000663P0000343
144,667,1,0,669;                                                 0000665P0000344
108,1.,-0.,-0.,-0.95,0,-0.95,1.35,0.1,0.;                        0000667P0000345
142,0,667,0,671,2;                                               0000669P0000346
102,4,673,675,677,679;                                           0000671P0000347
110,-0.95,1.35,0.1,-0.95,1.35,0.2;                               0000673P0000348
110,-0.95,1.35,0.2,-0.95,-1.35,0.2;                              0000675P0000349
110,-0.95,-1.35,0.2,-0.95,-1.35,0.1;                             0000677P0000350
110,-0.95,-1.35,0.1,-0.95,1.35,0.1;                              0000679P0000351
144,683,1,0,685;                                                 0000681P0000352
108,-0.,1.,-0.,-1.35,0,-0.95,-1.35,0.1,0.;                       0000683P0000353
142,0,683,0,687,2;                                               0000685P0000354
102,4,689,691,693,695;                                           0000687P0000355
110,-0.375,-1.35,0.1,-0.95,-1.35,0.1;                            0000689P0000356
110,-0.95,-1.35,0.1,-0.95,-1.35,0.2;                             0000691P0000357
110,-0.95,-1.35,0.2,-0.375,-1.35,0.2;                            0000693P0000358
110,-0.375,-1.35,0.2,-0.375,-1.35,0.1;                           0000695P0000359
144,699,1,0,701;                                                 0000697P0000360
108,-0.,1.,-0.,-1.35,0,-0.95,-1.35,0.1,0.;                       0000699P0000361
142,0,699,0,703,2;                                               0000701P0000362
102,4,705,707,709,711;                                           0000703P0000363
110,0.125,-1.35,0.1,-0.125,-1.35,0.1;                            0000705P0000364
110,-0.125,-1.35,0.1,-0.125,-1.35,0.2;                           0000707P0000365
110,-0.125,-1.35,0.2,0.125,-1.35,0.2;                            0000709P0000366
110,0.125,-1.35,0.2,0.125,-1.35,0.1;                             0000711P0000367
144,715,1,0,717;                                                 0000713P0000368
108,-0.,1.,-0.,-1.35,0,-0.95,-1.35,0.1,0.;                       0000715P0000369
142,0,715,0,719,2;                                               0000717P0000370
102,4,721,723,725,727;                                           0000719P0000371
110,0.375,-1.35,0.2,0.95,-1.35,0.2;                              0000721P0000372
110,0.95,-1.35,0.2,0.95,-1.35,0.1;                               0000723P0000373
110,0.95,-1.35,0.1,0.375,-1.35,0.1;                              0000725P0000374
110,0.375,-1.35,0.1,0.375,-1.35,0.2;                             0000727P0000375
144,731,1,0,733;                                                 0000729P0000376
108,1.,-0.,-0.,0.125,0,0.125,-1.2,0.,0.;                         0000731P0000377
142,0,731,0,735,2;                                               0000733P0000378
102,6,737,739,741,743,745,747;                                   0000735P0000379
110,0.125,-1.2,2.5E-02,0.125,-1.2,0.1;                           0000737P0000380
110,0.125,-1.2,0.1,0.125,-1.35,0.1;                              0000739P0000381
110,0.125,-1.35,0.1,0.125,-1.35,0.2;                             0000741P0000382
110,0.125,-1.35,0.2,0.125,-1.5,0.2;                              0000743P0000383
110,0.125,-1.5,0.2,0.125,-1.5,2.5E-02;                           0000745P0000384
110,0.125,-1.5,2.5E-02,0.125,-1.2,2.5E-02;                       0000747P0000385
144,751,1,0,753;                                                 0000749P0000386
108,-1.,-0.,-0.,-0.95,0,0.95,-1.35,0.1,0.;                       0000751P0000387
142,0,751,0,755,2;                                               0000753P0000388
102,4,757,759,761,763;                                           0000755P0000389
110,0.95,-1.35,0.1,0.95,-1.35,0.2;                               0000757P0000390
110,0.95,-1.35,0.2,0.95,1.35,0.2;                                0000759P0000391
110,0.95,1.35,0.2,0.95,1.35,0.1;                                 0000761P0000392
110,0.95,1.35,0.1,0.95,-1.35,0.1;                                0000763P0000393
144,767,1,0,769;                                                 0000765P0000394
108,1.,-0.,-0.,-0.375,0,-0.375,1.5,0.,0.;                        0000767P0000395
142,0,767,0,771,2;                                               0000769P0000396
102,6,773,775,777,779,781,783;                                   0000771P0000397
110,-0.375,1.5,0.2,-0.375,1.35,0.2;                              0000773P0000398
110,-0.375,1.35,0.2,-0.375,1.35,0.1;                             0000775P0000399
110,-0.375,1.35,0.1,-0.375,1.2,0.1;                              0000777P0000400
110,-0.375,1.2,0.1,-0.375,1.2,2.5E-02;                           0000779P0000401
110,-0.375,1.2,2.5E-02,-0.375,1.5,2.5E-02;                       0000781P0000402
110,-0.375,1.5,2.5E-02,-0.375,1.5,0.2;                           0000783P0000403
144,787,1,0,789;                                                 0000785P0000404
108,-0.,-1.,-0.,-1.2,0,0.825,1.2,0.,0.;                          0000787P0000405
142,0,787,0,791,2;                                               0000789P0000406
102,4,793,795,797,799;                                           0000791P0000407
110,0.825,1.2,2.5E-02,0.825,1.2,0.1;                             0000793P0000408
110,0.825,1.2,0.1,0.375,1.2,0.1;                                 0000795P0000409
110,0.375,1.2,0.1,0.375,1.2,2.5E-02;                             0000797P0000410
110,0.375,1.2,2.5E-02,0.825,1.2,2.5E-02;                         0000799P0000411
144,803,1,0,805;                                                 0000801P0000412
108,-0.,-1.,-0.,-1.2,0,0.825,1.2,0.,0.;                          0000803P0000413
142,0,803,0,807,2;                                               0000805P0000414
102,4,809,811,813,815;                                           0000807P0000415
110,0.125,1.2,2.5E-02,0.125,1.2,0.1;                             0000809P0000416
110,0.125,1.2,0.1,-0.125,1.2,0.1;                                0000811P0000417
110,-0.125,1.2,0.1,-0.125,1.2,2.5E-02;                           0000813P0000418
110,-0.125,1.2,2.5E-02,0.125,1.2,2.5E-02;                        0000815P0000419
144,819,1,0,821;                                                 0000817P0000420
108,-0.,-1.,-0.,-1.2,0,0.825,1.2,0.,0.;                          0000819P0000421
142,0,819,0,823,2;                                               0000821P0000422
102,4,825,827,829,831;                                           0000823P0000423
110,-0.525,1.2,2.5E-02,-0.375,1.2,2.5E-02;                       0000825P0000424
110,-0.375,1.2,2.5E-02,-0.375,1.2,0.1;                           0000827P0000425
110,-0.375,1.2,0.1,-0.525,1.2,0.1;                               0000829P0000426
110,-0.525,1.2,0.1,-0.525,1.2,2.5E-02;                           0000831P0000427
144,835,1,0,837;                                                 0000833P0000428
108,-1.,0.,0.,-0.375,0,0.375,1.5,0.,0.;                          0000835P0000429
142,0,835,0,839,2;                                               0000837P0000430
102,6,841,843,845,847,849,851;                                   0000839P0000431
110,0.375,1.2,2.5E-02,0.375,1.2,0.1;                             0000841P0000432
110,0.375,1.2,0.1,0.375,1.35,0.1;                                0000843P0000433
110,0.375,1.35,0.1,0.375,1.35,0.2;                               0000845P0000434
110,0.375,1.35,0.2,0.375,1.5,0.2;                                0000847P0000435
110,0.375,1.5,0.2,0.375,1.5,2.5E-02;                             0000849P0000436
110,0.375,1.5,2.5E-02,0.375,1.2,2.5E-02;                         0000851P0000437
144,855,1,0,857;                                                 0000853P0000438
108,-1.,-0.,-0.,-0.825,0,0.825,-1.2,0.,0.;                       0000855P0000439
142,0,855,0,859,2;                                               0000857P0000440
102,4,861,863,865,867;                                           0000859P0000441
110,0.825,-1.2,2.5E-02,0.825,-1.2,0.1;                           0000861P0000442
110,0.825,-1.2,0.1,0.825,1.2,0.1;                                0000863P0000443
110,0.825,1.2,0.1,0.825,1.2,2.5E-02;                             0000865P0000444
110,0.825,1.2,2.5E-02,0.825,-1.2,2.5E-02;                        0000867P0000445
144,871,1,0,873;                                                 0000869P0000446
108,-1.,-0.,-0.,0.125,0,-0.125,1.2,0.,0.;                        0000871P0000447
142,0,871,0,875,2;                                               0000873P0000448
102,6,877,879,881,883,885,887;                                   0000875P0000449
110,-0.125,1.2,2.5E-02,-0.125,1.2,0.1;                           0000877P0000450
110,-0.125,1.2,0.1,-0.125,1.35,0.1;                              0000879P0000451
110,-0.125,1.35,0.1,-0.125,1.35,0.2;                             0000881P0000452
110,-0.125,1.35,0.2,-0.125,1.5,0.2;                              0000883P0000453
110,-0.125,1.5,0.2,-0.125,1.5,2.5E-02;                           0000885P0000454
110,-0.125,1.5,2.5E-02,-0.125,1.2,2.5E-02;                       0000887P0000455
144,891,1,0,893;                                                 0000889P0000456
108,1.,0.,0.,0.125,0,0.125,1.2,0.,0.;                            0000891P0000457
142,0,891,0,895,2;                                               0000893P0000458
102,6,897,899,901,903,905,907;                                   0000895P0000459
110,0.125,1.5,2.5E-02,0.125,1.5,0.2;                             0000897P0000460
110,0.125,1.5,0.2,0.125,1.35,0.2;                                0000899P0000461
110,0.125,1.35,0.2,0.125,1.35,0.1;                               0000901P0000462
110,0.125,1.35,0.1,0.125,1.2,0.1;                                0000903P0000463
110,0.125,1.2,0.1,0.125,1.2,2.5E-02;                             0000905P0000464
110,0.125,1.2,2.5E-02,0.125,1.5,2.5E-02;                         0000907P0000465
144,911,1,0,913;                                                 0000909P0000466
108,0.707106781,-0.707106781,-0.,-1.219759198,0,-0.675,1.05,0.1, 0000911P0000467
0.;                                                              0000911P0000468
142,0,911,0,915,2;                                               0000913P0000469
102,4,917,919,921,923;                                           0000915P0000470
110,-0.525,1.2,2.5E-02,-0.525,1.2,0.1;                           0000917P0000471
110,-0.525,1.2,0.1,-0.825,0.9,0.1;                               0000919P0000472
110,-0.825,0.9,0.1,-0.825,0.9,2.5E-02;                           0000921P0000473
110,-0.825,0.9,2.5E-02,-0.525,1.2,2.5E-02;                       0000923P0000474
144,927,1,0,929;                                                 0000925P0000475
108,1.,-0.,-0.,-0.825,0,-0.825,1.2,0.,0.;                        0000927P0000476
142,0,927,0,931,2;                                               0000929P0000477
102,4,933,935,937,939;                                           0000931P0000478
110,-0.825,0.9,2.5E-02,-0.825,0.9,0.1;                           0000933P0000479
110,-0.825,0.9,0.1,-0.825,-1.2,0.1;                              0000935P0000480
110,-0.825,-1.2,0.1,-0.825,-1.2,2.5E-02;                         0000937P0000481
110,-0.825,-1.2,2.5E-02,-0.825,0.9,2.5E-02;                      0000939P0000482
144,943,1,0,945;                                                 0000941P0000483
108,-0.,-1.,-0.,-1.12,0,1.5,1.12,0.,0.;                          0000943P0000484
142,0,943,0,947,2;                                               0000945P0000485
102,4,949,951,953,955;                                           0000947P0000486
110,1.5,1.12,2.5E-02,1.5,1.12,0.2;                               0000949P0000487
110,1.5,1.12,0.2,1.22,1.12,0.2;                                  0000951P0000488
110,1.22,1.12,0.2,1.22,1.12,2.5E-02;                             0000953P0000489
110,1.22,1.12,2.5E-02,1.5,1.12,2.5E-02;                          0000955P0000490
144,959,1,0,967;                                                 0000957P0000491
120,963,965,1.570796327,4.71238898;                              0000959P0000492
124,1.,0.,0.,1.22,0.,-1.,0.,1.,0.,0.,1.,0.;                      0000961P0000493
110,0.,0.,1.,0.,0.,0.;                                           0000963P0000494
110,0.12,0.,2.5E-02,0.12,0.,0.2;                                 0000965P0000495
142,0,959,969,979,3;                                             0000967P0000496
102,4,971,973,975,977;                                           0000969P0000497
110,-5.979203139E-15,1.570796327,0.,1.,1.570796327,0.;           0000971P0000498
110,1.,1.570796327,0.,1.,4.71238898,0.;                          0000973P0000499
110,1.,4.71238898,0.,-1.993067713E-15,4.71238898,0.;             0000975P0000500
110,-1.993067713E-15,4.71238898,0.,-5.979203139E-15,1.570796327, 0000977P0000501
0.;                                                              0000977P0000502
102,4,981,983,987,989;                                           0000979P0000503
110,1.22,1.12,2.5E-02,1.22,1.12,0.2;                             0000981P0000504
100,0.,0.,0.,0.12,0.,-0.12,0.;                                   0000983P0000505
124,0.,-1.,0.,1.22,1.,0.,0.,1.,0.,0.,1.,0.2;                     0000985P0000506
110,1.22,0.88,0.2,1.22,0.88,2.5E-02;                             0000987P0000507
100,0.,0.,0.,-0.12,0.,0.12,0.;                                   0000989P0000508
124,0.,1.,0.,1.22,1.,0.,0.,1.,0.,0.,-1.,2.5E-02;                 0000991P0000509
144,995,1,0,997;                                                 0000993P0000510
108,-0.,1.,-0.,0.88,0,1.22,0.88,0.,0.;                           0000995P0000511
142,0,995,0,999,2;                                               0000997P0000512
102,4,1001,1003,1005,1007;                                       0000999P0000513
110,1.22,0.88,2.5E-02,1.22,0.88,0.2;                             0001001P0000514
110,1.22,0.88,0.2,1.5,0.88,0.2;                                  0001003P0000515
110,1.5,0.88,0.2,1.5,0.88,2.5E-02;                               0001005P0000516
110,1.5,0.88,2.5E-02,1.22,0.88,2.5E-02;                          0001007P0000517
144,1011,1,0,1013;                                               0001009P0000518
108,-0.,-0.,-1.,-0.2,0,0.,0.,0.2,0.;                             0001011P0000519
142,0,1011,0,1015,2;                                             0001013P0000520
102,4,1017,1019,1023,1025;                                       0001015P0000521
110,1.5,0.88,0.2,1.22,0.88,0.2;                                  0001017P0000522
100,0.,0.,0.,-0.12,0.,0.12,0.;                                   0001019P0000523
124,0.,1.,0.,1.22,1.,0.,0.,1.,0.,0.,-1.,0.2;                     0001021P0000524
110,1.22,1.12,0.2,1.5,1.12,0.2;                                  0001023P0000525
110,1.5,1.12,0.2,1.5,0.88,0.2;                                   0001025P0000526
144,1029,1,0,1031;                                               0001027P0000527
108,-0.,-1.,-0.,-0.62,0,1.5,0.62,0.,0.;                          0001029P0000528
142,0,1029,0,1033,2;                                             0001031P0000529
102,4,1035,1037,1039,1041;                                       0001033P0000530
110,1.5,0.62,2.5E-02,1.5,0.62,0.2;                               0001035P0000531
110,1.5,0.62,0.2,1.22,0.62,0.2;                                  0001037P0000532
110,1.22,0.62,0.2,1.22,0.62,2.5E-02;                             0001039P0000533
110,1.22,0.62,2.5E-02,1.5,0.62,2.5E-02;                          0001041P0000534
144,1045,1,0,1053;                                               0001043P0000535
120,1049,1051,1.570796327,4.71238898;                            0001045P0000536
124,1.,0.,0.,1.22,0.,-1.,0.,0.5,0.,0.,1.,0.;                     0001047P0000537
110,0.,0.,1.,0.,0.,0.;                                           0001049P0000538
110,0.12,0.,2.5E-02,0.12,0.,0.2;                                 0001051P0000539
142,0,1045,1055,1065,3;                                          0001053P0000540
102,4,1057,1059,1061,1063;                                       0001055P0000541
110,-5.979203139E-15,1.570796327,0.,1.,1.570796327,0.;           0001057P0000542
110,1.,1.570796327,0.,1.,4.71238898,0.;                          0001059P0000543
110,1.,4.71238898,0.,-1.993067713E-15,4.71238898,0.;             0001061P0000544
110,-1.993067713E-15,4.71238898,0.,-5.979203139E-15,1.570796327, 0001063P0000545
0.;                                                              0001063P0000546
102,4,1067,1069,1073,1075;                                       0001065P0000547
110,1.22,0.62,2.5E-02,1.22,0.62,0.2;                             0001067P0000548
100,0.,0.,0.,0.12,0.,-0.12,0.;                                   0001069P0000549
124,0.,-1.,0.,1.22,1.,0.,0.,0.5,0.,0.,1.,0.2;                    0001071P0000550
110,1.22,0.38,0.2,1.22,0.38,2.5E-02;                             0001073P0000551
100,0.,0.,0.,-0.12,0.,0.12,0.;                                   0001075P0000552
124,0.,1.,0.,1.22,1.,0.,0.,0.5,0.,0.,-1.,2.5E-02;                0001077P0000553
144,1081,1,0,1083;                                               0001079P0000554
108,-0.,1.,-0.,0.38,0,1.22,0.38,0.,0.;                           0001081P0000555
142,0,1081,0,1085,2;                                             0001083P0000556
102,4,1087,1089,1091,1093;                                       0001085P0000557
110,1.22,0.38,2.5E-02,1.22,0.38,0.2;                             0001087P0000558
110,1.22,0.38,0.2,1.5,0.38,0.2;                                  0001089P0000559
110,1.5,0.38,0.2,1.5,0.38,2.5E-02;                               0001091P0000560
110,1.5,0.38,2.5E-02,1.22,0.38,2.5E-02;                          0001093P0000561
144,1097,1,0,1099;                                               0001095P0000562
108,-0.,-0.,-1.,-0.2,0,0.,0.,0.2,0.;                             0001097P0000563
142,0,1097,0,1101,2;                                             0001099P0000564
102,4,1103,1105,1109,1111;                                       0001101P0000565
110,1.5,0.38,0.2,1.22,0.38,0.2;                                  0001103P0000566
100,0.,0.,0.,-0.12,0.,0.12,0.;                                   0001105P0000567
124,0.,1.,0.,1.22,1.,0.,0.,0.5,0.,0.,-1.,0.2;                    0001107P0000568
110,1.22,0.62,0.2,1.5,0.62,0.2;                                  0001109P0000569
110,1.5,0.62,0.2,1.5,0.38,0.2;                                   0001111P0000570
144,1115,1,0,1117;                                               0001113P0000571
108,-0.,-1.,-0.,-0.12,0,1.5,0.12,0.,0.;                          0001115P0000572
142,0,1115,0,1119,2;                                             0001117P0000573
102,4,1121,1123,1125,1127;                                       0001119P0000574
110,1.5,0.12,2.5E-02,1.5,0.12,0.2;                               0001121P0000575
110,1.5,0.12,0.2,1.22,0.12,0.2;                                  0001123P0000576
110,1.22,0.12,0.2,1.22,0.12,2.5E-02;                             0001125P0000577
110,1.22,0.12,2.5E-02,1.5,0.12,2.5E-02;                          0001127P0000578
144,1131,1,0,1139;                                               0001129P0000579
120,1135,1137,1.570796327,4.71238898;                            0001131P0000580
124,1.,0.,0.,1.22,0.,-1.,0.,0.,0.,0.,1.,0.;                      0001133P0000581
110,0.,0.,1.,0.,0.,0.;                                           0001135P0000582
110,0.12,0.,2.5E-02,0.12,0.,0.2;                                 0001137P0000583
142,0,1131,1141,1151,3;                                          0001139P0000584
102,4,1143,1145,1147,1149;                                       0001141P0000585
110,-5.979203139E-15,1.570796327,0.,1.,1.570796327,0.;           0001143P0000586
110,1.,1.570796327,0.,1.,4.71238898,0.;                          0001145P0000587
110,1.,4.71238898,0.,-1.993067713E-15,4.71238898,0.;             0001147P0000588
110,-1.993067713E-15,4.71238898,0.,-5.979203139E-15,1.570796327, 0001149P0000589
0.;                                                              0001149P0000590
102,4,1153,1155,1159,1161;                                       0001151P0000591
110,1.22,0.12,2.5E-02,1.22,0.12,0.2;                             0001153P0000592
100,0.,0.,0.,0.12,0.,-0.12,0.;                                   0001155P0000593
124,0.,-1.,0.,1.22,1.,0.,0.,0.,0.,0.,1.,0.2;                     0001157P0000594
110,1.22,-0.12,0.2,1.22,-0.12,2.5E-02;                           0001159P0000595
100,0.,0.,0.,-0.12,0.,0.12,0.;                                   0001161P0000596
124,0.,1.,0.,1.22,1.,0.,0.,0.,0.,0.,-1.,2.5E-02;                 0001163P0000597
144,1167,1,0,1169;                                               0001165P0000598
108,-0.,1.,-0.,-0.12,0,1.22,-0.12,0.,0.;                         0001167P0000599
142,0,1167,0,1171,2;                                             0001169P0000600
102,4,1173,1175,1177,1179;                                       0001171P0000601
110,1.22,-0.12,2.5E-02,1.22,-0.12,0.2;                           0001173P0000602
110,1.22,-0.12,0.2,1.5,-0.12,0.2;                                0001175P0000603
110,1.5,-0.12,0.2,1.5,-0.12,2.5E-02;                             0001177P0000604
110,1.5,-0.12,2.5E-02,1.22,-0.12,2.5E-02;                        0001179P0000605
144,1183,1,0,1185;                                               0001181P0000606
108,-0.,-0.,-1.,-0.2,0,0.,0.,0.2,0.;                             0001183P0000607
142,0,1183,0,1187,2;                                             0001185P0000608
102,4,1189,1191,1195,1197;                                       0001187P0000609
110,1.5,-0.12,0.2,1.22,-0.12,0.2;                                0001189P0000610
100,0.,0.,0.,-0.12,0.,0.12,0.;                                   0001191P0000611
124,0.,1.,0.,1.22,1.,0.,0.,0.,0.,0.,-1.,0.2;                     0001193P0000612
110,1.22,0.12,0.2,1.5,0.12,0.2;                                  0001195P0000613
110,1.5,0.12,0.2,1.5,-0.12,0.2;                                  0001197P0000614
144,1201,1,0,1203;                                               0001199P0000615
108,-0.,-1.,-0.,0.38,0,1.5,-0.38,0.,0.;                          0001201P0000616
142,0,1201,0,1205,2;                                             0001203P0000617
102,4,1207,1209,1211,1213;                                       0001205P0000618
110,1.5,-0.38,2.5E-02,1.5,-0.38,0.2;                             0001207P0000619
110,1.5,-0.38,0.2,1.22,-0.38,0.2;                                0001209P0000620
110,1.22,-0.38,0.2,1.22,-0.38,2.5E-02;                           0001211P0000621
110,1.22,-0.38,2.5E-02,1.5,-0.38,2.5E-02;                        0001213P0000622
144,1217,1,0,1225;                                               0001215P0000623
120,1221,1223,1.570796327,4.71238898;                            0001217P0000624
124,1.,0.,0.,1.22,0.,-1.,0.,-0.5,0.,0.,1.,0.;                    0001219P0000625
110,0.,0.,1.,0.,0.,0.;                                           0001221P0000626
110,0.12,0.,2.5E-02,0.12,0.,0.2;                                 0001223P0000627
142,0,1217,1227,1237,3;                                          0001225P0000628
102,4,1229,1231,1233,1235;                                       0001227P0000629
110,-5.979203139E-15,1.570796327,0.,1.,1.570796327,0.;           0001229P0000630
110,1.,1.570796327,0.,1.,4.71238898,0.;                          0001231P0000631
110,1.,4.71238898,0.,-1.993067713E-15,4.71238898,0.;             0001233P0000632
110,-1.993067713E-15,4.71238898,0.,-5.979203139E-15,1.570796327, 0001235P0000633
0.;                                                              0001235P0000634
102,4,1239,1241,1245,1247;                                       0001237P0000635
110,1.22,-0.38,2.5E-02,1.22,-0.38,0.2;                           0001239P0000636
100,0.,0.,0.,0.12,0.,-0.12,0.;                                   0001241P0000637
124,0.,-1.,0.,1.22,1.,0.,0.,-0.5,0.,0.,1.,0.2;                   0001243P0000638
110,1.22,-0.62,0.2,1.22,-0.62,2.5E-02;                           0001245P0000639
100,0.,0.,0.,-0.12,0.,0.12,0.;                                   0001247P0000640
124,0.,1.,0.,1.22,1.,0.,0.,-0.5,0.,0.,-1.,2.5E-02;               0001249P0000641
144,1253,1,0,1255;                                               0001251P0000642
108,-0.,1.,-0.,-0.62,0,1.22,-0.62,0.,0.;                         0001253P0000643
142,0,1253,0,1257,2;                                             0001255P0000644
102,4,1259,1261,1263,1265;                                       0001257P0000645
110,1.22,-0.62,2.5E-02,1.22,-0.62,0.2;                           0001259P0000646
110,1.22,-0.62,0.2,1.5,-0.62,0.2;                                0001261P0000647
110,1.5,-0.62,0.2,1.5,-0.62,2.5E-02;                             0001263P0000648
110,1.5,-0.62,2.5E-02,1.22,-0.62,2.5E-02;                        0001265P0000649
144,1269,1,0,1271;                                               0001267P0000650
108,-0.,-0.,-1.,-0.2,0,0.,0.,0.2,0.;                             0001269P0000651
142,0,1269,0,1273,2;                                             0001271P0000652
102,4,1275,1277,1281,1283;                                       0001273P0000653
110,1.5,-0.62,0.2,1.22,-0.62,0.2;                                0001275P0000654
100,0.,0.,0.,-0.12,0.,0.12,0.;                                   0001277P0000655
124,0.,1.,0.,1.22,1.,0.,0.,-0.5,0.,0.,-1.,0.2;                   0001279P0000656
110,1.22,-0.38,0.2,1.5,-0.38,0.2;                                0001281P0000657
110,1.5,-0.38,0.2,1.5,-0.62,0.2;                                 0001283P0000658
144,1287,1,0,1289;                                               0001285P0000659
108,-0.,-1.,-0.,0.88,0,1.5,-0.88,0.,0.;                          0001287P0000660
142,0,1287,0,1291,2;                                             0001289P0000661
102,4,1293,1295,1297,1299;                                       0001291P0000662
110,1.5,-0.88,2.5E-02,1.5,-0.88,0.2;                             0001293P0000663
110,1.5,-0.88,0.2,1.22,-0.88,0.2;                                0001295P0000664
110,1.22,-0.88,0.2,1.22,-0.88,2.5E-02;                           0001297P0000665
110,1.22,-0.88,2.5E-02,1.5,-0.88,2.5E-02;                        0001299P0000666
144,1303,1,0,1311;                                               0001301P0000667
120,1307,1309,1.570796327,4.71238898;                            0001303P0000668
124,1.,0.,0.,1.22,0.,-1.,0.,-1.,0.,0.,1.,0.;                     0001305P0000669
110,0.,0.,1.,0.,0.,0.;                                           0001307P0000670
110,0.12,0.,2.5E-02,0.12,0.,0.2;                                 0001309P0000671
142,0,1303,1313,1323,3;                                          0001311P0000672
102,4,1315,1317,1319,1321;                                       0001313P0000673
110,-5.979203139E-15,1.570796327,0.,1.,1.570796327,0.;           0001315P0000674
110,1.,1.570796327,0.,1.,4.71238898,0.;                          0001317P0000675
110,1.,4.71238898,0.,-1.993067713E-15,4.71238898,0.;             0001319P0000676
110,-1.993067713E-15,4.71238898,0.,-5.979203139E-15,1.570796327, 0001321P0000677
0.;                                                              0001321P0000678
102,4,1325,1327,1331,1333;                                       0001323P0000679
110,1.22,-0.88,2.5E-02,1.22,-0.88,0.2;                           0001325P0000680
100,0.,0.,0.,0.12,0.,-0.12,0.;                                   0001327P0000681
124,0.,-1.,0.,1.22,1.,0.,0.,-1.,0.,0.,1.,0.2;                    0001329P0000682
110,1.22,-1.12,0.2,1.22,-1.12,2.5E-02;                           0001331P0000683
100,0.,0.,0.,-0.12,0.,0.12,0.;                                   0001333P0000684
124,0.,1.,0.,1.22,1.,0.,0.,-1.,0.,0.,-1.,2.5E-02;                0001335P0000685
144,1339,1,0,1341;                                               0001337P0000686
108,-0.,1.,-0.,-1.12,0,1.22,-1.12,0.,0.;                         0001339P0000687
142,0,1339,0,1343,2;                                             0001341P0000688
102,4,1345,1347,1349,1351;                                       0001343P0000689
110,1.22,-1.12,2.5E-02,1.22,-1.12,0.2;                           0001345P0000690
110,1.22,-1.12,0.2,1.5,-1.12,0.2;                                0001347P0000691
110,1.5,-1.12,0.2,1.5,-1.12,2.5E-02;                             0001349P0000692
110,1.5,-1.12,2.5E-02,1.22,-1.12,2.5E-02;                        0001351P0000693
144,1355,1,0,1357;                                               0001353P0000694
108,-0.,-0.,-1.,-0.2,0,0.,0.,0.2,0.;                             0001355P0000695
142,0,1355,0,1359,2;                                             0001357P0000696
102,4,1361,1363,1367,1369;                                       0001359P0000697
110,1.5,-1.12,0.2,1.22,-1.12,0.2;                                0001361P0000698
100,0.,0.,0.,-0.12,0.,0.12,0.;                                   0001363P0000699
124,0.,1.,0.,1.22,1.,0.,0.,-1.,0.,0.,-1.,0.2;                    0001365P0000700
110,1.22,-0.88,0.2,1.5,-0.88,0.2;                                0001367P0000701
110,1.5,-0.88,0.2,1.5,-1.12,0.2;                                 0001369P0000702
144,1373,1,0,1375;                                               0001371P0000703
108,0.,1.,0.,-1.12,0,-1.22,-1.12,0.,0.;                          0001373P0000704
142,0,1373,0,1377,2;                                             0001375P0000705
102,4,1379,1381,1383,1385;                                       0001377P0000706
110,-1.5,-1.12,2.5E-02,-1.5,-1.12,0.2;                           0001379P0000707
110,-1.5,-1.12,0.2,-1.22,-1.12,0.2;                              0001381P0000708
110,-1.22,-1.12,0.2,-1.22,-1.12,2.5E-02;                         0001383P0000709
110,-1.22,-1.12,2.5E-02,-1.5,-1.12,2.5E-02;                      0001385P0000710
144,1389,1,0,1397;                                               0001387P0000711
120,1393,1395,1.570796327,4.71238898;                            0001389P0000712
124,-1.,0.,0.,-1.22,0.,-1.,0.,-1.,0.,0.,-1.,0.;                  0001391P0000713
110,0.,0.,1.,0.,0.,0.;                                           0001393P0000714
110,0.12,0.,-0.2,0.12,0.,-2.5E-02;                               0001395P0000715
142,0,1389,1399,1409,3;                                          0001397P0000716
102,4,1401,1403,1405,1407;                                       0001399P0000717
110,1.,4.71238898,0.,-2.220446049E-15,4.71238898,0.;             0001401P0000718
110,-1.993067713E-15,4.71238898,0.,-5.979203139E-15,1.570796327, 0001403P0000719
0.;                                                              0001403P0000720
110,-6.217248938E-15,1.570796327,0.,1.,1.570796327,0.;           0001405P0000721
110,1.,1.570796327,0.,1.,4.71238898,0.;                          0001407P0000722
102,4,1411,1413,1417,1419;                                       0001409P0000723
110,-1.22,-1.12,2.5E-02,-1.22,-1.12,0.2;                         0001411P0000724
100,0.,0.,0.,-0.12,0.,0.12,0.;                                   0001413P0000725
124,0.,-1.,-0.,-1.22,1.,0.,0.,-1.,0.,0.,1.,0.2;                  0001415P0000726
110,-1.22,-0.88,0.2,-1.22,-0.88,2.5E-02;                         0001417P0000727
100,0.,0.,0.,0.12,0.,-0.12,0.;                                   0001419P0000728
124,0.,1.,0.,-1.22,1.,0.,0.,-1.,0.,0.,-1.,2.5E-02;               0001421P0000729
144,1425,1,0,1427;                                               0001423P0000730
108,0.,-1.,0.,0.88,0,-1.5,-0.88,0.,0.;                           0001425P0000731
142,0,1425,0,1429,2;                                             0001427P0000732
102,4,1431,1433,1435,1437;                                       0001429P0000733
110,-1.22,-0.88,2.5E-02,-1.22,-0.88,0.2;                         0001431P0000734
110,-1.22,-0.88,0.2,-1.5,-0.88,0.2;                              0001433P0000735
110,-1.5,-0.88,0.2,-1.5,-0.88,2.5E-02;                           0001435P0000736
110,-1.5,-0.88,2.5E-02,-1.22,-0.88,2.5E-02;                      0001437P0000737
144,1441,1,0,1443;                                               0001439P0000738
108,0.,0.,-1.,-0.2,0,0.,0.,0.2,0.;                               0001441P0000739
142,0,1441,0,1445,2;                                             0001443P0000740
102,4,1447,1449,1453,1455;                                       0001445P0000741
110,-1.5,-0.88,0.2,-1.22,-0.88,0.2;                              0001447P0000742
100,0.,0.,0.,0.12,0.,-0.12,0.;                                   0001449P0000743
124,0.,1.,0.,-1.22,1.,0.,0.,-1.,0.,0.,-1.,0.2;                   0001451P0000744
110,-1.22,-1.12,0.2,-1.5,-1.12,0.2;                              0001453P0000745
110,-1.5,-1.12,0.2,-1.5,-0.88,0.2;                               0001455P0000746
144,1459,1,0,1461;                                               0001457P0000747
108,0.,1.,0.,-0.62,0,-1.22,-0.62,0.,0.;                          0001459P0000748
142,0,1459,0,1463,2;                                             0001461P0000749
102,4,1465,1467,1469,1471;                                       0001463P0000750
110,-1.5,-0.62,2.5E-02,-1.5,-0.62,0.2;                           0001465P0000751
110,-1.5,-0.62,0.2,-1.22,-0.62,0.2;                              0001467P0000752
110,-1.22,-0.62,0.2,-1.22,-0.62,2.5E-02;                         0001469P0000753
110,-1.22,-0.62,2.5E-02,-1.5,-0.62,2.5E-02;                      0001471P0000754
144,1475,1,0,1483;                                               0001473P0000755
120,1479,1481,1.570796327,4.71238898;                            0001475P0000756
124,-1.,0.,0.,-1.22,0.,-1.,0.,-0.5,0.,0.,-1.,0.;                 0001477P0000757
110,0.,0.,1.,0.,0.,0.;                                           0001479P0000758
110,0.12,0.,-0.2,0.12,0.,-2.5E-02;                               0001481P0000759
142,0,1475,1485,1495,3;                                          0001483P0000760
102,4,1487,1489,1491,1493;                                       0001485P0000761
110,1.,4.71238898,0.,-2.220446049E-15,4.71238898,0.;             0001487P0000762
110,-1.993067713E-15,4.71238898,0.,-5.979203139E-15,1.570796327, 0001489P0000763
0.;                                                              0001489P0000764
110,-6.217248938E-15,1.570796327,0.,1.,1.570796327,0.;           0001491P0000765
110,1.,1.570796327,0.,1.,4.71238898,0.;                          0001493P0000766
102,4,1497,1499,1503,1505;                                       0001495P0000767
110,-1.22,-0.62,2.5E-02,-1.22,-0.62,0.2;                         0001497P0000768
100,0.,0.,0.,-0.12,0.,0.12,0.;                                   0001499P0000769
124,0.,-1.,-0.,-1.22,1.,0.,0.,-0.5,0.,0.,1.,0.2;                 0001501P0000770
110,-1.22,-0.38,0.2,-1.22,-0.38,2.5E-02;                         0001503P0000771
100,0.,0.,0.,0.12,0.,-0.12,0.;                                   0001505P0000772
124,0.,1.,0.,-1.22,1.,0.,0.,-0.5,0.,0.,-1.,2.5E-02;              0001507P0000773
144,1511,1,0,1513;                                               0001509P0000774
108,0.,-1.,0.,0.38,0,-1.5,-0.38,0.,0.;                           0001511P0000775
142,0,1511,0,1515,2;                                             0001513P0000776
102,4,1517,1519,1521,1523;                                       0001515P0000777
110,-1.22,-0.38,2.5E-02,-1.22,-0.38,0.2;                         0001517P0000778
110,-1.22,-0.38,0.2,-1.5,-0.38,0.2;                              0001519P0000779
110,-1.5,-0.38,0.2,-1.5,-0.38,2.5E-02;                           0001521P0000780
110,-1.5,-0.38,2.5E-02,-1.22,-0.38,2.5E-02;                      0001523P0000781
144,1527,1,0,1529;                                               0001525P0000782
108,0.,0.,-1.,-0.2,0,0.,0.,0.2,0.;                               0001527P0000783
142,0,1527,0,1531,2;                                             0001529P0000784
102,4,1533,1535,1539,1541;                                       0001531P0000785
110,-1.5,-0.38,0.2,-1.22,-0.38,0.2;                              0001533P0000786
100,0.,0.,0.,0.12,0.,-0.12,0.;                                   0001535P0000787
124,0.,1.,0.,-1.22,1.,0.,0.,-0.5,0.,0.,-1.,0.2;                  0001537P0000788
110,-1.22,-0.62,0.2,-1.5,-0.62,0.2;                              0001539P0000789
110,-1.5,-0.62,0.2,-1.5,-0.38,0.2;                               0001541P0000790
144,1545,1,0,1547;                                               0001543P0000791
108,0.,1.,0.,-0.12,0,-1.22,-0.12,0.,0.;                          0001545P0000792
142,0,1545,0,1549,2;                                             0001547P0000793
102,4,1551,1553,1555,1557;                                       0001549P0000794
110,-1.5,-0.12,2.5E-02,-1.5,-0.12,0.2;                           0001551P0000795
110,-1.5,-0.12,0.2,-1.22,-0.12,0.2;                              0001553P0000796
110,-1.22,-0.12,0.2,-1.22,-0.12,2.5E-02;                         0001555P0000797
110,-1.22,-0.12,2.5E-02,-1.5,-0.12,2.5E-02;                      0001557P0000798
144,1561,1,0,1569;                                               0001559P0000799
120,1565,1567,1.570796327,4.71238898;                            0001561P0000800
124,-1.,0.,0.,-1.22,0.,-1.,0.,0.,0.,0.,-1.,0.;                   0001563P0000801
110,0.,0.,1.,0.,0.,0.;                                           0001565P0000802
110,0.12,0.,-0.2,0.12,0.,-2.5E-02;                               0001567P0000803
142,0,1561,1571,1581,3;                                          0001569P0000804
102,4,1573,1575,1577,1579;                                       0001571P0000805
110,1.,4.71238898,0.,-2.220446049E-15,4.71238898,0.;             0001573P0000806
110,-1.993067713E-15,4.71238898,0.,-5.979203139E-15,1.570796327, 0001575P0000807
0.;                                                              0001575P0000808
110,-6.217248938E-15,1.570796327,0.,1.,1.570796327,0.;           0001577P0000809
110,1.,1.570796327,0.,1.,4.71238898,0.;                          0001579P0000810
102,4,1583,1585,1589,1591;                                       0001581P0000811
110,-1.22,-0.12,2.5E-02,-1.22,-0.12,0.2;                         0001583P0000812
100,0.,0.,0.,-0.12,0.,0.12,0.;                                   0001585P0000813
124,0.,-1.,-0.,-1.22,1.,0.,0.,0.,0.,0.,1.,0.2;                   0001587P0000814
110,-1.22,0.12,0.2,-1.22,0.12,2.5E-02;                           0001589P0000815
100,0.,0.,0.,0.12,0.,-0.12,0.;                                   0001591P0000816
124,0.,1.,0.,-1.22,1.,0.,0.,0.,0.,0.,-1.,2.5E-02;                0001593P0000817
144,1597,1,0,1599;                                               0001595P0000818
108,0.,-1.,0.,-0.12,0,-1.5,0.12,0.,0.;                           0001597P0000819
142,0,1597,0,1601,2;                                             0001599P0000820
102,4,1603,1605,1607,1609;                                       0001601P0000821
110,-1.22,0.12,2.5E-02,-1.22,0.12,0.2;                           0001603P0000822
110,-1.22,0.12,0.2,-1.5,0.12,0.2;                                0001605P0000823
110,-1.5,0.12,0.2,-1.5,0.12,2.5E-02;                             0001607P0000824
110,-1.5,0.12,2.5E-02,-1.22,0.12,2.5E-02;                        0001609P0000825
144,1613,1,0,1615;                                               0001611P0000826
108,0.,0.,-1.,-0.2,0,0.,0.,0.2,0.;                               0001613P0000827
142,0,1613,0,1617,2;                                             0001615P0000828
102,4,1619,1621,1625,1627;                                       0001617P0000829
110,-1.5,0.12,0.2,-1.22,0.12,0.2;                                0001619P0000830
100,0.,0.,0.,0.12,0.,-0.12,0.;                                   0001621P0000831
124,0.,1.,0.,-1.22,1.,0.,0.,0.,0.,0.,-1.,0.2;                    0001623P0000832
110,-1.22,-0.12,0.2,-1.5,-0.12,0.2;                              0001625P0000833
110,-1.5,-0.12,0.2,-1.5,0.12,0.2;                                0001627P0000834
144,1631,1,0,1633;                                               0001629P0000835
108,0.,1.,0.,0.38,0,-1.22,0.38,0.,0.;                            0001631P0000836
142,0,1631,0,1635,2;                                             0001633P0000837
102,4,1637,1639,1641,1643;                                       0001635P0000838
110,-1.5,0.38,2.5E-02,-1.5,0.38,0.2;                             0001637P0000839
110,-1.5,0.38,0.2,-1.22,0.38,0.2;                                0001639P0000840
110,-1.22,0.38,0.2,-1.22,0.38,2.5E-02;                           0001641P0000841
110,-1.22,0.38,2.5E-02,-1.5,0.38,2.5E-02;                        0001643P0000842
144,1647,1,0,1655;                                               0001645P0000843
120,1651,1653,1.570796327,4.71238898;                            0001647P0000844
124,-1.,0.,0.,-1.22,0.,-1.,0.,0.5,0.,0.,-1.,0.;                  0001649P0000845
110,0.,0.,1.,0.,0.,0.;                                           0001651P0000846
110,0.12,0.,-0.2,0.12,0.,-2.5E-02;                               0001653P0000847
142,0,1647,1657,1667,3;                                          0001655P0000848
102,4,1659,1661,1663,1665;                                       0001657P0000849
110,1.,4.71238898,0.,-2.220446049E-15,4.71238898,0.;             0001659P0000850
110,-1.993067713E-15,4.71238898,0.,-5.979203139E-15,1.570796327, 0001661P0000851
0.;                                                              0001661P0000852
110,-6.217248938E-15,1.570796327,0.,1.,1.570796327,0.;           0001663P0000853
110,1.,1.570796327,0.,1.,4.71238898,0.;                          0001665P0000854
102,4,1669,1671,1675,1677;                                       0001667P0000855
110,-1.22,0.38,2.5E-02,-1.22,0.38,0.2;                           0001669P0000856
100,0.,0.,0.,-0.12,0.,0.12,0.;                                   0001671P0000857
124,0.,-1.,-0.,-1.22,1.,0.,0.,0.5,0.,0.,1.,0.2;                  0001673P0000858
110,-1.22,0.62,0.2,-1.22,0.62,2.5E-02;                           0001675P0000859
100,0.,0.,0.,0.12,0.,-0.12,0.;                                   0001677P0000860
124,0.,1.,0.,-1.22,1.,0.,0.,0.5,0.,0.,-1.,2.5E-02;               0001679P0000861
144,1683,1,0,1685;                                               0001681P0000862
108,0.,-1.,0.,-0.62,0,-1.5,0.62,0.,0.;                           0001683P0000863
142,0,1683,0,1687,2;                                             0001685P0000864
102,4,1689,1691,1693,1695;                                       0001687P0000865
110,-1.22,0.62,2.5E-02,-1.22,0.62,0.2;                           0001689P0000866
110,-1.22,0.62,0.2,-1.5,0.62,0.2;                                0001691P0000867
110,-1.5,0.62,0.2,-1.5,0.62,2.5E-02;                             0001693P0000868
110,-1.5,0.62,2.5E-02,-1.22,0.62,2.5E-02;                        0001695P0000869
144,1699,1,0,1701;                                               0001697P0000870
108,0.,0.,-1.,-0.2,0,0.,0.,0.2,0.;                               0001699P0000871
142,0,1699,0,1703,2;                                             0001701P0000872
102,4,1705,1707,1711,1713;                                       0001703P0000873
110,-1.5,0.62,0.2,-1.22,0.62,0.2;                                0001705P0000874
100,0.,0.,0.,0.12,0.,-0.12,0.;                                   0001707P0000875
124,0.,1.,0.,-1.22,1.,0.,0.,0.5,0.,0.,-1.,0.2;                   0001709P0000876
110,-1.22,0.38,0.2,-1.5,0.38,0.2;                                0001711P0000877
110,-1.5,0.38,0.2,-1.5,0.62,0.2;                                 0001713P0000878
144,1717,1,0,1719;                                               0001715P0000879
108,0.,1.,0.,0.88,0,-1.22,0.88,0.,0.;                            0001717P0000880
142,0,1717,0,1721,2;                                             0001719P0000881
102,4,1723,1725,1727,1729;                                       0001721P0000882
110,-1.5,0.88,2.5E-02,-1.5,0.88,0.2;                             0001723P0000883
110,-1.5,0.88,0.2,-1.22,0.88,0.2;                                0001725P0000884
110,-1.22,0.88,0.2,-1.22,0.88,2.5E-02;                           0001727P0000885
110,-1.22,0.88,2.5E-02,-1.5,0.88,2.5E-02;                        0001729P0000886
144,1733,1,0,1741;                                               0001731P0000887
120,1737,1739,1.570796327,4.71238898;                            0001733P0000888
124,-1.,0.,0.,-1.22,0.,-1.,0.,1.,0.,0.,-1.,0.;                   0001735P0000889
110,0.,0.,1.,0.,0.,0.;                                           0001737P0000890
110,0.12,0.,-0.2,0.12,0.,-2.5E-02;                               0001739P0000891
142,0,1733,1743,1753,3;                                          0001741P0000892
102,4,1745,1747,1749,1751;                                       0001743P0000893
110,1.,4.71238898,0.,-2.220446049E-15,4.71238898,0.;             0001745P0000894
110,-1.993067713E-15,4.71238898,0.,-5.979203139E-15,1.570796327, 0001747P0000895
0.;                                                              0001747P0000896
110,-6.217248938E-15,1.570796327,0.,1.,1.570796327,0.;           0001749P0000897
110,1.,1.570796327,0.,1.,4.71238898,0.;                          0001751P0000898
102,4,1755,1757,1761,1763;                                       0001753P0000899
110,-1.22,0.88,2.5E-02,-1.22,0.88,0.2;                           0001755P0000900
100,0.,0.,0.,-0.12,0.,0.12,0.;                                   0001757P0000901
124,0.,-1.,-0.,-1.22,1.,0.,0.,1.,0.,0.,1.,0.2;                   0001759P0000902
110,-1.22,1.12,0.2,-1.22,1.12,2.5E-02;                           0001761P0000903
100,0.,0.,0.,0.12,0.,-0.12,0.;                                   0001763P0000904
124,0.,1.,0.,-1.22,1.,0.,0.,1.,0.,0.,-1.,2.5E-02;                0001765P0000905
144,1769,1,0,1771;                                               0001767P0000906
108,0.,-1.,0.,-1.12,0,-1.5,1.12,0.,0.;                           0001769P0000907
142,0,1769,0,1773,2;                                             0001771P0000908
102,4,1775,1777,1779,1781;                                       0001773P0000909
110,-1.22,1.12,2.5E-02,-1.22,1.12,0.2;                           0001775P0000910
110,-1.22,1.12,0.2,-1.5,1.12,0.2;                                0001777P0000911
110,-1.5,1.12,0.2,-1.5,1.12,2.5E-02;                             0001779P0000912
110,-1.5,1.12,2.5E-02,-1.22,1.12,2.5E-02;                        0001781P0000913
144,1785,1,0,1787;                                               0001783P0000914
108,0.,0.,-1.,-0.2,0,0.,0.,0.2,0.;                               0001785P0000915
142,0,1785,0,1789,2;                                             0001787P0000916
102,4,1791,1793,1797,1799;                                       0001789P0000917
110,-1.5,1.12,0.2,-1.22,1.12,0.2;                                0001791P0000918
100,0.,0.,0.,0.12,0.,-0.12,0.;                                   0001793P0000919
124,0.,1.,0.,-1.22,1.,0.,0.,1.,0.,0.,-1.,0.2;                    0001795P0000920
110,-1.22,0.88,0.2,-1.5,0.88,0.2;                                0001797P0000921
110,-1.5,0.88,0.2,-1.5,1.12,0.2;                                 0001799P0000922
402,35,1803,1823,1873,1889,1905,1921,1941,1957,1983,1999,2023,   0001801P0000923
2039,2055,2071,2091,2107,2123,2139,2155,2171,2191,2207,2227,     0001801P0000924
2275,2291,2307,2323,2339,2359,2375,2395,2415,2431,2447,2463,0,1, 0001801P0000925
3721;                                                            0001801P0000926
144,1805,1,0,1807;                                               0001803P0000927
108,1.,0.,0.,-0.125,0,-0.125,1.2,0.,0.;                          0001805P0000928
142,0,1805,0,1809,2;                                             0001807P0000929
102,6,1811,1813,1815,1817,1819,1821;                             0001809P0000930
110,-0.125,1.5,0.,-0.125,1.5,0.2;                                0001811P0000931
110,-0.125,1.5,0.2,-0.125,1.35,0.2;                              0001813P0000932
110,-0.125,1.35,0.2,-0.125,1.35,0.1;                             0001815P0000933
110,-0.125,1.35,0.1,-0.125,1.2,0.1;                              0001817P0000934
110,-0.125,1.2,0.1,-0.125,1.2,0.;                                0001819P0000935
110,-0.125,1.2,0.,-0.125,1.5,0.;                                 0001821P0000936
144,1825,1,0,1827;                                               0001823P0000937
108,-0.,-0.,-1.,-0.,0,0.,0.,0.,0.;                               0001825P0000938
142,0,1825,0,1829,2;                                             0001827P0000939
102,21,1831,1833,1835,1837,1839,1841,1843,1845,1847,1849,1851,   0001829P0000940
1853,1855,1857,1859,1861,1863,1865,1867,1869,1871;               0001829P0000941
110,-0.125,-1.2,0.,-0.125,-1.5,0.;                               0001831P0000942
110,-0.125,-1.5,0.,-0.375,-1.5,0.;                               0001833P0000943
110,-0.375,-1.5,0.,-0.375,-1.2,0.;                               0001835P0000944
110,-0.375,-1.2,0.,-0.825,-1.2,0.;                               0001837P0000945
110,-0.825,-1.2,0.,-0.825,0.9,0.;                                0001839P0000946
110,-0.825,0.9,0.,-0.525,1.2,0.;                                 0001841P0000947
110,-0.525,1.2,0.,-0.375,1.2,0.;                                 0001843P0000948
110,-0.375,1.2,0.,-0.375,1.5,0.;                                 0001845P0000949
110,-0.375,1.5,0.,-0.125,1.5,0.;                                 0001847P0000950
110,-0.125,1.5,0.,-0.125,1.2,0.;                                 0001849P0000951
110,-0.125,1.2,0.,0.125,1.2,0.;                                  0001851P0000952
110,0.125,1.2,0.,0.125,1.5,0.;                                   0001853P0000953
110,0.125,1.5,0.,0.375,1.5,0.;                                   0001855P0000954
110,0.375,1.5,0.,0.375,1.2,0.;                                   0001857P0000955
110,0.375,1.2,0.,0.825,1.2,0.;                                   0001859P0000956
110,0.825,1.2,0.,0.825,-1.2,0.;                                  0001861P0000957
110,0.825,-1.2,0.,0.375,-1.2,0.;                                 0001863P0000958
110,0.375,-1.2,0.,0.375,-1.5,0.;                                 0001865P0000959
110,0.375,-1.5,0.,0.125,-1.5,0.;                                 0001867P0000960
110,0.125,-1.5,0.,0.125,-1.2,0.;                                 0001869P0000961
110,0.125,-1.2,0.,-0.125,-1.2,0.;                                0001871P0000962
144,1875,1,0,1877;                                               0001873P0000963
108,0.,-1.,0.,1.2,0,-0.825,-1.2,0.,0.;                           0001875P0000964
142,0,1875,0,1879,2;                                             0001877P0000965
102,4,1881,1883,1885,1887;                                       0001879P0000966
110,-0.375,-1.2,0.1,-0.825,-1.2,0.1;                             0001881P0000967
110,-0.825,-1.2,0.1,-0.825,-1.2,0.;                              0001883P0000968
110,-0.825,-1.2,0.,-0.375,-1.2,0.;                               0001885P0000969
110,-0.375,-1.2,0.,-0.375,-1.2,0.1;                              0001887P0000970
144,1891,1,0,1893;                                               0001889P0000971
108,0.,-1.,0.,1.2,0,-0.825,-1.2,0.,0.;                           0001891P0000972
142,0,1891,0,1895,2;                                             0001893P0000973
102,4,1897,1899,1901,1903;                                       0001895P0000974
110,0.125,-1.2,0.1,-0.125,-1.2,0.1;                              0001897P0000975
110,-0.125,-1.2,0.1,-0.125,-1.2,0.;                              0001899P0000976
110,-0.125,-1.2,0.,0.125,-1.2,0.;                                0001901P0000977
110,0.125,-1.2,0.,0.125,-1.2,0.1;                                0001903P0000978
144,1907,1,0,1909;                                               0001905P0000979
108,0.,-1.,0.,1.2,0,-0.825,-1.2,0.,0.;                           0001907P0000980
142,0,1907,0,1911,2;                                             0001909P0000981
102,4,1913,1915,1917,1919;                                       0001911P0000982
110,0.375,-1.2,0.,0.825,-1.2,0.;                                 0001913P0000983
110,0.825,-1.2,0.,0.825,-1.2,0.1;                                0001915P0000984
110,0.825,-1.2,0.1,0.375,-1.2,0.1;                               0001917P0000985
110,0.375,-1.2,0.1,0.375,-1.2,0.;                                0001919P0000986
144,1923,1,0,1925;                                               0001921P0000987
108,-1.,-0.,-0.,0.375,0,-0.375,-1.5,0.,0.;                       0001923P0000988
142,0,1923,0,1927,2;                                             0001925P0000989
102,6,1929,1931,1933,1935,1937,1939;                             0001927P0000990
110,-0.375,-1.5,0.,-0.375,-1.5,0.2;                              0001929P0000991
110,-0.375,-1.5,0.2,-0.375,-1.35,0.2;                            0001931P0000992
110,-0.375,-1.35,0.2,-0.375,-1.35,0.1;                           0001933P0000993
110,-0.375,-1.35,0.1,-0.375,-1.2,0.1;                            0001935P0000994
110,-0.375,-1.2,0.1,-0.375,-1.2,0.;                              0001937P0000995
110,-0.375,-1.2,0.,-0.375,-1.5,0.;                               0001939P0000996
144,1943,1,0,1945;                                               0001941P0000997
108,-0.,-0.,-1.,-0.1,0,0.,0.,0.1,0.;                             0001943P0000998
142,0,1943,0,1947,2;                                             0001945P0000999
102,4,1949,1951,1953,1955;                                       0001947P0001000
110,0.125,1.35,0.1,0.125,1.2,0.1;                                0001949P0001001
110,0.125,1.2,0.1,-0.125,1.2,0.1;                                0001951P0001002
110,-0.125,1.2,0.1,-0.125,1.35,0.1;                              0001953P0001003
110,-0.125,1.35,0.1,0.125,1.35,0.1;                              0001955P0001004
144,1959,1,0,1961;                                               0001957P0001005
108,-0.,-0.,-1.,-0.1,0,0.,0.,0.1,0.;                             0001959P0001006
142,0,1959,0,1963,2;                                             0001961P0001007
102,9,1965,1967,1969,1971,1973,1975,1977,1979,1981;              0001963P0001008
110,-0.95,-1.35,0.1,-0.95,1.35,0.1;                              0001965P0001009
110,-0.95,1.35,0.1,-0.375,1.35,0.1;                              0001967P0001010
110,-0.375,1.35,0.1,-0.375,1.2,0.1;                              0001969P0001011
110,-0.375,1.2,0.1,-0.525,1.2,0.1;                               0001971P0001012
110,-0.525,1.2,0.1,-0.825,0.9,0.1;                               0001973P0001013
110,-0.825,0.9,0.1,-0.825,-1.2,0.1;                              0001975P0001014
110,-0.825,-1.2,0.1,-0.375,-1.2,0.1;                             0001977P0001015
110,-0.375,-1.2,0.1,-0.375,-1.35,0.1;                            0001979P0001016
110,-0.375,-1.35,0.1,-0.95,-1.35,0.1;                            0001981P0001017
144,1985,1,0,1987;                                               0001983P0001018
108,-0.,-0.,-1.,-0.1,0,0.,0.,0.1,0.;                             0001985P0001019
142,0,1985,0,1989,2;                                             0001987P0001020
102,4,1991,1993,1995,1997;                                       0001989P0001021
110,-0.125,-1.35,0.1,-0.125,-1.2,0.1;                            0001991P0001022
110,-0.125,-1.2,0.1,0.125,-1.2,0.1;                              0001993P0001023
110,0.125,-1.2,0.1,0.125,-1.35,0.1;                              0001995P0001024
110,0.125,-1.35,0.1,-0.125,-1.35,0.1;                            0001997P0001025
144,2001,1,0,2003;                                               0001999P0001026
108,-0.,-0.,-1.,-0.1,0,0.,0.,0.1,0.;                             0002001P0001027
142,0,2001,0,2005,2;                                             0002003P0001028
102,8,2007,2009,2011,2013,2015,2017,2019,2021;                   0002005P0001029
110,0.375,-1.35,0.1,0.375,-1.2,0.1;                              0002007P0001030
110,0.375,-1.2,0.1,0.825,-1.2,0.1;                               0002009P0001031
110,0.825,-1.2,0.1,0.825,1.2,0.1;                                0002011P0001032
110,0.825,1.2,0.1,0.375,1.2,0.1;                                 0002013P0001033
110,0.375,1.2,0.1,0.375,1.35,0.1;                                0002015P0001034
110,0.375,1.35,0.1,0.95,1.35,0.1;                                0002017P0001035
110,0.95,1.35,0.1,0.95,-1.35,0.1;                                0002019P0001036
110,0.95,-1.35,0.1,0.375,-1.35,0.1;                              0002021P0001037
144,2025,1,0,2027;                                               0002023P0001038
108,0.,1.,0.,1.35,0,0.95,1.35,0.1,0.;                            0002025P0001039
142,0,2025,0,2029,2;                                             0002027P0001040
102,4,2031,2033,2035,2037;                                       0002029P0001041
110,-0.95,1.35,0.1,-0.95,1.35,0.2;                               0002031P0001042
110,-0.95,1.35,0.2,-0.375,1.35,0.2;                              0002033P0001043
110,-0.375,1.35,0.2,-0.375,1.35,0.1;                             0002035P0001044
110,-0.375,1.35,0.1,-0.95,1.35,0.1;                              0002037P0001045
144,2041,1,0,2043;                                               0002039P0001046
108,0.,1.,0.,1.35,0,0.95,1.35,0.1,0.;                            0002041P0001047
142,0,2041,0,2045,2;                                             0002043P0001048
102,4,2047,2049,2051,2053;                                       0002045P0001049
110,0.375,1.35,0.1,0.375,1.35,0.2;                               0002047P0001050
110,0.375,1.35,0.2,0.95,1.35,0.2;                                0002049P0001051
110,0.95,1.35,0.2,0.95,1.35,0.1;                                 0002051P0001052
110,0.95,1.35,0.1,0.375,1.35,0.1;                                0002053P0001053
144,2057,1,0,2059;                                               0002055P0001054
108,0.,1.,0.,1.35,0,0.95,1.35,0.1,0.;                            0002057P0001055
142,0,2057,0,2061,2;                                             0002059P0001056
102,4,2063,2065,2067,2069;                                       0002061P0001057
110,-0.125,1.35,0.1,-0.125,1.35,0.2;                             0002063P0001058
110,-0.125,1.35,0.2,0.125,1.35,0.2;                              0002065P0001059
110,0.125,1.35,0.2,0.125,1.35,0.1;                               0002067P0001060
110,0.125,1.35,0.1,-0.125,1.35,0.1;                              0002069P0001061
144,2073,1,0,2075;                                               0002071P0001062
108,-1.,0.,0.,0.375,0,-0.375,1.5,0.,0.;                          0002073P0001063
142,0,2073,0,2077,2;                                             0002075P0001064
102,6,2079,2081,2083,2085,2087,2089;                             0002077P0001065
110,-0.375,1.2,0.1,-0.375,1.35,0.1;                              0002079P0001066
110,-0.375,1.35,0.1,-0.375,1.35,0.2;                             0002081P0001067
110,-0.375,1.35,0.2,-0.375,1.5,0.2;                              0002083P0001068
110,-0.375,1.5,0.2,-0.375,1.5,0.;                                0002085P0001069
110,-0.375,1.5,0.,-0.375,1.2,0.;                                 0002087P0001070
110,-0.375,1.2,0.,-0.375,1.2,0.1;                                0002089P0001071
144,2093,1,0,2095;                                               0002091P0001072
108,0.,1.,0.,1.2,0,0.825,1.2,0.,0.;                              0002093P0001073
142,0,2093,0,2097,2;                                             0002095P0001074
102,4,2099,2101,2103,2105;                                       0002097P0001075
110,-0.375,1.2,0.,-0.525,1.2,0.;                                 0002099P0001076
110,-0.525,1.2,0.,-0.525,1.2,0.1;                                0002101P0001077
110,-0.525,1.2,0.1,-0.375,1.2,0.1;                               0002103P0001078
110,-0.375,1.2,0.1,-0.375,1.2,0.;                                0002105P0001079
144,2109,1,0,2111;                                               0002107P0001080
108,0.,1.,0.,1.2,0,0.825,1.2,0.,0.;                              0002109P0001081
142,0,2109,0,2113,2;                                             0002111P0001082
102,4,2115,2117,2119,2121;                                       0002113P0001083
110,0.125,1.2,0.,-0.125,1.2,0.;                                  0002115P0001084
110,-0.125,1.2,0.,-0.125,1.2,0.1;                                0002117P0001085
110,-0.125,1.2,0.1,0.125,1.2,0.1;                                0002119P0001086
110,0.125,1.2,0.1,0.125,1.2,0.;                                  0002121P0001087
144,2125,1,0,2127;                                               0002123P0001088
108,0.,1.,0.,1.2,0,0.825,1.2,0.,0.;                              0002125P0001089
142,0,2125,0,2129,2;                                             0002127P0001090
102,4,2131,2133,2135,2137;                                       0002129P0001091
110,0.375,1.2,0.1,0.825,1.2,0.1;                                 0002131P0001092
110,0.825,1.2,0.1,0.825,1.2,0.;                                  0002133P0001093
110,0.825,1.2,0.,0.375,1.2,0.;                                   0002135P0001094
110,0.375,1.2,0.,0.375,1.2,0.1;                                  0002137P0001095
144,2141,1,0,2143;                                               0002139P0001096
108,-0.707106781,0.707106781,0.,1.219759198,0,-0.675,1.05,0.1,   0002141P0001097
0.;                                                              0002141P0001098
142,0,2141,0,2145,2;                                             0002143P0001099
102,4,2147,2149,2151,2153;                                       0002145P0001100
110,-0.525,1.2,0.1,-0.525,1.2,0.;                                0002147P0001101
110,-0.525,1.2,0.,-0.825,0.9,0.;                                 0002149P0001102
110,-0.825,0.9,0.,-0.825,0.9,0.1;                                0002151P0001103
110,-0.825,0.9,0.1,-0.525,1.2,0.1;                               0002153P0001104
144,2157,1,0,2159;                                               0002155P0001105
108,-1.,0.,0.,0.825,0,-0.825,1.2,0.,0.;                          0002157P0001106
142,0,2157,0,2161,2;                                             0002159P0001107
102,4,2163,2165,2167,2169;                                       0002161P0001108
110,-0.825,0.9,0.1,-0.825,0.9,0.;                                0002163P0001109
110,-0.825,0.9,0.,-0.825,-1.2,0.;                                0002165P0001110
110,-0.825,-1.2,0.,-0.825,-1.2,0.1;                              0002167P0001111
110,-0.825,-1.2,0.1,-0.825,0.9,0.1;                              0002169P0001112
144,2173,1,0,2175;                                               0002171P0001113
108,-1.,-0.,-0.,-0.125,0,0.125,1.2,0.,0.;                        0002173P0001114
142,0,2173,0,2177,2;                                             0002175P0001115
102,6,2179,2181,2183,2185,2187,2189;                             0002177P0001116
110,0.125,1.2,0.,0.125,1.2,0.1;                                  0002179P0001117
110,0.125,1.2,0.1,0.125,1.35,0.1;                                0002181P0001118
110,0.125,1.35,0.1,0.125,1.35,0.2;                               0002183P0001119
110,0.125,1.35,0.2,0.125,1.5,0.2;                                0002185P0001120
110,0.125,1.5,0.2,0.125,1.5,0.;                                  0002187P0001121
110,0.125,1.5,0.,0.125,1.2,0.;                                   0002189P0001122
144,2193,1,0,2195;                                               0002191P0001123
108,-0.,1.,-0.,1.5,0,0.125,1.5,0.,0.;                            0002193P0001124
142,0,2193,0,2197,2;                                             0002195P0001125
102,4,2199,2201,2203,2205;                                       0002197P0001126
110,0.125,1.5,0.,0.125,1.5,0.2;                                  0002199P0001127
110,0.125,1.5,0.2,0.375,1.5,0.2;                                 0002201P0001128
110,0.375,1.5,0.2,0.375,1.5,0.;                                  0002203P0001129
110,0.375,1.5,0.,0.125,1.5,0.;                                   0002205P0001130
144,2209,1,0,2211;                                               0002207P0001131
108,1.,-0.,-0.,0.375,0,0.375,1.5,0.,0.;                          0002209P0001132
142,0,2209,0,2213,2;                                             0002211P0001133
102,6,2215,2217,2219,2221,2223,2225;                             0002213P0001134
110,0.375,1.5,0.,0.375,1.5,0.2;                                  0002215P0001135
110,0.375,1.5,0.2,0.375,1.35,0.2;                                0002217P0001136
110,0.375,1.35,0.2,0.375,1.35,0.1;                               0002219P0001137
110,0.375,1.35,0.1,0.375,1.2,0.1;                                0002221P0001138
110,0.375,1.2,0.1,0.375,1.2,0.;                                  0002223P0001139
110,0.375,1.2,0.,0.375,1.5,0.;                                   0002225P0001140
144,2229,1,0,2231;                                               0002227P0001141
108,0.,0.,1.,0.2,0,0.,0.,0.2,0.;                                 0002229P0001142
142,0,2229,0,2233,2;                                             0002231P0001143
102,20,2235,2237,2239,2241,2243,2245,2247,2249,2251,2253,2255,   0002233P0001144
2257,2259,2261,2263,2265,2267,2269,2271,2273;                    0002233P0001145
110,0.95,-1.35,0.2,0.95,1.35,0.2;                                0002235P0001146
110,0.95,1.35,0.2,0.375,1.35,0.2;                                0002237P0001147
110,0.375,1.35,0.2,0.375,1.5,0.2;                                0002239P0001148
110,0.375,1.5,0.2,0.125,1.5,0.2;                                 0002241P0001149
110,0.125,1.5,0.2,0.125,1.35,0.2;                                0002243P0001150
110,0.125,1.35,0.2,-0.125,1.35,0.2;                              0002245P0001151
110,-0.125,1.35,0.2,-0.125,1.5,0.2;                              0002247P0001152
110,-0.125,1.5,0.2,-0.375,1.5,0.2;                               0002249P0001153
110,-0.375,1.5,0.2,-0.375,1.35,0.2;                              0002251P0001154
110,-0.375,1.35,0.2,-0.95,1.35,0.2;                              0002253P0001155
110,-0.95,1.35,0.2,-0.95,-1.35,0.2;                              0002255P0001156
110,-0.95,-1.35,0.2,-0.375,-1.35,0.2;                            0002257P0001157
110,-0.375,-1.35,0.2,-0.375,-1.5,0.2;                            0002259P0001158
110,-0.375,-1.5,0.2,-0.125,-1.5,0.2;                             0002261P0001159
110,-0.125,-1.5,0.2,-0.125,-1.35,0.2;                            0002263P0001160
110,-0.125,-1.35,0.2,0.125,-1.35,0.2;                            0002265P0001161
110,0.125,-1.35,0.2,0.125,-1.5,0.2;                              0002267P0001162
110,0.125,-1.5,0.2,0.375,-1.5,0.2;                               0002269P0001163
110,0.375,-1.5,0.2,0.375,-1.35,0.2;                              0002271P0001164
110,0.375,-1.35,0.2,0.95,-1.35,0.2;                              0002273P0001165
144,2277,1,0,2279;                                               0002275P0001166
108,0.,-1.,0.,1.35,0,-0.95,-1.35,0.1,0.;                         0002277P0001167
142,0,2277,0,2281,2;                                             0002279P0001168
102,4,2283,2285,2287,2289;                                       0002281P0001169
110,-0.375,-1.35,0.2,-0.95,-1.35,0.2;                            0002283P0001170
110,-0.95,-1.35,0.2,-0.95,-1.35,0.1;                             0002285P0001171
110,-0.95,-1.35,0.1,-0.375,-1.35,0.1;                            0002287P0001172
110,-0.375,-1.35,0.1,-0.375,-1.35,0.2;                           0002289P0001173
144,2293,1,0,2295;                                               0002291P0001174
108,0.,-1.,0.,1.35,0,-0.95,-1.35,0.1,0.;                         0002293P0001175
142,0,2293,0,2297,2;                                             0002295P0001176
102,4,2299,2301,2303,2305;                                       0002297P0001177
110,0.125,-1.35,0.2,-0.125,-1.35,0.2;                            0002299P0001178
110,-0.125,-1.35,0.2,-0.125,-1.35,0.1;                           0002301P0001179
110,-0.125,-1.35,0.1,0.125,-1.35,0.1;                            0002303P0001180
110,0.125,-1.35,0.1,0.125,-1.35,0.2;                             0002305P0001181
144,2309,1,0,2311;                                               0002307P0001182
108,0.,-1.,0.,1.35,0,-0.95,-1.35,0.1,0.;                         0002309P0001183
142,0,2309,0,2313,2;                                             0002311P0001184
102,4,2315,2317,2319,2321;                                       0002313P0001185
110,0.375,-1.35,0.1,0.95,-1.35,0.1;                              0002315P0001186
110,0.95,-1.35,0.1,0.95,-1.35,0.2;                               0002317P0001187
110,0.95,-1.35,0.2,0.375,-1.35,0.2;                              0002319P0001188
110,0.375,-1.35,0.2,0.375,-1.35,0.1;                             0002321P0001189
144,2325,1,0,2327;                                               0002323P0001190
108,-1.,0.,0.,0.95,0,-0.95,1.35,0.1,0.;                          0002325P0001191
142,0,2325,0,2329,2;                                             0002327P0001192
102,4,2331,2333,2335,2337;                                       0002329P0001193
110,-0.95,-1.35,0.1,-0.95,-1.35,0.2;                             0002331P0001194
110,-0.95,-1.35,0.2,-0.95,1.35,0.2;                              0002333P0001195
110,-0.95,1.35,0.2,-0.95,1.35,0.1;                               0002335P0001196
110,-0.95,1.35,0.1,-0.95,-1.35,0.1;                              0002337P0001197
144,2341,1,0,2343;                                               0002339P0001198
108,-1.,0.,0.,-0.125,0,0.125,-1.2,0.,0.;                         0002341P0001199
142,0,2341,0,2345,2;                                             0002343P0001200
102,6,2347,2349,2351,2353,2355,2357;                             0002345P0001201
110,0.125,-1.5,0.,0.125,-1.5,0.2;                                0002347P0001202
110,0.125,-1.5,0.2,0.125,-1.35,0.2;                              0002349P0001203
110,0.125,-1.35,0.2,0.125,-1.35,0.1;                             0002351P0001204
110,0.125,-1.35,0.1,0.125,-1.2,0.1;                              0002353P0001205
110,0.125,-1.2,0.1,0.125,-1.2,0.;                                0002355P0001206
110,0.125,-1.2,0.,0.125,-1.5,0.;                                 0002357P0001207
144,2361,1,0,2363;                                               0002359P0001208
108,0.,-1.,0.,1.5,0,0.125,-1.5,0.,0.;                            0002361P0001209
142,0,2361,0,2365,2;                                             0002363P0001210
102,4,2367,2369,2371,2373;                                       0002365P0001211
110,0.375,-1.5,0.,0.375,-1.5,0.2;                                0002367P0001212
110,0.375,-1.5,0.2,0.125,-1.5,0.2;                               0002369P0001213
110,0.125,-1.5,0.2,0.125,-1.5,0.;                                0002371P0001214
110,0.125,-1.5,0.,0.375,-1.5,0.;                                 0002373P0001215
144,2377,1,0,2379;                                               0002375P0001216
108,1.,0.,0.,0.375,0,0.375,-1.5,0.,0.;                           0002377P0001217
142,0,2377,0,2381,2;                                             0002379P0001218
102,6,2383,2385,2387,2389,2391,2393;                             0002381P0001219
110,0.375,-1.2,0.,0.375,-1.2,0.1;                                0002383P0001220
110,0.375,-1.2,0.1,0.375,-1.35,0.1;                              0002385P0001221
110,0.375,-1.35,0.1,0.375,-1.35,0.2;                             0002387P0001222
110,0.375,-1.35,0.2,0.375,-1.5,0.2;                              0002389P0001223
110,0.375,-1.5,0.2,0.375,-1.5,0.;                                0002391P0001224
110,0.375,-1.5,0.,0.375,-1.2,0.;                                 0002393P0001225
144,2397,1,0,2399;                                               0002395P0001226
108,1.,-0.,-0.,-0.125,0,-0.125,-1.2,0.,0.;                       0002397P0001227
142,0,2397,0,2401,2;                                             0002399P0001228
102,6,2403,2405,2407,2409,2411,2413;                             0002401P0001229
110,-0.125,-1.2,0.,-0.125,-1.2,0.1;                              0002403P0001230
110,-0.125,-1.2,0.1,-0.125,-1.35,0.1;                            0002405P0001231
110,-0.125,-1.35,0.1,-0.125,-1.35,0.2;                           0002407P0001232
110,-0.125,-1.35,0.2,-0.125,-1.5,0.2;                            0002409P0001233
110,-0.125,-1.5,0.2,-0.125,-1.5,0.;                              0002411P0001234
110,-0.125,-1.5,0.,-0.125,-1.2,0.;                               0002413P0001235
144,2417,1,0,2419;                                               0002415P0001236
108,-0.,-1.,-0.,1.5,0,-0.125,-1.5,0.,0.;                         0002417P0001237
142,0,2417,0,2421,2;                                             0002419P0001238
102,4,2423,2425,2427,2429;                                       0002421P0001239
110,-0.125,-1.5,0.,-0.125,-1.5,0.2;                              0002423P0001240
110,-0.125,-1.5,0.2,-0.375,-1.5,0.2;                             0002425P0001241
110,-0.375,-1.5,0.2,-0.375,-1.5,0.;                              0002427P0001242
110,-0.375,-1.5,0.,-0.125,-1.5,0.;                               0002429P0001243
144,2433,1,0,2435;                                               0002431P0001244
108,1.,0.,0.,0.95,0,0.95,-1.35,0.1,0.;                           0002433P0001245
142,0,2433,0,2437,2;                                             0002435P0001246
102,4,2439,2441,2443,2445;                                       0002437P0001247
110,0.95,1.35,0.1,0.95,1.35,0.2;                                 0002439P0001248
110,0.95,1.35,0.2,0.95,-1.35,0.2;                                0002441P0001249
110,0.95,-1.35,0.2,0.95,-1.35,0.1;                               0002443P0001250
110,0.95,-1.35,0.1,0.95,1.35,0.1;                                0002445P0001251
144,2449,1,0,2451;                                               0002447P0001252
108,0.,1.,0.,1.5,0,-0.125,1.5,0.,0.;                             0002449P0001253
142,0,2449,0,2453,2;                                             0002451P0001254
102,4,2455,2457,2459,2461;                                       0002453P0001255
110,-0.375,1.5,0.,-0.375,1.5,0.2;                                0002455P0001256
110,-0.375,1.5,0.2,-0.125,1.5,0.2;                               0002457P0001257
110,-0.125,1.5,0.2,-0.125,1.5,0.;                                0002459P0001258
110,-0.125,1.5,0.,-0.375,1.5,0.;                                 0002461P0001259
144,2465,1,0,2467;                                               0002463P0001260
108,1.,0.,0.,0.825,0,0.825,-1.2,0.,0.;                           0002465P0001261
142,0,2465,0,2469,2;                                             0002467P0001262
102,4,2471,2473,2475,2477;                                       0002469P0001263
110,0.825,-1.2,0.1,0.825,-1.2,0.;                                0002471P0001264
110,0.825,-1.2,0.,0.825,1.2,0.;                                  0002473P0001265
110,0.825,1.2,0.,0.825,1.2,0.1;                                  0002475P0001266
110,0.825,1.2,0.1,0.825,-1.2,0.1;                                0002477P0001267
402,6,2481,2499,2515,2531,2547,2583,0,1,3729;                    0002479P0001268
144,2483,1,0,2485;                                               0002481P0001269
108,-0.,-0.,-1.,-0.,0,0.,0.,0.,0.;                               0002483P0001270
142,0,2483,0,2487,2;                                             0002485P0001271
102,4,2489,2491,2493,2497;                                       0002487P0001272
110,1.5,1.12,0.,1.5,0.88,0.;                                     0002489P0001273
110,1.5,0.88,0.,1.22,0.88,0.;                                    0002491P0001274
100,0.,0.,0.,-0.12,0.,0.12,0.;                                   0002493P0001275
124,0.,1.,0.,1.22,1.,0.,0.,1.,0.,0.,-1.,0.;                      0002495P0001276
110,1.22,1.12,0.,1.5,1.12,0.;                                    0002497P0001277
144,2501,1,0,2503;                                               0002499P0001278
108,0.,1.,0.,1.12,0,1.5,1.12,0.,0.;                              0002501P0001279
142,0,2501,0,2505,2;                                             0002503P0001280
102,4,2507,2509,2511,2513;                                       0002505P0001281
110,1.22,1.12,0.,1.22,1.12,0.2;                                  0002507P0001282
110,1.22,1.12,0.2,1.5,1.12,0.2;                                  0002509P0001283
110,1.5,1.12,0.2,1.5,1.12,0.;                                    0002511P0001284
110,1.5,1.12,0.,1.22,1.12,0.;                                    0002513P0001285
144,2517,1,0,2519;                                               0002515P0001286
108,1.,0.,0.,1.5,0,1.5,0.88,0.,0.;                               0002517P0001287
142,0,2517,0,2521,2;                                             0002519P0001288
102,4,2523,2525,2527,2529;                                       0002521P0001289
110,1.5,1.12,0.,1.5,1.12,0.2;                                    0002523P0001290
110,1.5,1.12,0.2,1.5,0.88,0.2;                                   0002525P0001291
110,1.5,0.88,0.2,1.5,0.88,0.;                                    0002527P0001292
110,1.5,0.88,0.,1.5,1.12,0.;                                     0002529P0001293
144,2533,1,0,2535;                                               0002531P0001294
108,0.,-1.,0.,-0.88,0,1.22,0.88,0.,0.;                           0002533P0001295
142,0,2533,0,2537,2;                                             0002535P0001296
102,4,2539,2541,2543,2545;                                       0002537P0001297
110,1.5,0.88,0.,1.5,0.88,0.2;                                    0002539P0001298
110,1.5,0.88,0.2,1.22,0.88,0.2;                                  0002541P0001299
110,1.22,0.88,0.2,1.22,0.88,0.;                                  0002543P0001300
110,1.22,0.88,0.,1.5,0.88,0.;                                    0002545P0001301
144,2549,1,0,2557;                                               0002547P0001302
120,2553,2555,1.570796327,4.71238898;                            0002549P0001303
124,1.,0.,0.,1.22,0.,1.,0.,1.,0.,0.,1.,0.;                       0002551P0001304
110,0.,0.,1.,0.,0.,0.;                                           0002553P0001305
110,0.12,0.,0.,0.12,0.,0.2;                                      0002555P0001306
142,0,2549,2559,2569,3;                                          0002557P0001307
102,4,2561,2563,2565,2567;                                       0002559P0001308
110,-5.231802747E-15,1.570796327,0.,1.,1.570796327,0.;           0002561P0001309
110,1.,1.570796327,0.,1.,4.71238898,0.;                          0002563P0001310
110,1.,4.71238898,0.,-1.743934249E-15,4.71238898,0.;             0002565P0001311
110,-1.743934249E-15,4.71238898,0.,-5.231802747E-15,1.570796327, 0002567P0001312
0.;                                                              0002567P0001313
102,4,2571,2573,2577,2579;                                       0002569P0001314
110,1.22,0.88,0.,1.22,0.88,0.2;                                  0002571P0001315
100,0.,0.,0.,-0.12,0.,0.12,0.;                                   0002573P0001316
124,0.,1.,0.,1.22,1.,0.,0.,1.,0.,0.,-1.,0.2;                     0002575P0001317
110,1.22,1.12,0.2,1.22,1.12,0.;                                  0002577P0001318
100,0.,0.,0.,0.12,0.,-0.12,0.;                                   0002579P0001319
124,0.,-1.,0.,1.22,1.,0.,0.,1.,0.,0.,1.,0.;                      0002581P0001320
144,2585,1,0,2587;                                               0002583P0001321
108,0.,0.,1.,0.2,0,0.,0.,0.2,0.;                                 0002585P0001322
142,0,2585,0,2589,2;                                             0002587P0001323
102,4,2591,2595,2597,2599;                                       0002589P0001324
100,0.,0.,0.,0.12,0.,-0.12,0.;                                   0002591P0001325
124,0.,-1.,0.,1.22,1.,0.,0.,1.,0.,0.,1.,0.2;                     0002593P0001326
110,1.22,0.88,0.2,1.5,0.88,0.2;                                  0002595P0001327
110,1.5,0.88,0.2,1.5,1.12,0.2;                                   0002597P0001328
110,1.5,1.12,0.2,1.22,1.12,0.2;                                  0002599P0001329
402,6,2603,2621,2637,2653,2669,2705,0,1,3725;                    0002601P0001330
144,2605,1,0,2607;                                               0002603P0001331
108,-0.,-0.,-1.,-0.,0,0.,0.,0.,0.;                               0002605P0001332
142,0,2605,0,2609,2;                                             0002607P0001333
102,4,2611,2613,2615,2619;                                       0002609P0001334
110,1.5,0.62,0.,1.5,0.38,0.;                                     0002611P0001335
110,1.5,0.38,0.,1.22,0.38,0.;                                    0002613P0001336
100,0.,0.,0.,-0.12,0.,0.12,0.;                                   0002615P0001337
124,0.,1.,0.,1.22,1.,0.,0.,0.5,0.,0.,-1.,0.;                     0002617P0001338
110,1.22,0.62,0.,1.5,0.62,0.;                                    0002619P0001339
144,2623,1,0,2625;                                               0002621P0001340
108,0.,1.,0.,0.62,0,1.5,0.62,0.,0.;                              0002623P0001341
142,0,2623,0,2627,2;                                             0002625P0001342
102,4,2629,2631,2633,2635;                                       0002627P0001343
110,1.22,0.62,0.,1.22,0.62,0.2;                                  0002629P0001344
110,1.22,0.62,0.2,1.5,0.62,0.2;                                  0002631P0001345
110,1.5,0.62,0.2,1.5,0.62,0.;                                    0002633P0001346
110,1.5,0.62,0.,1.22,0.62,0.;                                    0002635P0001347
144,2639,1,0,2641;                                               0002637P0001348
108,1.,0.,0.,1.5,0,1.5,0.38,0.,0.;                               0002639P0001349
142,0,2639,0,2643,2;                                             0002641P0001350
102,4,2645,2647,2649,2651;                                       0002643P0001351
110,1.5,0.62,0.,1.5,0.62,0.2;                                    0002645P0001352
110,1.5,0.62,0.2,1.5,0.38,0.2;                                   0002647P0001353
110,1.5,0.38,0.2,1.5,0.38,0.;                                    0002649P0001354
110,1.5,0.38,0.,1.5,0.62,0.;                                     0002651P0001355
144,2655,1,0,2657;                                               0002653P0001356
108,0.,-1.,0.,-0.38,0,1.22,0.38,0.,0.;                           0002655P0001357
142,0,2655,0,2659,2;                                             0002657P0001358
102,4,2661,2663,2665,2667;                                       0002659P0001359
110,1.5,0.38,0.,1.5,0.38,0.2;                                    0002661P0001360
110,1.5,0.38,0.2,1.22,0.38,0.2;                                  0002663P0001361
110,1.22,0.38,0.2,1.22,0.38,0.;                                  0002665P0001362
110,1.22,0.38,0.,1.5,0.38,0.;                                    0002667P0001363
144,2671,1,0,2679;                                               0002669P0001364
120,2675,2677,1.570796327,4.71238898;                            0002671P0001365
124,1.,0.,0.,1.22,0.,1.,0.,0.5,0.,0.,1.,0.;                      0002673P0001366
110,0.,0.,1.,0.,0.,0.;                                           0002675P0001367
110,0.12,0.,0.,0.12,0.,0.2;                                      0002677P0001368
142,0,2671,2681,2691,3;                                          0002679P0001369
102,4,2683,2685,2687,2689;                                       0002681P0001370
110,-5.231802747E-15,1.570796327,0.,1.,1.570796327,0.;           0002683P0001371
110,1.,1.570796327,0.,1.,4.71238898,0.;                          0002685P0001372
110,1.,4.71238898,0.,-1.743934249E-15,4.71238898,0.;             0002687P0001373
110,-1.743934249E-15,4.71238898,0.,-5.231802747E-15,1.570796327, 0002689P0001374
0.;                                                              0002689P0001375
102,4,2693,2695,2699,2701;                                       0002691P0001376
110,1.22,0.38,0.,1.22,0.38,0.2;                                  0002693P0001377
100,0.,0.,0.,-0.12,0.,0.12,0.;                                   0002695P0001378
124,0.,1.,0.,1.22,1.,0.,0.,0.5,0.,0.,-1.,0.2;                    0002697P0001379
110,1.22,0.62,0.2,1.22,0.62,0.;                                  0002699P0001380
100,0.,0.,0.,0.12,0.,-0.12,0.;                                   0002701P0001381
124,0.,-1.,0.,1.22,1.,0.,0.,0.5,0.,0.,1.,0.;                     0002703P0001382
144,2707,1,0,2709;                                               0002705P0001383
108,0.,0.,1.,0.2,0,0.,0.,0.2,0.;                                 0002707P0001384
142,0,2707,0,2711,2;                                             0002709P0001385
102,4,2713,2717,2719,2721;                                       0002711P0001386
100,0.,0.,0.,0.12,0.,-0.12,0.;                                   0002713P0001387
124,0.,-1.,0.,1.22,1.,0.,0.,0.5,0.,0.,1.,0.2;                    0002715P0001388
110,1.22,0.38,0.2,1.5,0.38,0.2;                                  0002717P0001389
110,1.5,0.38,0.2,1.5,0.62,0.2;                                   0002719P0001390
110,1.5,0.62,0.2,1.22,0.62,0.2;                                  0002721P0001391
402,6,2725,2743,2759,2775,2791,2827,0,1,3713;                    0002723P0001392
144,2727,1,0,2729;                                               0002725P0001393
108,-0.,-0.,-1.,-0.,0,0.,0.,0.,0.;                               0002727P0001394
142,0,2727,0,2731,2;                                             0002729P0001395
102,4,2733,2735,2737,2741;                                       0002731P0001396
110,1.5,0.12,0.,1.5,-0.12,0.;                                    0002733P0001397
110,1.5,-0.12,0.,1.22,-0.12,0.;                                  0002735P0001398
100,0.,0.,0.,-0.12,0.,0.12,0.;                                   0002737P0001399
124,0.,1.,0.,1.22,1.,0.,0.,0.,0.,0.,-1.,0.;                      0002739P0001400
110,1.22,0.12,0.,1.5,0.12,0.;                                    0002741P0001401
144,2745,1,0,2747;                                               0002743P0001402
108,0.,1.,0.,0.12,0,1.5,0.12,0.,0.;                              0002745P0001403
142,0,2745,0,2749,2;                                             0002747P0001404
102,4,2751,2753,2755,2757;                                       0002749P0001405
110,1.22,0.12,0.,1.22,0.12,0.2;                                  0002751P0001406
110,1.22,0.12,0.2,1.5,0.12,0.2;                                  0002753P0001407
110,1.5,0.12,0.2,1.5,0.12,0.;                                    0002755P0001408
110,1.5,0.12,0.,1.22,0.12,0.;                                    0002757P0001409
144,2761,1,0,2763;                                               0002759P0001410
108,1.,0.,0.,1.5,0,1.5,-0.12,0.,0.;                              0002761P0001411
142,0,2761,0,2765,2;                                             0002763P0001412
102,4,2767,2769,2771,2773;                                       0002765P0001413
110,1.5,0.12,0.,1.5,0.12,0.2;                                    0002767P0001414
110,1.5,0.12,0.2,1.5,-0.12,0.2;                                  0002769P0001415
110,1.5,-0.12,0.2,1.5,-0.12,0.;                                  0002771P0001416
110,1.5,-0.12,0.,1.5,0.12,0.;                                    0002773P0001417
144,2777,1,0,2779;                                               0002775P0001418
108,0.,-1.,0.,0.12,0,1.22,-0.12,0.,0.;                           0002777P0001419
142,0,2777,0,2781,2;                                             0002779P0001420
102,4,2783,2785,2787,2789;                                       0002781P0001421
110,1.5,-0.12,0.,1.5,-0.12,0.2;                                  0002783P0001422
110,1.5,-0.12,0.2,1.22,-0.12,0.2;                                0002785P0001423
110,1.22,-0.12,0.2,1.22,-0.12,0.;                                0002787P0001424
110,1.22,-0.12,0.,1.5,-0.12,0.;                                  0002789P0001425
144,2793,1,0,2801;                                               0002791P0001426
120,2797,2799,1.570796327,4.71238898;                            0002793P0001427
124,1.,0.,0.,1.22,0.,1.,0.,0.,0.,0.,1.,0.;                       0002795P0001428
110,0.,0.,1.,0.,0.,0.;                                           0002797P0001429
110,0.12,0.,0.,0.12,0.,0.2;                                      0002799P0001430
142,0,2793,2803,2813,3;                                          0002801P0001431
102,4,2805,2807,2809,2811;                                       0002803P0001432
110,-5.231802747E-15,1.570796327,0.,1.,1.570796327,0.;           0002805P0001433
110,1.,1.570796327,0.,1.,4.71238898,0.;                          0002807P0001434
110,1.,4.71238898,0.,-1.743934249E-15,4.71238898,0.;             0002809P0001435
110,-1.743934249E-15,4.71238898,0.,-5.231802747E-15,1.570796327, 0002811P0001436
0.;                                                              0002811P0001437
102,4,2815,2817,2821,2823;                                       0002813P0001438
110,1.22,-0.12,0.,1.22,-0.12,0.2;                                0002815P0001439
100,0.,0.,0.,-0.12,0.,0.12,0.;                                   0002817P0001440
124,0.,1.,0.,1.22,1.,0.,0.,0.,0.,0.,-1.,0.2;                     0002819P0001441
110,1.22,0.12,0.2,1.22,0.12,0.;                                  0002821P0001442
100,0.,0.,0.,0.12,0.,-0.12,0.;                                   0002823P0001443
124,0.,-1.,0.,1.22,1.,0.,0.,0.,0.,0.,1.,0.;                      0002825P0001444
144,2829,1,0,2831;                                               0002827P0001445
108,0.,0.,1.,0.2,0,0.,0.,0.2,0.;                                 0002829P0001446
142,0,2829,0,2833,2;                                             0002831P0001447
102,4,2835,2839,2841,2843;                                       0002833P0001448
100,0.,0.,0.,0.12,0.,-0.12,0.;                                   0002835P0001449
124,0.,-1.,0.,1.22,1.,0.,0.,0.,0.,0.,1.,0.2;                     0002837P0001450
110,1.22,-0.12,0.2,1.5,-0.12,0.2;                                0002839P0001451
110,1.5,-0.12,0.2,1.5,0.12,0.2;                                  0002841P0001452
110,1.5,0.12,0.2,1.22,0.12,0.2;                                  0002843P0001453
402,6,2847,2865,2881,2897,2913,2949,0,1,3715;                    0002845P0001454
144,2849,1,0,2851;                                               0002847P0001455
108,-0.,-0.,-1.,-0.,0,0.,0.,0.,0.;                               0002849P0001456
142,0,2849,0,2853,2;                                             0002851P0001457
102,4,2855,2857,2859,2863;                                       0002853P0001458
110,1.5,-0.38,0.,1.5,-0.62,0.;                                   0002855P0001459
110,1.5,-0.62,0.,1.22,-0.62,0.;                                  0002857P0001460
100,0.,0.,0.,-0.12,0.,0.12,0.;                                   0002859P0001461
124,0.,1.,0.,1.22,1.,0.,0.,-0.5,0.,0.,-1.,0.;                    0002861P0001462
110,1.22,-0.38,0.,1.5,-0.38,0.;                                  0002863P0001463
144,2867,1,0,2869;                                               0002865P0001464
108,0.,1.,0.,-0.38,0,1.5,-0.38,0.,0.;                            0002867P0001465
142,0,2867,0,2871,2;                                             0002869P0001466
102,4,2873,2875,2877,2879;                                       0002871P0001467
110,1.22,-0.38,0.,1.22,-0.38,0.2;                                0002873P0001468
110,1.22,-0.38,0.2,1.5,-0.38,0.2;                                0002875P0001469
110,1.5,-0.38,0.2,1.5,-0.38,0.;                                  0002877P0001470
110,1.5,-0.38,0.,1.22,-0.38,0.;                                  0002879P0001471
144,2883,1,0,2885;                                               0002881P0001472
108,1.,0.,0.,1.5,0,1.5,-0.62,0.,0.;                              0002883P0001473
142,0,2883,0,2887,2;                                             0002885P0001474
102,4,2889,2891,2893,2895;                                       0002887P0001475
110,1.5,-0.38,0.,1.5,-0.38,0.2;                                  0002889P0001476
110,1.5,-0.38,0.2,1.5,-0.62,0.2;                                 0002891P0001477
110,1.5,-0.62,0.2,1.5,-0.62,0.;                                  0002893P0001478
110,1.5,-0.62,0.,1.5,-0.38,0.;                                   0002895P0001479
144,2899,1,0,2901;                                               0002897P0001480
108,0.,-1.,0.,0.62,0,1.22,-0.62,0.,0.;                           0002899P0001481
142,0,2899,0,2903,2;                                             0002901P0001482
102,4,2905,2907,2909,2911;                                       0002903P0001483
110,1.5,-0.62,0.,1.5,-0.62,0.2;                                  0002905P0001484
110,1.5,-0.62,0.2,1.22,-0.62,0.2;                                0002907P0001485
110,1.22,-0.62,0.2,1.22,-0.62,0.;                                0002909P0001486
110,1.22,-0.62,0.,1.5,-0.62,0.;                                  0002911P0001487
144,2915,1,0,2923;                                               0002913P0001488
120,2919,2921,1.570796327,4.71238898;                            0002915P0001489
124,1.,0.,0.,1.22,0.,1.,0.,-0.5,0.,0.,1.,0.;                     0002917P0001490
110,0.,0.,1.,0.,0.,0.;                                           0002919P0001491
110,0.12,0.,0.,0.12,0.,0.2;                                      0002921P0001492
142,0,2915,2925,2935,3;                                          0002923P0001493
102,4,2927,2929,2931,2933;                                       0002925P0001494
110,-5.231802747E-15,1.570796327,0.,1.,1.570796327,0.;           0002927P0001495
110,1.,1.570796327,0.,1.,4.71238898,0.;                          0002929P0001496
110,1.,4.71238898,0.,-1.743934249E-15,4.71238898,0.;             0002931P0001497
110,-1.743934249E-15,4.71238898,0.,-5.231802747E-15,1.570796327, 0002933P0001498
0.;                                                              0002933P0001499
102,4,2937,2939,2943,2945;                                       0002935P0001500
110,1.22,-0.62,0.,1.22,-0.62,0.2;                                0002937P0001501
100,0.,0.,0.,-0.12,0.,0.12,0.;                                   0002939P0001502
124,0.,1.,0.,1.22,1.,0.,0.,-0.5,0.,0.,-1.,0.2;                   0002941P0001503
110,1.22,-0.38,0.2,1.22,-0.38,0.;                                0002943P0001504
100,0.,0.,0.,0.12,0.,-0.12,0.;                                   0002945P0001505
124,0.,-1.,0.,1.22,1.,0.,0.,-0.5,0.,0.,1.,0.;                    0002947P0001506
144,2951,1,0,2953;                                               0002949P0001507
108,0.,0.,1.,0.2,0,0.,0.,0.2,0.;                                 0002951P0001508
142,0,2951,0,2955,2;                                             0002953P0001509
102,4,2957,2961,2963,2965;                                       0002955P0001510
100,0.,0.,0.,0.12,0.,-0.12,0.;                                   0002957P0001511
124,0.,-1.,0.,1.22,1.,0.,0.,-0.5,0.,0.,1.,0.2;                   0002959P0001512
110,1.22,-0.62,0.2,1.5,-0.62,0.2;                                0002961P0001513
110,1.5,-0.62,0.2,1.5,-0.38,0.2;                                 0002963P0001514
110,1.5,-0.38,0.2,1.22,-0.38,0.2;                                0002965P0001515
402,6,2969,2987,3003,3039,3055,3071,0,1,3727;                    0002967P0001516
144,2971,1,0,2973;                                               0002969P0001517
108,0.,0.,-1.,0.,0,0.,0.,0.,0.;                                  0002971P0001518
142,0,2971,0,2975,2;                                             0002973P0001519
102,4,2977,2981,2983,2985;                                       0002975P0001520
100,0.,0.,0.,0.12,0.,-0.12,0.;                                   0002977P0001521
124,0.,1.,0.,-1.22,1.,0.,0.,1.,0.,0.,-1.,0.;                     0002979P0001522
110,-1.22,0.88,0.,-1.5,0.88,0.;                                  0002981P0001523
110,-1.5,0.88,0.,-1.5,1.12,0.;                                   0002983P0001524
110,-1.5,1.12,0.,-1.22,1.12,0.;                                  0002985P0001525
144,2989,1,0,2991;                                               0002987P0001526
108,-0.,1.,-0.,1.12,0,-1.5,1.12,0.,0.;                           0002989P0001527
142,0,2989,0,2993,2;                                             0002991P0001528
102,4,2995,2997,2999,3001;                                       0002993P0001529
110,-1.5,1.12,0.,-1.5,1.12,0.2;                                  0002995P0001530
110,-1.5,1.12,0.2,-1.22,1.12,0.2;                                0002997P0001531
110,-1.22,1.12,0.2,-1.22,1.12,0.;                                0002999P0001532
110,-1.22,1.12,0.,-1.5,1.12,0.;                                  0003001P0001533
144,3005,1,0,3013;                                               0003003P0001534
120,3009,3011,1.570796327,4.71238898;                            0003005P0001535
124,-1.,0.,0.,-1.22,0.,1.,0.,1.,0.,0.,-1.,0.;                    0003007P0001536
110,0.,0.,1.,0.,0.,0.;                                           0003009P0001537
110,0.12,0.,-0.2,0.12,0.,0.;                                     0003011P0001538
142,0,3005,3015,3025,3;                                          0003013P0001539
102,4,3017,3019,3021,3023;                                       0003015P0001540
110,1.,4.71238898,0.,-1.998401444E-15,4.71238898,0.;             0003017P0001541
110,-1.743934249E-15,4.71238898,0.,-5.231802747E-15,1.570796327, 0003019P0001542
0.;                                                              0003019P0001543
110,-5.551115123E-15,1.570796327,0.,1.,1.570796327,0.;           0003021P0001544
110,1.,1.570796327,0.,1.,4.71238898,0.;                          0003023P0001545
102,4,3027,3029,3033,3035;                                       0003025P0001546
110,-1.22,1.12,0.,-1.22,1.12,0.2;                                0003027P0001547
100,0.,0.,0.,0.12,0.,-0.12,0.;                                   0003029P0001548
124,0.,1.,0.,-1.22,1.,0.,0.,1.,0.,0.,-1.,0.2;                    0003031P0001549
110,-1.22,0.88,0.2,-1.22,0.88,0.;                                0003033P0001550
100,0.,0.,0.,-0.12,0.,0.12,0.;                                   0003035P0001551
124,0.,-1.,-0.,-1.22,1.,0.,0.,1.,0.,0.,1.,0.;                    0003037P0001552
144,3041,1,0,3043;                                               0003039P0001553
108,-0.,-1.,-0.,-0.88,0,-1.22,0.88,0.,0.;                        0003041P0001554
142,0,3041,0,3045,2;                                             0003043P0001555
102,4,3047,3049,3051,3053;                                       0003045P0001556
110,-1.22,0.88,0.,-1.22,0.88,0.2;                                0003047P0001557
110,-1.22,0.88,0.2,-1.5,0.88,0.2;                                0003049P0001558
110,-1.5,0.88,0.2,-1.5,0.88,0.;                                  0003051P0001559
110,-1.5,0.88,0.,-1.22,0.88,0.;                                  0003053P0001560
144,3057,1,0,3059;                                               0003055P0001561
108,-1.,-0.,-0.,1.5,0,-1.5,0.88,0.,0.;                           0003057P0001562
142,0,3057,0,3061,2;                                             0003059P0001563
102,4,3063,3065,3067,3069;                                       0003061P0001564
110,-1.5,0.88,0.,-1.5,0.88,0.2;                                  0003063P0001565
110,-1.5,0.88,0.2,-1.5,1.12,0.2;                                 0003065P0001566
110,-1.5,1.12,0.2,-1.5,1.12,0.;                                  0003067P0001567
110,-1.5,1.12,0.,-1.5,0.88,0.;                                   0003069P0001568
144,3073,1,0,3075;                                               0003071P0001569
108,-0.,-0.,1.,0.2,0,0.,0.,0.2,0.;                               0003073P0001570
142,0,3073,0,3077,2;                                             0003075P0001571
102,4,3079,3081,3083,3087;                                       0003077P0001572
110,-1.5,1.12,0.2,-1.5,0.88,0.2;                                 0003079P0001573
110,-1.5,0.88,0.2,-1.22,0.88,0.2;                                0003081P0001574
100,0.,0.,0.,-0.12,0.,0.12,0.;                                   0003083P0001575
124,0.,-1.,-0.,-1.22,1.,0.,0.,1.,0.,0.,1.,0.2;                   0003085P0001576
110,-1.22,1.12,0.2,-1.5,1.12,0.2;                                0003087P0001577
402,6,3091,3109,3125,3161,3177,3193,0,1,3717;                    0003089P0001578
144,3093,1,0,3095;                                               0003091P0001579
108,0.,0.,-1.,0.,0,0.,0.,0.,0.;                                  0003093P0001580
142,0,3093,0,3097,2;                                             0003095P0001581
102,4,3099,3103,3105,3107;                                       0003097P0001582
100,0.,0.,0.,0.12,0.,-0.12,0.;                                   0003099P0001583
124,0.,1.,0.,-1.22,1.,0.,0.,0.5,0.,0.,-1.,0.;                    0003101P0001584
110,-1.22,0.38,0.,-1.5,0.38,0.;                                  0003103P0001585
110,-1.5,0.38,0.,-1.5,0.62,0.;                                   0003105P0001586
110,-1.5,0.62,0.,-1.22,0.62,0.;                                  0003107P0001587
144,3111,1,0,3113;                                               0003109P0001588
108,-0.,1.,-0.,0.62,0,-1.5,0.62,0.,0.;                           0003111P0001589
142,0,3111,0,3115,2;                                             0003113P0001590
102,4,3117,3119,3121,3123;                                       0003115P0001591
110,-1.5,0.62,0.,-1.5,0.62,0.2;                                  0003117P0001592
110,-1.5,0.62,0.2,-1.22,0.62,0.2;                                0003119P0001593
110,-1.22,0.62,0.2,-1.22,0.62,0.;                                0003121P0001594
110,-1.22,0.62,0.,-1.5,0.62,0.;                                  0003123P0001595
144,3127,1,0,3135;                                               0003125P0001596
120,3131,3133,1.570796327,4.71238898;                            0003127P0001597
124,-1.,0.,0.,-1.22,0.,1.,0.,0.5,0.,0.,-1.,0.;                   0003129P0001598
110,0.,0.,1.,0.,0.,0.;                                           0003131P0001599
110,0.12,0.,-0.2,0.12,0.,0.;                                     0003133P0001600
142,0,3127,3137,3147,3;                                          0003135P0001601
102,4,3139,3141,3143,3145;                                       0003137P0001602
110,1.,4.71238898,0.,-1.998401444E-15,4.71238898,0.;             0003139P0001603
110,-1.743934249E-15,4.71238898,0.,-5.231802747E-15,1.570796327, 0003141P0001604
0.;                                                              0003141P0001605
110,-5.551115123E-15,1.570796327,0.,1.,1.570796327,0.;           0003143P0001606
110,1.,1.570796327,0.,1.,4.71238898,0.;                          0003145P0001607
102,4,3149,3151,3155,3157;                                       0003147P0001608
110,-1.22,0.62,0.,-1.22,0.62,0.2;                                0003149P0001609
100,0.,0.,0.,0.12,0.,-0.12,0.;                                   0003151P0001610
124,0.,1.,0.,-1.22,1.,0.,0.,0.5,0.,0.,-1.,0.2;                   0003153P0001611
110,-1.22,0.38,0.2,-1.22,0.38,0.;                                0003155P0001612
100,0.,0.,0.,-0.12,0.,0.12,0.;                                   0003157P0001613
124,0.,-1.,-0.,-1.22,1.,0.,0.,0.5,0.,0.,1.,0.;                   0003159P0001614
144,3163,1,0,3165;                                               0003161P0001615
108,-0.,-1.,-0.,-0.38,0,-1.22,0.38,0.,0.;                        0003163P0001616
142,0,3163,0,3167,2;                                             0003165P0001617
102,4,3169,3171,3173,3175;                                       0003167P0001618
110,-1.22,0.38,0.,-1.22,0.38,0.2;                                0003169P0001619
110,-1.22,0.38,0.2,-1.5,0.38,0.2;                                0003171P0001620
110,-1.5,0.38,0.2,-1.5,0.38,0.;                                  0003173P0001621
110,-1.5,0.38,0.,-1.22,0.38,0.;                                  0003175P0001622
144,3179,1,0,3181;                                               0003177P0001623
108,-1.,-0.,-0.,1.5,0,-1.5,0.38,0.,0.;                           0003179P0001624
142,0,3179,0,3183,2;                                             0003181P0001625
102,4,3185,3187,3189,3191;                                       0003183P0001626
110,-1.5,0.38,0.,-1.5,0.38,0.2;                                  0003185P0001627
110,-1.5,0.38,0.2,-1.5,0.62,0.2;                                 0003187P0001628
110,-1.5,0.62,0.2,-1.5,0.62,0.;                                  0003189P0001629
110,-1.5,0.62,0.,-1.5,0.38,0.;                                   0003191P0001630
144,3195,1,0,3197;                                               0003193P0001631
108,-0.,-0.,1.,0.2,0,0.,0.,0.2,0.;                               0003195P0001632
142,0,3195,0,3199,2;                                             0003197P0001633
102,4,3201,3203,3205,3209;                                       0003199P0001634
110,-1.5,0.62,0.2,-1.5,0.38,0.2;                                 0003201P0001635
110,-1.5,0.38,0.2,-1.22,0.38,0.2;                                0003203P0001636
100,0.,0.,0.,-0.12,0.,0.12,0.;                                   0003205P0001637
124,0.,-1.,-0.,-1.22,1.,0.,0.,0.5,0.,0.,1.,0.2;                  0003207P0001638
110,-1.22,0.62,0.2,-1.5,0.62,0.2;                                0003209P0001639
402,6,3213,3231,3247,3283,3299,3315,0,1,3723;                    0003211P0001640
144,3215,1,0,3217;                                               0003213P0001641
108,0.,0.,-1.,0.,0,0.,0.,0.,0.;                                  0003215P0001642
142,0,3215,0,3219,2;                                             0003217P0001643
102,4,3221,3225,3227,3229;                                       0003219P0001644
100,0.,0.,0.,0.12,0.,-0.12,0.;                                   0003221P0001645
124,0.,1.,0.,-1.22,1.,0.,0.,0.,0.,0.,-1.,0.;                     0003223P0001646
110,-1.22,-0.12,0.,-1.5,-0.12,0.;                                0003225P0001647
110,-1.5,-0.12,0.,-1.5,0.12,0.;                                  0003227P0001648
110,-1.5,0.12,0.,-1.22,0.12,0.;                                  0003229P0001649
144,3233,1,0,3235;                                               0003231P0001650
108,-0.,1.,-0.,0.12,0,-1.5,0.12,0.,0.;                           0003233P0001651
142,0,3233,0,3237,2;                                             0003235P0001652
102,4,3239,3241,3243,3245;                                       0003237P0001653
110,-1.5,0.12,0.,-1.5,0.12,0.2;                                  0003239P0001654
110,-1.5,0.12,0.2,-1.22,0.12,0.2;                                0003241P0001655
110,-1.22,0.12,0.2,-1.22,0.12,0.;                                0003243P0001656
110,-1.22,0.12,0.,-1.5,0.12,0.;                                  0003245P0001657
144,3249,1,0,3257;                                               0003247P0001658
120,3253,3255,1.570796327,4.71238898;                            0003249P0001659
124,-1.,0.,0.,-1.22,0.,1.,0.,0.,0.,0.,-1.,0.;                    0003251P0001660
110,0.,0.,1.,0.,0.,0.;                                           0003253P0001661
110,0.12,0.,-0.2,0.12,0.,0.;                                     0003255P0001662
142,0,3249,3259,3269,3;                                          0003257P0001663
102,4,3261,3263,3265,3267;                                       0003259P0001664
110,1.,4.71238898,0.,-1.998401444E-15,4.71238898,0.;             0003261P0001665
110,-1.743934249E-15,4.71238898,0.,-5.231802747E-15,1.570796327, 0003263P0001666
0.;                                                              0003263P0001667
110,-5.551115123E-15,1.570796327,0.,1.,1.570796327,0.;           0003265P0001668
110,1.,1.570796327,0.,1.,4.71238898,0.;                          0003267P0001669
102,4,3271,3273,3277,3279;                                       0003269P0001670
110,-1.22,0.12,0.,-1.22,0.12,0.2;                                0003271P0001671
100,0.,0.,0.,0.12,0.,-0.12,0.;                                   0003273P0001672
124,0.,1.,0.,-1.22,1.,0.,0.,0.,0.,0.,-1.,0.2;                    0003275P0001673
110,-1.22,-0.12,0.2,-1.22,-0.12,0.;                              0003277P0001674
100,0.,0.,0.,-0.12,0.,0.12,0.;                                   0003279P0001675
124,0.,-1.,-0.,-1.22,1.,0.,0.,0.,0.,0.,1.,0.;                    0003281P0001676
144,3285,1,0,3287;                                               0003283P0001677
108,-0.,-1.,-0.,0.12,0,-1.22,-0.12,0.,0.;                        0003285P0001678
142,0,3285,0,3289,2;                                             0003287P0001679
102,4,3291,3293,3295,3297;                                       0003289P0001680
110,-1.22,-0.12,0.,-1.22,-0.12,0.2;                              0003291P0001681
110,-1.22,-0.12,0.2,-1.5,-0.12,0.2;                              0003293P0001682
110,-1.5,-0.12,0.2,-1.5,-0.12,0.;                                0003295P0001683
110,-1.5,-0.12,0.,-1.22,-0.12,0.;                                0003297P0001684
144,3301,1,0,3303;                                               0003299P0001685
108,-1.,-0.,-0.,1.5,0,-1.5,-0.12,0.,0.;                          0003301P0001686
142,0,3301,0,3305,2;                                             0003303P0001687
102,4,3307,3309,3311,3313;                                       0003305P0001688
110,-1.5,-0.12,0.,-1.5,-0.12,0.2;                                0003307P0001689
110,-1.5,-0.12,0.2,-1.5,0.12,0.2;                                0003309P0001690
110,-1.5,0.12,0.2,-1.5,0.12,0.;                                  0003311P0001691
110,-1.5,0.12,0.,-1.5,-0.12,0.;                                  0003313P0001692
144,3317,1,0,3319;                                               0003315P0001693
108,-0.,-0.,1.,0.2,0,0.,0.,0.2,0.;                               0003317P0001694
142,0,3317,0,3321,2;                                             0003319P0001695
102,4,3323,3325,3327,3331;                                       0003321P0001696
110,-1.5,0.12,0.2,-1.5,-0.12,0.2;                                0003323P0001697
110,-1.5,-0.12,0.2,-1.22,-0.12,0.2;                              0003325P0001698
100,0.,0.,0.,-0.12,0.,0.12,0.;                                   0003327P0001699
124,0.,-1.,-0.,-1.22,1.,0.,0.,0.,0.,0.,1.,0.2;                   0003329P0001700
110,-1.22,0.12,0.2,-1.5,0.12,0.2;                                0003331P0001701
402,6,3335,3353,3369,3405,3421,3437,0,1,3709;                    0003333P0001702
144,3337,1,0,3339;                                               0003335P0001703
108,0.,0.,-1.,0.,0,0.,0.,0.,0.;                                  0003337P0001704
142,0,3337,0,3341,2;                                             0003339P0001705
102,4,3343,3347,3349,3351;                                       0003341P0001706
100,0.,0.,0.,0.12,0.,-0.12,0.;                                   0003343P0001707
124,0.,1.,0.,-1.22,1.,0.,0.,-0.5,0.,0.,-1.,0.;                   0003345P0001708
110,-1.22,-0.62,0.,-1.5,-0.62,0.;                                0003347P0001709
110,-1.5,-0.62,0.,-1.5,-0.38,0.;                                 0003349P0001710
110,-1.5,-0.38,0.,-1.22,-0.38,0.;                                0003351P0001711
144,3355,1,0,3357;                                               0003353P0001712
108,-0.,1.,-0.,-0.38,0,-1.5,-0.38,0.,0.;                         0003355P0001713
142,0,3355,0,3359,2;                                             0003357P0001714
102,4,3361,3363,3365,3367;                                       0003359P0001715
110,-1.5,-0.38,0.,-1.5,-0.38,0.2;                                0003361P0001716
110,-1.5,-0.38,0.2,-1.22,-0.38,0.2;                              0003363P0001717
110,-1.22,-0.38,0.2,-1.22,-0.38,0.;                              0003365P0001718
110,-1.22,-0.38,0.,-1.5,-0.38,0.;                                0003367P0001719
144,3371,1,0,3379;                                               0003369P0001720
120,3375,3377,1.570796327,4.71238898;                            0003371P0001721
124,-1.,0.,0.,-1.22,0.,1.,0.,-0.5,0.,0.,-1.,0.;                  0003373P0001722
110,0.,0.,1.,0.,0.,0.;                                           0003375P0001723
110,0.12,0.,-0.2,0.12,0.,0.;                                     0003377P0001724
142,0,3371,3381,3391,3;                                          0003379P0001725
102,4,3383,3385,3387,3389;                                       0003381P0001726
110,1.,4.71238898,0.,-1.998401444E-15,4.71238898,0.;             0003383P0001727
110,-1.743934249E-15,4.71238898,0.,-5.231802747E-15,1.570796327, 0003385P0001728
0.;                                                              0003385P0001729
110,-5.551115123E-15,1.570796327,0.,1.,1.570796327,0.;           0003387P0001730
110,1.,1.570796327,0.,1.,4.71238898,0.;                          0003389P0001731
102,4,3393,3395,3399,3401;                                       0003391P0001732
110,-1.22,-0.38,0.,-1.22,-0.38,0.2;                              0003393P0001733
100,0.,0.,0.,0.12,0.,-0.12,0.;                                   0003395P0001734
124,0.,1.,0.,-1.22,1.,0.,0.,-0.5,0.,0.,-1.,0.2;                  0003397P0001735
110,-1.22,-0.62,0.2,-1.22,-0.62,0.;                              0003399P0001736
100,0.,0.,0.,-0.12,0.,0.12,0.;                                   0003401P0001737
124,0.,-1.,-0.,-1.22,1.,0.,0.,-0.5,0.,0.,1.,0.;                  0003403P0001738
144,3407,1,0,3409;                                               0003405P0001739
108,-0.,-1.,-0.,0.62,0,-1.22,-0.62,0.,0.;                        0003407P0001740
142,0,3407,0,3411,2;                                             0003409P0001741
102,4,3413,3415,3417,3419;                                       0003411P0001742
110,-1.22,-0.62,0.,-1.22,-0.62,0.2;                              0003413P0001743
110,-1.22,-0.62,0.2,-1.5,-0.62,0.2;                              0003415P0001744
110,-1.5,-0.62,0.2,-1.5,-0.62,0.;                                0003417P0001745
110,-1.5,-0.62,0.,-1.22,-0.62,0.;                                0003419P0001746
144,3423,1,0,3425;                                               0003421P0001747
108,-1.,-0.,-0.,1.5,0,-1.5,-0.62,0.,0.;                          0003423P0001748
142,0,3423,0,3427,2;                                             0003425P0001749
102,4,3429,3431,3433,3435;                                       0003427P0001750
110,-1.5,-0.62,0.,-1.5,-0.62,0.2;                                0003429P0001751
110,-1.5,-0.62,0.2,-1.5,-0.38,0.2;                               0003431P0001752
110,-1.5,-0.38,0.2,-1.5,-0.38,0.;                                0003433P0001753
110,-1.5,-0.38,0.,-1.5,-0.62,0.;                                 0003435P0001754
144,3439,1,0,3441;                                               0003437P0001755
108,-0.,-0.,1.,0.2,0,0.,0.,0.2,0.;                               0003439P0001756
142,0,3439,0,3443,2;                                             0003441P0001757
102,4,3445,3447,3449,3453;                                       0003443P0001758
110,-1.5,-0.38,0.2,-1.5,-0.62,0.2;                               0003445P0001759
110,-1.5,-0.62,0.2,-1.22,-0.62,0.2;                              0003447P0001760
100,0.,0.,0.,-0.12,0.,0.12,0.;                                   0003449P0001761
124,0.,-1.,-0.,-1.22,1.,0.,0.,-0.5,0.,0.,1.,0.2;                 0003451P0001762
110,-1.22,-0.38,0.2,-1.5,-0.38,0.2;                              0003453P0001763
402,6,3457,3475,3491,3507,3523,3559,0,1,3719;                    0003455P0001764
144,3459,1,0,3461;                                               0003457P0001765
108,-0.,-0.,-1.,-0.,0,0.,0.,0.,0.;                               0003459P0001766
142,0,3459,0,3463,2;                                             0003461P0001767
102,4,3465,3467,3469,3473;                                       0003463P0001768
110,1.5,-0.88,0.,1.5,-1.12,0.;                                   0003465P0001769
110,1.5,-1.12,0.,1.22,-1.12,0.;                                  0003467P0001770
100,0.,0.,0.,-0.12,0.,0.12,0.;                                   0003469P0001771
124,0.,1.,0.,1.22,1.,0.,0.,-1.,0.,0.,-1.,0.;                     0003471P0001772
110,1.22,-0.88,0.,1.5,-0.88,0.;                                  0003473P0001773
144,3477,1,0,3479;                                               0003475P0001774
108,0.,1.,0.,-0.88,0,1.5,-0.88,0.,0.;                            0003477P0001775
142,0,3477,0,3481,2;                                             0003479P0001776
102,4,3483,3485,3487,3489;                                       0003481P0001777
110,1.22,-0.88,0.,1.22,-0.88,0.2;                                0003483P0001778
110,1.22,-0.88,0.2,1.5,-0.88,0.2;                                0003485P0001779
110,1.5,-0.88,0.2,1.5,-0.88,0.;                                  0003487P0001780
110,1.5,-0.88,0.,1.22,-0.88,0.;                                  0003489P0001781
144,3493,1,0,3495;                                               0003491P0001782
108,1.,0.,0.,1.5,0,1.5,-1.12,0.,0.;                              0003493P0001783
142,0,3493,0,3497,2;                                             0003495P0001784
102,4,3499,3501,3503,3505;                                       0003497P0001785
110,1.5,-0.88,0.,1.5,-0.88,0.2;                                  0003499P0001786
110,1.5,-0.88,0.2,1.5,-1.12,0.2;                                 0003501P0001787
110,1.5,-1.12,0.2,1.5,-1.12,0.;                                  0003503P0001788
110,1.5,-1.12,0.,1.5,-0.88,0.;                                   0003505P0001789
144,3509,1,0,3511;                                               0003507P0001790
108,0.,-1.,0.,1.12,0,1.22,-1.12,0.,0.;                           0003509P0001791
142,0,3509,0,3513,2;                                             0003511P0001792
102,4,3515,3517,3519,3521;                                       0003513P0001793
110,1.5,-1.12,0.,1.5,-1.12,0.2;                                  0003515P0001794
110,1.5,-1.12,0.2,1.22,-1.12,0.2;                                0003517P0001795
110,1.22,-1.12,0.2,1.22,-1.12,0.;                                0003519P0001796
110,1.22,-1.12,0.,1.5,-1.12,0.;                                  0003521P0001797
144,3525,1,0,3533;                                               0003523P0001798
120,3529,3531,1.570796327,4.71238898;                            0003525P0001799
124,1.,0.,0.,1.22,0.,1.,0.,-1.,0.,0.,1.,0.;                      0003527P0001800
110,0.,0.,1.,0.,0.,0.;                                           0003529P0001801
110,0.12,0.,0.,0.12,0.,0.2;                                      0003531P0001802
142,0,3525,3535,3545,3;                                          0003533P0001803
102,4,3537,3539,3541,3543;                                       0003535P0001804
110,-5.231802747E-15,1.570796327,0.,1.,1.570796327,0.;           0003537P0001805
110,1.,1.570796327,0.,1.,4.71238898,0.;                          0003539P0001806
110,1.,4.71238898,0.,-1.743934249E-15,4.71238898,0.;             0003541P0001807
110,-1.743934249E-15,4.71238898,0.,-5.231802747E-15,1.570796327, 0003543P0001808
0.;                                                              0003543P0001809
102,4,3547,3549,3553,3555;                                       0003545P0001810
110,1.22,-1.12,0.,1.22,-1.12,0.2;                                0003547P0001811
100,0.,0.,0.,-0.12,0.,0.12,0.;                                   0003549P0001812
124,0.,1.,0.,1.22,1.,0.,0.,-1.,0.,0.,-1.,0.2;                    0003551P0001813
110,1.22,-0.88,0.2,1.22,-0.88,0.;                                0003553P0001814
100,0.,0.,0.,0.12,0.,-0.12,0.;                                   0003555P0001815
124,0.,-1.,0.,1.22,1.,0.,0.,-1.,0.,0.,1.,0.;                     0003557P0001816
144,3561,1,0,3563;                                               0003559P0001817
108,0.,0.,1.,0.2,0,0.,0.,0.2,0.;                                 0003561P0001818
142,0,3561,0,3565,2;                                             0003563P0001819
102,4,3567,3571,3573,3575;                                       0003565P0001820
100,0.,0.,0.,0.12,0.,-0.12,0.;                                   0003567P0001821
124,0.,-1.,0.,1.22,1.,0.,0.,-1.,0.,0.,1.,0.2;                    0003569P0001822
110,1.22,-1.12,0.2,1.5,-1.12,0.2;                                0003571P0001823
110,1.5,-1.12,0.2,1.5,-0.88,0.2;                                 0003573P0001824
110,1.5,-0.88,0.2,1.22,-0.88,0.2;                                0003575P0001825
402,6,3579,3597,3613,3649,3665,3681,0,1,3707;                    0003577P0001826
144,3581,1,0,3583;                                               0003579P0001827
108,0.,0.,-1.,0.,0,0.,0.,0.,0.;                                  0003581P0001828
142,0,3581,0,3585,2;                                             0003583P0001829
102,4,3587,3591,3593,3595;                                       0003585P0001830
100,0.,0.,0.,0.12,0.,-0.12,0.;                                   0003587P0001831
124,0.,1.,0.,-1.22,1.,0.,0.,-1.,0.,0.,-1.,0.;                    0003589P0001832
110,-1.22,-1.12,0.,-1.5,-1.12,0.;                                0003591P0001833
110,-1.5,-1.12,0.,-1.5,-0.88,0.;                                 0003593P0001834
110,-1.5,-0.88,0.,-1.22,-0.88,0.;                                0003595P0001835
144,3599,1,0,3601;                                               0003597P0001836
108,-0.,1.,-0.,-0.88,0,-1.5,-0.88,0.,0.;                         0003599P0001837
142,0,3599,0,3603,2;                                             0003601P0001838
102,4,3605,3607,3609,3611;                                       0003603P0001839
110,-1.5,-0.88,0.,-1.5,-0.88,0.2;                                0003605P0001840
110,-1.5,-0.88,0.2,-1.22,-0.88,0.2;                              0003607P0001841
110,-1.22,-0.88,0.2,-1.22,-0.88,0.;                              0003609P0001842
110,-1.22,-0.88,0.,-1.5,-0.88,0.;                                0003611P0001843
144,3615,1,0,3623;                                               0003613P0001844
120,3619,3621,1.570796327,4.71238898;                            0003615P0001845
124,-1.,0.,0.,-1.22,0.,1.,0.,-1.,0.,0.,-1.,0.;                   0003617P0001846
110,0.,0.,1.,0.,0.,0.;                                           0003619P0001847
110,0.12,0.,-0.2,0.12,0.,0.;                                     0003621P0001848
142,0,3615,3625,3635,3;                                          0003623P0001849
102,4,3627,3629,3631,3633;                                       0003625P0001850
110,1.,4.71238898,0.,-1.998401444E-15,4.71238898,0.;             0003627P0001851
110,-1.743934249E-15,4.71238898,0.,-5.231802747E-15,1.570796327, 0003629P0001852
0.;                                                              0003629P0001853
110,-5.551115123E-15,1.570796327,0.,1.,1.570796327,0.;           0003631P0001854
110,1.,1.570796327,0.,1.,4.71238898,0.;                          0003633P0001855
102,4,3637,3639,3643,3645;                                       0003635P0001856
110,-1.22,-0.88,0.,-1.22,-0.88,0.2;                              0003637P0001857
100,0.,0.,0.,0.12,0.,-0.12,0.;                                   0003639P0001858
124,0.,1.,0.,-1.22,1.,0.,0.,-1.,0.,0.,-1.,0.2;                   0003641P0001859
110,-1.22,-1.12,0.2,-1.22,-1.12,0.;                              0003643P0001860
100,0.,0.,0.,-0.12,0.,0.12,0.;                                   0003645P0001861
124,0.,-1.,-0.,-1.22,1.,0.,0.,-1.,0.,0.,1.,0.;                   0003647P0001862
144,3651,1,0,3653;                                               0003649P0001863
108,-0.,-1.,-0.,1.12,0,-1.22,-1.12,0.,0.;                        0003651P0001864
142,0,3651,0,3655,2;                                             0003653P0001865
102,4,3657,3659,3661,3663;                                       0003655P0001866
110,-1.22,-1.12,0.,-1.22,-1.12,0.2;                              0003657P0001867
110,-1.22,-1.12,0.2,-1.5,-1.12,0.2;                              0003659P0001868
110,-1.5,-1.12,0.2,-1.5,-1.12,0.;                                0003661P0001869
110,-1.5,-1.12,0.,-1.22,-1.12,0.;                                0003663P0001870
144,3667,1,0,3669;                                               0003665P0001871
108,-1.,-0.,-0.,1.5,0,-1.5,-1.12,0.,0.;                          0003667P0001872
142,0,3667,0,3671,2;                                             0003669P0001873
102,4,3673,3675,3677,3679;                                       0003671P0001874
110,-1.5,-1.12,0.,-1.5,-1.12,0.2;                                0003673P0001875
110,-1.5,-1.12,0.2,-1.5,-0.88,0.2;                               0003675P0001876
110,-1.5,-0.88,0.2,-1.5,-0.88,0.;                                0003677P0001877
110,-1.5,-0.88,0.,-1.5,-1.12,0.;                                 0003679P0001878
144,3683,1,0,3685;                                               0003681P0001879
108,-0.,-0.,1.,0.2,0,0.,0.,0.2,0.;                               0003683P0001880
142,0,3683,0,3687,2;                                             0003685P0001881
102,4,3689,3691,3693,3697;                                       0003687P0001882
110,-1.5,-0.88,0.2,-1.5,-1.12,0.2;                               0003689P0001883
110,-1.5,-1.12,0.2,-1.22,-1.12,0.2;                              0003691P0001884
100,0.,0.,0.,-0.12,0.,0.12,0.;                                   0003693P0001885
124,0.,-1.,-0.,-1.22,1.,0.,0.,-1.,0.,0.,1.,0.2;                  0003695P0001886
110,-1.22,-0.88,0.2,-1.5,-0.88,0.2;                              0003697P0001887
314,9.80389981,9.80389981,9.80389981,6HGRAY10;                   0003699P0001888
314,78.43139851,78.43139851,78.43139851,6HGRAY79;                0003701P0001889
314,60.679599467,37.621400458,31.553399372,12HLIGHTSALMON4;      0003703P0001890
406,1,8HBODY-SON;                                                0003705P0001891
406,1,12H=>[0:1:1:14];                                           0003707P0001892
406,1,12H=>[0:1:1:12];                                           0003709P0001893
406,1,12HDRC0010J_ASM;                                           0003711P0001894
406,1,11H=>[0:1:1:7];                                            0003713P0001895
406,1,11H=>[0:1:1:8];                                            0003715P0001896
406,1,12H=>[0:1:1:10];                                           0003717P0001897
406,1,12H=>[0:1:1:13];                                           0003719P0001898
406,1,11H=>[0:1:1:4];                                            0003721P0001899
406,1,12H=>[0:1:1:11];                                           0003723P0001900
406,1,11H=>[0:1:1:6];                                            0003725P0001901
406,1,11H=>[0:1:1:9];                                            0003727P0001902
406,1,11H=>[0:1:1:5];                                            0003729P0001903
S      1G      4D   3730P   1903                                        T0000001
