ISO-10303-21;
HEADER;
FILE_DESCRIPTION((''),'2;1');
FILE_NAME('ACB0332A_ASM','2024-09-10T15:11:06',('a0412086'),(''),
'CREO PARAMETRIC BY PTC INC, 2018500','CREO PARAMETRIC BY PTC INC, 2018500','');
FILE_SCHEMA(('CONFIG_CONTROL_DESIGN','SHAPE_APPEARANCE_LAYERS_GROUPS'));
ENDSEC;
DATA;
#44=DIRECTION('',(0.E0,0.E0,1.E0));
#45=VECTOR('',#44,1.34E1);
#46=CARTESIAN_POINT('',(-4.25E0,0.E0,-6.7E0));
#47=LINE('',#46,#45);
#48=DRAUGHTING_PRE_DEFINED_CURVE_FONT('continuous');
#49=CURVE_STYLE('',#48,POSITIVE_LENGTH_MEASURE(2.E-2),#34);
#50=PRESENTATION_STYLE_ASSIGNMENT((#49));
#51=STYLED_ITEM('',(#50),#47);
#52=DIRECTION('',(1.E0,0.E0,0.E0));
#53=VECTOR('',#52,8.5E0);
#54=CARTESIAN_POINT('',(-4.25E0,0.E0,6.7E0));
#55=LINE('',#54,#53);
#56=CURVE_STYLE('',#48,POSITIVE_LENGTH_MEASURE(2.E-2),#34);
#57=PRESENTATION_STYLE_ASSIGNMENT((#56));
#58=STYLED_ITEM('',(#57),#55);
#59=DIRECTION('',(0.E0,0.E0,-1.E0));
#60=VECTOR('',#59,1.34E1);
#61=CARTESIAN_POINT('',(4.25E0,0.E0,6.7E0));
#62=LINE('',#61,#60);
#63=CURVE_STYLE('',#48,POSITIVE_LENGTH_MEASURE(2.E-2),#34);
#64=PRESENTATION_STYLE_ASSIGNMENT((#63));
#65=STYLED_ITEM('',(#64),#62);
#66=DIRECTION('',(-1.E0,0.E0,0.E0));
#67=VECTOR('',#66,8.5E0);
#68=CARTESIAN_POINT('',(4.25E0,0.E0,-6.7E0));
#69=LINE('',#68,#67);
#70=CURVE_STYLE('',#48,POSITIVE_LENGTH_MEASURE(2.E-2),#34);
#71=PRESENTATION_STYLE_ASSIGNMENT((#70));
#72=STYLED_ITEM('',(#71),#69);
#73=DIRECTION('',(0.E0,1.E0,0.E0));
#74=VECTOR('',#73,2.8E-1);
#75=CARTESIAN_POINT('',(-4.25E0,0.E0,-6.7E0));
#76=LINE('',#75,#74);
#77=CURVE_STYLE('',#48,POSITIVE_LENGTH_MEASURE(2.E-2),#34);
#78=PRESENTATION_STYLE_ASSIGNMENT((#77));
#79=STYLED_ITEM('',(#78),#76);
#80=DIRECTION('',(0.E0,1.E0,0.E0));
#81=VECTOR('',#80,2.8E-1);
#82=CARTESIAN_POINT('',(4.25E0,0.E0,-6.7E0));
#83=LINE('',#82,#81);
#84=CURVE_STYLE('',#48,POSITIVE_LENGTH_MEASURE(2.E-2),#34);
#85=PRESENTATION_STYLE_ASSIGNMENT((#84));
#86=STYLED_ITEM('',(#85),#83);
#87=DIRECTION('',(0.E0,1.E0,0.E0));
#88=VECTOR('',#87,2.8E-1);
#89=CARTESIAN_POINT('',(4.25E0,0.E0,6.7E0));
#90=LINE('',#89,#88);
#91=CURVE_STYLE('',#48,POSITIVE_LENGTH_MEASURE(2.E-2),#34);
#92=PRESENTATION_STYLE_ASSIGNMENT((#91));
#93=STYLED_ITEM('',(#92),#90);
#94=DIRECTION('',(0.E0,1.E0,0.E0));
#95=VECTOR('',#94,2.8E-1);
#96=CARTESIAN_POINT('',(-4.25E0,0.E0,6.7E0));
#97=LINE('',#96,#95);
#98=CURVE_STYLE('',#48,POSITIVE_LENGTH_MEASURE(2.E-2),#34);
#99=PRESENTATION_STYLE_ASSIGNMENT((#98));
#100=STYLED_ITEM('',(#99),#97);
#101=DIRECTION('',(0.E0,0.E0,1.E0));
#102=VECTOR('',#101,1.34E1);
#103=CARTESIAN_POINT('',(-4.25E0,2.8E-1,-6.7E0));
#104=LINE('',#103,#102);
#105=CURVE_STYLE('',#48,POSITIVE_LENGTH_MEASURE(2.E-2),#34);
#106=PRESENTATION_STYLE_ASSIGNMENT((#105));
#107=STYLED_ITEM('',(#106),#104);
#108=DIRECTION('',(-1.E0,0.E0,0.E0));
#109=VECTOR('',#108,8.5E0);
#110=CARTESIAN_POINT('',(4.25E0,2.8E-1,-6.7E0));
#111=LINE('',#110,#109);
#112=CURVE_STYLE('',#48,POSITIVE_LENGTH_MEASURE(2.E-2),#34);
#113=PRESENTATION_STYLE_ASSIGNMENT((#112));
#114=STYLED_ITEM('',(#113),#111);
#115=DIRECTION('',(0.E0,0.E0,-1.E0));
#116=VECTOR('',#115,1.34E1);
#117=CARTESIAN_POINT('',(4.25E0,2.8E-1,6.7E0));
#118=LINE('',#117,#116);
#119=CURVE_STYLE('',#48,POSITIVE_LENGTH_MEASURE(2.E-2),#34);
#120=PRESENTATION_STYLE_ASSIGNMENT((#119));
#121=STYLED_ITEM('',(#120),#118);
#122=DIRECTION('',(1.E0,0.E0,0.E0));
#123=VECTOR('',#122,8.5E0);
#124=CARTESIAN_POINT('',(-4.25E0,2.8E-1,6.7E0));
#125=LINE('',#124,#123);
#126=CURVE_STYLE('',#48,POSITIVE_LENGTH_MEASURE(2.E-2),#34);
#127=PRESENTATION_STYLE_ASSIGNMENT((#126));
#128=STYLED_ITEM('',(#127),#125);
#129=CARTESIAN_POINT('',(-4.25E0,0.E0,-6.7E0));
#130=CARTESIAN_POINT('',(-4.25E0,0.E0,6.7E0));
#131=VERTEX_POINT('',#129);
#132=VERTEX_POINT('',#130);
#133=CARTESIAN_POINT('',(4.25E0,0.E0,6.7E0));
#134=VERTEX_POINT('',#133);
#135=CARTESIAN_POINT('',(4.25E0,0.E0,-6.7E0));
#136=VERTEX_POINT('',#135);
#137=CARTESIAN_POINT('',(-4.25E0,2.8E-1,-6.7E0));
#138=CARTESIAN_POINT('',(-4.25E0,2.8E-1,6.7E0));
#139=VERTEX_POINT('',#137);
#140=VERTEX_POINT('',#138);
#141=CARTESIAN_POINT('',(4.25E0,2.8E-1,6.7E0));
#142=VERTEX_POINT('',#141);
#143=CARTESIAN_POINT('',(4.25E0,2.8E-1,-6.7E0));
#144=VERTEX_POINT('',#143);
#145=CARTESIAN_POINT('',(0.E0,0.E0,0.E0));
#146=DIRECTION('',(0.E0,1.E0,0.E0));
#147=DIRECTION('',(1.E0,0.E0,0.E0));
#148=AXIS2_PLACEMENT_3D('',#145,#146,#147);
#149=PLANE('',#148);
#151=ORIENTED_EDGE('',*,*,#150,.T.);
#153=ORIENTED_EDGE('',*,*,#152,.T.);
#155=ORIENTED_EDGE('',*,*,#154,.T.);
#157=ORIENTED_EDGE('',*,*,#156,.T.);
#158=EDGE_LOOP('',(#151,#153,#155,#157));
#159=FACE_OUTER_BOUND('',#158,.F.);
#160=ADVANCED_FACE('',(#159),#149,.F.);
#161=FILL_AREA_STYLE_COLOUR('',#41);
#162=FILL_AREA_STYLE('',(#161));
#163=SURFACE_STYLE_FILL_AREA(#162);
#164=SURFACE_SIDE_STYLE('',(#163));
#165=SURFACE_STYLE_USAGE(.POSITIVE.,#164);
#166=FILL_AREA_STYLE_COLOUR('',#34);
#167=FILL_AREA_STYLE('',(#166));
#168=SURFACE_STYLE_FILL_AREA(#167);
#169=SURFACE_SIDE_STYLE('',(#168));
#170=SURFACE_STYLE_USAGE(.NEGATIVE.,#169);
#171=PRESENTATION_STYLE_ASSIGNMENT((#165,#170));
#172=OVER_RIDING_STYLED_ITEM('',(#171),#160,#43);
#173=CARTESIAN_POINT('',(-4.25E0,0.E0,-6.7E0));
#174=DIRECTION('',(-1.E0,0.E0,0.E0));
#175=DIRECTION('',(0.E0,0.E0,1.E0));
#176=AXIS2_PLACEMENT_3D('',#173,#174,#175);
#177=PLANE('',#176);
#178=ORIENTED_EDGE('',*,*,#150,.F.);
#180=ORIENTED_EDGE('',*,*,#179,.T.);
#182=ORIENTED_EDGE('',*,*,#181,.T.);
#184=ORIENTED_EDGE('',*,*,#183,.F.);
#185=EDGE_LOOP('',(#178,#180,#182,#184));
#186=FACE_OUTER_BOUND('',#185,.F.);
#187=ADVANCED_FACE('',(#186),#177,.T.);
#188=CARTESIAN_POINT('',(4.25E0,0.E0,-6.7E0));
#189=DIRECTION('',(0.E0,0.E0,-1.E0));
#190=DIRECTION('',(-1.E0,0.E0,0.E0));
#191=AXIS2_PLACEMENT_3D('',#188,#189,#190);
#192=PLANE('',#191);
#193=ORIENTED_EDGE('',*,*,#156,.F.);
#195=ORIENTED_EDGE('',*,*,#194,.T.);
#197=ORIENTED_EDGE('',*,*,#196,.T.);
#198=ORIENTED_EDGE('',*,*,#179,.F.);
#199=EDGE_LOOP('',(#193,#195,#197,#198));
#200=FACE_OUTER_BOUND('',#199,.F.);
#201=ADVANCED_FACE('',(#200),#192,.T.);
#202=CARTESIAN_POINT('',(4.25E0,0.E0,6.7E0));
#203=DIRECTION('',(1.E0,0.E0,0.E0));
#204=DIRECTION('',(0.E0,0.E0,-1.E0));
#205=AXIS2_PLACEMENT_3D('',#202,#203,#204);
#206=PLANE('',#205);
#207=ORIENTED_EDGE('',*,*,#154,.F.);
#209=ORIENTED_EDGE('',*,*,#208,.T.);
#211=ORIENTED_EDGE('',*,*,#210,.T.);
#212=ORIENTED_EDGE('',*,*,#194,.F.);
#213=EDGE_LOOP('',(#207,#209,#211,#212));
#214=FACE_OUTER_BOUND('',#213,.F.);
#215=ADVANCED_FACE('',(#214),#206,.T.);
#216=CARTESIAN_POINT('',(-4.25E0,0.E0,6.7E0));
#217=DIRECTION('',(0.E0,0.E0,1.E0));
#218=DIRECTION('',(1.E0,0.E0,0.E0));
#219=AXIS2_PLACEMENT_3D('',#216,#217,#218);
#220=PLANE('',#219);
#221=ORIENTED_EDGE('',*,*,#152,.F.);
#222=ORIENTED_EDGE('',*,*,#183,.T.);
#224=ORIENTED_EDGE('',*,*,#223,.T.);
#225=ORIENTED_EDGE('',*,*,#208,.F.);
#226=EDGE_LOOP('',(#221,#222,#224,#225));
#227=FACE_OUTER_BOUND('',#226,.F.);
#228=ADVANCED_FACE('',(#227),#220,.T.);
#229=CARTESIAN_POINT('',(0.E0,2.8E-1,0.E0));
#230=DIRECTION('',(0.E0,1.E0,0.E0));
#231=DIRECTION('',(1.E0,0.E0,0.E0));
#232=AXIS2_PLACEMENT_3D('',#229,#230,#231);
#233=PLANE('',#232);
#234=ORIENTED_EDGE('',*,*,#181,.F.);
#235=ORIENTED_EDGE('',*,*,#196,.F.);
#236=ORIENTED_EDGE('',*,*,#210,.F.);
#237=ORIENTED_EDGE('',*,*,#223,.F.);
#238=EDGE_LOOP('',(#234,#235,#236,#237));
#239=FACE_OUTER_BOUND('',#238,.F.);
#240=ADVANCED_FACE('',(#239),#233,.T.);
#241=CLOSED_SHELL('',(#160,#187,#201,#215,#228,#240));
#242=MANIFOLD_SOLID_BREP('',#241);
#243=FILL_AREA_STYLE_COLOUR('',#34);
#244=FILL_AREA_STYLE('',(#243));
#245=SURFACE_STYLE_FILL_AREA(#244);
#246=SURFACE_SIDE_STYLE('',(#245));
#247=SURFACE_STYLE_USAGE(.BOTH.,#246);
#248=PRESENTATION_STYLE_ASSIGNMENT((#247));
#43=STYLED_ITEM('',(#248),#242);
#250=DIMENSIONAL_EXPONENTS(0.E0,0.E0,0.E0,0.E0,0.E0,0.E0,0.E0);
#252=PLANE_ANGLE_MEASURE_WITH_UNIT(PLANE_ANGLE_MEASURE(1.745329251994E-2),#251);
#253=(CONVERSION_BASED_UNIT('DEGREE',#252)NAMED_UNIT(*)PLANE_ANGLE_UNIT());
#255=UNCERTAINTY_MEASURE_WITH_UNIT(LENGTH_MEASURE(1.745467631552E-3),#249,
'closure',
'Maximum model space distance between geometric entities at asserted connectivities');
#256=(GEOMETRIC_REPRESENTATION_CONTEXT(3)GLOBAL_UNCERTAINTY_ASSIGNED_CONTEXT((
#255))GLOBAL_UNIT_ASSIGNED_CONTEXT((#249,#253,#254))REPRESENTATION_CONTEXT
('ID1','3'));
#257=CARTESIAN_POINT('',(0.E0,0.E0,0.E0));
#258=DIRECTION('',(0.E0,0.E0,1.E0));
#259=DIRECTION('',(1.E0,0.E0,0.E0));
#262=APPLICATION_CONTEXT(
'CONFIGURATION CONTROLLED 3D DESIGNS OF MECHANICAL PARTS AND ASSEMBLIES');
#263=APPLICATION_PROTOCOL_DEFINITION('international standard',
'config_control_design',1994,#262);
#264=DESIGN_CONTEXT('',#262,'design');
#265=MECHANICAL_CONTEXT('',#262,'mechanical');
#266=PRODUCT('SUBSTRATE_BGA','SUBSTRATE_BGA','NOT SPECIFIED',(#265));
#267=PRODUCT_DEFINITION_FORMATION_WITH_SPECIFIED_SOURCE('46','LAST_VERSION',
#266,.MADE.);
#276=CARTESIAN_POINT('',(0.E0,0.E0,2.2E-1));
#277=DIRECTION('',(0.E0,-1.E0,0.E0));
#278=DIRECTION('',(1.E0,0.E0,0.E0));
#279=AXIS2_PLACEMENT_3D('',#276,#277,#278);
#280=ITEM_DEFINED_TRANSFORMATION('','',#260,#279);
#281=(REPRESENTATION_RELATIONSHIP('','',#261,#273)REPRESENTATION_RELATIONSHIP_WITH_TRANSFORMATION(#280)SHAPE_REPRESENTATION_RELATIONSHIP());
#282=CONTEXT_DEPENDENT_SHAPE_REPRESENTATION(#281,#275);
#285=DIRECTION('',(0.E0,0.E0,-1.E0));
#286=VECTOR('',#285,1.34E1);
#287=CARTESIAN_POINT('',(4.25E0,0.E0,6.7E0));
#288=LINE('',#287,#286);
#289=CURVE_STYLE('',#48,POSITIVE_LENGTH_MEASURE(2.E-2),#8);
#290=PRESENTATION_STYLE_ASSIGNMENT((#289));
#291=STYLED_ITEM('',(#290),#288);
#292=DIRECTION('',(-1.E0,0.E0,0.E0));
#293=VECTOR('',#292,8.5E0);
#294=CARTESIAN_POINT('',(4.25E0,0.E0,-6.7E0));
#295=LINE('',#294,#293);
#296=CURVE_STYLE('',#48,POSITIVE_LENGTH_MEASURE(2.E-2),#8);
#297=PRESENTATION_STYLE_ASSIGNMENT((#296));
#298=STYLED_ITEM('',(#297),#295);
#299=DIRECTION('',(0.E0,0.E0,1.E0));
#300=VECTOR('',#299,1.34E1);
#301=CARTESIAN_POINT('',(-4.25E0,0.E0,-6.7E0));
#302=LINE('',#301,#300);
#303=CURVE_STYLE('',#48,POSITIVE_LENGTH_MEASURE(2.E-2),#8);
#304=PRESENTATION_STYLE_ASSIGNMENT((#303));
#305=STYLED_ITEM('',(#304),#302);
#306=DIRECTION('',(1.E0,0.E0,0.E0));
#307=VECTOR('',#306,8.5E0);
#308=CARTESIAN_POINT('',(-4.25E0,0.E0,6.7E0));
#309=LINE('',#308,#307);
#310=CURVE_STYLE('',#48,POSITIVE_LENGTH_MEASURE(2.E-2),#8);
#311=PRESENTATION_STYLE_ASSIGNMENT((#310));
#312=STYLED_ITEM('',(#311),#309);
#313=DIRECTION('',(0.E0,0.E0,1.E0));
#314=VECTOR('',#313,3.E-1);
#315=CARTESIAN_POINT('',(-4.075E0,0.E0,-6.525E0));
#316=LINE('',#315,#314);
#317=CURVE_STYLE('',#48,POSITIVE_LENGTH_MEASURE(2.E-2),#8);
#318=PRESENTATION_STYLE_ASSIGNMENT((#317));
#319=STYLED_ITEM('',(#318),#316);
#320=DIRECTION('',(-1.E0,0.E0,0.E0));
#321=VECTOR('',#320,3.E-1);
#322=CARTESIAN_POINT('',(-3.775E0,0.E0,-6.525E0));
#323=LINE('',#322,#321);
#324=CURVE_STYLE('',#48,POSITIVE_LENGTH_MEASURE(2.E-2),#8);
#325=PRESENTATION_STYLE_ASSIGNMENT((#324));
#326=STYLED_ITEM('',(#325),#323);
#327=DIRECTION('',(7.071067811865E-1,0.E0,-7.071067811865E-1));
#328=VECTOR('',#327,4.242640687119E-1);
#329=CARTESIAN_POINT('',(-4.075E0,0.E0,-6.225E0));
#330=LINE('',#329,#328);
#331=CURVE_STYLE('',#48,POSITIVE_LENGTH_MEASURE(2.E-2),#8);
#332=PRESENTATION_STYLE_ASSIGNMENT((#331));
#333=STYLED_ITEM('',(#332),#330);
#334=DIRECTION('',(0.E0,1.E0,0.E0));
#335=VECTOR('',#334,5.E-3);
#336=CARTESIAN_POINT('',(4.25E0,0.E0,6.7E0));
#337=LINE('',#336,#335);
#338=CURVE_STYLE('',#48,POSITIVE_LENGTH_MEASURE(2.E-2),#8);
#339=PRESENTATION_STYLE_ASSIGNMENT((#338));
#340=STYLED_ITEM('',(#339),#337);
#341=DIRECTION('',(0.E0,1.E0,0.E0));
#342=VECTOR('',#341,5.E-3);
#343=CARTESIAN_POINT('',(-4.25E0,0.E0,6.7E0));
#344=LINE('',#343,#342);
#345=CURVE_STYLE('',#48,POSITIVE_LENGTH_MEASURE(2.E-2),#8);
#346=PRESENTATION_STYLE_ASSIGNMENT((#345));
#347=STYLED_ITEM('',(#346),#344);
#348=DIRECTION('',(0.E0,1.E0,0.E0));
#349=VECTOR('',#348,5.E-3);
#350=CARTESIAN_POINT('',(-4.25E0,0.E0,-6.7E0));
#351=LINE('',#350,#349);
#352=CURVE_STYLE('',#48,POSITIVE_LENGTH_MEASURE(2.E-2),#8);
#353=PRESENTATION_STYLE_ASSIGNMENT((#352));
#354=STYLED_ITEM('',(#353),#351);
#355=DIRECTION('',(0.E0,1.E0,0.E0));
#356=VECTOR('',#355,5.E-3);
#357=CARTESIAN_POINT('',(4.25E0,0.E0,-6.7E0));
#358=LINE('',#357,#356);
#359=CURVE_STYLE('',#48,POSITIVE_LENGTH_MEASURE(2.E-2),#8);
#360=PRESENTATION_STYLE_ASSIGNMENT((#359));
#361=STYLED_ITEM('',(#360),#358);
#362=DIRECTION('',(0.E0,0.E0,-1.E0));
#363=VECTOR('',#362,1.34E1);
#364=CARTESIAN_POINT('',(4.25E0,5.E-3,6.7E0));
#365=LINE('',#364,#363);
#366=CURVE_STYLE('',#48,POSITIVE_LENGTH_MEASURE(2.E-2),#8);
#367=PRESENTATION_STYLE_ASSIGNMENT((#366));
#368=STYLED_ITEM('',(#367),#365);
#369=DIRECTION('',(1.E0,0.E0,0.E0));
#370=VECTOR('',#369,8.5E0);
#371=CARTESIAN_POINT('',(-4.25E0,5.E-3,6.7E0));
#372=LINE('',#371,#370);
#373=CURVE_STYLE('',#48,POSITIVE_LENGTH_MEASURE(2.E-2),#8);
#374=PRESENTATION_STYLE_ASSIGNMENT((#373));
#375=STYLED_ITEM('',(#374),#372);
#376=DIRECTION('',(0.E0,0.E0,1.E0));
#377=VECTOR('',#376,1.34E1);
#378=CARTESIAN_POINT('',(-4.25E0,5.E-3,-6.7E0));
#379=LINE('',#378,#377);
#380=CURVE_STYLE('',#48,POSITIVE_LENGTH_MEASURE(2.E-2),#8);
#381=PRESENTATION_STYLE_ASSIGNMENT((#380));
#382=STYLED_ITEM('',(#381),#379);
#383=DIRECTION('',(-1.E0,0.E0,0.E0));
#384=VECTOR('',#383,8.5E0);
#385=CARTESIAN_POINT('',(4.25E0,5.E-3,-6.7E0));
#386=LINE('',#385,#384);
#387=CURVE_STYLE('',#48,POSITIVE_LENGTH_MEASURE(2.E-2),#8);
#388=PRESENTATION_STYLE_ASSIGNMENT((#387));
#389=STYLED_ITEM('',(#388),#386);
#390=DIRECTION('',(0.E0,0.E0,1.E0));
#391=VECTOR('',#390,3.E-1);
#392=CARTESIAN_POINT('',(-4.075E0,5.E-3,-6.525E0));
#393=LINE('',#392,#391);
#394=CURVE_STYLE('',#48,POSITIVE_LENGTH_MEASURE(2.E-2),#8);
#395=PRESENTATION_STYLE_ASSIGNMENT((#394));
#396=STYLED_ITEM('',(#395),#393);
#397=DIRECTION('',(7.071067811865E-1,0.E0,-7.071067811865E-1));
#398=VECTOR('',#397,4.242640687119E-1);
#399=CARTESIAN_POINT('',(-4.075E0,5.E-3,-6.225E0));
#400=LINE('',#399,#398);
#401=CURVE_STYLE('',#48,POSITIVE_LENGTH_MEASURE(2.E-2),#8);
#402=PRESENTATION_STYLE_ASSIGNMENT((#401));
#403=STYLED_ITEM('',(#402),#400);
#404=DIRECTION('',(-1.E0,0.E0,0.E0));
#405=VECTOR('',#404,3.E-1);
#406=CARTESIAN_POINT('',(-3.775E0,5.E-3,-6.525E0));
#407=LINE('',#406,#405);
#408=CURVE_STYLE('',#48,POSITIVE_LENGTH_MEASURE(2.E-2),#8);
#409=PRESENTATION_STYLE_ASSIGNMENT((#408));
#410=STYLED_ITEM('',(#409),#407);
#411=DIRECTION('',(0.E0,1.E0,0.E0));
#412=VECTOR('',#411,5.E-3);
#413=CARTESIAN_POINT('',(-4.075E0,0.E0,-6.525E0));
#414=LINE('',#413,#412);
#415=CURVE_STYLE('',#48,POSITIVE_LENGTH_MEASURE(2.E-2),#8);
#416=PRESENTATION_STYLE_ASSIGNMENT((#415));
#417=STYLED_ITEM('',(#416),#414);
#418=DIRECTION('',(0.E0,1.E0,0.E0));
#419=VECTOR('',#418,5.E-3);
#420=CARTESIAN_POINT('',(-4.075E0,0.E0,-6.225E0));
#421=LINE('',#420,#419);
#422=CURVE_STYLE('',#48,POSITIVE_LENGTH_MEASURE(2.E-2),#8);
#423=PRESENTATION_STYLE_ASSIGNMENT((#422));
#424=STYLED_ITEM('',(#423),#421);
#425=DIRECTION('',(1.776356839400E-13,1.E0,0.E0));
#426=VECTOR('',#425,5.E-3);
#427=CARTESIAN_POINT('',(-3.775E0,0.E0,-6.525E0));
#428=LINE('',#427,#426);
#429=CURVE_STYLE('',#48,POSITIVE_LENGTH_MEASURE(2.E-2),#8);
#430=PRESENTATION_STYLE_ASSIGNMENT((#429));
#431=STYLED_ITEM('',(#430),#428);
#432=CARTESIAN_POINT('',(4.25E0,0.E0,6.7E0));
#433=CARTESIAN_POINT('',(4.25E0,0.E0,-6.7E0));
#434=VERTEX_POINT('',#432);
#435=VERTEX_POINT('',#433);
#436=CARTESIAN_POINT('',(-4.25E0,0.E0,-6.7E0));
#437=VERTEX_POINT('',#436);
#438=CARTESIAN_POINT('',(-4.25E0,0.E0,6.7E0));
#439=VERTEX_POINT('',#438);
#440=CARTESIAN_POINT('',(4.25E0,5.E-3,6.7E0));
#441=CARTESIAN_POINT('',(4.25E0,5.E-3,-6.7E0));
#442=VERTEX_POINT('',#440);
#443=VERTEX_POINT('',#441);
#444=CARTESIAN_POINT('',(-4.25E0,5.E-3,-6.7E0));
#445=VERTEX_POINT('',#444);
#446=CARTESIAN_POINT('',(-4.25E0,5.E-3,6.7E0));
#447=VERTEX_POINT('',#446);
#448=CARTESIAN_POINT('',(-4.075E0,0.E0,-6.525E0));
#449=CARTESIAN_POINT('',(-4.075E0,0.E0,-6.225E0));
#450=VERTEX_POINT('',#448);
#451=VERTEX_POINT('',#449);
#452=CARTESIAN_POINT('',(-3.775E0,0.E0,-6.525E0));
#453=VERTEX_POINT('',#452);
#454=CARTESIAN_POINT('',(-4.075E0,5.E-3,-6.525E0));
#455=CARTESIAN_POINT('',(-4.075E0,5.E-3,-6.225E0));
#456=VERTEX_POINT('',#454);
#457=VERTEX_POINT('',#455);
#458=CARTESIAN_POINT('',(-3.775E0,5.E-3,-6.525E0));
#459=VERTEX_POINT('',#458);
#460=CARTESIAN_POINT('',(0.E0,0.E0,0.E0));
#461=DIRECTION('',(0.E0,1.E0,0.E0));
#462=DIRECTION('',(1.E0,0.E0,0.E0));
#463=AXIS2_PLACEMENT_3D('',#460,#461,#462);
#464=PLANE('',#463);
#466=ORIENTED_EDGE('',*,*,#465,.T.);
#468=ORIENTED_EDGE('',*,*,#467,.T.);
#470=ORIENTED_EDGE('',*,*,#469,.T.);
#472=ORIENTED_EDGE('',*,*,#471,.T.);
#473=EDGE_LOOP('',(#466,#468,#470,#472));
#474=FACE_OUTER_BOUND('',#473,.F.);
#476=ORIENTED_EDGE('',*,*,#475,.F.);
#478=ORIENTED_EDGE('',*,*,#477,.F.);
#480=ORIENTED_EDGE('',*,*,#479,.F.);
#481=EDGE_LOOP('',(#476,#478,#480));
#482=FACE_BOUND('',#481,.F.);
#483=ADVANCED_FACE('',(#474,#482),#464,.F.);
#484=CARTESIAN_POINT('',(4.25E0,0.E0,6.7E0));
#485=DIRECTION('',(1.E0,0.E0,0.E0));
#486=DIRECTION('',(0.E0,0.E0,-1.E0));
#487=AXIS2_PLACEMENT_3D('',#484,#485,#486);
#488=PLANE('',#487);
#489=ORIENTED_EDGE('',*,*,#465,.F.);
#491=ORIENTED_EDGE('',*,*,#490,.T.);
#493=ORIENTED_EDGE('',*,*,#492,.T.);
#495=ORIENTED_EDGE('',*,*,#494,.F.);
#496=EDGE_LOOP('',(#489,#491,#493,#495));
#497=FACE_OUTER_BOUND('',#496,.F.);
#498=ADVANCED_FACE('',(#497),#488,.T.);
#499=CARTESIAN_POINT('',(-4.25E0,0.E0,6.7E0));
#500=DIRECTION('',(0.E0,0.E0,1.E0));
#501=DIRECTION('',(1.E0,0.E0,0.E0));
#502=AXIS2_PLACEMENT_3D('',#499,#500,#501);
#503=PLANE('',#502);
#504=ORIENTED_EDGE('',*,*,#471,.F.);
#506=ORIENTED_EDGE('',*,*,#505,.T.);
#508=ORIENTED_EDGE('',*,*,#507,.T.);
#509=ORIENTED_EDGE('',*,*,#490,.F.);
#510=EDGE_LOOP('',(#504,#506,#508,#509));
#511=FACE_OUTER_BOUND('',#510,.F.);
#512=ADVANCED_FACE('',(#511),#503,.T.);
#513=CARTESIAN_POINT('',(-4.25E0,0.E0,-6.7E0));
#514=DIRECTION('',(-1.E0,0.E0,0.E0));
#515=DIRECTION('',(0.E0,0.E0,1.E0));
#516=AXIS2_PLACEMENT_3D('',#513,#514,#515);
#517=PLANE('',#516);
#518=ORIENTED_EDGE('',*,*,#469,.F.);
#520=ORIENTED_EDGE('',*,*,#519,.T.);
#522=ORIENTED_EDGE('',*,*,#521,.T.);
#523=ORIENTED_EDGE('',*,*,#505,.F.);
#524=EDGE_LOOP('',(#518,#520,#522,#523));
#525=FACE_OUTER_BOUND('',#524,.F.);
#526=ADVANCED_FACE('',(#525),#517,.T.);
#527=CARTESIAN_POINT('',(4.25E0,0.E0,-6.7E0));
#528=DIRECTION('',(0.E0,0.E0,-1.E0));
#529=DIRECTION('',(-1.E0,0.E0,0.E0));
#530=AXIS2_PLACEMENT_3D('',#527,#528,#529);
#531=PLANE('',#530);
#532=ORIENTED_EDGE('',*,*,#467,.F.);
#533=ORIENTED_EDGE('',*,*,#494,.T.);
#535=ORIENTED_EDGE('',*,*,#534,.T.);
#536=ORIENTED_EDGE('',*,*,#519,.F.);
#537=EDGE_LOOP('',(#532,#533,#535,#536));
#538=FACE_OUTER_BOUND('',#537,.F.);
#539=ADVANCED_FACE('',(#538),#531,.T.);
#540=CARTESIAN_POINT('',(0.E0,5.E-3,0.E0));
#541=DIRECTION('',(0.E0,1.E0,0.E0));
#542=DIRECTION('',(1.E0,0.E0,0.E0));
#543=AXIS2_PLACEMENT_3D('',#540,#541,#542);
#544=PLANE('',#543);
#545=ORIENTED_EDGE('',*,*,#492,.F.);
#546=ORIENTED_EDGE('',*,*,#507,.F.);
#547=ORIENTED_EDGE('',*,*,#521,.F.);
#548=ORIENTED_EDGE('',*,*,#534,.F.);
#549=EDGE_LOOP('',(#545,#546,#547,#548));
#550=FACE_OUTER_BOUND('',#549,.F.);
#552=ORIENTED_EDGE('',*,*,#551,.T.);
#554=ORIENTED_EDGE('',*,*,#553,.T.);
#556=ORIENTED_EDGE('',*,*,#555,.T.);
#557=EDGE_LOOP('',(#552,#554,#556));
#558=FACE_BOUND('',#557,.F.);
#559=ADVANCED_FACE('',(#550,#558),#544,.T.);
#560=CARTESIAN_POINT('',(-4.075E0,0.E0,-6.525E0));
#561=DIRECTION('',(-1.E0,0.E0,0.E0));
#562=DIRECTION('',(0.E0,0.E0,1.E0));
#563=AXIS2_PLACEMENT_3D('',#560,#561,#562);
#564=PLANE('',#563);
#565=ORIENTED_EDGE('',*,*,#475,.T.);
#567=ORIENTED_EDGE('',*,*,#566,.T.);
#568=ORIENTED_EDGE('',*,*,#551,.F.);
#570=ORIENTED_EDGE('',*,*,#569,.F.);
#571=EDGE_LOOP('',(#565,#567,#568,#570));
#572=FACE_OUTER_BOUND('',#571,.F.);
#573=ADVANCED_FACE('',(#572),#564,.F.);
#574=CARTESIAN_POINT('',(-4.075E0,0.E0,-6.225E0));
#575=DIRECTION('',(7.071067811865E-1,0.E0,7.071067811865E-1));
#576=DIRECTION('',(7.071067811865E-1,0.E0,-7.071067811865E-1));
#577=AXIS2_PLACEMENT_3D('',#574,#575,#576);
#578=PLANE('',#577);
#579=ORIENTED_EDGE('',*,*,#479,.T.);
#581=ORIENTED_EDGE('',*,*,#580,.T.);
#582=ORIENTED_EDGE('',*,*,#553,.F.);
#583=ORIENTED_EDGE('',*,*,#566,.F.);
#584=EDGE_LOOP('',(#579,#581,#582,#583));
#585=FACE_OUTER_BOUND('',#584,.F.);
#586=ADVANCED_FACE('',(#585),#578,.F.);
#587=CARTESIAN_POINT('',(-3.775E0,0.E0,-6.525E0));
#588=DIRECTION('',(0.E0,0.E0,-1.E0));
#589=DIRECTION('',(-1.E0,0.E0,0.E0));
#590=AXIS2_PLACEMENT_3D('',#587,#588,#589);
#591=PLANE('',#590);
#592=ORIENTED_EDGE('',*,*,#477,.T.);
#593=ORIENTED_EDGE('',*,*,#569,.T.);
#594=ORIENTED_EDGE('',*,*,#555,.F.);
#595=ORIENTED_EDGE('',*,*,#580,.F.);
#596=EDGE_LOOP('',(#592,#593,#594,#595));
#597=FACE_OUTER_BOUND('',#596,.F.);
#598=ADVANCED_FACE('',(#597),#591,.F.);
#599=CLOSED_SHELL('',(#483,#498,#512,#526,#539,#559,#573,#586,#598));
#600=MANIFOLD_SOLID_BREP('',#599);
#601=FILL_AREA_STYLE_COLOUR('',#8);
#602=FILL_AREA_STYLE('',(#601));
#603=SURFACE_STYLE_FILL_AREA(#602);
#604=SURFACE_SIDE_STYLE('',(#603));
#605=SURFACE_STYLE_USAGE(.BOTH.,#604);
#606=PRESENTATION_STYLE_ASSIGNMENT((#605));
#284=STYLED_ITEM('',(#606),#600);
#608=DIMENSIONAL_EXPONENTS(0.E0,0.E0,0.E0,0.E0,0.E0,0.E0,0.E0);
#610=PLANE_ANGLE_MEASURE_WITH_UNIT(PLANE_ANGLE_MEASURE(1.745329251994E-2),#609);
#611=(CONVERSION_BASED_UNIT('DEGREE',#610)NAMED_UNIT(*)PLANE_ANGLE_UNIT());
#613=UNCERTAINTY_MEASURE_WITH_UNIT(LENGTH_MEASURE(1.399059827714E-4),#607,
'closure',
'Maximum model space distance between geometric entities at asserted connectivities');
#614=(GEOMETRIC_REPRESENTATION_CONTEXT(3)GLOBAL_UNCERTAINTY_ASSIGNED_CONTEXT((
#613))GLOBAL_UNIT_ASSIGNED_CONTEXT((#607,#611,#612))REPRESENTATION_CONTEXT
('ID2','3'));
#615=CARTESIAN_POINT('',(0.E0,0.E0,0.E0));
#616=DIRECTION('',(0.E0,0.E0,1.E0));
#617=DIRECTION('',(1.E0,0.E0,0.E0));
#620=MECHANICAL_CONTEXT('',#262,'mechanical');
#621=PRODUCT('SMASK_BGA_BTM','SMASK_BGA_BTM','NOT SPECIFIED',(#620));
#622=PRODUCT_DEFINITION_FORMATION_WITH_SPECIFIED_SOURCE('46','LAST_VERSION',
#621,.MADE.);
#628=CARTESIAN_POINT('',(0.E0,0.E0,2.15E-1));
#629=DIRECTION('',(0.E0,-1.E0,0.E0));
#630=DIRECTION('',(1.E0,0.E0,0.E0));
#631=AXIS2_PLACEMENT_3D('',#628,#629,#630);
#632=ITEM_DEFINED_TRANSFORMATION('','',#618,#631);
#633=(REPRESENTATION_RELATIONSHIP('','',#619,#273)REPRESENTATION_RELATIONSHIP_WITH_TRANSFORMATION(#632)SHAPE_REPRESENTATION_RELATIONSHIP());
#634=CONTEXT_DEPENDENT_SHAPE_REPRESENTATION(#633,#627);
#637=DIRECTION('',(0.E0,0.E0,1.E0));
#638=VECTOR('',#637,1.34E1);
#639=CARTESIAN_POINT('',(-4.25E0,0.E0,-6.7E0));
#640=LINE('',#639,#638);
#641=CURVE_STYLE('',#48,POSITIVE_LENGTH_MEASURE(2.E-2),#635);
#642=PRESENTATION_STYLE_ASSIGNMENT((#641));
#643=STYLED_ITEM('',(#642),#640);
#644=DIRECTION('',(1.E0,0.E0,0.E0));
#645=VECTOR('',#644,8.5E0);
#646=CARTESIAN_POINT('',(-4.25E0,0.E0,6.7E0));
#647=LINE('',#646,#645);
#648=CURVE_STYLE('',#48,POSITIVE_LENGTH_MEASURE(2.E-2),#635);
#649=PRESENTATION_STYLE_ASSIGNMENT((#648));
#650=STYLED_ITEM('',(#649),#647);
#651=DIRECTION('',(0.E0,0.E0,-1.E0));
#652=VECTOR('',#651,1.34E1);
#653=CARTESIAN_POINT('',(4.25E0,0.E0,6.7E0));
#654=LINE('',#653,#652);
#655=CURVE_STYLE('',#48,POSITIVE_LENGTH_MEASURE(2.E-2),#635);
#656=PRESENTATION_STYLE_ASSIGNMENT((#655));
#657=STYLED_ITEM('',(#656),#654);
#658=DIRECTION('',(-1.E0,0.E0,0.E0));
#659=VECTOR('',#658,8.5E0);
#660=CARTESIAN_POINT('',(4.25E0,0.E0,-6.7E0));
#661=LINE('',#660,#659);
#662=CURVE_STYLE('',#48,POSITIVE_LENGTH_MEASURE(2.E-2),#635);
#663=PRESENTATION_STYLE_ASSIGNMENT((#662));
#664=STYLED_ITEM('',(#663),#661);
#665=DIRECTION('',(0.E0,1.E0,0.E0));
#666=VECTOR('',#665,3.2E-1);
#667=CARTESIAN_POINT('',(-4.25E0,0.E0,-6.7E0));
#668=LINE('',#667,#666);
#669=CURVE_STYLE('',#48,POSITIVE_LENGTH_MEASURE(2.E-2),#635);
#670=PRESENTATION_STYLE_ASSIGNMENT((#669));
#671=STYLED_ITEM('',(#670),#668);
#672=DIRECTION('',(0.E0,1.E0,0.E0));
#673=VECTOR('',#672,3.2E-1);
#674=CARTESIAN_POINT('',(4.25E0,0.E0,-6.7E0));
#675=LINE('',#674,#673);
#676=CURVE_STYLE('',#48,POSITIVE_LENGTH_MEASURE(2.E-2),#635);
#677=PRESENTATION_STYLE_ASSIGNMENT((#676));
#678=STYLED_ITEM('',(#677),#675);
#679=DIRECTION('',(0.E0,1.E0,0.E0));
#680=VECTOR('',#679,3.2E-1);
#681=CARTESIAN_POINT('',(4.25E0,0.E0,6.7E0));
#682=LINE('',#681,#680);
#683=CURVE_STYLE('',#48,POSITIVE_LENGTH_MEASURE(2.E-2),#635);
#684=PRESENTATION_STYLE_ASSIGNMENT((#683));
#685=STYLED_ITEM('',(#684),#682);
#686=DIRECTION('',(0.E0,1.E0,0.E0));
#687=VECTOR('',#686,3.2E-1);
#688=CARTESIAN_POINT('',(-4.25E0,0.E0,6.7E0));
#689=LINE('',#688,#687);
#690=CURVE_STYLE('',#48,POSITIVE_LENGTH_MEASURE(2.E-2),#635);
#691=PRESENTATION_STYLE_ASSIGNMENT((#690));
#692=STYLED_ITEM('',(#691),#689);
#693=DIRECTION('',(0.E0,0.E0,1.E0));
#694=VECTOR('',#693,1.34E1);
#695=CARTESIAN_POINT('',(-4.25E0,3.2E-1,-6.7E0));
#696=LINE('',#695,#694);
#697=CURVE_STYLE('',#48,POSITIVE_LENGTH_MEASURE(2.E-2),#635);
#698=PRESENTATION_STYLE_ASSIGNMENT((#697));
#699=STYLED_ITEM('',(#698),#696);
#700=DIRECTION('',(-1.E0,0.E0,0.E0));
#701=VECTOR('',#700,8.5E0);
#702=CARTESIAN_POINT('',(4.25E0,3.2E-1,-6.7E0));
#703=LINE('',#702,#701);
#704=CURVE_STYLE('',#48,POSITIVE_LENGTH_MEASURE(2.E-2),#635);
#705=PRESENTATION_STYLE_ASSIGNMENT((#704));
#706=STYLED_ITEM('',(#705),#703);
#707=DIRECTION('',(0.E0,0.E0,-1.E0));
#708=VECTOR('',#707,1.34E1);
#709=CARTESIAN_POINT('',(4.25E0,3.2E-1,6.7E0));
#710=LINE('',#709,#708);
#711=CURVE_STYLE('',#48,POSITIVE_LENGTH_MEASURE(2.E-2),#635);
#712=PRESENTATION_STYLE_ASSIGNMENT((#711));
#713=STYLED_ITEM('',(#712),#710);
#714=DIRECTION('',(1.E0,0.E0,0.E0));
#715=VECTOR('',#714,8.5E0);
#716=CARTESIAN_POINT('',(-4.25E0,3.2E-1,6.7E0));
#717=LINE('',#716,#715);
#718=CURVE_STYLE('',#48,POSITIVE_LENGTH_MEASURE(2.E-2),#635);
#719=PRESENTATION_STYLE_ASSIGNMENT((#718));
#720=STYLED_ITEM('',(#719),#717);
#721=CARTESIAN_POINT('',(-4.25E0,0.E0,-6.7E0));
#722=CARTESIAN_POINT('',(-4.25E0,0.E0,6.7E0));
#723=VERTEX_POINT('',#721);
#724=VERTEX_POINT('',#722);
#725=CARTESIAN_POINT('',(4.25E0,0.E0,6.7E0));
#726=VERTEX_POINT('',#725);
#727=CARTESIAN_POINT('',(4.25E0,0.E0,-6.7E0));
#728=VERTEX_POINT('',#727);
#729=CARTESIAN_POINT('',(-4.25E0,3.2E-1,-6.7E0));
#730=CARTESIAN_POINT('',(-4.25E0,3.2E-1,6.7E0));
#731=VERTEX_POINT('',#729);
#732=VERTEX_POINT('',#730);
#733=CARTESIAN_POINT('',(4.25E0,3.2E-1,6.7E0));
#734=VERTEX_POINT('',#733);
#735=CARTESIAN_POINT('',(4.25E0,3.2E-1,-6.7E0));
#736=VERTEX_POINT('',#735);
#737=CARTESIAN_POINT('',(0.E0,0.E0,0.E0));
#738=DIRECTION('',(0.E0,1.E0,0.E0));
#739=DIRECTION('',(1.E0,0.E0,0.E0));
#740=AXIS2_PLACEMENT_3D('',#737,#738,#739);
#741=PLANE('',#740);
#743=ORIENTED_EDGE('',*,*,#742,.T.);
#745=ORIENTED_EDGE('',*,*,#744,.T.);
#747=ORIENTED_EDGE('',*,*,#746,.T.);
#749=ORIENTED_EDGE('',*,*,#748,.T.);
#750=EDGE_LOOP('',(#743,#745,#747,#749));
#751=FACE_OUTER_BOUND('',#750,.F.);
#752=ADVANCED_FACE('',(#751),#741,.F.);
#753=CARTESIAN_POINT('',(-4.25E0,0.E0,-6.7E0));
#754=DIRECTION('',(-1.E0,0.E0,0.E0));
#755=DIRECTION('',(0.E0,0.E0,1.E0));
#756=AXIS2_PLACEMENT_3D('',#753,#754,#755);
#757=PLANE('',#756);
#758=ORIENTED_EDGE('',*,*,#742,.F.);
#760=ORIENTED_EDGE('',*,*,#759,.T.);
#762=ORIENTED_EDGE('',*,*,#761,.T.);
#764=ORIENTED_EDGE('',*,*,#763,.F.);
#765=EDGE_LOOP('',(#758,#760,#762,#764));
#766=FACE_OUTER_BOUND('',#765,.F.);
#767=ADVANCED_FACE('',(#766),#757,.T.);
#768=CARTESIAN_POINT('',(4.25E0,0.E0,-6.7E0));
#769=DIRECTION('',(0.E0,0.E0,-1.E0));
#770=DIRECTION('',(-1.E0,0.E0,0.E0));
#771=AXIS2_PLACEMENT_3D('',#768,#769,#770);
#772=PLANE('',#771);
#773=ORIENTED_EDGE('',*,*,#748,.F.);
#775=ORIENTED_EDGE('',*,*,#774,.T.);
#777=ORIENTED_EDGE('',*,*,#776,.T.);
#778=ORIENTED_EDGE('',*,*,#759,.F.);
#779=EDGE_LOOP('',(#773,#775,#777,#778));
#780=FACE_OUTER_BOUND('',#779,.F.);
#781=ADVANCED_FACE('',(#780),#772,.T.);
#782=CARTESIAN_POINT('',(4.25E0,0.E0,6.7E0));
#783=DIRECTION('',(1.E0,0.E0,0.E0));
#784=DIRECTION('',(0.E0,0.E0,-1.E0));
#785=AXIS2_PLACEMENT_3D('',#782,#783,#784);
#786=PLANE('',#785);
#787=ORIENTED_EDGE('',*,*,#746,.F.);
#789=ORIENTED_EDGE('',*,*,#788,.T.);
#791=ORIENTED_EDGE('',*,*,#790,.T.);
#792=ORIENTED_EDGE('',*,*,#774,.F.);
#793=EDGE_LOOP('',(#787,#789,#791,#792));
#794=FACE_OUTER_BOUND('',#793,.F.);
#795=ADVANCED_FACE('',(#794),#786,.T.);
#796=CARTESIAN_POINT('',(-4.25E0,0.E0,6.7E0));
#797=DIRECTION('',(0.E0,0.E0,1.E0));
#798=DIRECTION('',(1.E0,0.E0,0.E0));
#799=AXIS2_PLACEMENT_3D('',#796,#797,#798);
#800=PLANE('',#799);
#801=ORIENTED_EDGE('',*,*,#744,.F.);
#802=ORIENTED_EDGE('',*,*,#763,.T.);
#804=ORIENTED_EDGE('',*,*,#803,.T.);
#805=ORIENTED_EDGE('',*,*,#788,.F.);
#806=EDGE_LOOP('',(#801,#802,#804,#805));
#807=FACE_OUTER_BOUND('',#806,.F.);
#808=ADVANCED_FACE('',(#807),#800,.T.);
#809=CARTESIAN_POINT('',(0.E0,3.2E-1,0.E0));
#810=DIRECTION('',(0.E0,1.E0,0.E0));
#811=DIRECTION('',(1.E0,0.E0,0.E0));
#812=AXIS2_PLACEMENT_3D('',#809,#810,#811);
#813=PLANE('',#812);
#814=ORIENTED_EDGE('',*,*,#761,.F.);
#815=ORIENTED_EDGE('',*,*,#776,.F.);
#816=ORIENTED_EDGE('',*,*,#790,.F.);
#817=ORIENTED_EDGE('',*,*,#803,.F.);
#818=EDGE_LOOP('',(#814,#815,#816,#817));
#819=FACE_OUTER_BOUND('',#818,.F.);
#820=ADVANCED_FACE('',(#819),#813,.T.);
#821=CLOSED_SHELL('',(#752,#767,#781,#795,#808,#820));
#822=MANIFOLD_SOLID_BREP('',#821);
#823=FILL_AREA_STYLE_COLOUR('',#635);
#824=FILL_AREA_STYLE('',(#823));
#825=SURFACE_STYLE_FILL_AREA(#824);
#826=SURFACE_SIDE_STYLE('',(#825));
#827=SURFACE_STYLE_USAGE(.BOTH.,#826);
#828=PRESENTATION_STYLE_ASSIGNMENT((#827));
#636=STYLED_ITEM('',(#828),#822);
#830=DIMENSIONAL_EXPONENTS(0.E0,0.E0,0.E0,0.E0,0.E0,0.E0,0.E0);
#832=PLANE_ANGLE_MEASURE_WITH_UNIT(PLANE_ANGLE_MEASURE(1.745329251994E-2),#831);
#833=(CONVERSION_BASED_UNIT('DEGREE',#832)NAMED_UNIT(*)PLANE_ANGLE_UNIT());
#835=UNCERTAINTY_MEASURE_WITH_UNIT(LENGTH_MEASURE(1.745467631552E-3),#829,
'closure',
'Maximum model space distance between geometric entities at asserted connectivities');
#836=(GEOMETRIC_REPRESENTATION_CONTEXT(3)GLOBAL_UNCERTAINTY_ASSIGNED_CONTEXT((
#835))GLOBAL_UNIT_ASSIGNED_CONTEXT((#829,#833,#834))REPRESENTATION_CONTEXT
('ID3','3'));
#837=CARTESIAN_POINT('',(0.E0,0.E0,0.E0));
#838=DIRECTION('',(0.E0,0.E0,1.E0));
#839=DIRECTION('',(1.E0,0.E0,0.E0));
#842=DESIGN_CONTEXT('',#262,'design');
#843=MECHANICAL_CONTEXT('',#262,'mechanical');
#844=PRODUCT('MOLD-FCBGA','MOLD-FCBGA','NOT SPECIFIED',(#843));
#845=PRODUCT_DEFINITION_FORMATION_WITH_SPECIFIED_SOURCE('24','LAST_VERSION',
#844,.MADE.);
#851=CARTESIAN_POINT('',(0.E0,0.E0,5.E-1));
#852=DIRECTION('',(0.E0,-1.E0,0.E0));
#853=DIRECTION('',(1.E0,0.E0,0.E0));
#854=AXIS2_PLACEMENT_3D('',#851,#852,#853);
#855=ITEM_DEFINED_TRANSFORMATION('','',#840,#854);
#856=(REPRESENTATION_RELATIONSHIP('','',#841,#273)REPRESENTATION_RELATIONSHIP_WITH_TRANSFORMATION(#855)SHAPE_REPRESENTATION_RELATIONSHIP());
#857=CONTEXT_DEPENDENT_SHAPE_REPRESENTATION(#856,#850);
#859=CARTESIAN_POINT('',(0.E0,0.E0,0.E0));
#860=DIRECTION('',(0.E0,-1.E0,0.E0));
#861=DIRECTION('',(1.E0,0.E0,0.E0));
#862=AXIS2_PLACEMENT_3D('',#859,#860,#861);
#864=CURVE_STYLE('',#48,POSITIVE_LENGTH_MEASURE(2.E-2),#42);
#865=PRESENTATION_STYLE_ASSIGNMENT((#864));
#866=STYLED_ITEM('',(#865),#863);
#867=CARTESIAN_POINT('',(0.E0,7.E-2,0.E0));
#868=DIRECTION('',(0.E0,0.E0,1.E0));
#869=DIRECTION('',(8.844332774281E-1,-4.666666666667E-1,0.E0));
#870=AXIS2_PLACEMENT_3D('',#867,#868,#869);
#872=CURVE_STYLE('',#48,POSITIVE_LENGTH_MEASURE(2.E-2),#42);
#873=PRESENTATION_STYLE_ASSIGNMENT((#872));
#874=STYLED_ITEM('',(#873),#871);
#875=CARTESIAN_POINT('',(0.E0,7.E-2,0.E0));
#876=DIRECTION('',(0.E0,0.E0,-1.E0));
#877=DIRECTION('',(-8.844332774281E-1,-4.666666666667E-1,0.E0));
#878=AXIS2_PLACEMENT_3D('',#875,#876,#877);
#880=CURVE_STYLE('',#48,POSITIVE_LENGTH_MEASURE(2.E-2),#42);
#881=PRESENTATION_STYLE_ASSIGNMENT((#880));
#882=STYLED_ITEM('',(#881),#879);
#883=CARTESIAN_POINT('',(0.E0,0.E0,0.E0));
#884=DIRECTION('',(0.E0,1.E0,0.E0));
#885=DIRECTION('',(1.E0,0.E0,0.E0));
#886=AXIS2_PLACEMENT_3D('',#883,#884,#885);
#888=CURVE_STYLE('',#48,POSITIVE_LENGTH_MEASURE(2.E-2),#42);
#889=PRESENTATION_STYLE_ASSIGNMENT((#888));
#890=STYLED_ITEM('',(#889),#887);
#891=CARTESIAN_POINT('',(1.326649916142E-1,0.E0,0.E0));
#892=CARTESIAN_POINT('',(0.E0,2.2E-1,0.E0));
#893=VERTEX_POINT('',#891);
#894=VERTEX_POINT('',#892);
#895=CARTESIAN_POINT('',(-1.326649916142E-1,0.E0,0.E0));
#896=VERTEX_POINT('',#895);
#897=CARTESIAN_POINT('',(0.E0,7.E-2,0.E0));
#898=DIRECTION('',(0.E0,-1.E0,0.E0));
#899=DIRECTION('',(-1.E0,0.E0,0.E0));
#900=AXIS2_PLACEMENT_3D('',#897,#898,#899);
#901=SPHERICAL_SURFACE('',#900,1.5E-1);
#903=ORIENTED_EDGE('',*,*,#902,.F.);
#905=ORIENTED_EDGE('',*,*,#904,.T.);
#907=ORIENTED_EDGE('',*,*,#906,.T.);
#908=EDGE_LOOP('',(#903,#905,#907));
#909=FACE_OUTER_BOUND('',#908,.F.);
#910=ADVANCED_FACE('',(#909),#901,.T.);
#911=CARTESIAN_POINT('',(0.E0,7.E-2,0.E0));
#912=DIRECTION('',(0.E0,-1.E0,0.E0));
#913=DIRECTION('',(-1.E0,0.E0,0.E0));
#914=AXIS2_PLACEMENT_3D('',#911,#912,#913);
#915=SPHERICAL_SURFACE('',#914,1.5E-1);
#916=ORIENTED_EDGE('',*,*,#902,.T.);
#917=ORIENTED_EDGE('',*,*,#906,.F.);
#919=ORIENTED_EDGE('',*,*,#918,.F.);
#920=EDGE_LOOP('',(#916,#917,#919));
#921=FACE_OUTER_BOUND('',#920,.F.);
#922=ADVANCED_FACE('',(#921),#915,.T.);
#923=CARTESIAN_POINT('',(0.E0,0.E0,0.E0));
#924=DIRECTION('',(0.E0,-1.E0,0.E0));
#925=DIRECTION('',(-1.E0,0.E0,0.E0));
#926=AXIS2_PLACEMENT_3D('',#923,#924,#925);
#927=PLANE('',#926);
#928=ORIENTED_EDGE('',*,*,#918,.T.);
#929=ORIENTED_EDGE('',*,*,#904,.F.);
#930=EDGE_LOOP('',(#928,#929));
#931=FACE_OUTER_BOUND('',#930,.F.);
#932=ADVANCED_FACE('',(#931),#927,.T.);
#933=CLOSED_SHELL('',(#910,#922,#932));
#934=MANIFOLD_SOLID_BREP('',#933);
#935=FILL_AREA_STYLE_COLOUR('',#42);
#936=FILL_AREA_STYLE('',(#935));
#937=SURFACE_STYLE_FILL_AREA(#936);
#938=SURFACE_SIDE_STYLE('',(#937));
#939=SURFACE_STYLE_USAGE(.BOTH.,#938);
#940=PRESENTATION_STYLE_ASSIGNMENT((#939));
#858=STYLED_ITEM('',(#940),#934);
#942=DIMENSIONAL_EXPONENTS(0.E0,0.E0,0.E0,0.E0,0.E0,0.E0,0.E0);
#944=PLANE_ANGLE_MEASURE_WITH_UNIT(PLANE_ANGLE_MEASURE(1.745329251994E-2),#943);
#945=(CONVERSION_BASED_UNIT('DEGREE',#944)NAMED_UNIT(*)PLANE_ANGLE_UNIT());
#947=UNCERTAINTY_MEASURE_WITH_UNIT(LENGTH_MEASURE(4.778930093289E-5),#941,
'closure',
'Maximum model space distance between geometric entities at asserted connectivities');
#948=(GEOMETRIC_REPRESENTATION_CONTEXT(3)GLOBAL_UNCERTAINTY_ASSIGNED_CONTEXT((
#947))GLOBAL_UNIT_ASSIGNED_CONTEXT((#941,#945,#946))REPRESENTATION_CONTEXT
('ID4','3'));
#949=CARTESIAN_POINT('',(0.E0,0.E0,0.E0));
#950=DIRECTION('',(0.E0,0.E0,1.E0));
#951=DIRECTION('',(1.E0,0.E0,0.E0));
#954=MECHANICAL_CONTEXT('',#262,'mechanical');
#955=PRODUCT('SOLDER_BALL','SOLDER_BALL','NOT SPECIFIED',(#954));
#956=PRODUCT_DEFINITION_FORMATION_WITH_SPECIFIED_SOURCE('20','LAST_VERSION',
#955,.MADE.);
#962=CARTESIAN_POINT('',(-3.5355E0,6.3639E0,2.15E-1));
#963=DIRECTION('',(0.E0,1.E0,0.E0));
#964=DIRECTION('',(1.E0,0.E0,0.E0));
#965=AXIS2_PLACEMENT_3D('',#962,#963,#964);
#966=ITEM_DEFINED_TRANSFORMATION('','',#952,#965);
#967=(REPRESENTATION_RELATIONSHIP('','',#953,#273)REPRESENTATION_RELATIONSHIP_WITH_TRANSFORMATION(#966)SHAPE_REPRESENTATION_RELATIONSHIP());
#968=CONTEXT_DEPENDENT_SHAPE_REPRESENTATION(#967,#961);
#971=CARTESIAN_POINT('',(-2.8284E0,6.3639E0,2.15E-1));
#972=DIRECTION('',(0.E0,1.E0,0.E0));
#973=DIRECTION('',(1.E0,0.E0,0.E0));
#974=AXIS2_PLACEMENT_3D('',#971,#972,#973);
#975=ITEM_DEFINED_TRANSFORMATION('','',#952,#974);
#976=(REPRESENTATION_RELATIONSHIP('','',#953,#273)REPRESENTATION_RELATIONSHIP_WITH_TRANSFORMATION(#975)SHAPE_REPRESENTATION_RELATIONSHIP());
#977=CONTEXT_DEPENDENT_SHAPE_REPRESENTATION(#976,#970);
#980=CARTESIAN_POINT('',(-1.4142E0,6.3639E0,2.15E-1));
#981=DIRECTION('',(0.E0,1.E0,0.E0));
#982=DIRECTION('',(1.E0,0.E0,0.E0));
#983=AXIS2_PLACEMENT_3D('',#980,#981,#982);
#984=ITEM_DEFINED_TRANSFORMATION('','',#952,#983);
#985=(REPRESENTATION_RELATIONSHIP('','',#953,#273)REPRESENTATION_RELATIONSHIP_WITH_TRANSFORMATION(#984)SHAPE_REPRESENTATION_RELATIONSHIP());
#986=CONTEXT_DEPENDENT_SHAPE_REPRESENTATION(#985,#979);
#989=CARTESIAN_POINT('',(-7.071E-1,6.3639E0,2.15E-1));
#990=DIRECTION('',(0.E0,1.E0,0.E0));
#991=DIRECTION('',(1.E0,0.E0,0.E0));
#992=AXIS2_PLACEMENT_3D('',#989,#990,#991);
#993=ITEM_DEFINED_TRANSFORMATION('','',#952,#992);
#994=(REPRESENTATION_RELATIONSHIP('','',#953,#273)REPRESENTATION_RELATIONSHIP_WITH_TRANSFORMATION(#993)SHAPE_REPRESENTATION_RELATIONSHIP());
#995=CONTEXT_DEPENDENT_SHAPE_REPRESENTATION(#994,#988);
#998=CARTESIAN_POINT('',(0.E0,6.3639E0,2.15E-1));
#999=DIRECTION('',(0.E0,1.E0,0.E0));
#1000=DIRECTION('',(1.E0,0.E0,0.E0));
#1001=AXIS2_PLACEMENT_3D('',#998,#999,#1000);
#1002=ITEM_DEFINED_TRANSFORMATION('','',#952,#1001);
#1003=(REPRESENTATION_RELATIONSHIP('','',#953,#273)REPRESENTATION_RELATIONSHIP_WITH_TRANSFORMATION(#1002)SHAPE_REPRESENTATION_RELATIONSHIP());
#1004=CONTEXT_DEPENDENT_SHAPE_REPRESENTATION(#1003,#997);
#1007=CARTESIAN_POINT('',(7.071E-1,6.3639E0,2.15E-1));
#1008=DIRECTION('',(0.E0,1.E0,0.E0));
#1009=DIRECTION('',(1.E0,0.E0,0.E0));
#1010=AXIS2_PLACEMENT_3D('',#1007,#1008,#1009);
#1011=ITEM_DEFINED_TRANSFORMATION('','',#952,#1010);
#1012=(REPRESENTATION_RELATIONSHIP('','',#953,#273)REPRESENTATION_RELATIONSHIP_WITH_TRANSFORMATION(#1011)SHAPE_REPRESENTATION_RELATIONSHIP());
#1013=CONTEXT_DEPENDENT_SHAPE_REPRESENTATION(#1012,#1006);
#1016=CARTESIAN_POINT('',(1.4142E0,6.3639E0,2.15E-1));
#1017=DIRECTION('',(0.E0,1.E0,0.E0));
#1018=DIRECTION('',(1.E0,0.E0,0.E0));
#1019=AXIS2_PLACEMENT_3D('',#1016,#1017,#1018);
#1020=ITEM_DEFINED_TRANSFORMATION('','',#952,#1019);
#1021=(REPRESENTATION_RELATIONSHIP('','',#953,#273)REPRESENTATION_RELATIONSHIP_WITH_TRANSFORMATION(#1020)SHAPE_REPRESENTATION_RELATIONSHIP());
#1022=CONTEXT_DEPENDENT_SHAPE_REPRESENTATION(#1021,#1015);
#1025=CARTESIAN_POINT('',(2.8284E0,6.3639E0,2.15E-1));
#1026=DIRECTION('',(0.E0,1.E0,0.E0));
#1027=DIRECTION('',(1.E0,0.E0,0.E0));
#1028=AXIS2_PLACEMENT_3D('',#1025,#1026,#1027);
#1029=ITEM_DEFINED_TRANSFORMATION('','',#952,#1028);
#1030=(REPRESENTATION_RELATIONSHIP('','',#953,#273)REPRESENTATION_RELATIONSHIP_WITH_TRANSFORMATION(#1029)SHAPE_REPRESENTATION_RELATIONSHIP());
#1031=CONTEXT_DEPENDENT_SHAPE_REPRESENTATION(#1030,#1024);
#1034=CARTESIAN_POINT('',(3.5355E0,6.3639E0,2.15E-1));
#1035=DIRECTION('',(0.E0,1.E0,0.E0));
#1036=DIRECTION('',(1.E0,0.E0,0.E0));
#1037=AXIS2_PLACEMENT_3D('',#1034,#1035,#1036);
#1038=ITEM_DEFINED_TRANSFORMATION('','',#952,#1037);
#1039=(REPRESENTATION_RELATIONSHIP('','',#953,#273)REPRESENTATION_RELATIONSHIP_WITH_TRANSFORMATION(#1038)SHAPE_REPRESENTATION_RELATIONSHIP());
#1040=CONTEXT_DEPENDENT_SHAPE_REPRESENTATION(#1039,#1033);
#1043=CARTESIAN_POINT('',(-3.5355E0,5.6568E0,2.15E-1));
#1044=DIRECTION('',(0.E0,1.E0,0.E0));
#1045=DIRECTION('',(1.E0,0.E0,0.E0));
#1046=AXIS2_PLACEMENT_3D('',#1043,#1044,#1045);
#1047=ITEM_DEFINED_TRANSFORMATION('','',#952,#1046);
#1048=(REPRESENTATION_RELATIONSHIP('','',#953,#273)REPRESENTATION_RELATIONSHIP_WITH_TRANSFORMATION(#1047)SHAPE_REPRESENTATION_RELATIONSHIP());
#1049=CONTEXT_DEPENDENT_SHAPE_REPRESENTATION(#1048,#1042);
#1052=CARTESIAN_POINT('',(-2.8284E0,5.6568E0,2.15E-1));
#1053=DIRECTION('',(0.E0,1.E0,0.E0));
#1054=DIRECTION('',(1.E0,0.E0,0.E0));
#1055=AXIS2_PLACEMENT_3D('',#1052,#1053,#1054);
#1056=ITEM_DEFINED_TRANSFORMATION('','',#952,#1055);
#1057=(REPRESENTATION_RELATIONSHIP('','',#953,#273)REPRESENTATION_RELATIONSHIP_WITH_TRANSFORMATION(#1056)SHAPE_REPRESENTATION_RELATIONSHIP());
#1058=CONTEXT_DEPENDENT_SHAPE_REPRESENTATION(#1057,#1051);
#1061=CARTESIAN_POINT('',(-2.1213E0,5.6568E0,2.15E-1));
#1062=DIRECTION('',(0.E0,1.E0,0.E0));
#1063=DIRECTION('',(1.E0,0.E0,0.E0));
#1064=AXIS2_PLACEMENT_3D('',#1061,#1062,#1063);
#1065=ITEM_DEFINED_TRANSFORMATION('','',#952,#1064);
#1066=(REPRESENTATION_RELATIONSHIP('','',#953,#273)REPRESENTATION_RELATIONSHIP_WITH_TRANSFORMATION(#1065)SHAPE_REPRESENTATION_RELATIONSHIP());
#1067=CONTEXT_DEPENDENT_SHAPE_REPRESENTATION(#1066,#1060);
#1070=CARTESIAN_POINT('',(-1.4142E0,5.6568E0,2.15E-1));
#1071=DIRECTION('',(0.E0,1.E0,0.E0));
#1072=DIRECTION('',(1.E0,0.E0,0.E0));
#1073=AXIS2_PLACEMENT_3D('',#1070,#1071,#1072);
#1074=ITEM_DEFINED_TRANSFORMATION('','',#952,#1073);
#1075=(REPRESENTATION_RELATIONSHIP('','',#953,#273)REPRESENTATION_RELATIONSHIP_WITH_TRANSFORMATION(#1074)SHAPE_REPRESENTATION_RELATIONSHIP());
#1076=CONTEXT_DEPENDENT_SHAPE_REPRESENTATION(#1075,#1069);
#1079=CARTESIAN_POINT('',(-7.071E-1,5.6568E0,2.15E-1));
#1080=DIRECTION('',(0.E0,1.E0,0.E0));
#1081=DIRECTION('',(1.E0,0.E0,0.E0));
#1082=AXIS2_PLACEMENT_3D('',#1079,#1080,#1081);
#1083=ITEM_DEFINED_TRANSFORMATION('','',#952,#1082);
#1084=(REPRESENTATION_RELATIONSHIP('','',#953,#273)REPRESENTATION_RELATIONSHIP_WITH_TRANSFORMATION(#1083)SHAPE_REPRESENTATION_RELATIONSHIP());
#1085=CONTEXT_DEPENDENT_SHAPE_REPRESENTATION(#1084,#1078);
#1088=CARTESIAN_POINT('',(0.E0,5.6568E0,2.15E-1));
#1089=DIRECTION('',(0.E0,1.E0,0.E0));
#1090=DIRECTION('',(1.E0,0.E0,0.E0));
#1091=AXIS2_PLACEMENT_3D('',#1088,#1089,#1090);
#1092=ITEM_DEFINED_TRANSFORMATION('','',#952,#1091);
#1093=(REPRESENTATION_RELATIONSHIP('','',#953,#273)REPRESENTATION_RELATIONSHIP_WITH_TRANSFORMATION(#1092)SHAPE_REPRESENTATION_RELATIONSHIP());
#1094=CONTEXT_DEPENDENT_SHAPE_REPRESENTATION(#1093,#1087);
#1097=CARTESIAN_POINT('',(7.071E-1,5.6568E0,2.15E-1));
#1098=DIRECTION('',(0.E0,1.E0,0.E0));
#1099=DIRECTION('',(1.E0,0.E0,0.E0));
#1100=AXIS2_PLACEMENT_3D('',#1097,#1098,#1099);
#1101=ITEM_DEFINED_TRANSFORMATION('','',#952,#1100);
#1102=(REPRESENTATION_RELATIONSHIP('','',#953,#273)REPRESENTATION_RELATIONSHIP_WITH_TRANSFORMATION(#1101)SHAPE_REPRESENTATION_RELATIONSHIP());
#1103=CONTEXT_DEPENDENT_SHAPE_REPRESENTATION(#1102,#1096);
#1106=CARTESIAN_POINT('',(1.4142E0,5.6568E0,2.15E-1));
#1107=DIRECTION('',(0.E0,1.E0,0.E0));
#1108=DIRECTION('',(1.E0,0.E0,0.E0));
#1109=AXIS2_PLACEMENT_3D('',#1106,#1107,#1108);
#1110=ITEM_DEFINED_TRANSFORMATION('','',#952,#1109);
#1111=(REPRESENTATION_RELATIONSHIP('','',#953,#273)REPRESENTATION_RELATIONSHIP_WITH_TRANSFORMATION(#1110)SHAPE_REPRESENTATION_RELATIONSHIP());
#1112=CONTEXT_DEPENDENT_SHAPE_REPRESENTATION(#1111,#1105);
#1115=CARTESIAN_POINT('',(2.1213E0,5.6568E0,2.15E-1));
#1116=DIRECTION('',(0.E0,1.E0,0.E0));
#1117=DIRECTION('',(1.E0,0.E0,0.E0));
#1118=AXIS2_PLACEMENT_3D('',#1115,#1116,#1117);
#1119=ITEM_DEFINED_TRANSFORMATION('','',#952,#1118);
#1120=(REPRESENTATION_RELATIONSHIP('','',#953,#273)REPRESENTATION_RELATIONSHIP_WITH_TRANSFORMATION(#1119)SHAPE_REPRESENTATION_RELATIONSHIP());
#1121=CONTEXT_DEPENDENT_SHAPE_REPRESENTATION(#1120,#1114);
#1124=CARTESIAN_POINT('',(2.8284E0,5.6568E0,2.15E-1));
#1125=DIRECTION('',(0.E0,1.E0,0.E0));
#1126=DIRECTION('',(1.E0,0.E0,0.E0));
#1127=AXIS2_PLACEMENT_3D('',#1124,#1125,#1126);
#1128=ITEM_DEFINED_TRANSFORMATION('','',#952,#1127);
#1129=(REPRESENTATION_RELATIONSHIP('','',#953,#273)REPRESENTATION_RELATIONSHIP_WITH_TRANSFORMATION(#1128)SHAPE_REPRESENTATION_RELATIONSHIP());
#1130=CONTEXT_DEPENDENT_SHAPE_REPRESENTATION(#1129,#1123);
#1133=CARTESIAN_POINT('',(3.5355E0,5.6568E0,2.15E-1));
#1134=DIRECTION('',(0.E0,1.E0,0.E0));
#1135=DIRECTION('',(1.E0,0.E0,0.E0));
#1136=AXIS2_PLACEMENT_3D('',#1133,#1134,#1135);
#1137=ITEM_DEFINED_TRANSFORMATION('','',#952,#1136);
#1138=(REPRESENTATION_RELATIONSHIP('','',#953,#273)REPRESENTATION_RELATIONSHIP_WITH_TRANSFORMATION(#1137)SHAPE_REPRESENTATION_RELATIONSHIP());
#1139=CONTEXT_DEPENDENT_SHAPE_REPRESENTATION(#1138,#1132);
#1142=CARTESIAN_POINT('',(-3.5355E0,4.9497E0,2.15E-1));
#1143=DIRECTION('',(0.E0,1.E0,0.E0));
#1144=DIRECTION('',(1.E0,0.E0,0.E0));
#1145=AXIS2_PLACEMENT_3D('',#1142,#1143,#1144);
#1146=ITEM_DEFINED_TRANSFORMATION('','',#952,#1145);
#1147=(REPRESENTATION_RELATIONSHIP('','',#953,#273)REPRESENTATION_RELATIONSHIP_WITH_TRANSFORMATION(#1146)SHAPE_REPRESENTATION_RELATIONSHIP());
#1148=CONTEXT_DEPENDENT_SHAPE_REPRESENTATION(#1147,#1141);
#1151=CARTESIAN_POINT('',(-2.8284E0,4.9497E0,2.15E-1));
#1152=DIRECTION('',(0.E0,1.E0,0.E0));
#1153=DIRECTION('',(1.E0,0.E0,0.E0));
#1154=AXIS2_PLACEMENT_3D('',#1151,#1152,#1153);
#1155=ITEM_DEFINED_TRANSFORMATION('','',#952,#1154);
#1156=(REPRESENTATION_RELATIONSHIP('','',#953,#273)REPRESENTATION_RELATIONSHIP_WITH_TRANSFORMATION(#1155)SHAPE_REPRESENTATION_RELATIONSHIP());
#1157=CONTEXT_DEPENDENT_SHAPE_REPRESENTATION(#1156,#1150);
#1160=CARTESIAN_POINT('',(-2.1213E0,4.9497E0,2.15E-1));
#1161=DIRECTION('',(0.E0,1.E0,0.E0));
#1162=DIRECTION('',(1.E0,0.E0,0.E0));
#1163=AXIS2_PLACEMENT_3D('',#1160,#1161,#1162);
#1164=ITEM_DEFINED_TRANSFORMATION('','',#952,#1163);
#1165=(REPRESENTATION_RELATIONSHIP('','',#953,#273)REPRESENTATION_RELATIONSHIP_WITH_TRANSFORMATION(#1164)SHAPE_REPRESENTATION_RELATIONSHIP());
#1166=CONTEXT_DEPENDENT_SHAPE_REPRESENTATION(#1165,#1159);
#1169=CARTESIAN_POINT('',(-1.4142E0,4.9497E0,2.15E-1));
#1170=DIRECTION('',(0.E0,1.E0,0.E0));
#1171=DIRECTION('',(1.E0,0.E0,0.E0));
#1172=AXIS2_PLACEMENT_3D('',#1169,#1170,#1171);
#1173=ITEM_DEFINED_TRANSFORMATION('','',#952,#1172);
#1174=(REPRESENTATION_RELATIONSHIP('','',#953,#273)REPRESENTATION_RELATIONSHIP_WITH_TRANSFORMATION(#1173)SHAPE_REPRESENTATION_RELATIONSHIP());
#1175=CONTEXT_DEPENDENT_SHAPE_REPRESENTATION(#1174,#1168);
#1178=CARTESIAN_POINT('',(-7.071E-1,4.9497E0,2.15E-1));
#1179=DIRECTION('',(0.E0,1.E0,0.E0));
#1180=DIRECTION('',(1.E0,0.E0,0.E0));
#1181=AXIS2_PLACEMENT_3D('',#1178,#1179,#1180);
#1182=ITEM_DEFINED_TRANSFORMATION('','',#952,#1181);
#1183=(REPRESENTATION_RELATIONSHIP('','',#953,#273)REPRESENTATION_RELATIONSHIP_WITH_TRANSFORMATION(#1182)SHAPE_REPRESENTATION_RELATIONSHIP());
#1184=CONTEXT_DEPENDENT_SHAPE_REPRESENTATION(#1183,#1177);
#1187=CARTESIAN_POINT('',(0.E0,4.9497E0,2.15E-1));
#1188=DIRECTION('',(0.E0,1.E0,0.E0));
#1189=DIRECTION('',(1.E0,0.E0,0.E0));
#1190=AXIS2_PLACEMENT_3D('',#1187,#1188,#1189);
#1191=ITEM_DEFINED_TRANSFORMATION('','',#952,#1190);
#1192=(REPRESENTATION_RELATIONSHIP('','',#953,#273)REPRESENTATION_RELATIONSHIP_WITH_TRANSFORMATION(#1191)SHAPE_REPRESENTATION_RELATIONSHIP());
#1193=CONTEXT_DEPENDENT_SHAPE_REPRESENTATION(#1192,#1186);
#1196=CARTESIAN_POINT('',(7.071E-1,4.9497E0,2.15E-1));
#1197=DIRECTION('',(0.E0,1.E0,0.E0));
#1198=DIRECTION('',(1.E0,0.E0,0.E0));
#1199=AXIS2_PLACEMENT_3D('',#1196,#1197,#1198);
#1200=ITEM_DEFINED_TRANSFORMATION('','',#952,#1199);
#1201=(REPRESENTATION_RELATIONSHIP('','',#953,#273)REPRESENTATION_RELATIONSHIP_WITH_TRANSFORMATION(#1200)SHAPE_REPRESENTATION_RELATIONSHIP());
#1202=CONTEXT_DEPENDENT_SHAPE_REPRESENTATION(#1201,#1195);
#1205=CARTESIAN_POINT('',(1.4142E0,4.9497E0,2.15E-1));
#1206=DIRECTION('',(0.E0,1.E0,0.E0));
#1207=DIRECTION('',(1.E0,0.E0,0.E0));
#1208=AXIS2_PLACEMENT_3D('',#1205,#1206,#1207);
#1209=ITEM_DEFINED_TRANSFORMATION('','',#952,#1208);
#1210=(REPRESENTATION_RELATIONSHIP('','',#953,#273)REPRESENTATION_RELATIONSHIP_WITH_TRANSFORMATION(#1209)SHAPE_REPRESENTATION_RELATIONSHIP());
#1211=CONTEXT_DEPENDENT_SHAPE_REPRESENTATION(#1210,#1204);
#1214=CARTESIAN_POINT('',(2.1213E0,4.9497E0,2.15E-1));
#1215=DIRECTION('',(0.E0,1.E0,0.E0));
#1216=DIRECTION('',(1.E0,0.E0,0.E0));
#1217=AXIS2_PLACEMENT_3D('',#1214,#1215,#1216);
#1218=ITEM_DEFINED_TRANSFORMATION('','',#952,#1217);
#1219=(REPRESENTATION_RELATIONSHIP('','',#953,#273)REPRESENTATION_RELATIONSHIP_WITH_TRANSFORMATION(#1218)SHAPE_REPRESENTATION_RELATIONSHIP());
#1220=CONTEXT_DEPENDENT_SHAPE_REPRESENTATION(#1219,#1213);
#1223=CARTESIAN_POINT('',(2.8284E0,4.9497E0,2.15E-1));
#1224=DIRECTION('',(0.E0,1.E0,0.E0));
#1225=DIRECTION('',(1.E0,0.E0,0.E0));
#1226=AXIS2_PLACEMENT_3D('',#1223,#1224,#1225);
#1227=ITEM_DEFINED_TRANSFORMATION('','',#952,#1226);
#1228=(REPRESENTATION_RELATIONSHIP('','',#953,#273)REPRESENTATION_RELATIONSHIP_WITH_TRANSFORMATION(#1227)SHAPE_REPRESENTATION_RELATIONSHIP());
#1229=CONTEXT_DEPENDENT_SHAPE_REPRESENTATION(#1228,#1222);
#1232=CARTESIAN_POINT('',(3.5355E0,4.9497E0,2.15E-1));
#1233=DIRECTION('',(0.E0,1.E0,0.E0));
#1234=DIRECTION('',(1.E0,0.E0,0.E0));
#1235=AXIS2_PLACEMENT_3D('',#1232,#1233,#1234);
#1236=ITEM_DEFINED_TRANSFORMATION('','',#952,#1235);
#1237=(REPRESENTATION_RELATIONSHIP('','',#953,#273)REPRESENTATION_RELATIONSHIP_WITH_TRANSFORMATION(#1236)SHAPE_REPRESENTATION_RELATIONSHIP());
#1238=CONTEXT_DEPENDENT_SHAPE_REPRESENTATION(#1237,#1231);
#1241=CARTESIAN_POINT('',(-3.5355E0,4.2426E0,2.15E-1));
#1242=DIRECTION('',(0.E0,1.E0,0.E0));
#1243=DIRECTION('',(1.E0,0.E0,0.E0));
#1244=AXIS2_PLACEMENT_3D('',#1241,#1242,#1243);
#1245=ITEM_DEFINED_TRANSFORMATION('','',#952,#1244);
#1246=(REPRESENTATION_RELATIONSHIP('','',#953,#273)REPRESENTATION_RELATIONSHIP_WITH_TRANSFORMATION(#1245)SHAPE_REPRESENTATION_RELATIONSHIP());
#1247=CONTEXT_DEPENDENT_SHAPE_REPRESENTATION(#1246,#1240);
#1250=CARTESIAN_POINT('',(-2.8284E0,4.2426E0,2.15E-1));
#1251=DIRECTION('',(0.E0,1.E0,0.E0));
#1252=DIRECTION('',(1.E0,0.E0,0.E0));
#1253=AXIS2_PLACEMENT_3D('',#1250,#1251,#1252);
#1254=ITEM_DEFINED_TRANSFORMATION('','',#952,#1253);
#1255=(REPRESENTATION_RELATIONSHIP('','',#953,#273)REPRESENTATION_RELATIONSHIP_WITH_TRANSFORMATION(#1254)SHAPE_REPRESENTATION_RELATIONSHIP());
#1256=CONTEXT_DEPENDENT_SHAPE_REPRESENTATION(#1255,#1249);
#1259=CARTESIAN_POINT('',(-2.1213E0,4.2426E0,2.15E-1));
#1260=DIRECTION('',(0.E0,1.E0,0.E0));
#1261=DIRECTION('',(1.E0,0.E0,0.E0));
#1262=AXIS2_PLACEMENT_3D('',#1259,#1260,#1261);
#1263=ITEM_DEFINED_TRANSFORMATION('','',#952,#1262);
#1264=(REPRESENTATION_RELATIONSHIP('','',#953,#273)REPRESENTATION_RELATIONSHIP_WITH_TRANSFORMATION(#1263)SHAPE_REPRESENTATION_RELATIONSHIP());
#1265=CONTEXT_DEPENDENT_SHAPE_REPRESENTATION(#1264,#1258);
#1268=CARTESIAN_POINT('',(-1.4142E0,4.2426E0,2.15E-1));
#1269=DIRECTION('',(0.E0,1.E0,0.E0));
#1270=DIRECTION('',(1.E0,0.E0,0.E0));
#1271=AXIS2_PLACEMENT_3D('',#1268,#1269,#1270);
#1272=ITEM_DEFINED_TRANSFORMATION('','',#952,#1271);
#1273=(REPRESENTATION_RELATIONSHIP('','',#953,#273)REPRESENTATION_RELATIONSHIP_WITH_TRANSFORMATION(#1272)SHAPE_REPRESENTATION_RELATIONSHIP());
#1274=CONTEXT_DEPENDENT_SHAPE_REPRESENTATION(#1273,#1267);
#1277=CARTESIAN_POINT('',(-7.071E-1,4.2426E0,2.15E-1));
#1278=DIRECTION('',(0.E0,1.E0,0.E0));
#1279=DIRECTION('',(1.E0,0.E0,0.E0));
#1280=AXIS2_PLACEMENT_3D('',#1277,#1278,#1279);
#1281=ITEM_DEFINED_TRANSFORMATION('','',#952,#1280);
#1282=(REPRESENTATION_RELATIONSHIP('','',#953,#273)REPRESENTATION_RELATIONSHIP_WITH_TRANSFORMATION(#1281)SHAPE_REPRESENTATION_RELATIONSHIP());
#1283=CONTEXT_DEPENDENT_SHAPE_REPRESENTATION(#1282,#1276);
#1286=CARTESIAN_POINT('',(0.E0,4.2426E0,2.15E-1));
#1287=DIRECTION('',(0.E0,1.E0,0.E0));
#1288=DIRECTION('',(1.E0,0.E0,0.E0));
#1289=AXIS2_PLACEMENT_3D('',#1286,#1287,#1288);
#1290=ITEM_DEFINED_TRANSFORMATION('','',#952,#1289);
#1291=(REPRESENTATION_RELATIONSHIP('','',#953,#273)REPRESENTATION_RELATIONSHIP_WITH_TRANSFORMATION(#1290)SHAPE_REPRESENTATION_RELATIONSHIP());
#1292=CONTEXT_DEPENDENT_SHAPE_REPRESENTATION(#1291,#1285);
#1295=CARTESIAN_POINT('',(7.071E-1,4.2426E0,2.15E-1));
#1296=DIRECTION('',(0.E0,1.E0,0.E0));
#1297=DIRECTION('',(1.E0,0.E0,0.E0));
#1298=AXIS2_PLACEMENT_3D('',#1295,#1296,#1297);
#1299=ITEM_DEFINED_TRANSFORMATION('','',#952,#1298);
#1300=(REPRESENTATION_RELATIONSHIP('','',#953,#273)REPRESENTATION_RELATIONSHIP_WITH_TRANSFORMATION(#1299)SHAPE_REPRESENTATION_RELATIONSHIP());
#1301=CONTEXT_DEPENDENT_SHAPE_REPRESENTATION(#1300,#1294);
#1304=CARTESIAN_POINT('',(1.4142E0,4.2426E0,2.15E-1));
#1305=DIRECTION('',(0.E0,1.E0,0.E0));
#1306=DIRECTION('',(1.E0,0.E0,0.E0));
#1307=AXIS2_PLACEMENT_3D('',#1304,#1305,#1306);
#1308=ITEM_DEFINED_TRANSFORMATION('','',#952,#1307);
#1309=(REPRESENTATION_RELATIONSHIP('','',#953,#273)REPRESENTATION_RELATIONSHIP_WITH_TRANSFORMATION(#1308)SHAPE_REPRESENTATION_RELATIONSHIP());
#1310=CONTEXT_DEPENDENT_SHAPE_REPRESENTATION(#1309,#1303);
#1313=CARTESIAN_POINT('',(2.1213E0,4.2426E0,2.15E-1));
#1314=DIRECTION('',(0.E0,1.E0,0.E0));
#1315=DIRECTION('',(1.E0,0.E0,0.E0));
#1316=AXIS2_PLACEMENT_3D('',#1313,#1314,#1315);
#1317=ITEM_DEFINED_TRANSFORMATION('','',#952,#1316);
#1318=(REPRESENTATION_RELATIONSHIP('','',#953,#273)REPRESENTATION_RELATIONSHIP_WITH_TRANSFORMATION(#1317)SHAPE_REPRESENTATION_RELATIONSHIP());
#1319=CONTEXT_DEPENDENT_SHAPE_REPRESENTATION(#1318,#1312);
#1322=CARTESIAN_POINT('',(2.8284E0,4.2426E0,2.15E-1));
#1323=DIRECTION('',(0.E0,1.E0,0.E0));
#1324=DIRECTION('',(1.E0,0.E0,0.E0));
#1325=AXIS2_PLACEMENT_3D('',#1322,#1323,#1324);
#1326=ITEM_DEFINED_TRANSFORMATION('','',#952,#1325);
#1327=(REPRESENTATION_RELATIONSHIP('','',#953,#273)REPRESENTATION_RELATIONSHIP_WITH_TRANSFORMATION(#1326)SHAPE_REPRESENTATION_RELATIONSHIP());
#1328=CONTEXT_DEPENDENT_SHAPE_REPRESENTATION(#1327,#1321);
#1331=CARTESIAN_POINT('',(3.5355E0,4.2426E0,2.15E-1));
#1332=DIRECTION('',(0.E0,1.E0,0.E0));
#1333=DIRECTION('',(1.E0,0.E0,0.E0));
#1334=AXIS2_PLACEMENT_3D('',#1331,#1332,#1333);
#1335=ITEM_DEFINED_TRANSFORMATION('','',#952,#1334);
#1336=(REPRESENTATION_RELATIONSHIP('','',#953,#273)REPRESENTATION_RELATIONSHIP_WITH_TRANSFORMATION(#1335)SHAPE_REPRESENTATION_RELATIONSHIP());
#1337=CONTEXT_DEPENDENT_SHAPE_REPRESENTATION(#1336,#1330);
#1340=CARTESIAN_POINT('',(-3.5355E0,3.5355E0,2.15E-1));
#1341=DIRECTION('',(0.E0,1.E0,0.E0));
#1342=DIRECTION('',(1.E0,0.E0,0.E0));
#1343=AXIS2_PLACEMENT_3D('',#1340,#1341,#1342);
#1344=ITEM_DEFINED_TRANSFORMATION('','',#952,#1343);
#1345=(REPRESENTATION_RELATIONSHIP('','',#953,#273)REPRESENTATION_RELATIONSHIP_WITH_TRANSFORMATION(#1344)SHAPE_REPRESENTATION_RELATIONSHIP());
#1346=CONTEXT_DEPENDENT_SHAPE_REPRESENTATION(#1345,#1339);
#1349=CARTESIAN_POINT('',(-2.8284E0,3.5355E0,2.15E-1));
#1350=DIRECTION('',(0.E0,1.E0,0.E0));
#1351=DIRECTION('',(1.E0,0.E0,0.E0));
#1352=AXIS2_PLACEMENT_3D('',#1349,#1350,#1351);
#1353=ITEM_DEFINED_TRANSFORMATION('','',#952,#1352);
#1354=(REPRESENTATION_RELATIONSHIP('','',#953,#273)REPRESENTATION_RELATIONSHIP_WITH_TRANSFORMATION(#1353)SHAPE_REPRESENTATION_RELATIONSHIP());
#1355=CONTEXT_DEPENDENT_SHAPE_REPRESENTATION(#1354,#1348);
#1358=CARTESIAN_POINT('',(-2.1213E0,3.5355E0,2.15E-1));
#1359=DIRECTION('',(0.E0,1.E0,0.E0));
#1360=DIRECTION('',(1.E0,0.E0,0.E0));
#1361=AXIS2_PLACEMENT_3D('',#1358,#1359,#1360);
#1362=ITEM_DEFINED_TRANSFORMATION('','',#952,#1361);
#1363=(REPRESENTATION_RELATIONSHIP('','',#953,#273)REPRESENTATION_RELATIONSHIP_WITH_TRANSFORMATION(#1362)SHAPE_REPRESENTATION_RELATIONSHIP());
#1364=CONTEXT_DEPENDENT_SHAPE_REPRESENTATION(#1363,#1357);
#1367=CARTESIAN_POINT('',(-1.4142E0,3.5355E0,2.15E-1));
#1368=DIRECTION('',(0.E0,1.E0,0.E0));
#1369=DIRECTION('',(1.E0,0.E0,0.E0));
#1370=AXIS2_PLACEMENT_3D('',#1367,#1368,#1369);
#1371=ITEM_DEFINED_TRANSFORMATION('','',#952,#1370);
#1372=(REPRESENTATION_RELATIONSHIP('','',#953,#273)REPRESENTATION_RELATIONSHIP_WITH_TRANSFORMATION(#1371)SHAPE_REPRESENTATION_RELATIONSHIP());
#1373=CONTEXT_DEPENDENT_SHAPE_REPRESENTATION(#1372,#1366);
#1376=CARTESIAN_POINT('',(-7.071E-1,3.5355E0,2.15E-1));
#1377=DIRECTION('',(0.E0,1.E0,0.E0));
#1378=DIRECTION('',(1.E0,0.E0,0.E0));
#1379=AXIS2_PLACEMENT_3D('',#1376,#1377,#1378);
#1380=ITEM_DEFINED_TRANSFORMATION('','',#952,#1379);
#1381=(REPRESENTATION_RELATIONSHIP('','',#953,#273)REPRESENTATION_RELATIONSHIP_WITH_TRANSFORMATION(#1380)SHAPE_REPRESENTATION_RELATIONSHIP());
#1382=CONTEXT_DEPENDENT_SHAPE_REPRESENTATION(#1381,#1375);
#1385=CARTESIAN_POINT('',(0.E0,3.5355E0,2.15E-1));
#1386=DIRECTION('',(0.E0,1.E0,0.E0));
#1387=DIRECTION('',(1.E0,0.E0,0.E0));
#1388=AXIS2_PLACEMENT_3D('',#1385,#1386,#1387);
#1389=ITEM_DEFINED_TRANSFORMATION('','',#952,#1388);
#1390=(REPRESENTATION_RELATIONSHIP('','',#953,#273)REPRESENTATION_RELATIONSHIP_WITH_TRANSFORMATION(#1389)SHAPE_REPRESENTATION_RELATIONSHIP());
#1391=CONTEXT_DEPENDENT_SHAPE_REPRESENTATION(#1390,#1384);
#1394=CARTESIAN_POINT('',(7.071E-1,3.5355E0,2.15E-1));
#1395=DIRECTION('',(0.E0,1.E0,0.E0));
#1396=DIRECTION('',(1.E0,0.E0,0.E0));
#1397=AXIS2_PLACEMENT_3D('',#1394,#1395,#1396);
#1398=ITEM_DEFINED_TRANSFORMATION('','',#952,#1397);
#1399=(REPRESENTATION_RELATIONSHIP('','',#953,#273)REPRESENTATION_RELATIONSHIP_WITH_TRANSFORMATION(#1398)SHAPE_REPRESENTATION_RELATIONSHIP());
#1400=CONTEXT_DEPENDENT_SHAPE_REPRESENTATION(#1399,#1393);
#1403=CARTESIAN_POINT('',(1.4142E0,3.5355E0,2.15E-1));
#1404=DIRECTION('',(0.E0,1.E0,0.E0));
#1405=DIRECTION('',(1.E0,0.E0,0.E0));
#1406=AXIS2_PLACEMENT_3D('',#1403,#1404,#1405);
#1407=ITEM_DEFINED_TRANSFORMATION('','',#952,#1406);
#1408=(REPRESENTATION_RELATIONSHIP('','',#953,#273)REPRESENTATION_RELATIONSHIP_WITH_TRANSFORMATION(#1407)SHAPE_REPRESENTATION_RELATIONSHIP());
#1409=CONTEXT_DEPENDENT_SHAPE_REPRESENTATION(#1408,#1402);
#1412=CARTESIAN_POINT('',(2.1213E0,3.5355E0,2.15E-1));
#1413=DIRECTION('',(0.E0,1.E0,0.E0));
#1414=DIRECTION('',(1.E0,0.E0,0.E0));
#1415=AXIS2_PLACEMENT_3D('',#1412,#1413,#1414);
#1416=ITEM_DEFINED_TRANSFORMATION('','',#952,#1415);
#1417=(REPRESENTATION_RELATIONSHIP('','',#953,#273)REPRESENTATION_RELATIONSHIP_WITH_TRANSFORMATION(#1416)SHAPE_REPRESENTATION_RELATIONSHIP());
#1418=CONTEXT_DEPENDENT_SHAPE_REPRESENTATION(#1417,#1411);
#1421=CARTESIAN_POINT('',(2.8284E0,3.5355E0,2.15E-1));
#1422=DIRECTION('',(0.E0,1.E0,0.E0));
#1423=DIRECTION('',(1.E0,0.E0,0.E0));
#1424=AXIS2_PLACEMENT_3D('',#1421,#1422,#1423);
#1425=ITEM_DEFINED_TRANSFORMATION('','',#952,#1424);
#1426=(REPRESENTATION_RELATIONSHIP('','',#953,#273)REPRESENTATION_RELATIONSHIP_WITH_TRANSFORMATION(#1425)SHAPE_REPRESENTATION_RELATIONSHIP());
#1427=CONTEXT_DEPENDENT_SHAPE_REPRESENTATION(#1426,#1420);
#1430=CARTESIAN_POINT('',(3.5355E0,3.5355E0,2.15E-1));
#1431=DIRECTION('',(0.E0,1.E0,0.E0));
#1432=DIRECTION('',(1.E0,0.E0,0.E0));
#1433=AXIS2_PLACEMENT_3D('',#1430,#1431,#1432);
#1434=ITEM_DEFINED_TRANSFORMATION('','',#952,#1433);
#1435=(REPRESENTATION_RELATIONSHIP('','',#953,#273)REPRESENTATION_RELATIONSHIP_WITH_TRANSFORMATION(#1434)SHAPE_REPRESENTATION_RELATIONSHIP());
#1436=CONTEXT_DEPENDENT_SHAPE_REPRESENTATION(#1435,#1429);
#1439=CARTESIAN_POINT('',(-3.5355E0,2.8284E0,2.15E-1));
#1440=DIRECTION('',(0.E0,1.E0,0.E0));
#1441=DIRECTION('',(1.E0,0.E0,0.E0));
#1442=AXIS2_PLACEMENT_3D('',#1439,#1440,#1441);
#1443=ITEM_DEFINED_TRANSFORMATION('','',#952,#1442);
#1444=(REPRESENTATION_RELATIONSHIP('','',#953,#273)REPRESENTATION_RELATIONSHIP_WITH_TRANSFORMATION(#1443)SHAPE_REPRESENTATION_RELATIONSHIP());
#1445=CONTEXT_DEPENDENT_SHAPE_REPRESENTATION(#1444,#1438);
#1448=CARTESIAN_POINT('',(-2.8284E0,2.8284E0,2.15E-1));
#1449=DIRECTION('',(0.E0,1.E0,0.E0));
#1450=DIRECTION('',(1.E0,0.E0,0.E0));
#1451=AXIS2_PLACEMENT_3D('',#1448,#1449,#1450);
#1452=ITEM_DEFINED_TRANSFORMATION('','',#952,#1451);
#1453=(REPRESENTATION_RELATIONSHIP('','',#953,#273)REPRESENTATION_RELATIONSHIP_WITH_TRANSFORMATION(#1452)SHAPE_REPRESENTATION_RELATIONSHIP());
#1454=CONTEXT_DEPENDENT_SHAPE_REPRESENTATION(#1453,#1447);
#1457=CARTESIAN_POINT('',(-2.1213E0,2.8284E0,2.15E-1));
#1458=DIRECTION('',(0.E0,1.E0,0.E0));
#1459=DIRECTION('',(1.E0,0.E0,0.E0));
#1460=AXIS2_PLACEMENT_3D('',#1457,#1458,#1459);
#1461=ITEM_DEFINED_TRANSFORMATION('','',#952,#1460);
#1462=(REPRESENTATION_RELATIONSHIP('','',#953,#273)REPRESENTATION_RELATIONSHIP_WITH_TRANSFORMATION(#1461)SHAPE_REPRESENTATION_RELATIONSHIP());
#1463=CONTEXT_DEPENDENT_SHAPE_REPRESENTATION(#1462,#1456);
#1466=CARTESIAN_POINT('',(-1.4142E0,2.8284E0,2.15E-1));
#1467=DIRECTION('',(0.E0,1.E0,0.E0));
#1468=DIRECTION('',(1.E0,0.E0,0.E0));
#1469=AXIS2_PLACEMENT_3D('',#1466,#1467,#1468);
#1470=ITEM_DEFINED_TRANSFORMATION('','',#952,#1469);
#1471=(REPRESENTATION_RELATIONSHIP('','',#953,#273)REPRESENTATION_RELATIONSHIP_WITH_TRANSFORMATION(#1470)SHAPE_REPRESENTATION_RELATIONSHIP());
#1472=CONTEXT_DEPENDENT_SHAPE_REPRESENTATION(#1471,#1465);
#1475=CARTESIAN_POINT('',(-7.071E-1,2.8284E0,2.15E-1));
#1476=DIRECTION('',(0.E0,1.E0,0.E0));
#1477=DIRECTION('',(1.E0,0.E0,0.E0));
#1478=AXIS2_PLACEMENT_3D('',#1475,#1476,#1477);
#1479=ITEM_DEFINED_TRANSFORMATION('','',#952,#1478);
#1480=(REPRESENTATION_RELATIONSHIP('','',#953,#273)REPRESENTATION_RELATIONSHIP_WITH_TRANSFORMATION(#1479)SHAPE_REPRESENTATION_RELATIONSHIP());
#1481=CONTEXT_DEPENDENT_SHAPE_REPRESENTATION(#1480,#1474);
#1484=CARTESIAN_POINT('',(0.E0,2.8284E0,2.15E-1));
#1485=DIRECTION('',(0.E0,1.E0,0.E0));
#1486=DIRECTION('',(1.E0,0.E0,0.E0));
#1487=AXIS2_PLACEMENT_3D('',#1484,#1485,#1486);
#1488=ITEM_DEFINED_TRANSFORMATION('','',#952,#1487);
#1489=(REPRESENTATION_RELATIONSHIP('','',#953,#273)REPRESENTATION_RELATIONSHIP_WITH_TRANSFORMATION(#1488)SHAPE_REPRESENTATION_RELATIONSHIP());
#1490=CONTEXT_DEPENDENT_SHAPE_REPRESENTATION(#1489,#1483);
#1493=CARTESIAN_POINT('',(7.071E-1,2.8284E0,2.15E-1));
#1494=DIRECTION('',(0.E0,1.E0,0.E0));
#1495=DIRECTION('',(1.E0,0.E0,0.E0));
#1496=AXIS2_PLACEMENT_3D('',#1493,#1494,#1495);
#1497=ITEM_DEFINED_TRANSFORMATION('','',#952,#1496);
#1498=(REPRESENTATION_RELATIONSHIP('','',#953,#273)REPRESENTATION_RELATIONSHIP_WITH_TRANSFORMATION(#1497)SHAPE_REPRESENTATION_RELATIONSHIP());
#1499=CONTEXT_DEPENDENT_SHAPE_REPRESENTATION(#1498,#1492);
#1502=CARTESIAN_POINT('',(1.4142E0,2.8284E0,2.15E-1));
#1503=DIRECTION('',(0.E0,1.E0,0.E0));
#1504=DIRECTION('',(1.E0,0.E0,0.E0));
#1505=AXIS2_PLACEMENT_3D('',#1502,#1503,#1504);
#1506=ITEM_DEFINED_TRANSFORMATION('','',#952,#1505);
#1507=(REPRESENTATION_RELATIONSHIP('','',#953,#273)REPRESENTATION_RELATIONSHIP_WITH_TRANSFORMATION(#1506)SHAPE_REPRESENTATION_RELATIONSHIP());
#1508=CONTEXT_DEPENDENT_SHAPE_REPRESENTATION(#1507,#1501);
#1511=CARTESIAN_POINT('',(2.1213E0,2.8284E0,2.15E-1));
#1512=DIRECTION('',(0.E0,1.E0,0.E0));
#1513=DIRECTION('',(1.E0,0.E0,0.E0));
#1514=AXIS2_PLACEMENT_3D('',#1511,#1512,#1513);
#1515=ITEM_DEFINED_TRANSFORMATION('','',#952,#1514);
#1516=(REPRESENTATION_RELATIONSHIP('','',#953,#273)REPRESENTATION_RELATIONSHIP_WITH_TRANSFORMATION(#1515)SHAPE_REPRESENTATION_RELATIONSHIP());
#1517=CONTEXT_DEPENDENT_SHAPE_REPRESENTATION(#1516,#1510);
#1520=CARTESIAN_POINT('',(2.8284E0,2.8284E0,2.15E-1));
#1521=DIRECTION('',(0.E0,1.E0,0.E0));
#1522=DIRECTION('',(1.E0,0.E0,0.E0));
#1523=AXIS2_PLACEMENT_3D('',#1520,#1521,#1522);
#1524=ITEM_DEFINED_TRANSFORMATION('','',#952,#1523);
#1525=(REPRESENTATION_RELATIONSHIP('','',#953,#273)REPRESENTATION_RELATIONSHIP_WITH_TRANSFORMATION(#1524)SHAPE_REPRESENTATION_RELATIONSHIP());
#1526=CONTEXT_DEPENDENT_SHAPE_REPRESENTATION(#1525,#1519);
#1529=CARTESIAN_POINT('',(3.5355E0,2.8284E0,2.15E-1));
#1530=DIRECTION('',(0.E0,1.E0,0.E0));
#1531=DIRECTION('',(1.E0,0.E0,0.E0));
#1532=AXIS2_PLACEMENT_3D('',#1529,#1530,#1531);
#1533=ITEM_DEFINED_TRANSFORMATION('','',#952,#1532);
#1534=(REPRESENTATION_RELATIONSHIP('','',#953,#273)REPRESENTATION_RELATIONSHIP_WITH_TRANSFORMATION(#1533)SHAPE_REPRESENTATION_RELATIONSHIP());
#1535=CONTEXT_DEPENDENT_SHAPE_REPRESENTATION(#1534,#1528);
#1538=CARTESIAN_POINT('',(-3.5355E0,2.1213E0,2.15E-1));
#1539=DIRECTION('',(0.E0,1.E0,0.E0));
#1540=DIRECTION('',(1.E0,0.E0,0.E0));
#1541=AXIS2_PLACEMENT_3D('',#1538,#1539,#1540);
#1542=ITEM_DEFINED_TRANSFORMATION('','',#952,#1541);
#1543=(REPRESENTATION_RELATIONSHIP('','',#953,#273)REPRESENTATION_RELATIONSHIP_WITH_TRANSFORMATION(#1542)SHAPE_REPRESENTATION_RELATIONSHIP());
#1544=CONTEXT_DEPENDENT_SHAPE_REPRESENTATION(#1543,#1537);
#1547=CARTESIAN_POINT('',(-2.8284E0,2.1213E0,2.15E-1));
#1548=DIRECTION('',(0.E0,1.E0,0.E0));
#1549=DIRECTION('',(1.E0,0.E0,0.E0));
#1550=AXIS2_PLACEMENT_3D('',#1547,#1548,#1549);
#1551=ITEM_DEFINED_TRANSFORMATION('','',#952,#1550);
#1552=(REPRESENTATION_RELATIONSHIP('','',#953,#273)REPRESENTATION_RELATIONSHIP_WITH_TRANSFORMATION(#1551)SHAPE_REPRESENTATION_RELATIONSHIP());
#1553=CONTEXT_DEPENDENT_SHAPE_REPRESENTATION(#1552,#1546);
#1556=CARTESIAN_POINT('',(-2.1213E0,2.1213E0,2.15E-1));
#1557=DIRECTION('',(0.E0,1.E0,0.E0));
#1558=DIRECTION('',(1.E0,0.E0,0.E0));
#1559=AXIS2_PLACEMENT_3D('',#1556,#1557,#1558);
#1560=ITEM_DEFINED_TRANSFORMATION('','',#952,#1559);
#1561=(REPRESENTATION_RELATIONSHIP('','',#953,#273)REPRESENTATION_RELATIONSHIP_WITH_TRANSFORMATION(#1560)SHAPE_REPRESENTATION_RELATIONSHIP());
#1562=CONTEXT_DEPENDENT_SHAPE_REPRESENTATION(#1561,#1555);
#1565=CARTESIAN_POINT('',(-1.4142E0,2.1213E0,2.15E-1));
#1566=DIRECTION('',(0.E0,1.E0,0.E0));
#1567=DIRECTION('',(1.E0,0.E0,0.E0));
#1568=AXIS2_PLACEMENT_3D('',#1565,#1566,#1567);
#1569=ITEM_DEFINED_TRANSFORMATION('','',#952,#1568);
#1570=(REPRESENTATION_RELATIONSHIP('','',#953,#273)REPRESENTATION_RELATIONSHIP_WITH_TRANSFORMATION(#1569)SHAPE_REPRESENTATION_RELATIONSHIP());
#1571=CONTEXT_DEPENDENT_SHAPE_REPRESENTATION(#1570,#1564);
#1574=CARTESIAN_POINT('',(-7.071E-1,2.1213E0,2.15E-1));
#1575=DIRECTION('',(0.E0,1.E0,0.E0));
#1576=DIRECTION('',(1.E0,0.E0,0.E0));
#1577=AXIS2_PLACEMENT_3D('',#1574,#1575,#1576);
#1578=ITEM_DEFINED_TRANSFORMATION('','',#952,#1577);
#1579=(REPRESENTATION_RELATIONSHIP('','',#953,#273)REPRESENTATION_RELATIONSHIP_WITH_TRANSFORMATION(#1578)SHAPE_REPRESENTATION_RELATIONSHIP());
#1580=CONTEXT_DEPENDENT_SHAPE_REPRESENTATION(#1579,#1573);
#1583=CARTESIAN_POINT('',(0.E0,2.1213E0,2.15E-1));
#1584=DIRECTION('',(0.E0,1.E0,0.E0));
#1585=DIRECTION('',(1.E0,0.E0,0.E0));
#1586=AXIS2_PLACEMENT_3D('',#1583,#1584,#1585);
#1587=ITEM_DEFINED_TRANSFORMATION('','',#952,#1586);
#1588=(REPRESENTATION_RELATIONSHIP('','',#953,#273)REPRESENTATION_RELATIONSHIP_WITH_TRANSFORMATION(#1587)SHAPE_REPRESENTATION_RELATIONSHIP());
#1589=CONTEXT_DEPENDENT_SHAPE_REPRESENTATION(#1588,#1582);
#1592=CARTESIAN_POINT('',(7.071E-1,2.1213E0,2.15E-1));
#1593=DIRECTION('',(0.E0,1.E0,0.E0));
#1594=DIRECTION('',(1.E0,0.E0,0.E0));
#1595=AXIS2_PLACEMENT_3D('',#1592,#1593,#1594);
#1596=ITEM_DEFINED_TRANSFORMATION('','',#952,#1595);
#1597=(REPRESENTATION_RELATIONSHIP('','',#953,#273)REPRESENTATION_RELATIONSHIP_WITH_TRANSFORMATION(#1596)SHAPE_REPRESENTATION_RELATIONSHIP());
#1598=CONTEXT_DEPENDENT_SHAPE_REPRESENTATION(#1597,#1591);
#1601=CARTESIAN_POINT('',(1.4142E0,2.1213E0,2.15E-1));
#1602=DIRECTION('',(0.E0,1.E0,0.E0));
#1603=DIRECTION('',(1.E0,0.E0,0.E0));
#1604=AXIS2_PLACEMENT_3D('',#1601,#1602,#1603);
#1605=ITEM_DEFINED_TRANSFORMATION('','',#952,#1604);
#1606=(REPRESENTATION_RELATIONSHIP('','',#953,#273)REPRESENTATION_RELATIONSHIP_WITH_TRANSFORMATION(#1605)SHAPE_REPRESENTATION_RELATIONSHIP());
#1607=CONTEXT_DEPENDENT_SHAPE_REPRESENTATION(#1606,#1600);
#1610=CARTESIAN_POINT('',(2.1213E0,2.1213E0,2.15E-1));
#1611=DIRECTION('',(0.E0,1.E0,0.E0));
#1612=DIRECTION('',(1.E0,0.E0,0.E0));
#1613=AXIS2_PLACEMENT_3D('',#1610,#1611,#1612);
#1614=ITEM_DEFINED_TRANSFORMATION('','',#952,#1613);
#1615=(REPRESENTATION_RELATIONSHIP('','',#953,#273)REPRESENTATION_RELATIONSHIP_WITH_TRANSFORMATION(#1614)SHAPE_REPRESENTATION_RELATIONSHIP());
#1616=CONTEXT_DEPENDENT_SHAPE_REPRESENTATION(#1615,#1609);
#1619=CARTESIAN_POINT('',(2.8284E0,2.1213E0,2.15E-1));
#1620=DIRECTION('',(0.E0,1.E0,0.E0));
#1621=DIRECTION('',(1.E0,0.E0,0.E0));
#1622=AXIS2_PLACEMENT_3D('',#1619,#1620,#1621);
#1623=ITEM_DEFINED_TRANSFORMATION('','',#952,#1622);
#1624=(REPRESENTATION_RELATIONSHIP('','',#953,#273)REPRESENTATION_RELATIONSHIP_WITH_TRANSFORMATION(#1623)SHAPE_REPRESENTATION_RELATIONSHIP());
#1625=CONTEXT_DEPENDENT_SHAPE_REPRESENTATION(#1624,#1618);
#1628=CARTESIAN_POINT('',(3.5355E0,2.1213E0,2.15E-1));
#1629=DIRECTION('',(0.E0,1.E0,0.E0));
#1630=DIRECTION('',(1.E0,0.E0,0.E0));
#1631=AXIS2_PLACEMENT_3D('',#1628,#1629,#1630);
#1632=ITEM_DEFINED_TRANSFORMATION('','',#952,#1631);
#1633=(REPRESENTATION_RELATIONSHIP('','',#953,#273)REPRESENTATION_RELATIONSHIP_WITH_TRANSFORMATION(#1632)SHAPE_REPRESENTATION_RELATIONSHIP());
#1634=CONTEXT_DEPENDENT_SHAPE_REPRESENTATION(#1633,#1627);
#1637=CARTESIAN_POINT('',(-3.5355E0,1.4142E0,2.15E-1));
#1638=DIRECTION('',(0.E0,1.E0,0.E0));
#1639=DIRECTION('',(1.E0,0.E0,0.E0));
#1640=AXIS2_PLACEMENT_3D('',#1637,#1638,#1639);
#1641=ITEM_DEFINED_TRANSFORMATION('','',#952,#1640);
#1642=(REPRESENTATION_RELATIONSHIP('','',#953,#273)REPRESENTATION_RELATIONSHIP_WITH_TRANSFORMATION(#1641)SHAPE_REPRESENTATION_RELATIONSHIP());
#1643=CONTEXT_DEPENDENT_SHAPE_REPRESENTATION(#1642,#1636);
#1646=CARTESIAN_POINT('',(-2.8284E0,1.4142E0,2.15E-1));
#1647=DIRECTION('',(0.E0,1.E0,0.E0));
#1648=DIRECTION('',(1.E0,0.E0,0.E0));
#1649=AXIS2_PLACEMENT_3D('',#1646,#1647,#1648);
#1650=ITEM_DEFINED_TRANSFORMATION('','',#952,#1649);
#1651=(REPRESENTATION_RELATIONSHIP('','',#953,#273)REPRESENTATION_RELATIONSHIP_WITH_TRANSFORMATION(#1650)SHAPE_REPRESENTATION_RELATIONSHIP());
#1652=CONTEXT_DEPENDENT_SHAPE_REPRESENTATION(#1651,#1645);
#1655=CARTESIAN_POINT('',(-2.1213E0,1.4142E0,2.15E-1));
#1656=DIRECTION('',(0.E0,1.E0,0.E0));
#1657=DIRECTION('',(1.E0,0.E0,0.E0));
#1658=AXIS2_PLACEMENT_3D('',#1655,#1656,#1657);
#1659=ITEM_DEFINED_TRANSFORMATION('','',#952,#1658);
#1660=(REPRESENTATION_RELATIONSHIP('','',#953,#273)REPRESENTATION_RELATIONSHIP_WITH_TRANSFORMATION(#1659)SHAPE_REPRESENTATION_RELATIONSHIP());
#1661=CONTEXT_DEPENDENT_SHAPE_REPRESENTATION(#1660,#1654);
#1664=CARTESIAN_POINT('',(-1.4142E0,1.4142E0,2.15E-1));
#1665=DIRECTION('',(0.E0,1.E0,0.E0));
#1666=DIRECTION('',(1.E0,0.E0,0.E0));
#1667=AXIS2_PLACEMENT_3D('',#1664,#1665,#1666);
#1668=ITEM_DEFINED_TRANSFORMATION('','',#952,#1667);
#1669=(REPRESENTATION_RELATIONSHIP('','',#953,#273)REPRESENTATION_RELATIONSHIP_WITH_TRANSFORMATION(#1668)SHAPE_REPRESENTATION_RELATIONSHIP());
#1670=CONTEXT_DEPENDENT_SHAPE_REPRESENTATION(#1669,#1663);
#1673=CARTESIAN_POINT('',(-7.071E-1,1.4142E0,2.15E-1));
#1674=DIRECTION('',(0.E0,1.E0,0.E0));
#1675=DIRECTION('',(1.E0,0.E0,0.E0));
#1676=AXIS2_PLACEMENT_3D('',#1673,#1674,#1675);
#1677=ITEM_DEFINED_TRANSFORMATION('','',#952,#1676);
#1678=(REPRESENTATION_RELATIONSHIP('','',#953,#273)REPRESENTATION_RELATIONSHIP_WITH_TRANSFORMATION(#1677)SHAPE_REPRESENTATION_RELATIONSHIP());
#1679=CONTEXT_DEPENDENT_SHAPE_REPRESENTATION(#1678,#1672);
#1682=CARTESIAN_POINT('',(0.E0,1.4142E0,2.15E-1));
#1683=DIRECTION('',(0.E0,1.E0,0.E0));
#1684=DIRECTION('',(1.E0,0.E0,0.E0));
#1685=AXIS2_PLACEMENT_3D('',#1682,#1683,#1684);
#1686=ITEM_DEFINED_TRANSFORMATION('','',#952,#1685);
#1687=(REPRESENTATION_RELATIONSHIP('','',#953,#273)REPRESENTATION_RELATIONSHIP_WITH_TRANSFORMATION(#1686)SHAPE_REPRESENTATION_RELATIONSHIP());
#1688=CONTEXT_DEPENDENT_SHAPE_REPRESENTATION(#1687,#1681);
#1691=CARTESIAN_POINT('',(7.071E-1,1.4142E0,2.15E-1));
#1692=DIRECTION('',(0.E0,1.E0,0.E0));
#1693=DIRECTION('',(1.E0,0.E0,0.E0));
#1694=AXIS2_PLACEMENT_3D('',#1691,#1692,#1693);
#1695=ITEM_DEFINED_TRANSFORMATION('','',#952,#1694);
#1696=(REPRESENTATION_RELATIONSHIP('','',#953,#273)REPRESENTATION_RELATIONSHIP_WITH_TRANSFORMATION(#1695)SHAPE_REPRESENTATION_RELATIONSHIP());
#1697=CONTEXT_DEPENDENT_SHAPE_REPRESENTATION(#1696,#1690);
#1700=CARTESIAN_POINT('',(1.4142E0,1.4142E0,2.15E-1));
#1701=DIRECTION('',(0.E0,1.E0,0.E0));
#1702=DIRECTION('',(1.E0,0.E0,0.E0));
#1703=AXIS2_PLACEMENT_3D('',#1700,#1701,#1702);
#1704=ITEM_DEFINED_TRANSFORMATION('','',#952,#1703);
#1705=(REPRESENTATION_RELATIONSHIP('','',#953,#273)REPRESENTATION_RELATIONSHIP_WITH_TRANSFORMATION(#1704)SHAPE_REPRESENTATION_RELATIONSHIP());
#1706=CONTEXT_DEPENDENT_SHAPE_REPRESENTATION(#1705,#1699);
#1709=CARTESIAN_POINT('',(2.1213E0,1.4142E0,2.15E-1));
#1710=DIRECTION('',(0.E0,1.E0,0.E0));
#1711=DIRECTION('',(1.E0,0.E0,0.E0));
#1712=AXIS2_PLACEMENT_3D('',#1709,#1710,#1711);
#1713=ITEM_DEFINED_TRANSFORMATION('','',#952,#1712);
#1714=(REPRESENTATION_RELATIONSHIP('','',#953,#273)REPRESENTATION_RELATIONSHIP_WITH_TRANSFORMATION(#1713)SHAPE_REPRESENTATION_RELATIONSHIP());
#1715=CONTEXT_DEPENDENT_SHAPE_REPRESENTATION(#1714,#1708);
#1718=CARTESIAN_POINT('',(2.8284E0,1.4142E0,2.15E-1));
#1719=DIRECTION('',(0.E0,1.E0,0.E0));
#1720=DIRECTION('',(1.E0,0.E0,0.E0));
#1721=AXIS2_PLACEMENT_3D('',#1718,#1719,#1720);
#1722=ITEM_DEFINED_TRANSFORMATION('','',#952,#1721);
#1723=(REPRESENTATION_RELATIONSHIP('','',#953,#273)REPRESENTATION_RELATIONSHIP_WITH_TRANSFORMATION(#1722)SHAPE_REPRESENTATION_RELATIONSHIP());
#1724=CONTEXT_DEPENDENT_SHAPE_REPRESENTATION(#1723,#1717);
#1727=CARTESIAN_POINT('',(3.5355E0,1.4142E0,2.15E-1));
#1728=DIRECTION('',(0.E0,1.E0,0.E0));
#1729=DIRECTION('',(1.E0,0.E0,0.E0));
#1730=AXIS2_PLACEMENT_3D('',#1727,#1728,#1729);
#1731=ITEM_DEFINED_TRANSFORMATION('','',#952,#1730);
#1732=(REPRESENTATION_RELATIONSHIP('','',#953,#273)REPRESENTATION_RELATIONSHIP_WITH_TRANSFORMATION(#1731)SHAPE_REPRESENTATION_RELATIONSHIP());
#1733=CONTEXT_DEPENDENT_SHAPE_REPRESENTATION(#1732,#1726);
#1736=CARTESIAN_POINT('',(-3.5355E0,7.071E-1,2.15E-1));
#1737=DIRECTION('',(0.E0,1.E0,0.E0));
#1738=DIRECTION('',(1.E0,0.E0,0.E0));
#1739=AXIS2_PLACEMENT_3D('',#1736,#1737,#1738);
#1740=ITEM_DEFINED_TRANSFORMATION('','',#952,#1739);
#1741=(REPRESENTATION_RELATIONSHIP('','',#953,#273)REPRESENTATION_RELATIONSHIP_WITH_TRANSFORMATION(#1740)SHAPE_REPRESENTATION_RELATIONSHIP());
#1742=CONTEXT_DEPENDENT_SHAPE_REPRESENTATION(#1741,#1735);
#1745=CARTESIAN_POINT('',(-2.8284E0,7.071E-1,2.15E-1));
#1746=DIRECTION('',(0.E0,1.E0,0.E0));
#1747=DIRECTION('',(1.E0,0.E0,0.E0));
#1748=AXIS2_PLACEMENT_3D('',#1745,#1746,#1747);
#1749=ITEM_DEFINED_TRANSFORMATION('','',#952,#1748);
#1750=(REPRESENTATION_RELATIONSHIP('','',#953,#273)REPRESENTATION_RELATIONSHIP_WITH_TRANSFORMATION(#1749)SHAPE_REPRESENTATION_RELATIONSHIP());
#1751=CONTEXT_DEPENDENT_SHAPE_REPRESENTATION(#1750,#1744);
#1754=CARTESIAN_POINT('',(-2.1213E0,7.071E-1,2.15E-1));
#1755=DIRECTION('',(0.E0,1.E0,0.E0));
#1756=DIRECTION('',(1.E0,0.E0,0.E0));
#1757=AXIS2_PLACEMENT_3D('',#1754,#1755,#1756);
#1758=ITEM_DEFINED_TRANSFORMATION('','',#952,#1757);
#1759=(REPRESENTATION_RELATIONSHIP('','',#953,#273)REPRESENTATION_RELATIONSHIP_WITH_TRANSFORMATION(#1758)SHAPE_REPRESENTATION_RELATIONSHIP());
#1760=CONTEXT_DEPENDENT_SHAPE_REPRESENTATION(#1759,#1753);
#1763=CARTESIAN_POINT('',(-1.4142E0,7.071E-1,2.15E-1));
#1764=DIRECTION('',(0.E0,1.E0,0.E0));
#1765=DIRECTION('',(1.E0,0.E0,0.E0));
#1766=AXIS2_PLACEMENT_3D('',#1763,#1764,#1765);
#1767=ITEM_DEFINED_TRANSFORMATION('','',#952,#1766);
#1768=(REPRESENTATION_RELATIONSHIP('','',#953,#273)REPRESENTATION_RELATIONSHIP_WITH_TRANSFORMATION(#1767)SHAPE_REPRESENTATION_RELATIONSHIP());
#1769=CONTEXT_DEPENDENT_SHAPE_REPRESENTATION(#1768,#1762);
#1772=CARTESIAN_POINT('',(-7.071E-1,7.071E-1,2.15E-1));
#1773=DIRECTION('',(0.E0,1.E0,0.E0));
#1774=DIRECTION('',(1.E0,0.E0,0.E0));
#1775=AXIS2_PLACEMENT_3D('',#1772,#1773,#1774);
#1776=ITEM_DEFINED_TRANSFORMATION('','',#952,#1775);
#1777=(REPRESENTATION_RELATIONSHIP('','',#953,#273)REPRESENTATION_RELATIONSHIP_WITH_TRANSFORMATION(#1776)SHAPE_REPRESENTATION_RELATIONSHIP());
#1778=CONTEXT_DEPENDENT_SHAPE_REPRESENTATION(#1777,#1771);
#1781=CARTESIAN_POINT('',(0.E0,7.071E-1,2.15E-1));
#1782=DIRECTION('',(0.E0,1.E0,0.E0));
#1783=DIRECTION('',(1.E0,0.E0,0.E0));
#1784=AXIS2_PLACEMENT_3D('',#1781,#1782,#1783);
#1785=ITEM_DEFINED_TRANSFORMATION('','',#952,#1784);
#1786=(REPRESENTATION_RELATIONSHIP('','',#953,#273)REPRESENTATION_RELATIONSHIP_WITH_TRANSFORMATION(#1785)SHAPE_REPRESENTATION_RELATIONSHIP());
#1787=CONTEXT_DEPENDENT_SHAPE_REPRESENTATION(#1786,#1780);
#1790=CARTESIAN_POINT('',(7.071E-1,7.071E-1,2.15E-1));
#1791=DIRECTION('',(0.E0,1.E0,0.E0));
#1792=DIRECTION('',(1.E0,0.E0,0.E0));
#1793=AXIS2_PLACEMENT_3D('',#1790,#1791,#1792);
#1794=ITEM_DEFINED_TRANSFORMATION('','',#952,#1793);
#1795=(REPRESENTATION_RELATIONSHIP('','',#953,#273)REPRESENTATION_RELATIONSHIP_WITH_TRANSFORMATION(#1794)SHAPE_REPRESENTATION_RELATIONSHIP());
#1796=CONTEXT_DEPENDENT_SHAPE_REPRESENTATION(#1795,#1789);
#1799=CARTESIAN_POINT('',(1.4142E0,7.071E-1,2.15E-1));
#1800=DIRECTION('',(0.E0,1.E0,0.E0));
#1801=DIRECTION('',(1.E0,0.E0,0.E0));
#1802=AXIS2_PLACEMENT_3D('',#1799,#1800,#1801);
#1803=ITEM_DEFINED_TRANSFORMATION('','',#952,#1802);
#1804=(REPRESENTATION_RELATIONSHIP('','',#953,#273)REPRESENTATION_RELATIONSHIP_WITH_TRANSFORMATION(#1803)SHAPE_REPRESENTATION_RELATIONSHIP());
#1805=CONTEXT_DEPENDENT_SHAPE_REPRESENTATION(#1804,#1798);
#1808=CARTESIAN_POINT('',(2.1213E0,7.071E-1,2.15E-1));
#1809=DIRECTION('',(0.E0,1.E0,0.E0));
#1810=DIRECTION('',(1.E0,0.E0,0.E0));
#1811=AXIS2_PLACEMENT_3D('',#1808,#1809,#1810);
#1812=ITEM_DEFINED_TRANSFORMATION('','',#952,#1811);
#1813=(REPRESENTATION_RELATIONSHIP('','',#953,#273)REPRESENTATION_RELATIONSHIP_WITH_TRANSFORMATION(#1812)SHAPE_REPRESENTATION_RELATIONSHIP());
#1814=CONTEXT_DEPENDENT_SHAPE_REPRESENTATION(#1813,#1807);
#1817=CARTESIAN_POINT('',(2.8284E0,7.071E-1,2.15E-1));
#1818=DIRECTION('',(0.E0,1.E0,0.E0));
#1819=DIRECTION('',(1.E0,0.E0,0.E0));
#1820=AXIS2_PLACEMENT_3D('',#1817,#1818,#1819);
#1821=ITEM_DEFINED_TRANSFORMATION('','',#952,#1820);
#1822=(REPRESENTATION_RELATIONSHIP('','',#953,#273)REPRESENTATION_RELATIONSHIP_WITH_TRANSFORMATION(#1821)SHAPE_REPRESENTATION_RELATIONSHIP());
#1823=CONTEXT_DEPENDENT_SHAPE_REPRESENTATION(#1822,#1816);
#1826=CARTESIAN_POINT('',(3.5355E0,7.071E-1,2.15E-1));
#1827=DIRECTION('',(0.E0,1.E0,0.E0));
#1828=DIRECTION('',(1.E0,0.E0,0.E0));
#1829=AXIS2_PLACEMENT_3D('',#1826,#1827,#1828);
#1830=ITEM_DEFINED_TRANSFORMATION('','',#952,#1829);
#1831=(REPRESENTATION_RELATIONSHIP('','',#953,#273)REPRESENTATION_RELATIONSHIP_WITH_TRANSFORMATION(#1830)SHAPE_REPRESENTATION_RELATIONSHIP());
#1832=CONTEXT_DEPENDENT_SHAPE_REPRESENTATION(#1831,#1825);
#1835=CARTESIAN_POINT('',(-3.5355E0,0.E0,2.15E-1));
#1836=DIRECTION('',(0.E0,1.E0,0.E0));
#1837=DIRECTION('',(1.E0,0.E0,0.E0));
#1838=AXIS2_PLACEMENT_3D('',#1835,#1836,#1837);
#1839=ITEM_DEFINED_TRANSFORMATION('','',#952,#1838);
#1840=(REPRESENTATION_RELATIONSHIP('','',#953,#273)REPRESENTATION_RELATIONSHIP_WITH_TRANSFORMATION(#1839)SHAPE_REPRESENTATION_RELATIONSHIP());
#1841=CONTEXT_DEPENDENT_SHAPE_REPRESENTATION(#1840,#1834);
#1844=CARTESIAN_POINT('',(-2.8284E0,0.E0,2.15E-1));
#1845=DIRECTION('',(0.E0,1.E0,0.E0));
#1846=DIRECTION('',(1.E0,0.E0,0.E0));
#1847=AXIS2_PLACEMENT_3D('',#1844,#1845,#1846);
#1848=ITEM_DEFINED_TRANSFORMATION('','',#952,#1847);
#1849=(REPRESENTATION_RELATIONSHIP('','',#953,#273)REPRESENTATION_RELATIONSHIP_WITH_TRANSFORMATION(#1848)SHAPE_REPRESENTATION_RELATIONSHIP());
#1850=CONTEXT_DEPENDENT_SHAPE_REPRESENTATION(#1849,#1843);
#1853=CARTESIAN_POINT('',(-2.1213E0,0.E0,2.15E-1));
#1854=DIRECTION('',(0.E0,1.E0,0.E0));
#1855=DIRECTION('',(1.E0,0.E0,0.E0));
#1856=AXIS2_PLACEMENT_3D('',#1853,#1854,#1855);
#1857=ITEM_DEFINED_TRANSFORMATION('','',#952,#1856);
#1858=(REPRESENTATION_RELATIONSHIP('','',#953,#273)REPRESENTATION_RELATIONSHIP_WITH_TRANSFORMATION(#1857)SHAPE_REPRESENTATION_RELATIONSHIP());
#1859=CONTEXT_DEPENDENT_SHAPE_REPRESENTATION(#1858,#1852);
#1862=CARTESIAN_POINT('',(-1.4142E0,0.E0,2.15E-1));
#1863=DIRECTION('',(0.E0,1.E0,0.E0));
#1864=DIRECTION('',(1.E0,0.E0,0.E0));
#1865=AXIS2_PLACEMENT_3D('',#1862,#1863,#1864);
#1866=ITEM_DEFINED_TRANSFORMATION('','',#952,#1865);
#1867=(REPRESENTATION_RELATIONSHIP('','',#953,#273)REPRESENTATION_RELATIONSHIP_WITH_TRANSFORMATION(#1866)SHAPE_REPRESENTATION_RELATIONSHIP());
#1868=CONTEXT_DEPENDENT_SHAPE_REPRESENTATION(#1867,#1861);
#1871=CARTESIAN_POINT('',(-7.071E-1,0.E0,2.15E-1));
#1872=DIRECTION('',(0.E0,1.E0,0.E0));
#1873=DIRECTION('',(1.E0,0.E0,0.E0));
#1874=AXIS2_PLACEMENT_3D('',#1871,#1872,#1873);
#1875=ITEM_DEFINED_TRANSFORMATION('','',#952,#1874);
#1876=(REPRESENTATION_RELATIONSHIP('','',#953,#273)REPRESENTATION_RELATIONSHIP_WITH_TRANSFORMATION(#1875)SHAPE_REPRESENTATION_RELATIONSHIP());
#1877=CONTEXT_DEPENDENT_SHAPE_REPRESENTATION(#1876,#1870);
#1880=CARTESIAN_POINT('',(0.E0,0.E0,2.15E-1));
#1881=DIRECTION('',(0.E0,1.E0,0.E0));
#1882=DIRECTION('',(1.E0,0.E0,0.E0));
#1883=AXIS2_PLACEMENT_3D('',#1880,#1881,#1882);
#1884=ITEM_DEFINED_TRANSFORMATION('','',#952,#1883);
#1885=(REPRESENTATION_RELATIONSHIP('','',#953,#273)REPRESENTATION_RELATIONSHIP_WITH_TRANSFORMATION(#1884)SHAPE_REPRESENTATION_RELATIONSHIP());
#1886=CONTEXT_DEPENDENT_SHAPE_REPRESENTATION(#1885,#1879);
#1889=CARTESIAN_POINT('',(7.071E-1,0.E0,2.15E-1));
#1890=DIRECTION('',(0.E0,1.E0,0.E0));
#1891=DIRECTION('',(1.E0,0.E0,0.E0));
#1892=AXIS2_PLACEMENT_3D('',#1889,#1890,#1891);
#1893=ITEM_DEFINED_TRANSFORMATION('','',#952,#1892);
#1894=(REPRESENTATION_RELATIONSHIP('','',#953,#273)REPRESENTATION_RELATIONSHIP_WITH_TRANSFORMATION(#1893)SHAPE_REPRESENTATION_RELATIONSHIP());
#1895=CONTEXT_DEPENDENT_SHAPE_REPRESENTATION(#1894,#1888);
#1898=CARTESIAN_POINT('',(1.4142E0,0.E0,2.15E-1));
#1899=DIRECTION('',(0.E0,1.E0,0.E0));
#1900=DIRECTION('',(1.E0,0.E0,0.E0));
#1901=AXIS2_PLACEMENT_3D('',#1898,#1899,#1900);
#1902=ITEM_DEFINED_TRANSFORMATION('','',#952,#1901);
#1903=(REPRESENTATION_RELATIONSHIP('','',#953,#273)REPRESENTATION_RELATIONSHIP_WITH_TRANSFORMATION(#1902)SHAPE_REPRESENTATION_RELATIONSHIP());
#1904=CONTEXT_DEPENDENT_SHAPE_REPRESENTATION(#1903,#1897);
#1907=CARTESIAN_POINT('',(2.1213E0,0.E0,2.15E-1));
#1908=DIRECTION('',(0.E0,1.E0,0.E0));
#1909=DIRECTION('',(1.E0,0.E0,0.E0));
#1910=AXIS2_PLACEMENT_3D('',#1907,#1908,#1909);
#1911=ITEM_DEFINED_TRANSFORMATION('','',#952,#1910);
#1912=(REPRESENTATION_RELATIONSHIP('','',#953,#273)REPRESENTATION_RELATIONSHIP_WITH_TRANSFORMATION(#1911)SHAPE_REPRESENTATION_RELATIONSHIP());
#1913=CONTEXT_DEPENDENT_SHAPE_REPRESENTATION(#1912,#1906);
#1916=CARTESIAN_POINT('',(2.8284E0,0.E0,2.15E-1));
#1917=DIRECTION('',(0.E0,1.E0,0.E0));
#1918=DIRECTION('',(1.E0,0.E0,0.E0));
#1919=AXIS2_PLACEMENT_3D('',#1916,#1917,#1918);
#1920=ITEM_DEFINED_TRANSFORMATION('','',#952,#1919);
#1921=(REPRESENTATION_RELATIONSHIP('','',#953,#273)REPRESENTATION_RELATIONSHIP_WITH_TRANSFORMATION(#1920)SHAPE_REPRESENTATION_RELATIONSHIP());
#1922=CONTEXT_DEPENDENT_SHAPE_REPRESENTATION(#1921,#1915);
#1925=CARTESIAN_POINT('',(3.5355E0,0.E0,2.15E-1));
#1926=DIRECTION('',(0.E0,1.E0,0.E0));
#1927=DIRECTION('',(1.E0,0.E0,0.E0));
#1928=AXIS2_PLACEMENT_3D('',#1925,#1926,#1927);
#1929=ITEM_DEFINED_TRANSFORMATION('','',#952,#1928);
#1930=(REPRESENTATION_RELATIONSHIP('','',#953,#273)REPRESENTATION_RELATIONSHIP_WITH_TRANSFORMATION(#1929)SHAPE_REPRESENTATION_RELATIONSHIP());
#1931=CONTEXT_DEPENDENT_SHAPE_REPRESENTATION(#1930,#1924);
#1934=CARTESIAN_POINT('',(-3.5355E0,-7.071E-1,2.15E-1));
#1935=DIRECTION('',(0.E0,1.E0,0.E0));
#1936=DIRECTION('',(1.E0,0.E0,0.E0));
#1937=AXIS2_PLACEMENT_3D('',#1934,#1935,#1936);
#1938=ITEM_DEFINED_TRANSFORMATION('','',#952,#1937);
#1939=(REPRESENTATION_RELATIONSHIP('','',#953,#273)REPRESENTATION_RELATIONSHIP_WITH_TRANSFORMATION(#1938)SHAPE_REPRESENTATION_RELATIONSHIP());
#1940=CONTEXT_DEPENDENT_SHAPE_REPRESENTATION(#1939,#1933);
#1943=CARTESIAN_POINT('',(-2.8284E0,-7.071E-1,2.15E-1));
#1944=DIRECTION('',(0.E0,1.E0,0.E0));
#1945=DIRECTION('',(1.E0,0.E0,0.E0));
#1946=AXIS2_PLACEMENT_3D('',#1943,#1944,#1945);
#1947=ITEM_DEFINED_TRANSFORMATION('','',#952,#1946);
#1948=(REPRESENTATION_RELATIONSHIP('','',#953,#273)REPRESENTATION_RELATIONSHIP_WITH_TRANSFORMATION(#1947)SHAPE_REPRESENTATION_RELATIONSHIP());
#1949=CONTEXT_DEPENDENT_SHAPE_REPRESENTATION(#1948,#1942);
#1952=CARTESIAN_POINT('',(-2.1213E0,-7.071E-1,2.15E-1));
#1953=DIRECTION('',(0.E0,1.E0,0.E0));
#1954=DIRECTION('',(1.E0,0.E0,0.E0));
#1955=AXIS2_PLACEMENT_3D('',#1952,#1953,#1954);
#1956=ITEM_DEFINED_TRANSFORMATION('','',#952,#1955);
#1957=(REPRESENTATION_RELATIONSHIP('','',#953,#273)REPRESENTATION_RELATIONSHIP_WITH_TRANSFORMATION(#1956)SHAPE_REPRESENTATION_RELATIONSHIP());
#1958=CONTEXT_DEPENDENT_SHAPE_REPRESENTATION(#1957,#1951);
#1961=CARTESIAN_POINT('',(-1.4142E0,-7.071E-1,2.15E-1));
#1962=DIRECTION('',(0.E0,1.E0,0.E0));
#1963=DIRECTION('',(1.E0,0.E0,0.E0));
#1964=AXIS2_PLACEMENT_3D('',#1961,#1962,#1963);
#1965=ITEM_DEFINED_TRANSFORMATION('','',#952,#1964);
#1966=(REPRESENTATION_RELATIONSHIP('','',#953,#273)REPRESENTATION_RELATIONSHIP_WITH_TRANSFORMATION(#1965)SHAPE_REPRESENTATION_RELATIONSHIP());
#1967=CONTEXT_DEPENDENT_SHAPE_REPRESENTATION(#1966,#1960);
#1970=CARTESIAN_POINT('',(-7.071E-1,-7.071E-1,2.15E-1));
#1971=DIRECTION('',(0.E0,1.E0,0.E0));
#1972=DIRECTION('',(1.E0,0.E0,0.E0));
#1973=AXIS2_PLACEMENT_3D('',#1970,#1971,#1972);
#1974=ITEM_DEFINED_TRANSFORMATION('','',#952,#1973);
#1975=(REPRESENTATION_RELATIONSHIP('','',#953,#273)REPRESENTATION_RELATIONSHIP_WITH_TRANSFORMATION(#1974)SHAPE_REPRESENTATION_RELATIONSHIP());
#1976=CONTEXT_DEPENDENT_SHAPE_REPRESENTATION(#1975,#1969);
#1979=CARTESIAN_POINT('',(0.E0,-7.071E-1,2.15E-1));
#1980=DIRECTION('',(0.E0,1.E0,0.E0));
#1981=DIRECTION('',(1.E0,0.E0,0.E0));
#1982=AXIS2_PLACEMENT_3D('',#1979,#1980,#1981);
#1983=ITEM_DEFINED_TRANSFORMATION('','',#952,#1982);
#1984=(REPRESENTATION_RELATIONSHIP('','',#953,#273)REPRESENTATION_RELATIONSHIP_WITH_TRANSFORMATION(#1983)SHAPE_REPRESENTATION_RELATIONSHIP());
#1985=CONTEXT_DEPENDENT_SHAPE_REPRESENTATION(#1984,#1978);
#1988=CARTESIAN_POINT('',(7.071E-1,-7.071E-1,2.15E-1));
#1989=DIRECTION('',(0.E0,1.E0,0.E0));
#1990=DIRECTION('',(1.E0,0.E0,0.E0));
#1991=AXIS2_PLACEMENT_3D('',#1988,#1989,#1990);
#1992=ITEM_DEFINED_TRANSFORMATION('','',#952,#1991);
#1993=(REPRESENTATION_RELATIONSHIP('','',#953,#273)REPRESENTATION_RELATIONSHIP_WITH_TRANSFORMATION(#1992)SHAPE_REPRESENTATION_RELATIONSHIP());
#1994=CONTEXT_DEPENDENT_SHAPE_REPRESENTATION(#1993,#1987);
#1997=CARTESIAN_POINT('',(1.4142E0,-7.071E-1,2.15E-1));
#1998=DIRECTION('',(0.E0,1.E0,0.E0));
#1999=DIRECTION('',(1.E0,0.E0,0.E0));
#2000=AXIS2_PLACEMENT_3D('',#1997,#1998,#1999);
#2001=ITEM_DEFINED_TRANSFORMATION('','',#952,#2000);
#2002=(REPRESENTATION_RELATIONSHIP('','',#953,#273)REPRESENTATION_RELATIONSHIP_WITH_TRANSFORMATION(#2001)SHAPE_REPRESENTATION_RELATIONSHIP());
#2003=CONTEXT_DEPENDENT_SHAPE_REPRESENTATION(#2002,#1996);
#2006=CARTESIAN_POINT('',(2.1213E0,-7.071E-1,2.15E-1));
#2007=DIRECTION('',(0.E0,1.E0,0.E0));
#2008=DIRECTION('',(1.E0,0.E0,0.E0));
#2009=AXIS2_PLACEMENT_3D('',#2006,#2007,#2008);
#2010=ITEM_DEFINED_TRANSFORMATION('','',#952,#2009);
#2011=(REPRESENTATION_RELATIONSHIP('','',#953,#273)REPRESENTATION_RELATIONSHIP_WITH_TRANSFORMATION(#2010)SHAPE_REPRESENTATION_RELATIONSHIP());
#2012=CONTEXT_DEPENDENT_SHAPE_REPRESENTATION(#2011,#2005);
#2015=CARTESIAN_POINT('',(2.8284E0,-7.071E-1,2.15E-1));
#2016=DIRECTION('',(0.E0,1.E0,0.E0));
#2017=DIRECTION('',(1.E0,0.E0,0.E0));
#2018=AXIS2_PLACEMENT_3D('',#2015,#2016,#2017);
#2019=ITEM_DEFINED_TRANSFORMATION('','',#952,#2018);
#2020=(REPRESENTATION_RELATIONSHIP('','',#953,#273)REPRESENTATION_RELATIONSHIP_WITH_TRANSFORMATION(#2019)SHAPE_REPRESENTATION_RELATIONSHIP());
#2021=CONTEXT_DEPENDENT_SHAPE_REPRESENTATION(#2020,#2014);
#2024=CARTESIAN_POINT('',(3.5355E0,-7.071E-1,2.15E-1));
#2025=DIRECTION('',(0.E0,1.E0,0.E0));
#2026=DIRECTION('',(1.E0,0.E0,0.E0));
#2027=AXIS2_PLACEMENT_3D('',#2024,#2025,#2026);
#2028=ITEM_DEFINED_TRANSFORMATION('','',#952,#2027);
#2029=(REPRESENTATION_RELATIONSHIP('','',#953,#273)REPRESENTATION_RELATIONSHIP_WITH_TRANSFORMATION(#2028)SHAPE_REPRESENTATION_RELATIONSHIP());
#2030=CONTEXT_DEPENDENT_SHAPE_REPRESENTATION(#2029,#2023);
#2033=CARTESIAN_POINT('',(-3.5355E0,-1.4142E0,2.15E-1));
#2034=DIRECTION('',(0.E0,1.E0,0.E0));
#2035=DIRECTION('',(1.E0,0.E0,0.E0));
#2036=AXIS2_PLACEMENT_3D('',#2033,#2034,#2035);
#2037=ITEM_DEFINED_TRANSFORMATION('','',#952,#2036);
#2038=(REPRESENTATION_RELATIONSHIP('','',#953,#273)REPRESENTATION_RELATIONSHIP_WITH_TRANSFORMATION(#2037)SHAPE_REPRESENTATION_RELATIONSHIP());
#2039=CONTEXT_DEPENDENT_SHAPE_REPRESENTATION(#2038,#2032);
#2042=CARTESIAN_POINT('',(-2.8284E0,-1.4142E0,2.15E-1));
#2043=DIRECTION('',(0.E0,1.E0,0.E0));
#2044=DIRECTION('',(1.E0,0.E0,0.E0));
#2045=AXIS2_PLACEMENT_3D('',#2042,#2043,#2044);
#2046=ITEM_DEFINED_TRANSFORMATION('','',#952,#2045);
#2047=(REPRESENTATION_RELATIONSHIP('','',#953,#273)REPRESENTATION_RELATIONSHIP_WITH_TRANSFORMATION(#2046)SHAPE_REPRESENTATION_RELATIONSHIP());
#2048=CONTEXT_DEPENDENT_SHAPE_REPRESENTATION(#2047,#2041);
#2051=CARTESIAN_POINT('',(-2.1213E0,-1.4142E0,2.15E-1));
#2052=DIRECTION('',(0.E0,1.E0,0.E0));
#2053=DIRECTION('',(1.E0,0.E0,0.E0));
#2054=AXIS2_PLACEMENT_3D('',#2051,#2052,#2053);
#2055=ITEM_DEFINED_TRANSFORMATION('','',#952,#2054);
#2056=(REPRESENTATION_RELATIONSHIP('','',#953,#273)REPRESENTATION_RELATIONSHIP_WITH_TRANSFORMATION(#2055)SHAPE_REPRESENTATION_RELATIONSHIP());
#2057=CONTEXT_DEPENDENT_SHAPE_REPRESENTATION(#2056,#2050);
#2060=CARTESIAN_POINT('',(-1.4142E0,-1.4142E0,2.15E-1));
#2061=DIRECTION('',(0.E0,1.E0,0.E0));
#2062=DIRECTION('',(1.E0,0.E0,0.E0));
#2063=AXIS2_PLACEMENT_3D('',#2060,#2061,#2062);
#2064=ITEM_DEFINED_TRANSFORMATION('','',#952,#2063);
#2065=(REPRESENTATION_RELATIONSHIP('','',#953,#273)REPRESENTATION_RELATIONSHIP_WITH_TRANSFORMATION(#2064)SHAPE_REPRESENTATION_RELATIONSHIP());
#2066=CONTEXT_DEPENDENT_SHAPE_REPRESENTATION(#2065,#2059);
#2069=CARTESIAN_POINT('',(-7.071E-1,-1.4142E0,2.15E-1));
#2070=DIRECTION('',(0.E0,1.E0,0.E0));
#2071=DIRECTION('',(1.E0,0.E0,0.E0));
#2072=AXIS2_PLACEMENT_3D('',#2069,#2070,#2071);
#2073=ITEM_DEFINED_TRANSFORMATION('','',#952,#2072);
#2074=(REPRESENTATION_RELATIONSHIP('','',#953,#273)REPRESENTATION_RELATIONSHIP_WITH_TRANSFORMATION(#2073)SHAPE_REPRESENTATION_RELATIONSHIP());
#2075=CONTEXT_DEPENDENT_SHAPE_REPRESENTATION(#2074,#2068);
#2078=CARTESIAN_POINT('',(0.E0,-1.4142E0,2.15E-1));
#2079=DIRECTION('',(0.E0,1.E0,0.E0));
#2080=DIRECTION('',(1.E0,0.E0,0.E0));
#2081=AXIS2_PLACEMENT_3D('',#2078,#2079,#2080);
#2082=ITEM_DEFINED_TRANSFORMATION('','',#952,#2081);
#2083=(REPRESENTATION_RELATIONSHIP('','',#953,#273)REPRESENTATION_RELATIONSHIP_WITH_TRANSFORMATION(#2082)SHAPE_REPRESENTATION_RELATIONSHIP());
#2084=CONTEXT_DEPENDENT_SHAPE_REPRESENTATION(#2083,#2077);
#2087=CARTESIAN_POINT('',(7.071E-1,-1.4142E0,2.15E-1));
#2088=DIRECTION('',(0.E0,1.E0,0.E0));
#2089=DIRECTION('',(1.E0,0.E0,0.E0));
#2090=AXIS2_PLACEMENT_3D('',#2087,#2088,#2089);
#2091=ITEM_DEFINED_TRANSFORMATION('','',#952,#2090);
#2092=(REPRESENTATION_RELATIONSHIP('','',#953,#273)REPRESENTATION_RELATIONSHIP_WITH_TRANSFORMATION(#2091)SHAPE_REPRESENTATION_RELATIONSHIP());
#2093=CONTEXT_DEPENDENT_SHAPE_REPRESENTATION(#2092,#2086);
#2096=CARTESIAN_POINT('',(1.4142E0,-1.4142E0,2.15E-1));
#2097=DIRECTION('',(0.E0,1.E0,0.E0));
#2098=DIRECTION('',(1.E0,0.E0,0.E0));
#2099=AXIS2_PLACEMENT_3D('',#2096,#2097,#2098);
#2100=ITEM_DEFINED_TRANSFORMATION('','',#952,#2099);
#2101=(REPRESENTATION_RELATIONSHIP('','',#953,#273)REPRESENTATION_RELATIONSHIP_WITH_TRANSFORMATION(#2100)SHAPE_REPRESENTATION_RELATIONSHIP());
#2102=CONTEXT_DEPENDENT_SHAPE_REPRESENTATION(#2101,#2095);
#2105=CARTESIAN_POINT('',(2.1213E0,-1.4142E0,2.15E-1));
#2106=DIRECTION('',(0.E0,1.E0,0.E0));
#2107=DIRECTION('',(1.E0,0.E0,0.E0));
#2108=AXIS2_PLACEMENT_3D('',#2105,#2106,#2107);
#2109=ITEM_DEFINED_TRANSFORMATION('','',#952,#2108);
#2110=(REPRESENTATION_RELATIONSHIP('','',#953,#273)REPRESENTATION_RELATIONSHIP_WITH_TRANSFORMATION(#2109)SHAPE_REPRESENTATION_RELATIONSHIP());
#2111=CONTEXT_DEPENDENT_SHAPE_REPRESENTATION(#2110,#2104);
#2114=CARTESIAN_POINT('',(2.8284E0,-1.4142E0,2.15E-1));
#2115=DIRECTION('',(0.E0,1.E0,0.E0));
#2116=DIRECTION('',(1.E0,0.E0,0.E0));
#2117=AXIS2_PLACEMENT_3D('',#2114,#2115,#2116);
#2118=ITEM_DEFINED_TRANSFORMATION('','',#952,#2117);
#2119=(REPRESENTATION_RELATIONSHIP('','',#953,#273)REPRESENTATION_RELATIONSHIP_WITH_TRANSFORMATION(#2118)SHAPE_REPRESENTATION_RELATIONSHIP());
#2120=CONTEXT_DEPENDENT_SHAPE_REPRESENTATION(#2119,#2113);
#2123=CARTESIAN_POINT('',(3.5355E0,-1.4142E0,2.15E-1));
#2124=DIRECTION('',(0.E0,1.E0,0.E0));
#2125=DIRECTION('',(1.E0,0.E0,0.E0));
#2126=AXIS2_PLACEMENT_3D('',#2123,#2124,#2125);
#2127=ITEM_DEFINED_TRANSFORMATION('','',#952,#2126);
#2128=(REPRESENTATION_RELATIONSHIP('','',#953,#273)REPRESENTATION_RELATIONSHIP_WITH_TRANSFORMATION(#2127)SHAPE_REPRESENTATION_RELATIONSHIP());
#2129=CONTEXT_DEPENDENT_SHAPE_REPRESENTATION(#2128,#2122);
#2132=CARTESIAN_POINT('',(-3.5355E0,-2.1213E0,2.15E-1));
#2133=DIRECTION('',(0.E0,1.E0,0.E0));
#2134=DIRECTION('',(1.E0,0.E0,0.E0));
#2135=AXIS2_PLACEMENT_3D('',#2132,#2133,#2134);
#2136=ITEM_DEFINED_TRANSFORMATION('','',#952,#2135);
#2137=(REPRESENTATION_RELATIONSHIP('','',#953,#273)REPRESENTATION_RELATIONSHIP_WITH_TRANSFORMATION(#2136)SHAPE_REPRESENTATION_RELATIONSHIP());
#2138=CONTEXT_DEPENDENT_SHAPE_REPRESENTATION(#2137,#2131);
#2141=CARTESIAN_POINT('',(-2.8284E0,-2.1213E0,2.15E-1));
#2142=DIRECTION('',(0.E0,1.E0,0.E0));
#2143=DIRECTION('',(1.E0,0.E0,0.E0));
#2144=AXIS2_PLACEMENT_3D('',#2141,#2142,#2143);
#2145=ITEM_DEFINED_TRANSFORMATION('','',#952,#2144);
#2146=(REPRESENTATION_RELATIONSHIP('','',#953,#273)REPRESENTATION_RELATIONSHIP_WITH_TRANSFORMATION(#2145)SHAPE_REPRESENTATION_RELATIONSHIP());
#2147=CONTEXT_DEPENDENT_SHAPE_REPRESENTATION(#2146,#2140);
#2150=CARTESIAN_POINT('',(-2.1213E0,-2.1213E0,2.15E-1));
#2151=DIRECTION('',(0.E0,1.E0,0.E0));
#2152=DIRECTION('',(1.E0,0.E0,0.E0));
#2153=AXIS2_PLACEMENT_3D('',#2150,#2151,#2152);
#2154=ITEM_DEFINED_TRANSFORMATION('','',#952,#2153);
#2155=(REPRESENTATION_RELATIONSHIP('','',#953,#273)REPRESENTATION_RELATIONSHIP_WITH_TRANSFORMATION(#2154)SHAPE_REPRESENTATION_RELATIONSHIP());
#2156=CONTEXT_DEPENDENT_SHAPE_REPRESENTATION(#2155,#2149);
#2159=CARTESIAN_POINT('',(-1.4142E0,-2.1213E0,2.15E-1));
#2160=DIRECTION('',(0.E0,1.E0,0.E0));
#2161=DIRECTION('',(1.E0,0.E0,0.E0));
#2162=AXIS2_PLACEMENT_3D('',#2159,#2160,#2161);
#2163=ITEM_DEFINED_TRANSFORMATION('','',#952,#2162);
#2164=(REPRESENTATION_RELATIONSHIP('','',#953,#273)REPRESENTATION_RELATIONSHIP_WITH_TRANSFORMATION(#2163)SHAPE_REPRESENTATION_RELATIONSHIP());
#2165=CONTEXT_DEPENDENT_SHAPE_REPRESENTATION(#2164,#2158);
#2168=CARTESIAN_POINT('',(-7.071E-1,-2.1213E0,2.15E-1));
#2169=DIRECTION('',(0.E0,1.E0,0.E0));
#2170=DIRECTION('',(1.E0,0.E0,0.E0));
#2171=AXIS2_PLACEMENT_3D('',#2168,#2169,#2170);
#2172=ITEM_DEFINED_TRANSFORMATION('','',#952,#2171);
#2173=(REPRESENTATION_RELATIONSHIP('','',#953,#273)REPRESENTATION_RELATIONSHIP_WITH_TRANSFORMATION(#2172)SHAPE_REPRESENTATION_RELATIONSHIP());
#2174=CONTEXT_DEPENDENT_SHAPE_REPRESENTATION(#2173,#2167);
#2177=CARTESIAN_POINT('',(0.E0,-2.1213E0,2.15E-1));
#2178=DIRECTION('',(0.E0,1.E0,0.E0));
#2179=DIRECTION('',(1.E0,0.E0,0.E0));
#2180=AXIS2_PLACEMENT_3D('',#2177,#2178,#2179);
#2181=ITEM_DEFINED_TRANSFORMATION('','',#952,#2180);
#2182=(REPRESENTATION_RELATIONSHIP('','',#953,#273)REPRESENTATION_RELATIONSHIP_WITH_TRANSFORMATION(#2181)SHAPE_REPRESENTATION_RELATIONSHIP());
#2183=CONTEXT_DEPENDENT_SHAPE_REPRESENTATION(#2182,#2176);
#2186=CARTESIAN_POINT('',(7.071E-1,-2.1213E0,2.15E-1));
#2187=DIRECTION('',(0.E0,1.E0,0.E0));
#2188=DIRECTION('',(1.E0,0.E0,0.E0));
#2189=AXIS2_PLACEMENT_3D('',#2186,#2187,#2188);
#2190=ITEM_DEFINED_TRANSFORMATION('','',#952,#2189);
#2191=(REPRESENTATION_RELATIONSHIP('','',#953,#273)REPRESENTATION_RELATIONSHIP_WITH_TRANSFORMATION(#2190)SHAPE_REPRESENTATION_RELATIONSHIP());
#2192=CONTEXT_DEPENDENT_SHAPE_REPRESENTATION(#2191,#2185);
#2195=CARTESIAN_POINT('',(1.4142E0,-2.1213E0,2.15E-1));
#2196=DIRECTION('',(0.E0,1.E0,0.E0));
#2197=DIRECTION('',(1.E0,0.E0,0.E0));
#2198=AXIS2_PLACEMENT_3D('',#2195,#2196,#2197);
#2199=ITEM_DEFINED_TRANSFORMATION('','',#952,#2198);
#2200=(REPRESENTATION_RELATIONSHIP('','',#953,#273)REPRESENTATION_RELATIONSHIP_WITH_TRANSFORMATION(#2199)SHAPE_REPRESENTATION_RELATIONSHIP());
#2201=CONTEXT_DEPENDENT_SHAPE_REPRESENTATION(#2200,#2194);
#2204=CARTESIAN_POINT('',(2.1213E0,-2.1213E0,2.15E-1));
#2205=DIRECTION('',(0.E0,1.E0,0.E0));
#2206=DIRECTION('',(1.E0,0.E0,0.E0));
#2207=AXIS2_PLACEMENT_3D('',#2204,#2205,#2206);
#2208=ITEM_DEFINED_TRANSFORMATION('','',#952,#2207);
#2209=(REPRESENTATION_RELATIONSHIP('','',#953,#273)REPRESENTATION_RELATIONSHIP_WITH_TRANSFORMATION(#2208)SHAPE_REPRESENTATION_RELATIONSHIP());
#2210=CONTEXT_DEPENDENT_SHAPE_REPRESENTATION(#2209,#2203);
#2213=CARTESIAN_POINT('',(2.8284E0,-2.1213E0,2.15E-1));
#2214=DIRECTION('',(0.E0,1.E0,0.E0));
#2215=DIRECTION('',(1.E0,0.E0,0.E0));
#2216=AXIS2_PLACEMENT_3D('',#2213,#2214,#2215);
#2217=ITEM_DEFINED_TRANSFORMATION('','',#952,#2216);
#2218=(REPRESENTATION_RELATIONSHIP('','',#953,#273)REPRESENTATION_RELATIONSHIP_WITH_TRANSFORMATION(#2217)SHAPE_REPRESENTATION_RELATIONSHIP());
#2219=CONTEXT_DEPENDENT_SHAPE_REPRESENTATION(#2218,#2212);
#2222=CARTESIAN_POINT('',(3.5355E0,-2.1213E0,2.15E-1));
#2223=DIRECTION('',(0.E0,1.E0,0.E0));
#2224=DIRECTION('',(1.E0,0.E0,0.E0));
#2225=AXIS2_PLACEMENT_3D('',#2222,#2223,#2224);
#2226=ITEM_DEFINED_TRANSFORMATION('','',#952,#2225);
#2227=(REPRESENTATION_RELATIONSHIP('','',#953,#273)REPRESENTATION_RELATIONSHIP_WITH_TRANSFORMATION(#2226)SHAPE_REPRESENTATION_RELATIONSHIP());
#2228=CONTEXT_DEPENDENT_SHAPE_REPRESENTATION(#2227,#2221);
#2231=CARTESIAN_POINT('',(-3.5355E0,-2.8284E0,2.15E-1));
#2232=DIRECTION('',(0.E0,1.E0,0.E0));
#2233=DIRECTION('',(1.E0,0.E0,0.E0));
#2234=AXIS2_PLACEMENT_3D('',#2231,#2232,#2233);
#2235=ITEM_DEFINED_TRANSFORMATION('','',#952,#2234);
#2236=(REPRESENTATION_RELATIONSHIP('','',#953,#273)REPRESENTATION_RELATIONSHIP_WITH_TRANSFORMATION(#2235)SHAPE_REPRESENTATION_RELATIONSHIP());
#2237=CONTEXT_DEPENDENT_SHAPE_REPRESENTATION(#2236,#2230);
#2240=CARTESIAN_POINT('',(-2.8284E0,-2.8284E0,2.15E-1));
#2241=DIRECTION('',(0.E0,1.E0,0.E0));
#2242=DIRECTION('',(1.E0,0.E0,0.E0));
#2243=AXIS2_PLACEMENT_3D('',#2240,#2241,#2242);
#2244=ITEM_DEFINED_TRANSFORMATION('','',#952,#2243);
#2245=(REPRESENTATION_RELATIONSHIP('','',#953,#273)REPRESENTATION_RELATIONSHIP_WITH_TRANSFORMATION(#2244)SHAPE_REPRESENTATION_RELATIONSHIP());
#2246=CONTEXT_DEPENDENT_SHAPE_REPRESENTATION(#2245,#2239);
#2249=CARTESIAN_POINT('',(-2.1213E0,-2.8284E0,2.15E-1));
#2250=DIRECTION('',(0.E0,1.E0,0.E0));
#2251=DIRECTION('',(1.E0,0.E0,0.E0));
#2252=AXIS2_PLACEMENT_3D('',#2249,#2250,#2251);
#2253=ITEM_DEFINED_TRANSFORMATION('','',#952,#2252);
#2254=(REPRESENTATION_RELATIONSHIP('','',#953,#273)REPRESENTATION_RELATIONSHIP_WITH_TRANSFORMATION(#2253)SHAPE_REPRESENTATION_RELATIONSHIP());
#2255=CONTEXT_DEPENDENT_SHAPE_REPRESENTATION(#2254,#2248);
#2258=CARTESIAN_POINT('',(-1.4142E0,-2.8284E0,2.15E-1));
#2259=DIRECTION('',(0.E0,1.E0,0.E0));
#2260=DIRECTION('',(1.E0,0.E0,0.E0));
#2261=AXIS2_PLACEMENT_3D('',#2258,#2259,#2260);
#2262=ITEM_DEFINED_TRANSFORMATION('','',#952,#2261);
#2263=(REPRESENTATION_RELATIONSHIP('','',#953,#273)REPRESENTATION_RELATIONSHIP_WITH_TRANSFORMATION(#2262)SHAPE_REPRESENTATION_RELATIONSHIP());
#2264=CONTEXT_DEPENDENT_SHAPE_REPRESENTATION(#2263,#2257);
#2267=CARTESIAN_POINT('',(-7.071E-1,-2.8284E0,2.15E-1));
#2268=DIRECTION('',(0.E0,1.E0,0.E0));
#2269=DIRECTION('',(1.E0,0.E0,0.E0));
#2270=AXIS2_PLACEMENT_3D('',#2267,#2268,#2269);
#2271=ITEM_DEFINED_TRANSFORMATION('','',#952,#2270);
#2272=(REPRESENTATION_RELATIONSHIP('','',#953,#273)REPRESENTATION_RELATIONSHIP_WITH_TRANSFORMATION(#2271)SHAPE_REPRESENTATION_RELATIONSHIP());
#2273=CONTEXT_DEPENDENT_SHAPE_REPRESENTATION(#2272,#2266);
#2276=CARTESIAN_POINT('',(0.E0,-2.8284E0,2.15E-1));
#2277=DIRECTION('',(0.E0,1.E0,0.E0));
#2278=DIRECTION('',(1.E0,0.E0,0.E0));
#2279=AXIS2_PLACEMENT_3D('',#2276,#2277,#2278);
#2280=ITEM_DEFINED_TRANSFORMATION('','',#952,#2279);
#2281=(REPRESENTATION_RELATIONSHIP('','',#953,#273)REPRESENTATION_RELATIONSHIP_WITH_TRANSFORMATION(#2280)SHAPE_REPRESENTATION_RELATIONSHIP());
#2282=CONTEXT_DEPENDENT_SHAPE_REPRESENTATION(#2281,#2275);
#2285=CARTESIAN_POINT('',(7.071E-1,-2.8284E0,2.15E-1));
#2286=DIRECTION('',(0.E0,1.E0,0.E0));
#2287=DIRECTION('',(1.E0,0.E0,0.E0));
#2288=AXIS2_PLACEMENT_3D('',#2285,#2286,#2287);
#2289=ITEM_DEFINED_TRANSFORMATION('','',#952,#2288);
#2290=(REPRESENTATION_RELATIONSHIP('','',#953,#273)REPRESENTATION_RELATIONSHIP_WITH_TRANSFORMATION(#2289)SHAPE_REPRESENTATION_RELATIONSHIP());
#2291=CONTEXT_DEPENDENT_SHAPE_REPRESENTATION(#2290,#2284);
#2294=CARTESIAN_POINT('',(1.4142E0,-2.8284E0,2.15E-1));
#2295=DIRECTION('',(0.E0,1.E0,0.E0));
#2296=DIRECTION('',(1.E0,0.E0,0.E0));
#2297=AXIS2_PLACEMENT_3D('',#2294,#2295,#2296);
#2298=ITEM_DEFINED_TRANSFORMATION('','',#952,#2297);
#2299=(REPRESENTATION_RELATIONSHIP('','',#953,#273)REPRESENTATION_RELATIONSHIP_WITH_TRANSFORMATION(#2298)SHAPE_REPRESENTATION_RELATIONSHIP());
#2300=CONTEXT_DEPENDENT_SHAPE_REPRESENTATION(#2299,#2293);
#2303=CARTESIAN_POINT('',(2.1213E0,-2.8284E0,2.15E-1));
#2304=DIRECTION('',(0.E0,1.E0,0.E0));
#2305=DIRECTION('',(1.E0,0.E0,0.E0));
#2306=AXIS2_PLACEMENT_3D('',#2303,#2304,#2305);
#2307=ITEM_DEFINED_TRANSFORMATION('','',#952,#2306);
#2308=(REPRESENTATION_RELATIONSHIP('','',#953,#273)REPRESENTATION_RELATIONSHIP_WITH_TRANSFORMATION(#2307)SHAPE_REPRESENTATION_RELATIONSHIP());
#2309=CONTEXT_DEPENDENT_SHAPE_REPRESENTATION(#2308,#2302);
#2312=CARTESIAN_POINT('',(2.8284E0,-2.8284E0,2.15E-1));
#2313=DIRECTION('',(0.E0,1.E0,0.E0));
#2314=DIRECTION('',(1.E0,0.E0,0.E0));
#2315=AXIS2_PLACEMENT_3D('',#2312,#2313,#2314);
#2316=ITEM_DEFINED_TRANSFORMATION('','',#952,#2315);
#2317=(REPRESENTATION_RELATIONSHIP('','',#953,#273)REPRESENTATION_RELATIONSHIP_WITH_TRANSFORMATION(#2316)SHAPE_REPRESENTATION_RELATIONSHIP());
#2318=CONTEXT_DEPENDENT_SHAPE_REPRESENTATION(#2317,#2311);
#2321=CARTESIAN_POINT('',(3.5355E0,-2.8284E0,2.15E-1));
#2322=DIRECTION('',(0.E0,1.E0,0.E0));
#2323=DIRECTION('',(1.E0,0.E0,0.E0));
#2324=AXIS2_PLACEMENT_3D('',#2321,#2322,#2323);
#2325=ITEM_DEFINED_TRANSFORMATION('','',#952,#2324);
#2326=(REPRESENTATION_RELATIONSHIP('','',#953,#273)REPRESENTATION_RELATIONSHIP_WITH_TRANSFORMATION(#2325)SHAPE_REPRESENTATION_RELATIONSHIP());
#2327=CONTEXT_DEPENDENT_SHAPE_REPRESENTATION(#2326,#2320);
#2330=CARTESIAN_POINT('',(-3.5355E0,-3.5355E0,2.15E-1));
#2331=DIRECTION('',(0.E0,1.E0,0.E0));
#2332=DIRECTION('',(1.E0,0.E0,0.E0));
#2333=AXIS2_PLACEMENT_3D('',#2330,#2331,#2332);
#2334=ITEM_DEFINED_TRANSFORMATION('','',#952,#2333);
#2335=(REPRESENTATION_RELATIONSHIP('','',#953,#273)REPRESENTATION_RELATIONSHIP_WITH_TRANSFORMATION(#2334)SHAPE_REPRESENTATION_RELATIONSHIP());
#2336=CONTEXT_DEPENDENT_SHAPE_REPRESENTATION(#2335,#2329);
#2339=CARTESIAN_POINT('',(-2.8284E0,-3.5355E0,2.15E-1));
#2340=DIRECTION('',(0.E0,1.E0,0.E0));
#2341=DIRECTION('',(1.E0,0.E0,0.E0));
#2342=AXIS2_PLACEMENT_3D('',#2339,#2340,#2341);
#2343=ITEM_DEFINED_TRANSFORMATION('','',#952,#2342);
#2344=(REPRESENTATION_RELATIONSHIP('','',#953,#273)REPRESENTATION_RELATIONSHIP_WITH_TRANSFORMATION(#2343)SHAPE_REPRESENTATION_RELATIONSHIP());
#2345=CONTEXT_DEPENDENT_SHAPE_REPRESENTATION(#2344,#2338);
#2348=CARTESIAN_POINT('',(-2.1213E0,-3.5355E0,2.15E-1));
#2349=DIRECTION('',(0.E0,1.E0,0.E0));
#2350=DIRECTION('',(1.E0,0.E0,0.E0));
#2351=AXIS2_PLACEMENT_3D('',#2348,#2349,#2350);
#2352=ITEM_DEFINED_TRANSFORMATION('','',#952,#2351);
#2353=(REPRESENTATION_RELATIONSHIP('','',#953,#273)REPRESENTATION_RELATIONSHIP_WITH_TRANSFORMATION(#2352)SHAPE_REPRESENTATION_RELATIONSHIP());
#2354=CONTEXT_DEPENDENT_SHAPE_REPRESENTATION(#2353,#2347);
#2357=CARTESIAN_POINT('',(-1.4142E0,-3.5355E0,2.15E-1));
#2358=DIRECTION('',(0.E0,1.E0,0.E0));
#2359=DIRECTION('',(1.E0,0.E0,0.E0));
#2360=AXIS2_PLACEMENT_3D('',#2357,#2358,#2359);
#2361=ITEM_DEFINED_TRANSFORMATION('','',#952,#2360);
#2362=(REPRESENTATION_RELATIONSHIP('','',#953,#273)REPRESENTATION_RELATIONSHIP_WITH_TRANSFORMATION(#2361)SHAPE_REPRESENTATION_RELATIONSHIP());
#2363=CONTEXT_DEPENDENT_SHAPE_REPRESENTATION(#2362,#2356);
#2366=CARTESIAN_POINT('',(-7.071E-1,-3.5355E0,2.15E-1));
#2367=DIRECTION('',(0.E0,1.E0,0.E0));
#2368=DIRECTION('',(1.E0,0.E0,0.E0));
#2369=AXIS2_PLACEMENT_3D('',#2366,#2367,#2368);
#2370=ITEM_DEFINED_TRANSFORMATION('','',#952,#2369);
#2371=(REPRESENTATION_RELATIONSHIP('','',#953,#273)REPRESENTATION_RELATIONSHIP_WITH_TRANSFORMATION(#2370)SHAPE_REPRESENTATION_RELATIONSHIP());
#2372=CONTEXT_DEPENDENT_SHAPE_REPRESENTATION(#2371,#2365);
#2375=CARTESIAN_POINT('',(0.E0,-3.5355E0,2.15E-1));
#2376=DIRECTION('',(0.E0,1.E0,0.E0));
#2377=DIRECTION('',(1.E0,0.E0,0.E0));
#2378=AXIS2_PLACEMENT_3D('',#2375,#2376,#2377);
#2379=ITEM_DEFINED_TRANSFORMATION('','',#952,#2378);
#2380=(REPRESENTATION_RELATIONSHIP('','',#953,#273)REPRESENTATION_RELATIONSHIP_WITH_TRANSFORMATION(#2379)SHAPE_REPRESENTATION_RELATIONSHIP());
#2381=CONTEXT_DEPENDENT_SHAPE_REPRESENTATION(#2380,#2374);
#2384=CARTESIAN_POINT('',(7.071E-1,-3.5355E0,2.15E-1));
#2385=DIRECTION('',(0.E0,1.E0,0.E0));
#2386=DIRECTION('',(1.E0,0.E0,0.E0));
#2387=AXIS2_PLACEMENT_3D('',#2384,#2385,#2386);
#2388=ITEM_DEFINED_TRANSFORMATION('','',#952,#2387);
#2389=(REPRESENTATION_RELATIONSHIP('','',#953,#273)REPRESENTATION_RELATIONSHIP_WITH_TRANSFORMATION(#2388)SHAPE_REPRESENTATION_RELATIONSHIP());
#2390=CONTEXT_DEPENDENT_SHAPE_REPRESENTATION(#2389,#2383);
#2393=CARTESIAN_POINT('',(1.4142E0,-3.5355E0,2.15E-1));
#2394=DIRECTION('',(0.E0,1.E0,0.E0));
#2395=DIRECTION('',(1.E0,0.E0,0.E0));
#2396=AXIS2_PLACEMENT_3D('',#2393,#2394,#2395);
#2397=ITEM_DEFINED_TRANSFORMATION('','',#952,#2396);
#2398=(REPRESENTATION_RELATIONSHIP('','',#953,#273)REPRESENTATION_RELATIONSHIP_WITH_TRANSFORMATION(#2397)SHAPE_REPRESENTATION_RELATIONSHIP());
#2399=CONTEXT_DEPENDENT_SHAPE_REPRESENTATION(#2398,#2392);
#2402=CARTESIAN_POINT('',(2.1213E0,-3.5355E0,2.15E-1));
#2403=DIRECTION('',(0.E0,1.E0,0.E0));
#2404=DIRECTION('',(1.E0,0.E0,0.E0));
#2405=AXIS2_PLACEMENT_3D('',#2402,#2403,#2404);
#2406=ITEM_DEFINED_TRANSFORMATION('','',#952,#2405);
#2407=(REPRESENTATION_RELATIONSHIP('','',#953,#273)REPRESENTATION_RELATIONSHIP_WITH_TRANSFORMATION(#2406)SHAPE_REPRESENTATION_RELATIONSHIP());
#2408=CONTEXT_DEPENDENT_SHAPE_REPRESENTATION(#2407,#2401);
#2411=CARTESIAN_POINT('',(2.8284E0,-3.5355E0,2.15E-1));
#2412=DIRECTION('',(0.E0,1.E0,0.E0));
#2413=DIRECTION('',(1.E0,0.E0,0.E0));
#2414=AXIS2_PLACEMENT_3D('',#2411,#2412,#2413);
#2415=ITEM_DEFINED_TRANSFORMATION('','',#952,#2414);
#2416=(REPRESENTATION_RELATIONSHIP('','',#953,#273)REPRESENTATION_RELATIONSHIP_WITH_TRANSFORMATION(#2415)SHAPE_REPRESENTATION_RELATIONSHIP());
#2417=CONTEXT_DEPENDENT_SHAPE_REPRESENTATION(#2416,#2410);
#2420=CARTESIAN_POINT('',(3.5355E0,-3.5355E0,2.15E-1));
#2421=DIRECTION('',(0.E0,1.E0,0.E0));
#2422=DIRECTION('',(1.E0,0.E0,0.E0));
#2423=AXIS2_PLACEMENT_3D('',#2420,#2421,#2422);
#2424=ITEM_DEFINED_TRANSFORMATION('','',#952,#2423);
#2425=(REPRESENTATION_RELATIONSHIP('','',#953,#273)REPRESENTATION_RELATIONSHIP_WITH_TRANSFORMATION(#2424)SHAPE_REPRESENTATION_RELATIONSHIP());
#2426=CONTEXT_DEPENDENT_SHAPE_REPRESENTATION(#2425,#2419);
#2429=CARTESIAN_POINT('',(-3.5355E0,-4.2426E0,2.15E-1));
#2430=DIRECTION('',(0.E0,1.E0,0.E0));
#2431=DIRECTION('',(1.E0,0.E0,0.E0));
#2432=AXIS2_PLACEMENT_3D('',#2429,#2430,#2431);
#2433=ITEM_DEFINED_TRANSFORMATION('','',#952,#2432);
#2434=(REPRESENTATION_RELATIONSHIP('','',#953,#273)REPRESENTATION_RELATIONSHIP_WITH_TRANSFORMATION(#2433)SHAPE_REPRESENTATION_RELATIONSHIP());
#2435=CONTEXT_DEPENDENT_SHAPE_REPRESENTATION(#2434,#2428);
#2438=CARTESIAN_POINT('',(-2.8284E0,-4.2426E0,2.15E-1));
#2439=DIRECTION('',(0.E0,1.E0,0.E0));
#2440=DIRECTION('',(1.E0,0.E0,0.E0));
#2441=AXIS2_PLACEMENT_3D('',#2438,#2439,#2440);
#2442=ITEM_DEFINED_TRANSFORMATION('','',#952,#2441);
#2443=(REPRESENTATION_RELATIONSHIP('','',#953,#273)REPRESENTATION_RELATIONSHIP_WITH_TRANSFORMATION(#2442)SHAPE_REPRESENTATION_RELATIONSHIP());
#2444=CONTEXT_DEPENDENT_SHAPE_REPRESENTATION(#2443,#2437);
#2447=CARTESIAN_POINT('',(-2.1213E0,-4.2426E0,2.15E-1));
#2448=DIRECTION('',(0.E0,1.E0,0.E0));
#2449=DIRECTION('',(1.E0,0.E0,0.E0));
#2450=AXIS2_PLACEMENT_3D('',#2447,#2448,#2449);
#2451=ITEM_DEFINED_TRANSFORMATION('','',#952,#2450);
#2452=(REPRESENTATION_RELATIONSHIP('','',#953,#273)REPRESENTATION_RELATIONSHIP_WITH_TRANSFORMATION(#2451)SHAPE_REPRESENTATION_RELATIONSHIP());
#2453=CONTEXT_DEPENDENT_SHAPE_REPRESENTATION(#2452,#2446);
#2456=CARTESIAN_POINT('',(-1.4142E0,-4.2426E0,2.15E-1));
#2457=DIRECTION('',(0.E0,1.E0,0.E0));
#2458=DIRECTION('',(1.E0,0.E0,0.E0));
#2459=AXIS2_PLACEMENT_3D('',#2456,#2457,#2458);
#2460=ITEM_DEFINED_TRANSFORMATION('','',#952,#2459);
#2461=(REPRESENTATION_RELATIONSHIP('','',#953,#273)REPRESENTATION_RELATIONSHIP_WITH_TRANSFORMATION(#2460)SHAPE_REPRESENTATION_RELATIONSHIP());
#2462=CONTEXT_DEPENDENT_SHAPE_REPRESENTATION(#2461,#2455);
#2465=CARTESIAN_POINT('',(-7.071E-1,-4.2426E0,2.15E-1));
#2466=DIRECTION('',(0.E0,1.E0,0.E0));
#2467=DIRECTION('',(1.E0,0.E0,0.E0));
#2468=AXIS2_PLACEMENT_3D('',#2465,#2466,#2467);
#2469=ITEM_DEFINED_TRANSFORMATION('','',#952,#2468);
#2470=(REPRESENTATION_RELATIONSHIP('','',#953,#273)REPRESENTATION_RELATIONSHIP_WITH_TRANSFORMATION(#2469)SHAPE_REPRESENTATION_RELATIONSHIP());
#2471=CONTEXT_DEPENDENT_SHAPE_REPRESENTATION(#2470,#2464);
#2474=CARTESIAN_POINT('',(0.E0,-4.2426E0,2.15E-1));
#2475=DIRECTION('',(0.E0,1.E0,0.E0));
#2476=DIRECTION('',(1.E0,0.E0,0.E0));
#2477=AXIS2_PLACEMENT_3D('',#2474,#2475,#2476);
#2478=ITEM_DEFINED_TRANSFORMATION('','',#952,#2477);
#2479=(REPRESENTATION_RELATIONSHIP('','',#953,#273)REPRESENTATION_RELATIONSHIP_WITH_TRANSFORMATION(#2478)SHAPE_REPRESENTATION_RELATIONSHIP());
#2480=CONTEXT_DEPENDENT_SHAPE_REPRESENTATION(#2479,#2473);
#2483=CARTESIAN_POINT('',(7.071E-1,-4.2426E0,2.15E-1));
#2484=DIRECTION('',(0.E0,1.E0,0.E0));
#2485=DIRECTION('',(1.E0,0.E0,0.E0));
#2486=AXIS2_PLACEMENT_3D('',#2483,#2484,#2485);
#2487=ITEM_DEFINED_TRANSFORMATION('','',#952,#2486);
#2488=(REPRESENTATION_RELATIONSHIP('','',#953,#273)REPRESENTATION_RELATIONSHIP_WITH_TRANSFORMATION(#2487)SHAPE_REPRESENTATION_RELATIONSHIP());
#2489=CONTEXT_DEPENDENT_SHAPE_REPRESENTATION(#2488,#2482);
#2492=CARTESIAN_POINT('',(1.4142E0,-4.2426E0,2.15E-1));
#2493=DIRECTION('',(0.E0,1.E0,0.E0));
#2494=DIRECTION('',(1.E0,0.E0,0.E0));
#2495=AXIS2_PLACEMENT_3D('',#2492,#2493,#2494);
#2496=ITEM_DEFINED_TRANSFORMATION('','',#952,#2495);
#2497=(REPRESENTATION_RELATIONSHIP('','',#953,#273)REPRESENTATION_RELATIONSHIP_WITH_TRANSFORMATION(#2496)SHAPE_REPRESENTATION_RELATIONSHIP());
#2498=CONTEXT_DEPENDENT_SHAPE_REPRESENTATION(#2497,#2491);
#2501=CARTESIAN_POINT('',(2.1213E0,-4.2426E0,2.15E-1));
#2502=DIRECTION('',(0.E0,1.E0,0.E0));
#2503=DIRECTION('',(1.E0,0.E0,0.E0));
#2504=AXIS2_PLACEMENT_3D('',#2501,#2502,#2503);
#2505=ITEM_DEFINED_TRANSFORMATION('','',#952,#2504);
#2506=(REPRESENTATION_RELATIONSHIP('','',#953,#273)REPRESENTATION_RELATIONSHIP_WITH_TRANSFORMATION(#2505)SHAPE_REPRESENTATION_RELATIONSHIP());
#2507=CONTEXT_DEPENDENT_SHAPE_REPRESENTATION(#2506,#2500);
#2510=CARTESIAN_POINT('',(2.8284E0,-4.2426E0,2.15E-1));
#2511=DIRECTION('',(0.E0,1.E0,0.E0));
#2512=DIRECTION('',(1.E0,0.E0,0.E0));
#2513=AXIS2_PLACEMENT_3D('',#2510,#2511,#2512);
#2514=ITEM_DEFINED_TRANSFORMATION('','',#952,#2513);
#2515=(REPRESENTATION_RELATIONSHIP('','',#953,#273)REPRESENTATION_RELATIONSHIP_WITH_TRANSFORMATION(#2514)SHAPE_REPRESENTATION_RELATIONSHIP());
#2516=CONTEXT_DEPENDENT_SHAPE_REPRESENTATION(#2515,#2509);
#2519=CARTESIAN_POINT('',(3.5355E0,-4.2426E0,2.15E-1));
#2520=DIRECTION('',(0.E0,1.E0,0.E0));
#2521=DIRECTION('',(1.E0,0.E0,0.E0));
#2522=AXIS2_PLACEMENT_3D('',#2519,#2520,#2521);
#2523=ITEM_DEFINED_TRANSFORMATION('','',#952,#2522);
#2524=(REPRESENTATION_RELATIONSHIP('','',#953,#273)REPRESENTATION_RELATIONSHIP_WITH_TRANSFORMATION(#2523)SHAPE_REPRESENTATION_RELATIONSHIP());
#2525=CONTEXT_DEPENDENT_SHAPE_REPRESENTATION(#2524,#2518);
#2528=CARTESIAN_POINT('',(-3.5355E0,-4.9497E0,2.15E-1));
#2529=DIRECTION('',(0.E0,1.E0,0.E0));
#2530=DIRECTION('',(1.E0,0.E0,0.E0));
#2531=AXIS2_PLACEMENT_3D('',#2528,#2529,#2530);
#2532=ITEM_DEFINED_TRANSFORMATION('','',#952,#2531);
#2533=(REPRESENTATION_RELATIONSHIP('','',#953,#273)REPRESENTATION_RELATIONSHIP_WITH_TRANSFORMATION(#2532)SHAPE_REPRESENTATION_RELATIONSHIP());
#2534=CONTEXT_DEPENDENT_SHAPE_REPRESENTATION(#2533,#2527);
#2537=CARTESIAN_POINT('',(-2.8284E0,-4.9497E0,2.15E-1));
#2538=DIRECTION('',(0.E0,1.E0,0.E0));
#2539=DIRECTION('',(1.E0,0.E0,0.E0));
#2540=AXIS2_PLACEMENT_3D('',#2537,#2538,#2539);
#2541=ITEM_DEFINED_TRANSFORMATION('','',#952,#2540);
#2542=(REPRESENTATION_RELATIONSHIP('','',#953,#273)REPRESENTATION_RELATIONSHIP_WITH_TRANSFORMATION(#2541)SHAPE_REPRESENTATION_RELATIONSHIP());
#2543=CONTEXT_DEPENDENT_SHAPE_REPRESENTATION(#2542,#2536);
#2546=CARTESIAN_POINT('',(-2.1213E0,-4.9497E0,2.15E-1));
#2547=DIRECTION('',(0.E0,1.E0,0.E0));
#2548=DIRECTION('',(1.E0,0.E0,0.E0));
#2549=AXIS2_PLACEMENT_3D('',#2546,#2547,#2548);
#2550=ITEM_DEFINED_TRANSFORMATION('','',#952,#2549);
#2551=(REPRESENTATION_RELATIONSHIP('','',#953,#273)REPRESENTATION_RELATIONSHIP_WITH_TRANSFORMATION(#2550)SHAPE_REPRESENTATION_RELATIONSHIP());
#2552=CONTEXT_DEPENDENT_SHAPE_REPRESENTATION(#2551,#2545);
#2555=CARTESIAN_POINT('',(-1.4142E0,-4.9497E0,2.15E-1));
#2556=DIRECTION('',(0.E0,1.E0,0.E0));
#2557=DIRECTION('',(1.E0,0.E0,0.E0));
#2558=AXIS2_PLACEMENT_3D('',#2555,#2556,#2557);
#2559=ITEM_DEFINED_TRANSFORMATION('','',#952,#2558);
#2560=(REPRESENTATION_RELATIONSHIP('','',#953,#273)REPRESENTATION_RELATIONSHIP_WITH_TRANSFORMATION(#2559)SHAPE_REPRESENTATION_RELATIONSHIP());
#2561=CONTEXT_DEPENDENT_SHAPE_REPRESENTATION(#2560,#2554);
#2564=CARTESIAN_POINT('',(-7.071E-1,-4.9497E0,2.15E-1));
#2565=DIRECTION('',(0.E0,1.E0,0.E0));
#2566=DIRECTION('',(1.E0,0.E0,0.E0));
#2567=AXIS2_PLACEMENT_3D('',#2564,#2565,#2566);
#2568=ITEM_DEFINED_TRANSFORMATION('','',#952,#2567);
#2569=(REPRESENTATION_RELATIONSHIP('','',#953,#273)REPRESENTATION_RELATIONSHIP_WITH_TRANSFORMATION(#2568)SHAPE_REPRESENTATION_RELATIONSHIP());
#2570=CONTEXT_DEPENDENT_SHAPE_REPRESENTATION(#2569,#2563);
#2573=CARTESIAN_POINT('',(0.E0,-4.9497E0,2.15E-1));
#2574=DIRECTION('',(0.E0,1.E0,0.E0));
#2575=DIRECTION('',(1.E0,0.E0,0.E0));
#2576=AXIS2_PLACEMENT_3D('',#2573,#2574,#2575);
#2577=ITEM_DEFINED_TRANSFORMATION('','',#952,#2576);
#2578=(REPRESENTATION_RELATIONSHIP('','',#953,#273)REPRESENTATION_RELATIONSHIP_WITH_TRANSFORMATION(#2577)SHAPE_REPRESENTATION_RELATIONSHIP());
#2579=CONTEXT_DEPENDENT_SHAPE_REPRESENTATION(#2578,#2572);
#2582=CARTESIAN_POINT('',(7.071E-1,-4.9497E0,2.15E-1));
#2583=DIRECTION('',(0.E0,1.E0,0.E0));
#2584=DIRECTION('',(1.E0,0.E0,0.E0));
#2585=AXIS2_PLACEMENT_3D('',#2582,#2583,#2584);
#2586=ITEM_DEFINED_TRANSFORMATION('','',#952,#2585);
#2587=(REPRESENTATION_RELATIONSHIP('','',#953,#273)REPRESENTATION_RELATIONSHIP_WITH_TRANSFORMATION(#2586)SHAPE_REPRESENTATION_RELATIONSHIP());
#2588=CONTEXT_DEPENDENT_SHAPE_REPRESENTATION(#2587,#2581);
#2591=CARTESIAN_POINT('',(1.4142E0,-4.9497E0,2.15E-1));
#2592=DIRECTION('',(0.E0,1.E0,0.E0));
#2593=DIRECTION('',(1.E0,0.E0,0.E0));
#2594=AXIS2_PLACEMENT_3D('',#2591,#2592,#2593);
#2595=ITEM_DEFINED_TRANSFORMATION('','',#952,#2594);
#2596=(REPRESENTATION_RELATIONSHIP('','',#953,#273)REPRESENTATION_RELATIONSHIP_WITH_TRANSFORMATION(#2595)SHAPE_REPRESENTATION_RELATIONSHIP());
#2597=CONTEXT_DEPENDENT_SHAPE_REPRESENTATION(#2596,#2590);
#2600=CARTESIAN_POINT('',(2.1213E0,-4.9497E0,2.15E-1));
#2601=DIRECTION('',(0.E0,1.E0,0.E0));
#2602=DIRECTION('',(1.E0,0.E0,0.E0));
#2603=AXIS2_PLACEMENT_3D('',#2600,#2601,#2602);
#2604=ITEM_DEFINED_TRANSFORMATION('','',#952,#2603);
#2605=(REPRESENTATION_RELATIONSHIP('','',#953,#273)REPRESENTATION_RELATIONSHIP_WITH_TRANSFORMATION(#2604)SHAPE_REPRESENTATION_RELATIONSHIP());
#2606=CONTEXT_DEPENDENT_SHAPE_REPRESENTATION(#2605,#2599);
#2609=CARTESIAN_POINT('',(2.8284E0,-4.9497E0,2.15E-1));
#2610=DIRECTION('',(0.E0,1.E0,0.E0));
#2611=DIRECTION('',(1.E0,0.E0,0.E0));
#2612=AXIS2_PLACEMENT_3D('',#2609,#2610,#2611);
#2613=ITEM_DEFINED_TRANSFORMATION('','',#952,#2612);
#2614=(REPRESENTATION_RELATIONSHIP('','',#953,#273)REPRESENTATION_RELATIONSHIP_WITH_TRANSFORMATION(#2613)SHAPE_REPRESENTATION_RELATIONSHIP());
#2615=CONTEXT_DEPENDENT_SHAPE_REPRESENTATION(#2614,#2608);
#2618=CARTESIAN_POINT('',(3.5355E0,-4.9497E0,2.15E-1));
#2619=DIRECTION('',(0.E0,1.E0,0.E0));
#2620=DIRECTION('',(1.E0,0.E0,0.E0));
#2621=AXIS2_PLACEMENT_3D('',#2618,#2619,#2620);
#2622=ITEM_DEFINED_TRANSFORMATION('','',#952,#2621);
#2623=(REPRESENTATION_RELATIONSHIP('','',#953,#273)REPRESENTATION_RELATIONSHIP_WITH_TRANSFORMATION(#2622)SHAPE_REPRESENTATION_RELATIONSHIP());
#2624=CONTEXT_DEPENDENT_SHAPE_REPRESENTATION(#2623,#2617);
#2627=CARTESIAN_POINT('',(-3.5355E0,-5.6568E0,2.15E-1));
#2628=DIRECTION('',(0.E0,1.E0,0.E0));
#2629=DIRECTION('',(1.E0,0.E0,0.E0));
#2630=AXIS2_PLACEMENT_3D('',#2627,#2628,#2629);
#2631=ITEM_DEFINED_TRANSFORMATION('','',#952,#2630);
#2632=(REPRESENTATION_RELATIONSHIP('','',#953,#273)REPRESENTATION_RELATIONSHIP_WITH_TRANSFORMATION(#2631)SHAPE_REPRESENTATION_RELATIONSHIP());
#2633=CONTEXT_DEPENDENT_SHAPE_REPRESENTATION(#2632,#2626);
#2636=CARTESIAN_POINT('',(-2.8284E0,-5.6568E0,2.15E-1));
#2637=DIRECTION('',(0.E0,1.E0,0.E0));
#2638=DIRECTION('',(1.E0,0.E0,0.E0));
#2639=AXIS2_PLACEMENT_3D('',#2636,#2637,#2638);
#2640=ITEM_DEFINED_TRANSFORMATION('','',#952,#2639);
#2641=(REPRESENTATION_RELATIONSHIP('','',#953,#273)REPRESENTATION_RELATIONSHIP_WITH_TRANSFORMATION(#2640)SHAPE_REPRESENTATION_RELATIONSHIP());
#2642=CONTEXT_DEPENDENT_SHAPE_REPRESENTATION(#2641,#2635);
#2645=CARTESIAN_POINT('',(-2.1213E0,-5.6568E0,2.15E-1));
#2646=DIRECTION('',(0.E0,1.E0,0.E0));
#2647=DIRECTION('',(1.E0,0.E0,0.E0));
#2648=AXIS2_PLACEMENT_3D('',#2645,#2646,#2647);
#2649=ITEM_DEFINED_TRANSFORMATION('','',#952,#2648);
#2650=(REPRESENTATION_RELATIONSHIP('','',#953,#273)REPRESENTATION_RELATIONSHIP_WITH_TRANSFORMATION(#2649)SHAPE_REPRESENTATION_RELATIONSHIP());
#2651=CONTEXT_DEPENDENT_SHAPE_REPRESENTATION(#2650,#2644);
#2654=CARTESIAN_POINT('',(-1.4142E0,-5.6568E0,2.15E-1));
#2655=DIRECTION('',(0.E0,1.E0,0.E0));
#2656=DIRECTION('',(1.E0,0.E0,0.E0));
#2657=AXIS2_PLACEMENT_3D('',#2654,#2655,#2656);
#2658=ITEM_DEFINED_TRANSFORMATION('','',#952,#2657);
#2659=(REPRESENTATION_RELATIONSHIP('','',#953,#273)REPRESENTATION_RELATIONSHIP_WITH_TRANSFORMATION(#2658)SHAPE_REPRESENTATION_RELATIONSHIP());
#2660=CONTEXT_DEPENDENT_SHAPE_REPRESENTATION(#2659,#2653);
#2663=CARTESIAN_POINT('',(-7.071E-1,-5.6568E0,2.15E-1));
#2664=DIRECTION('',(0.E0,1.E0,0.E0));
#2665=DIRECTION('',(1.E0,0.E0,0.E0));
#2666=AXIS2_PLACEMENT_3D('',#2663,#2664,#2665);
#2667=ITEM_DEFINED_TRANSFORMATION('','',#952,#2666);
#2668=(REPRESENTATION_RELATIONSHIP('','',#953,#273)REPRESENTATION_RELATIONSHIP_WITH_TRANSFORMATION(#2667)SHAPE_REPRESENTATION_RELATIONSHIP());
#2669=CONTEXT_DEPENDENT_SHAPE_REPRESENTATION(#2668,#2662);
#2672=CARTESIAN_POINT('',(0.E0,-5.6568E0,2.15E-1));
#2673=DIRECTION('',(0.E0,1.E0,0.E0));
#2674=DIRECTION('',(1.E0,0.E0,0.E0));
#2675=AXIS2_PLACEMENT_3D('',#2672,#2673,#2674);
#2676=ITEM_DEFINED_TRANSFORMATION('','',#952,#2675);
#2677=(REPRESENTATION_RELATIONSHIP('','',#953,#273)REPRESENTATION_RELATIONSHIP_WITH_TRANSFORMATION(#2676)SHAPE_REPRESENTATION_RELATIONSHIP());
#2678=CONTEXT_DEPENDENT_SHAPE_REPRESENTATION(#2677,#2671);
#2681=CARTESIAN_POINT('',(7.071E-1,-5.6568E0,2.15E-1));
#2682=DIRECTION('',(0.E0,1.E0,0.E0));
#2683=DIRECTION('',(1.E0,0.E0,0.E0));
#2684=AXIS2_PLACEMENT_3D('',#2681,#2682,#2683);
#2685=ITEM_DEFINED_TRANSFORMATION('','',#952,#2684);
#2686=(REPRESENTATION_RELATIONSHIP('','',#953,#273)REPRESENTATION_RELATIONSHIP_WITH_TRANSFORMATION(#2685)SHAPE_REPRESENTATION_RELATIONSHIP());
#2687=CONTEXT_DEPENDENT_SHAPE_REPRESENTATION(#2686,#2680);
#2690=CARTESIAN_POINT('',(1.4142E0,-5.6568E0,2.15E-1));
#2691=DIRECTION('',(0.E0,1.E0,0.E0));
#2692=DIRECTION('',(1.E0,0.E0,0.E0));
#2693=AXIS2_PLACEMENT_3D('',#2690,#2691,#2692);
#2694=ITEM_DEFINED_TRANSFORMATION('','',#952,#2693);
#2695=(REPRESENTATION_RELATIONSHIP('','',#953,#273)REPRESENTATION_RELATIONSHIP_WITH_TRANSFORMATION(#2694)SHAPE_REPRESENTATION_RELATIONSHIP());
#2696=CONTEXT_DEPENDENT_SHAPE_REPRESENTATION(#2695,#2689);
#2699=CARTESIAN_POINT('',(2.1213E0,-5.6568E0,2.15E-1));
#2700=DIRECTION('',(0.E0,1.E0,0.E0));
#2701=DIRECTION('',(1.E0,0.E0,0.E0));
#2702=AXIS2_PLACEMENT_3D('',#2699,#2700,#2701);
#2703=ITEM_DEFINED_TRANSFORMATION('','',#952,#2702);
#2704=(REPRESENTATION_RELATIONSHIP('','',#953,#273)REPRESENTATION_RELATIONSHIP_WITH_TRANSFORMATION(#2703)SHAPE_REPRESENTATION_RELATIONSHIP());
#2705=CONTEXT_DEPENDENT_SHAPE_REPRESENTATION(#2704,#2698);
#2708=CARTESIAN_POINT('',(2.8284E0,-5.6568E0,2.15E-1));
#2709=DIRECTION('',(0.E0,1.E0,0.E0));
#2710=DIRECTION('',(1.E0,0.E0,0.E0));
#2711=AXIS2_PLACEMENT_3D('',#2708,#2709,#2710);
#2712=ITEM_DEFINED_TRANSFORMATION('','',#952,#2711);
#2713=(REPRESENTATION_RELATIONSHIP('','',#953,#273)REPRESENTATION_RELATIONSHIP_WITH_TRANSFORMATION(#2712)SHAPE_REPRESENTATION_RELATIONSHIP());
#2714=CONTEXT_DEPENDENT_SHAPE_REPRESENTATION(#2713,#2707);
#2717=CARTESIAN_POINT('',(3.5355E0,-5.6568E0,2.15E-1));
#2718=DIRECTION('',(0.E0,1.E0,0.E0));
#2719=DIRECTION('',(1.E0,0.E0,0.E0));
#2720=AXIS2_PLACEMENT_3D('',#2717,#2718,#2719);
#2721=ITEM_DEFINED_TRANSFORMATION('','',#952,#2720);
#2722=(REPRESENTATION_RELATIONSHIP('','',#953,#273)REPRESENTATION_RELATIONSHIP_WITH_TRANSFORMATION(#2721)SHAPE_REPRESENTATION_RELATIONSHIP());
#2723=CONTEXT_DEPENDENT_SHAPE_REPRESENTATION(#2722,#2716);
#2726=CARTESIAN_POINT('',(-3.5355E0,-6.3639E0,2.15E-1));
#2727=DIRECTION('',(0.E0,1.E0,0.E0));
#2728=DIRECTION('',(1.E0,0.E0,0.E0));
#2729=AXIS2_PLACEMENT_3D('',#2726,#2727,#2728);
#2730=ITEM_DEFINED_TRANSFORMATION('','',#952,#2729);
#2731=(REPRESENTATION_RELATIONSHIP('','',#953,#273)REPRESENTATION_RELATIONSHIP_WITH_TRANSFORMATION(#2730)SHAPE_REPRESENTATION_RELATIONSHIP());
#2732=CONTEXT_DEPENDENT_SHAPE_REPRESENTATION(#2731,#2725);
#2735=CARTESIAN_POINT('',(-2.8284E0,-6.3639E0,2.15E-1));
#2736=DIRECTION('',(0.E0,1.E0,0.E0));
#2737=DIRECTION('',(1.E0,0.E0,0.E0));
#2738=AXIS2_PLACEMENT_3D('',#2735,#2736,#2737);
#2739=ITEM_DEFINED_TRANSFORMATION('','',#952,#2738);
#2740=(REPRESENTATION_RELATIONSHIP('','',#953,#273)REPRESENTATION_RELATIONSHIP_WITH_TRANSFORMATION(#2739)SHAPE_REPRESENTATION_RELATIONSHIP());
#2741=CONTEXT_DEPENDENT_SHAPE_REPRESENTATION(#2740,#2734);
#2744=CARTESIAN_POINT('',(-2.1213E0,-6.3639E0,2.15E-1));
#2745=DIRECTION('',(0.E0,1.E0,0.E0));
#2746=DIRECTION('',(1.E0,0.E0,0.E0));
#2747=AXIS2_PLACEMENT_3D('',#2744,#2745,#2746);
#2748=ITEM_DEFINED_TRANSFORMATION('','',#952,#2747);
#2749=(REPRESENTATION_RELATIONSHIP('','',#953,#273)REPRESENTATION_RELATIONSHIP_WITH_TRANSFORMATION(#2748)SHAPE_REPRESENTATION_RELATIONSHIP());
#2750=CONTEXT_DEPENDENT_SHAPE_REPRESENTATION(#2749,#2743);
#2753=CARTESIAN_POINT('',(-1.4142E0,-6.3639E0,2.15E-1));
#2754=DIRECTION('',(0.E0,1.E0,0.E0));
#2755=DIRECTION('',(1.E0,0.E0,0.E0));
#2756=AXIS2_PLACEMENT_3D('',#2753,#2754,#2755);
#2757=ITEM_DEFINED_TRANSFORMATION('','',#952,#2756);
#2758=(REPRESENTATION_RELATIONSHIP('','',#953,#273)REPRESENTATION_RELATIONSHIP_WITH_TRANSFORMATION(#2757)SHAPE_REPRESENTATION_RELATIONSHIP());
#2759=CONTEXT_DEPENDENT_SHAPE_REPRESENTATION(#2758,#2752);
#2762=CARTESIAN_POINT('',(-7.071E-1,-6.3639E0,2.15E-1));
#2763=DIRECTION('',(0.E0,1.E0,0.E0));
#2764=DIRECTION('',(1.E0,0.E0,0.E0));
#2765=AXIS2_PLACEMENT_3D('',#2762,#2763,#2764);
#2766=ITEM_DEFINED_TRANSFORMATION('','',#952,#2765);
#2767=(REPRESENTATION_RELATIONSHIP('','',#953,#273)REPRESENTATION_RELATIONSHIP_WITH_TRANSFORMATION(#2766)SHAPE_REPRESENTATION_RELATIONSHIP());
#2768=CONTEXT_DEPENDENT_SHAPE_REPRESENTATION(#2767,#2761);
#2771=CARTESIAN_POINT('',(0.E0,-6.3639E0,2.15E-1));
#2772=DIRECTION('',(0.E0,1.E0,0.E0));
#2773=DIRECTION('',(1.E0,0.E0,0.E0));
#2774=AXIS2_PLACEMENT_3D('',#2771,#2772,#2773);
#2775=ITEM_DEFINED_TRANSFORMATION('','',#952,#2774);
#2776=(REPRESENTATION_RELATIONSHIP('','',#953,#273)REPRESENTATION_RELATIONSHIP_WITH_TRANSFORMATION(#2775)SHAPE_REPRESENTATION_RELATIONSHIP());
#2777=CONTEXT_DEPENDENT_SHAPE_REPRESENTATION(#2776,#2770);
#2780=CARTESIAN_POINT('',(7.071E-1,-6.3639E0,2.15E-1));
#2781=DIRECTION('',(0.E0,1.E0,0.E0));
#2782=DIRECTION('',(1.E0,0.E0,0.E0));
#2783=AXIS2_PLACEMENT_3D('',#2780,#2781,#2782);
#2784=ITEM_DEFINED_TRANSFORMATION('','',#952,#2783);
#2785=(REPRESENTATION_RELATIONSHIP('','',#953,#273)REPRESENTATION_RELATIONSHIP_WITH_TRANSFORMATION(#2784)SHAPE_REPRESENTATION_RELATIONSHIP());
#2786=CONTEXT_DEPENDENT_SHAPE_REPRESENTATION(#2785,#2779);
#2789=CARTESIAN_POINT('',(1.4142E0,-6.3639E0,2.15E-1));
#2790=DIRECTION('',(0.E0,1.E0,0.E0));
#2791=DIRECTION('',(1.E0,0.E0,0.E0));
#2792=AXIS2_PLACEMENT_3D('',#2789,#2790,#2791);
#2793=ITEM_DEFINED_TRANSFORMATION('','',#952,#2792);
#2794=(REPRESENTATION_RELATIONSHIP('','',#953,#273)REPRESENTATION_RELATIONSHIP_WITH_TRANSFORMATION(#2793)SHAPE_REPRESENTATION_RELATIONSHIP());
#2795=CONTEXT_DEPENDENT_SHAPE_REPRESENTATION(#2794,#2788);
#2798=CARTESIAN_POINT('',(2.1213E0,-6.3639E0,2.15E-1));
#2799=DIRECTION('',(0.E0,1.E0,0.E0));
#2800=DIRECTION('',(1.E0,0.E0,0.E0));
#2801=AXIS2_PLACEMENT_3D('',#2798,#2799,#2800);
#2802=ITEM_DEFINED_TRANSFORMATION('','',#952,#2801);
#2803=(REPRESENTATION_RELATIONSHIP('','',#953,#273)REPRESENTATION_RELATIONSHIP_WITH_TRANSFORMATION(#2802)SHAPE_REPRESENTATION_RELATIONSHIP());
#2804=CONTEXT_DEPENDENT_SHAPE_REPRESENTATION(#2803,#2797);
#2807=CARTESIAN_POINT('',(2.8284E0,-6.3639E0,2.15E-1));
#2808=DIRECTION('',(0.E0,1.E0,0.E0));
#2809=DIRECTION('',(1.E0,0.E0,0.E0));
#2810=AXIS2_PLACEMENT_3D('',#2807,#2808,#2809);
#2811=ITEM_DEFINED_TRANSFORMATION('','',#952,#2810);
#2812=(REPRESENTATION_RELATIONSHIP('','',#953,#273)REPRESENTATION_RELATIONSHIP_WITH_TRANSFORMATION(#2811)SHAPE_REPRESENTATION_RELATIONSHIP());
#2813=CONTEXT_DEPENDENT_SHAPE_REPRESENTATION(#2812,#2806);
#2816=CARTESIAN_POINT('',(3.5355E0,-6.3639E0,2.15E-1));
#2817=DIRECTION('',(0.E0,1.E0,0.E0));
#2818=DIRECTION('',(1.E0,0.E0,0.E0));
#2819=AXIS2_PLACEMENT_3D('',#2816,#2817,#2818);
#2820=ITEM_DEFINED_TRANSFORMATION('','',#952,#2819);
#2821=(REPRESENTATION_RELATIONSHIP('','',#953,#273)REPRESENTATION_RELATIONSHIP_WITH_TRANSFORMATION(#2820)SHAPE_REPRESENTATION_RELATIONSHIP());
#2822=CONTEXT_DEPENDENT_SHAPE_REPRESENTATION(#2821,#2815);
#2824=DIMENSIONAL_EXPONENTS(0.E0,0.E0,0.E0,0.E0,0.E0,0.E0,0.E0);
#2826=PLANE_ANGLE_MEASURE_WITH_UNIT(PLANE_ANGLE_MEASURE(1.745329251994E-2),
#2825);
#2827=(CONVERSION_BASED_UNIT('DEGREE',#2826)NAMED_UNIT(*)PLANE_ANGLE_UNIT());
#2829=UNCERTAINTY_MEASURE_WITH_UNIT(LENGTH_MEASURE(4.819768949304E-4),#2823,
'closure',
'Maximum model space distance between geometric entities at asserted connectivities');
#2830=(GEOMETRIC_REPRESENTATION_CONTEXT(3)GLOBAL_UNCERTAINTY_ASSIGNED_CONTEXT((
#2829))GLOBAL_UNIT_ASSIGNED_CONTEXT((#2823,#2827,#2828))REPRESENTATION_CONTEXT(
'ID5','3'));
#2831=CARTESIAN_POINT('',(0.E0,0.E0,0.E0));
#2832=DIRECTION('',(0.E0,0.E0,1.E0));
#2833=DIRECTION('',(1.E0,0.E0,0.E0));
#2836=DESIGN_CONTEXT('',#262,'design');
#2837=MECHANICAL_CONTEXT('',#262,'mechanical');
#2838=PRODUCT('PIN1_AREA','PIN1_AREA','NOT SPECIFIED',(#2837));
#2839=PRODUCT_DEFINITION_FORMATION_WITH_SPECIFIED_SOURCE('32','LAST_VERSION',
#2838,.MADE.);
#2845=CARTESIAN_POINT('',(0.E0,0.E0,8.2E-1));
#2846=DIRECTION('',(0.E0,-1.E0,0.E0));
#2847=DIRECTION('',(1.E0,0.E0,0.E0));
#2848=AXIS2_PLACEMENT_3D('',#2845,#2846,#2847);
#2849=ITEM_DEFINED_TRANSFORMATION('','',#2834,#2848);
#2850=(REPRESENTATION_RELATIONSHIP('','',#2835,#273)REPRESENTATION_RELATIONSHIP_WITH_TRANSFORMATION(#2849)SHAPE_REPRESENTATION_RELATIONSHIP());
#2851=CONTEXT_DEPENDENT_SHAPE_REPRESENTATION(#2850,#2844);
#2854=CARTESIAN_POINT('',(-3.88905E0,6.01035E0,2.15E-1));
#2855=DIRECTION('',(0.E0,1.E0,0.E0));
#2856=DIRECTION('',(1.E0,0.E0,0.E0));
#2857=AXIS2_PLACEMENT_3D('',#2854,#2855,#2856);
#2858=ITEM_DEFINED_TRANSFORMATION('','',#952,#2857);
#2859=(REPRESENTATION_RELATIONSHIP('','',#953,#273)REPRESENTATION_RELATIONSHIP_WITH_TRANSFORMATION(#2858)SHAPE_REPRESENTATION_RELATIONSHIP());
#2860=CONTEXT_DEPENDENT_SHAPE_REPRESENTATION(#2859,#2853);
#2863=CARTESIAN_POINT('',(-3.18195E0,6.01035E0,2.15E-1));
#2864=DIRECTION('',(0.E0,1.E0,0.E0));
#2865=DIRECTION('',(1.E0,0.E0,0.E0));
#2866=AXIS2_PLACEMENT_3D('',#2863,#2864,#2865);
#2867=ITEM_DEFINED_TRANSFORMATION('','',#952,#2866);
#2868=(REPRESENTATION_RELATIONSHIP('','',#953,#273)REPRESENTATION_RELATIONSHIP_WITH_TRANSFORMATION(#2867)SHAPE_REPRESENTATION_RELATIONSHIP());
#2869=CONTEXT_DEPENDENT_SHAPE_REPRESENTATION(#2868,#2862);
#2872=CARTESIAN_POINT('',(-2.47485E0,6.01035E0,2.15E-1));
#2873=DIRECTION('',(0.E0,1.E0,0.E0));
#2874=DIRECTION('',(1.E0,0.E0,0.E0));
#2875=AXIS2_PLACEMENT_3D('',#2872,#2873,#2874);
#2876=ITEM_DEFINED_TRANSFORMATION('','',#952,#2875);
#2877=(REPRESENTATION_RELATIONSHIP('','',#953,#273)REPRESENTATION_RELATIONSHIP_WITH_TRANSFORMATION(#2876)SHAPE_REPRESENTATION_RELATIONSHIP());
#2878=CONTEXT_DEPENDENT_SHAPE_REPRESENTATION(#2877,#2871);
#2881=CARTESIAN_POINT('',(-1.76775E0,6.01035E0,2.15E-1));
#2882=DIRECTION('',(0.E0,1.E0,0.E0));
#2883=DIRECTION('',(1.E0,0.E0,0.E0));
#2884=AXIS2_PLACEMENT_3D('',#2881,#2882,#2883);
#2885=ITEM_DEFINED_TRANSFORMATION('','',#952,#2884);
#2886=(REPRESENTATION_RELATIONSHIP('','',#953,#273)REPRESENTATION_RELATIONSHIP_WITH_TRANSFORMATION(#2885)SHAPE_REPRESENTATION_RELATIONSHIP());
#2887=CONTEXT_DEPENDENT_SHAPE_REPRESENTATION(#2886,#2880);
#2890=CARTESIAN_POINT('',(-1.06065E0,6.01035E0,2.15E-1));
#2891=DIRECTION('',(0.E0,1.E0,0.E0));
#2892=DIRECTION('',(1.E0,0.E0,0.E0));
#2893=AXIS2_PLACEMENT_3D('',#2890,#2891,#2892);
#2894=ITEM_DEFINED_TRANSFORMATION('','',#952,#2893);
#2895=(REPRESENTATION_RELATIONSHIP('','',#953,#273)REPRESENTATION_RELATIONSHIP_WITH_TRANSFORMATION(#2894)SHAPE_REPRESENTATION_RELATIONSHIP());
#2896=CONTEXT_DEPENDENT_SHAPE_REPRESENTATION(#2895,#2889);
#2899=CARTESIAN_POINT('',(-3.5355E-1,6.01035E0,2.15E-1));
#2900=DIRECTION('',(0.E0,1.E0,0.E0));
#2901=DIRECTION('',(1.E0,0.E0,0.E0));
#2902=AXIS2_PLACEMENT_3D('',#2899,#2900,#2901);
#2903=ITEM_DEFINED_TRANSFORMATION('','',#952,#2902);
#2904=(REPRESENTATION_RELATIONSHIP('','',#953,#273)REPRESENTATION_RELATIONSHIP_WITH_TRANSFORMATION(#2903)SHAPE_REPRESENTATION_RELATIONSHIP());
#2905=CONTEXT_DEPENDENT_SHAPE_REPRESENTATION(#2904,#2898);
#2908=CARTESIAN_POINT('',(3.5355E-1,6.01035E0,2.15E-1));
#2909=DIRECTION('',(0.E0,1.E0,0.E0));
#2910=DIRECTION('',(1.E0,0.E0,0.E0));
#2911=AXIS2_PLACEMENT_3D('',#2908,#2909,#2910);
#2912=ITEM_DEFINED_TRANSFORMATION('','',#952,#2911);
#2913=(REPRESENTATION_RELATIONSHIP('','',#953,#273)REPRESENTATION_RELATIONSHIP_WITH_TRANSFORMATION(#2912)SHAPE_REPRESENTATION_RELATIONSHIP());
#2914=CONTEXT_DEPENDENT_SHAPE_REPRESENTATION(#2913,#2907);
#2917=CARTESIAN_POINT('',(1.06065E0,6.01035E0,2.15E-1));
#2918=DIRECTION('',(0.E0,1.E0,0.E0));
#2919=DIRECTION('',(1.E0,0.E0,0.E0));
#2920=AXIS2_PLACEMENT_3D('',#2917,#2918,#2919);
#2921=ITEM_DEFINED_TRANSFORMATION('','',#952,#2920);
#2922=(REPRESENTATION_RELATIONSHIP('','',#953,#273)REPRESENTATION_RELATIONSHIP_WITH_TRANSFORMATION(#2921)SHAPE_REPRESENTATION_RELATIONSHIP());
#2923=CONTEXT_DEPENDENT_SHAPE_REPRESENTATION(#2922,#2916);
#2926=CARTESIAN_POINT('',(1.76775E0,6.01035E0,2.15E-1));
#2927=DIRECTION('',(0.E0,1.E0,0.E0));
#2928=DIRECTION('',(1.E0,0.E0,0.E0));
#2929=AXIS2_PLACEMENT_3D('',#2926,#2927,#2928);
#2930=ITEM_DEFINED_TRANSFORMATION('','',#952,#2929);
#2931=(REPRESENTATION_RELATIONSHIP('','',#953,#273)REPRESENTATION_RELATIONSHIP_WITH_TRANSFORMATION(#2930)SHAPE_REPRESENTATION_RELATIONSHIP());
#2932=CONTEXT_DEPENDENT_SHAPE_REPRESENTATION(#2931,#2925);
#2935=CARTESIAN_POINT('',(2.47485E0,6.01035E0,2.15E-1));
#2936=DIRECTION('',(0.E0,1.E0,0.E0));
#2937=DIRECTION('',(1.E0,0.E0,0.E0));
#2938=AXIS2_PLACEMENT_3D('',#2935,#2936,#2937);
#2939=ITEM_DEFINED_TRANSFORMATION('','',#952,#2938);
#2940=(REPRESENTATION_RELATIONSHIP('','',#953,#273)REPRESENTATION_RELATIONSHIP_WITH_TRANSFORMATION(#2939)SHAPE_REPRESENTATION_RELATIONSHIP());
#2941=CONTEXT_DEPENDENT_SHAPE_REPRESENTATION(#2940,#2934);
#2944=CARTESIAN_POINT('',(3.18195E0,6.01035E0,2.15E-1));
#2945=DIRECTION('',(0.E0,1.E0,0.E0));
#2946=DIRECTION('',(1.E0,0.E0,0.E0));
#2947=AXIS2_PLACEMENT_3D('',#2944,#2945,#2946);
#2948=ITEM_DEFINED_TRANSFORMATION('','',#952,#2947);
#2949=(REPRESENTATION_RELATIONSHIP('','',#953,#273)REPRESENTATION_RELATIONSHIP_WITH_TRANSFORMATION(#2948)SHAPE_REPRESENTATION_RELATIONSHIP());
#2950=CONTEXT_DEPENDENT_SHAPE_REPRESENTATION(#2949,#2943);
#2953=CARTESIAN_POINT('',(3.88905E0,6.01035E0,2.15E-1));
#2954=DIRECTION('',(0.E0,1.E0,0.E0));
#2955=DIRECTION('',(1.E0,0.E0,0.E0));
#2956=AXIS2_PLACEMENT_3D('',#2953,#2954,#2955);
#2957=ITEM_DEFINED_TRANSFORMATION('','',#952,#2956);
#2958=(REPRESENTATION_RELATIONSHIP('','',#953,#273)REPRESENTATION_RELATIONSHIP_WITH_TRANSFORMATION(#2957)SHAPE_REPRESENTATION_RELATIONSHIP());
#2959=CONTEXT_DEPENDENT_SHAPE_REPRESENTATION(#2958,#2952);
#2962=CARTESIAN_POINT('',(-3.88905E0,5.30325E0,2.15E-1));
#2963=DIRECTION('',(0.E0,1.E0,0.E0));
#2964=DIRECTION('',(1.E0,0.E0,0.E0));
#2965=AXIS2_PLACEMENT_3D('',#2962,#2963,#2964);
#2966=ITEM_DEFINED_TRANSFORMATION('','',#952,#2965);
#2967=(REPRESENTATION_RELATIONSHIP('','',#953,#273)REPRESENTATION_RELATIONSHIP_WITH_TRANSFORMATION(#2966)SHAPE_REPRESENTATION_RELATIONSHIP());
#2968=CONTEXT_DEPENDENT_SHAPE_REPRESENTATION(#2967,#2961);
#2971=CARTESIAN_POINT('',(-3.18195E0,5.30325E0,2.15E-1));
#2972=DIRECTION('',(0.E0,1.E0,0.E0));
#2973=DIRECTION('',(1.E0,0.E0,0.E0));
#2974=AXIS2_PLACEMENT_3D('',#2971,#2972,#2973);
#2975=ITEM_DEFINED_TRANSFORMATION('','',#952,#2974);
#2976=(REPRESENTATION_RELATIONSHIP('','',#953,#273)REPRESENTATION_RELATIONSHIP_WITH_TRANSFORMATION(#2975)SHAPE_REPRESENTATION_RELATIONSHIP());
#2977=CONTEXT_DEPENDENT_SHAPE_REPRESENTATION(#2976,#2970);
#2980=CARTESIAN_POINT('',(-2.47485E0,5.30325E0,2.15E-1));
#2981=DIRECTION('',(0.E0,1.E0,0.E0));
#2982=DIRECTION('',(1.E0,0.E0,0.E0));
#2983=AXIS2_PLACEMENT_3D('',#2980,#2981,#2982);
#2984=ITEM_DEFINED_TRANSFORMATION('','',#952,#2983);
#2985=(REPRESENTATION_RELATIONSHIP('','',#953,#273)REPRESENTATION_RELATIONSHIP_WITH_TRANSFORMATION(#2984)SHAPE_REPRESENTATION_RELATIONSHIP());
#2986=CONTEXT_DEPENDENT_SHAPE_REPRESENTATION(#2985,#2979);
#2989=CARTESIAN_POINT('',(-1.76775E0,5.30325E0,2.15E-1));
#2990=DIRECTION('',(0.E0,1.E0,0.E0));
#2991=DIRECTION('',(1.E0,0.E0,0.E0));
#2992=AXIS2_PLACEMENT_3D('',#2989,#2990,#2991);
#2993=ITEM_DEFINED_TRANSFORMATION('','',#952,#2992);
#2994=(REPRESENTATION_RELATIONSHIP('','',#953,#273)REPRESENTATION_RELATIONSHIP_WITH_TRANSFORMATION(#2993)SHAPE_REPRESENTATION_RELATIONSHIP());
#2995=CONTEXT_DEPENDENT_SHAPE_REPRESENTATION(#2994,#2988);
#2998=CARTESIAN_POINT('',(-1.06065E0,5.30325E0,2.15E-1));
#2999=DIRECTION('',(0.E0,1.E0,0.E0));
#3000=DIRECTION('',(1.E0,0.E0,0.E0));
#3001=AXIS2_PLACEMENT_3D('',#2998,#2999,#3000);
#3002=ITEM_DEFINED_TRANSFORMATION('','',#952,#3001);
#3003=(REPRESENTATION_RELATIONSHIP('','',#953,#273)REPRESENTATION_RELATIONSHIP_WITH_TRANSFORMATION(#3002)SHAPE_REPRESENTATION_RELATIONSHIP());
#3004=CONTEXT_DEPENDENT_SHAPE_REPRESENTATION(#3003,#2997);
#3007=CARTESIAN_POINT('',(-3.5355E-1,5.30325E0,2.15E-1));
#3008=DIRECTION('',(0.E0,1.E0,0.E0));
#3009=DIRECTION('',(1.E0,0.E0,0.E0));
#3010=AXIS2_PLACEMENT_3D('',#3007,#3008,#3009);
#3011=ITEM_DEFINED_TRANSFORMATION('','',#952,#3010);
#3012=(REPRESENTATION_RELATIONSHIP('','',#953,#273)REPRESENTATION_RELATIONSHIP_WITH_TRANSFORMATION(#3011)SHAPE_REPRESENTATION_RELATIONSHIP());
#3013=CONTEXT_DEPENDENT_SHAPE_REPRESENTATION(#3012,#3006);
#3016=CARTESIAN_POINT('',(3.5355E-1,5.30325E0,2.15E-1));
#3017=DIRECTION('',(0.E0,1.E0,0.E0));
#3018=DIRECTION('',(1.E0,0.E0,0.E0));
#3019=AXIS2_PLACEMENT_3D('',#3016,#3017,#3018);
#3020=ITEM_DEFINED_TRANSFORMATION('','',#952,#3019);
#3021=(REPRESENTATION_RELATIONSHIP('','',#953,#273)REPRESENTATION_RELATIONSHIP_WITH_TRANSFORMATION(#3020)SHAPE_REPRESENTATION_RELATIONSHIP());
#3022=CONTEXT_DEPENDENT_SHAPE_REPRESENTATION(#3021,#3015);
#3025=CARTESIAN_POINT('',(1.06065E0,5.30325E0,2.15E-1));
#3026=DIRECTION('',(0.E0,1.E0,0.E0));
#3027=DIRECTION('',(1.E0,0.E0,0.E0));
#3028=AXIS2_PLACEMENT_3D('',#3025,#3026,#3027);
#3029=ITEM_DEFINED_TRANSFORMATION('','',#952,#3028);
#3030=(REPRESENTATION_RELATIONSHIP('','',#953,#273)REPRESENTATION_RELATIONSHIP_WITH_TRANSFORMATION(#3029)SHAPE_REPRESENTATION_RELATIONSHIP());
#3031=CONTEXT_DEPENDENT_SHAPE_REPRESENTATION(#3030,#3024);
#3034=CARTESIAN_POINT('',(1.76775E0,5.30325E0,2.15E-1));
#3035=DIRECTION('',(0.E0,1.E0,0.E0));
#3036=DIRECTION('',(1.E0,0.E0,0.E0));
#3037=AXIS2_PLACEMENT_3D('',#3034,#3035,#3036);
#3038=ITEM_DEFINED_TRANSFORMATION('','',#952,#3037);
#3039=(REPRESENTATION_RELATIONSHIP('','',#953,#273)REPRESENTATION_RELATIONSHIP_WITH_TRANSFORMATION(#3038)SHAPE_REPRESENTATION_RELATIONSHIP());
#3040=CONTEXT_DEPENDENT_SHAPE_REPRESENTATION(#3039,#3033);
#3043=CARTESIAN_POINT('',(2.47485E0,5.30325E0,2.15E-1));
#3044=DIRECTION('',(0.E0,1.E0,0.E0));
#3045=DIRECTION('',(1.E0,0.E0,0.E0));
#3046=AXIS2_PLACEMENT_3D('',#3043,#3044,#3045);
#3047=ITEM_DEFINED_TRANSFORMATION('','',#952,#3046);
#3048=(REPRESENTATION_RELATIONSHIP('','',#953,#273)REPRESENTATION_RELATIONSHIP_WITH_TRANSFORMATION(#3047)SHAPE_REPRESENTATION_RELATIONSHIP());
#3049=CONTEXT_DEPENDENT_SHAPE_REPRESENTATION(#3048,#3042);
#3052=CARTESIAN_POINT('',(3.18195E0,5.30325E0,2.15E-1));
#3053=DIRECTION('',(0.E0,1.E0,0.E0));
#3054=DIRECTION('',(1.E0,0.E0,0.E0));
#3055=AXIS2_PLACEMENT_3D('',#3052,#3053,#3054);
#3056=ITEM_DEFINED_TRANSFORMATION('','',#952,#3055);
#3057=(REPRESENTATION_RELATIONSHIP('','',#953,#273)REPRESENTATION_RELATIONSHIP_WITH_TRANSFORMATION(#3056)SHAPE_REPRESENTATION_RELATIONSHIP());
#3058=CONTEXT_DEPENDENT_SHAPE_REPRESENTATION(#3057,#3051);
#3061=CARTESIAN_POINT('',(3.88905E0,5.30325E0,2.15E-1));
#3062=DIRECTION('',(0.E0,1.E0,0.E0));
#3063=DIRECTION('',(1.E0,0.E0,0.E0));
#3064=AXIS2_PLACEMENT_3D('',#3061,#3062,#3063);
#3065=ITEM_DEFINED_TRANSFORMATION('','',#952,#3064);
#3066=(REPRESENTATION_RELATIONSHIP('','',#953,#273)REPRESENTATION_RELATIONSHIP_WITH_TRANSFORMATION(#3065)SHAPE_REPRESENTATION_RELATIONSHIP());
#3067=CONTEXT_DEPENDENT_SHAPE_REPRESENTATION(#3066,#3060);
#3070=CARTESIAN_POINT('',(-3.88905E0,4.59615E0,2.15E-1));
#3071=DIRECTION('',(0.E0,1.E0,0.E0));
#3072=DIRECTION('',(1.E0,0.E0,0.E0));
#3073=AXIS2_PLACEMENT_3D('',#3070,#3071,#3072);
#3074=ITEM_DEFINED_TRANSFORMATION('','',#952,#3073);
#3075=(REPRESENTATION_RELATIONSHIP('','',#953,#273)REPRESENTATION_RELATIONSHIP_WITH_TRANSFORMATION(#3074)SHAPE_REPRESENTATION_RELATIONSHIP());
#3076=CONTEXT_DEPENDENT_SHAPE_REPRESENTATION(#3075,#3069);
#3079=CARTESIAN_POINT('',(-3.18195E0,4.59615E0,2.15E-1));
#3080=DIRECTION('',(0.E0,1.E0,0.E0));
#3081=DIRECTION('',(1.E0,0.E0,0.E0));
#3082=AXIS2_PLACEMENT_3D('',#3079,#3080,#3081);
#3083=ITEM_DEFINED_TRANSFORMATION('','',#952,#3082);
#3084=(REPRESENTATION_RELATIONSHIP('','',#953,#273)REPRESENTATION_RELATIONSHIP_WITH_TRANSFORMATION(#3083)SHAPE_REPRESENTATION_RELATIONSHIP());
#3085=CONTEXT_DEPENDENT_SHAPE_REPRESENTATION(#3084,#3078);
#3088=CARTESIAN_POINT('',(-2.47485E0,4.59615E0,2.15E-1));
#3089=DIRECTION('',(0.E0,1.E0,0.E0));
#3090=DIRECTION('',(1.E0,0.E0,0.E0));
#3091=AXIS2_PLACEMENT_3D('',#3088,#3089,#3090);
#3092=ITEM_DEFINED_TRANSFORMATION('','',#952,#3091);
#3093=(REPRESENTATION_RELATIONSHIP('','',#953,#273)REPRESENTATION_RELATIONSHIP_WITH_TRANSFORMATION(#3092)SHAPE_REPRESENTATION_RELATIONSHIP());
#3094=CONTEXT_DEPENDENT_SHAPE_REPRESENTATION(#3093,#3087);
#3097=CARTESIAN_POINT('',(-1.76775E0,4.59615E0,2.15E-1));
#3098=DIRECTION('',(0.E0,1.E0,0.E0));
#3099=DIRECTION('',(1.E0,0.E0,0.E0));
#3100=AXIS2_PLACEMENT_3D('',#3097,#3098,#3099);
#3101=ITEM_DEFINED_TRANSFORMATION('','',#952,#3100);
#3102=(REPRESENTATION_RELATIONSHIP('','',#953,#273)REPRESENTATION_RELATIONSHIP_WITH_TRANSFORMATION(#3101)SHAPE_REPRESENTATION_RELATIONSHIP());
#3103=CONTEXT_DEPENDENT_SHAPE_REPRESENTATION(#3102,#3096);
#3106=CARTESIAN_POINT('',(-1.06065E0,4.59615E0,2.15E-1));
#3107=DIRECTION('',(0.E0,1.E0,0.E0));
#3108=DIRECTION('',(1.E0,0.E0,0.E0));
#3109=AXIS2_PLACEMENT_3D('',#3106,#3107,#3108);
#3110=ITEM_DEFINED_TRANSFORMATION('','',#952,#3109);
#3111=(REPRESENTATION_RELATIONSHIP('','',#953,#273)REPRESENTATION_RELATIONSHIP_WITH_TRANSFORMATION(#3110)SHAPE_REPRESENTATION_RELATIONSHIP());
#3112=CONTEXT_DEPENDENT_SHAPE_REPRESENTATION(#3111,#3105);
#3115=CARTESIAN_POINT('',(-3.5355E-1,4.59615E0,2.15E-1));
#3116=DIRECTION('',(0.E0,1.E0,0.E0));
#3117=DIRECTION('',(1.E0,0.E0,0.E0));
#3118=AXIS2_PLACEMENT_3D('',#3115,#3116,#3117);
#3119=ITEM_DEFINED_TRANSFORMATION('','',#952,#3118);
#3120=(REPRESENTATION_RELATIONSHIP('','',#953,#273)REPRESENTATION_RELATIONSHIP_WITH_TRANSFORMATION(#3119)SHAPE_REPRESENTATION_RELATIONSHIP());
#3121=CONTEXT_DEPENDENT_SHAPE_REPRESENTATION(#3120,#3114);
#3124=CARTESIAN_POINT('',(3.5355E-1,4.59615E0,2.15E-1));
#3125=DIRECTION('',(0.E0,1.E0,0.E0));
#3126=DIRECTION('',(1.E0,0.E0,0.E0));
#3127=AXIS2_PLACEMENT_3D('',#3124,#3125,#3126);
#3128=ITEM_DEFINED_TRANSFORMATION('','',#952,#3127);
#3129=(REPRESENTATION_RELATIONSHIP('','',#953,#273)REPRESENTATION_RELATIONSHIP_WITH_TRANSFORMATION(#3128)SHAPE_REPRESENTATION_RELATIONSHIP());
#3130=CONTEXT_DEPENDENT_SHAPE_REPRESENTATION(#3129,#3123);
#3133=CARTESIAN_POINT('',(1.06065E0,4.59615E0,2.15E-1));
#3134=DIRECTION('',(0.E0,1.E0,0.E0));
#3135=DIRECTION('',(1.E0,0.E0,0.E0));
#3136=AXIS2_PLACEMENT_3D('',#3133,#3134,#3135);
#3137=ITEM_DEFINED_TRANSFORMATION('','',#952,#3136);
#3138=(REPRESENTATION_RELATIONSHIP('','',#953,#273)REPRESENTATION_RELATIONSHIP_WITH_TRANSFORMATION(#3137)SHAPE_REPRESENTATION_RELATIONSHIP());
#3139=CONTEXT_DEPENDENT_SHAPE_REPRESENTATION(#3138,#3132);
#3142=CARTESIAN_POINT('',(1.76775E0,4.59615E0,2.15E-1));
#3143=DIRECTION('',(0.E0,1.E0,0.E0));
#3144=DIRECTION('',(1.E0,0.E0,0.E0));
#3145=AXIS2_PLACEMENT_3D('',#3142,#3143,#3144);
#3146=ITEM_DEFINED_TRANSFORMATION('','',#952,#3145);
#3147=(REPRESENTATION_RELATIONSHIP('','',#953,#273)REPRESENTATION_RELATIONSHIP_WITH_TRANSFORMATION(#3146)SHAPE_REPRESENTATION_RELATIONSHIP());
#3148=CONTEXT_DEPENDENT_SHAPE_REPRESENTATION(#3147,#3141);
#3151=CARTESIAN_POINT('',(2.47485E0,4.59615E0,2.15E-1));
#3152=DIRECTION('',(0.E0,1.E0,0.E0));
#3153=DIRECTION('',(1.E0,0.E0,0.E0));
#3154=AXIS2_PLACEMENT_3D('',#3151,#3152,#3153);
#3155=ITEM_DEFINED_TRANSFORMATION('','',#952,#3154);
#3156=(REPRESENTATION_RELATIONSHIP('','',#953,#273)REPRESENTATION_RELATIONSHIP_WITH_TRANSFORMATION(#3155)SHAPE_REPRESENTATION_RELATIONSHIP());
#3157=CONTEXT_DEPENDENT_SHAPE_REPRESENTATION(#3156,#3150);
#3160=CARTESIAN_POINT('',(3.18195E0,4.59615E0,2.15E-1));
#3161=DIRECTION('',(0.E0,1.E0,0.E0));
#3162=DIRECTION('',(1.E0,0.E0,0.E0));
#3163=AXIS2_PLACEMENT_3D('',#3160,#3161,#3162);
#3164=ITEM_DEFINED_TRANSFORMATION('','',#952,#3163);
#3165=(REPRESENTATION_RELATIONSHIP('','',#953,#273)REPRESENTATION_RELATIONSHIP_WITH_TRANSFORMATION(#3164)SHAPE_REPRESENTATION_RELATIONSHIP());
#3166=CONTEXT_DEPENDENT_SHAPE_REPRESENTATION(#3165,#3159);
#3169=CARTESIAN_POINT('',(3.88905E0,4.59615E0,2.15E-1));
#3170=DIRECTION('',(0.E0,1.E0,0.E0));
#3171=DIRECTION('',(1.E0,0.E0,0.E0));
#3172=AXIS2_PLACEMENT_3D('',#3169,#3170,#3171);
#3173=ITEM_DEFINED_TRANSFORMATION('','',#952,#3172);
#3174=(REPRESENTATION_RELATIONSHIP('','',#953,#273)REPRESENTATION_RELATIONSHIP_WITH_TRANSFORMATION(#3173)SHAPE_REPRESENTATION_RELATIONSHIP());
#3175=CONTEXT_DEPENDENT_SHAPE_REPRESENTATION(#3174,#3168);
#3178=CARTESIAN_POINT('',(-3.88905E0,3.88905E0,2.15E-1));
#3179=DIRECTION('',(0.E0,1.E0,0.E0));
#3180=DIRECTION('',(1.E0,0.E0,0.E0));
#3181=AXIS2_PLACEMENT_3D('',#3178,#3179,#3180);
#3182=ITEM_DEFINED_TRANSFORMATION('','',#952,#3181);
#3183=(REPRESENTATION_RELATIONSHIP('','',#953,#273)REPRESENTATION_RELATIONSHIP_WITH_TRANSFORMATION(#3182)SHAPE_REPRESENTATION_RELATIONSHIP());
#3184=CONTEXT_DEPENDENT_SHAPE_REPRESENTATION(#3183,#3177);
#3187=CARTESIAN_POINT('',(-3.18195E0,3.88905E0,2.15E-1));
#3188=DIRECTION('',(0.E0,1.E0,0.E0));
#3189=DIRECTION('',(1.E0,0.E0,0.E0));
#3190=AXIS2_PLACEMENT_3D('',#3187,#3188,#3189);
#3191=ITEM_DEFINED_TRANSFORMATION('','',#952,#3190);
#3192=(REPRESENTATION_RELATIONSHIP('','',#953,#273)REPRESENTATION_RELATIONSHIP_WITH_TRANSFORMATION(#3191)SHAPE_REPRESENTATION_RELATIONSHIP());
#3193=CONTEXT_DEPENDENT_SHAPE_REPRESENTATION(#3192,#3186);
#3196=CARTESIAN_POINT('',(-2.47485E0,3.88905E0,2.15E-1));
#3197=DIRECTION('',(0.E0,1.E0,0.E0));
#3198=DIRECTION('',(1.E0,0.E0,0.E0));
#3199=AXIS2_PLACEMENT_3D('',#3196,#3197,#3198);
#3200=ITEM_DEFINED_TRANSFORMATION('','',#952,#3199);
#3201=(REPRESENTATION_RELATIONSHIP('','',#953,#273)REPRESENTATION_RELATIONSHIP_WITH_TRANSFORMATION(#3200)SHAPE_REPRESENTATION_RELATIONSHIP());
#3202=CONTEXT_DEPENDENT_SHAPE_REPRESENTATION(#3201,#3195);
#3205=CARTESIAN_POINT('',(-1.76775E0,3.88905E0,2.15E-1));
#3206=DIRECTION('',(0.E0,1.E0,0.E0));
#3207=DIRECTION('',(1.E0,0.E0,0.E0));
#3208=AXIS2_PLACEMENT_3D('',#3205,#3206,#3207);
#3209=ITEM_DEFINED_TRANSFORMATION('','',#952,#3208);
#3210=(REPRESENTATION_RELATIONSHIP('','',#953,#273)REPRESENTATION_RELATIONSHIP_WITH_TRANSFORMATION(#3209)SHAPE_REPRESENTATION_RELATIONSHIP());
#3211=CONTEXT_DEPENDENT_SHAPE_REPRESENTATION(#3210,#3204);
#3214=CARTESIAN_POINT('',(-1.06065E0,3.88905E0,2.15E-1));
#3215=DIRECTION('',(0.E0,1.E0,0.E0));
#3216=DIRECTION('',(1.E0,0.E0,0.E0));
#3217=AXIS2_PLACEMENT_3D('',#3214,#3215,#3216);
#3218=ITEM_DEFINED_TRANSFORMATION('','',#952,#3217);
#3219=(REPRESENTATION_RELATIONSHIP('','',#953,#273)REPRESENTATION_RELATIONSHIP_WITH_TRANSFORMATION(#3218)SHAPE_REPRESENTATION_RELATIONSHIP());
#3220=CONTEXT_DEPENDENT_SHAPE_REPRESENTATION(#3219,#3213);
#3223=CARTESIAN_POINT('',(-3.5355E-1,3.88905E0,2.15E-1));
#3224=DIRECTION('',(0.E0,1.E0,0.E0));
#3225=DIRECTION('',(1.E0,0.E0,0.E0));
#3226=AXIS2_PLACEMENT_3D('',#3223,#3224,#3225);
#3227=ITEM_DEFINED_TRANSFORMATION('','',#952,#3226);
#3228=(REPRESENTATION_RELATIONSHIP('','',#953,#273)REPRESENTATION_RELATIONSHIP_WITH_TRANSFORMATION(#3227)SHAPE_REPRESENTATION_RELATIONSHIP());
#3229=CONTEXT_DEPENDENT_SHAPE_REPRESENTATION(#3228,#3222);
#3232=CARTESIAN_POINT('',(3.5355E-1,3.88905E0,2.15E-1));
#3233=DIRECTION('',(0.E0,1.E0,0.E0));
#3234=DIRECTION('',(1.E0,0.E0,0.E0));
#3235=AXIS2_PLACEMENT_3D('',#3232,#3233,#3234);
#3236=ITEM_DEFINED_TRANSFORMATION('','',#952,#3235);
#3237=(REPRESENTATION_RELATIONSHIP('','',#953,#273)REPRESENTATION_RELATIONSHIP_WITH_TRANSFORMATION(#3236)SHAPE_REPRESENTATION_RELATIONSHIP());
#3238=CONTEXT_DEPENDENT_SHAPE_REPRESENTATION(#3237,#3231);
#3241=CARTESIAN_POINT('',(1.06065E0,3.88905E0,2.15E-1));
#3242=DIRECTION('',(0.E0,1.E0,0.E0));
#3243=DIRECTION('',(1.E0,0.E0,0.E0));
#3244=AXIS2_PLACEMENT_3D('',#3241,#3242,#3243);
#3245=ITEM_DEFINED_TRANSFORMATION('','',#952,#3244);
#3246=(REPRESENTATION_RELATIONSHIP('','',#953,#273)REPRESENTATION_RELATIONSHIP_WITH_TRANSFORMATION(#3245)SHAPE_REPRESENTATION_RELATIONSHIP());
#3247=CONTEXT_DEPENDENT_SHAPE_REPRESENTATION(#3246,#3240);
#3250=CARTESIAN_POINT('',(1.76775E0,3.88905E0,2.15E-1));
#3251=DIRECTION('',(0.E0,1.E0,0.E0));
#3252=DIRECTION('',(1.E0,0.E0,0.E0));
#3253=AXIS2_PLACEMENT_3D('',#3250,#3251,#3252);
#3254=ITEM_DEFINED_TRANSFORMATION('','',#952,#3253);
#3255=(REPRESENTATION_RELATIONSHIP('','',#953,#273)REPRESENTATION_RELATIONSHIP_WITH_TRANSFORMATION(#3254)SHAPE_REPRESENTATION_RELATIONSHIP());
#3256=CONTEXT_DEPENDENT_SHAPE_REPRESENTATION(#3255,#3249);
#3259=CARTESIAN_POINT('',(2.47485E0,3.88905E0,2.15E-1));
#3260=DIRECTION('',(0.E0,1.E0,0.E0));
#3261=DIRECTION('',(1.E0,0.E0,0.E0));
#3262=AXIS2_PLACEMENT_3D('',#3259,#3260,#3261);
#3263=ITEM_DEFINED_TRANSFORMATION('','',#952,#3262);
#3264=(REPRESENTATION_RELATIONSHIP('','',#953,#273)REPRESENTATION_RELATIONSHIP_WITH_TRANSFORMATION(#3263)SHAPE_REPRESENTATION_RELATIONSHIP());
#3265=CONTEXT_DEPENDENT_SHAPE_REPRESENTATION(#3264,#3258);
#3268=CARTESIAN_POINT('',(3.18195E0,3.88905E0,2.15E-1));
#3269=DIRECTION('',(0.E0,1.E0,0.E0));
#3270=DIRECTION('',(1.E0,0.E0,0.E0));
#3271=AXIS2_PLACEMENT_3D('',#3268,#3269,#3270);
#3272=ITEM_DEFINED_TRANSFORMATION('','',#952,#3271);
#3273=(REPRESENTATION_RELATIONSHIP('','',#953,#273)REPRESENTATION_RELATIONSHIP_WITH_TRANSFORMATION(#3272)SHAPE_REPRESENTATION_RELATIONSHIP());
#3274=CONTEXT_DEPENDENT_SHAPE_REPRESENTATION(#3273,#3267);
#3277=CARTESIAN_POINT('',(3.88905E0,3.88905E0,2.15E-1));
#3278=DIRECTION('',(0.E0,1.E0,0.E0));
#3279=DIRECTION('',(1.E0,0.E0,0.E0));
#3280=AXIS2_PLACEMENT_3D('',#3277,#3278,#3279);
#3281=ITEM_DEFINED_TRANSFORMATION('','',#952,#3280);
#3282=(REPRESENTATION_RELATIONSHIP('','',#953,#273)REPRESENTATION_RELATIONSHIP_WITH_TRANSFORMATION(#3281)SHAPE_REPRESENTATION_RELATIONSHIP());
#3283=CONTEXT_DEPENDENT_SHAPE_REPRESENTATION(#3282,#3276);
#3286=CARTESIAN_POINT('',(-3.88905E0,3.18195E0,2.15E-1));
#3287=DIRECTION('',(0.E0,1.E0,0.E0));
#3288=DIRECTION('',(1.E0,0.E0,0.E0));
#3289=AXIS2_PLACEMENT_3D('',#3286,#3287,#3288);
#3290=ITEM_DEFINED_TRANSFORMATION('','',#952,#3289);
#3291=(REPRESENTATION_RELATIONSHIP('','',#953,#273)REPRESENTATION_RELATIONSHIP_WITH_TRANSFORMATION(#3290)SHAPE_REPRESENTATION_RELATIONSHIP());
#3292=CONTEXT_DEPENDENT_SHAPE_REPRESENTATION(#3291,#3285);
#3295=CARTESIAN_POINT('',(-3.18195E0,3.18195E0,2.15E-1));
#3296=DIRECTION('',(0.E0,1.E0,0.E0));
#3297=DIRECTION('',(1.E0,0.E0,0.E0));
#3298=AXIS2_PLACEMENT_3D('',#3295,#3296,#3297);
#3299=ITEM_DEFINED_TRANSFORMATION('','',#952,#3298);
#3300=(REPRESENTATION_RELATIONSHIP('','',#953,#273)REPRESENTATION_RELATIONSHIP_WITH_TRANSFORMATION(#3299)SHAPE_REPRESENTATION_RELATIONSHIP());
#3301=CONTEXT_DEPENDENT_SHAPE_REPRESENTATION(#3300,#3294);
#3304=CARTESIAN_POINT('',(-2.47485E0,3.18195E0,2.15E-1));
#3305=DIRECTION('',(0.E0,1.E0,0.E0));
#3306=DIRECTION('',(1.E0,0.E0,0.E0));
#3307=AXIS2_PLACEMENT_3D('',#3304,#3305,#3306);
#3308=ITEM_DEFINED_TRANSFORMATION('','',#952,#3307);
#3309=(REPRESENTATION_RELATIONSHIP('','',#953,#273)REPRESENTATION_RELATIONSHIP_WITH_TRANSFORMATION(#3308)SHAPE_REPRESENTATION_RELATIONSHIP());
#3310=CONTEXT_DEPENDENT_SHAPE_REPRESENTATION(#3309,#3303);
#3313=CARTESIAN_POINT('',(-1.76775E0,3.18195E0,2.15E-1));
#3314=DIRECTION('',(0.E0,1.E0,0.E0));
#3315=DIRECTION('',(1.E0,0.E0,0.E0));
#3316=AXIS2_PLACEMENT_3D('',#3313,#3314,#3315);
#3317=ITEM_DEFINED_TRANSFORMATION('','',#952,#3316);
#3318=(REPRESENTATION_RELATIONSHIP('','',#953,#273)REPRESENTATION_RELATIONSHIP_WITH_TRANSFORMATION(#3317)SHAPE_REPRESENTATION_RELATIONSHIP());
#3319=CONTEXT_DEPENDENT_SHAPE_REPRESENTATION(#3318,#3312);
#3322=CARTESIAN_POINT('',(-1.06065E0,3.18195E0,2.15E-1));
#3323=DIRECTION('',(0.E0,1.E0,0.E0));
#3324=DIRECTION('',(1.E0,0.E0,0.E0));
#3325=AXIS2_PLACEMENT_3D('',#3322,#3323,#3324);
#3326=ITEM_DEFINED_TRANSFORMATION('','',#952,#3325);
#3327=(REPRESENTATION_RELATIONSHIP('','',#953,#273)REPRESENTATION_RELATIONSHIP_WITH_TRANSFORMATION(#3326)SHAPE_REPRESENTATION_RELATIONSHIP());
#3328=CONTEXT_DEPENDENT_SHAPE_REPRESENTATION(#3327,#3321);
#3331=CARTESIAN_POINT('',(-3.5355E-1,3.18195E0,2.15E-1));
#3332=DIRECTION('',(0.E0,1.E0,0.E0));
#3333=DIRECTION('',(1.E0,0.E0,0.E0));
#3334=AXIS2_PLACEMENT_3D('',#3331,#3332,#3333);
#3335=ITEM_DEFINED_TRANSFORMATION('','',#952,#3334);
#3336=(REPRESENTATION_RELATIONSHIP('','',#953,#273)REPRESENTATION_RELATIONSHIP_WITH_TRANSFORMATION(#3335)SHAPE_REPRESENTATION_RELATIONSHIP());
#3337=CONTEXT_DEPENDENT_SHAPE_REPRESENTATION(#3336,#3330);
#3340=CARTESIAN_POINT('',(3.5355E-1,3.18195E0,2.15E-1));
#3341=DIRECTION('',(0.E0,1.E0,0.E0));
#3342=DIRECTION('',(1.E0,0.E0,0.E0));
#3343=AXIS2_PLACEMENT_3D('',#3340,#3341,#3342);
#3344=ITEM_DEFINED_TRANSFORMATION('','',#952,#3343);
#3345=(REPRESENTATION_RELATIONSHIP('','',#953,#273)REPRESENTATION_RELATIONSHIP_WITH_TRANSFORMATION(#3344)SHAPE_REPRESENTATION_RELATIONSHIP());
#3346=CONTEXT_DEPENDENT_SHAPE_REPRESENTATION(#3345,#3339);
#3349=CARTESIAN_POINT('',(1.06065E0,3.18195E0,2.15E-1));
#3350=DIRECTION('',(0.E0,1.E0,0.E0));
#3351=DIRECTION('',(1.E0,0.E0,0.E0));
#3352=AXIS2_PLACEMENT_3D('',#3349,#3350,#3351);
#3353=ITEM_DEFINED_TRANSFORMATION('','',#952,#3352);
#3354=(REPRESENTATION_RELATIONSHIP('','',#953,#273)REPRESENTATION_RELATIONSHIP_WITH_TRANSFORMATION(#3353)SHAPE_REPRESENTATION_RELATIONSHIP());
#3355=CONTEXT_DEPENDENT_SHAPE_REPRESENTATION(#3354,#3348);
#3358=CARTESIAN_POINT('',(1.76775E0,3.18195E0,2.15E-1));
#3359=DIRECTION('',(0.E0,1.E0,0.E0));
#3360=DIRECTION('',(1.E0,0.E0,0.E0));
#3361=AXIS2_PLACEMENT_3D('',#3358,#3359,#3360);
#3362=ITEM_DEFINED_TRANSFORMATION('','',#952,#3361);
#3363=(REPRESENTATION_RELATIONSHIP('','',#953,#273)REPRESENTATION_RELATIONSHIP_WITH_TRANSFORMATION(#3362)SHAPE_REPRESENTATION_RELATIONSHIP());
#3364=CONTEXT_DEPENDENT_SHAPE_REPRESENTATION(#3363,#3357);
#3367=CARTESIAN_POINT('',(2.47485E0,3.18195E0,2.15E-1));
#3368=DIRECTION('',(0.E0,1.E0,0.E0));
#3369=DIRECTION('',(1.E0,0.E0,0.E0));
#3370=AXIS2_PLACEMENT_3D('',#3367,#3368,#3369);
#3371=ITEM_DEFINED_TRANSFORMATION('','',#952,#3370);
#3372=(REPRESENTATION_RELATIONSHIP('','',#953,#273)REPRESENTATION_RELATIONSHIP_WITH_TRANSFORMATION(#3371)SHAPE_REPRESENTATION_RELATIONSHIP());
#3373=CONTEXT_DEPENDENT_SHAPE_REPRESENTATION(#3372,#3366);
#3376=CARTESIAN_POINT('',(3.18195E0,3.18195E0,2.15E-1));
#3377=DIRECTION('',(0.E0,1.E0,0.E0));
#3378=DIRECTION('',(1.E0,0.E0,0.E0));
#3379=AXIS2_PLACEMENT_3D('',#3376,#3377,#3378);
#3380=ITEM_DEFINED_TRANSFORMATION('','',#952,#3379);
#3381=(REPRESENTATION_RELATIONSHIP('','',#953,#273)REPRESENTATION_RELATIONSHIP_WITH_TRANSFORMATION(#3380)SHAPE_REPRESENTATION_RELATIONSHIP());
#3382=CONTEXT_DEPENDENT_SHAPE_REPRESENTATION(#3381,#3375);
#3385=CARTESIAN_POINT('',(3.88905E0,3.18195E0,2.15E-1));
#3386=DIRECTION('',(0.E0,1.E0,0.E0));
#3387=DIRECTION('',(1.E0,0.E0,0.E0));
#3388=AXIS2_PLACEMENT_3D('',#3385,#3386,#3387);
#3389=ITEM_DEFINED_TRANSFORMATION('','',#952,#3388);
#3390=(REPRESENTATION_RELATIONSHIP('','',#953,#273)REPRESENTATION_RELATIONSHIP_WITH_TRANSFORMATION(#3389)SHAPE_REPRESENTATION_RELATIONSHIP());
#3391=CONTEXT_DEPENDENT_SHAPE_REPRESENTATION(#3390,#3384);
#3394=CARTESIAN_POINT('',(-3.88905E0,2.47485E0,2.15E-1));
#3395=DIRECTION('',(0.E0,1.E0,0.E0));
#3396=DIRECTION('',(1.E0,0.E0,0.E0));
#3397=AXIS2_PLACEMENT_3D('',#3394,#3395,#3396);
#3398=ITEM_DEFINED_TRANSFORMATION('','',#952,#3397);
#3399=(REPRESENTATION_RELATIONSHIP('','',#953,#273)REPRESENTATION_RELATIONSHIP_WITH_TRANSFORMATION(#3398)SHAPE_REPRESENTATION_RELATIONSHIP());
#3400=CONTEXT_DEPENDENT_SHAPE_REPRESENTATION(#3399,#3393);
#3403=CARTESIAN_POINT('',(-3.18195E0,2.47485E0,2.15E-1));
#3404=DIRECTION('',(0.E0,1.E0,0.E0));
#3405=DIRECTION('',(1.E0,0.E0,0.E0));
#3406=AXIS2_PLACEMENT_3D('',#3403,#3404,#3405);
#3407=ITEM_DEFINED_TRANSFORMATION('','',#952,#3406);
#3408=(REPRESENTATION_RELATIONSHIP('','',#953,#273)REPRESENTATION_RELATIONSHIP_WITH_TRANSFORMATION(#3407)SHAPE_REPRESENTATION_RELATIONSHIP());
#3409=CONTEXT_DEPENDENT_SHAPE_REPRESENTATION(#3408,#3402);
#3412=CARTESIAN_POINT('',(-2.47485E0,2.47485E0,2.15E-1));
#3413=DIRECTION('',(0.E0,1.E0,0.E0));
#3414=DIRECTION('',(1.E0,0.E0,0.E0));
#3415=AXIS2_PLACEMENT_3D('',#3412,#3413,#3414);
#3416=ITEM_DEFINED_TRANSFORMATION('','',#952,#3415);
#3417=(REPRESENTATION_RELATIONSHIP('','',#953,#273)REPRESENTATION_RELATIONSHIP_WITH_TRANSFORMATION(#3416)SHAPE_REPRESENTATION_RELATIONSHIP());
#3418=CONTEXT_DEPENDENT_SHAPE_REPRESENTATION(#3417,#3411);
#3421=CARTESIAN_POINT('',(-1.76775E0,2.47485E0,2.15E-1));
#3422=DIRECTION('',(0.E0,1.E0,0.E0));
#3423=DIRECTION('',(1.E0,0.E0,0.E0));
#3424=AXIS2_PLACEMENT_3D('',#3421,#3422,#3423);
#3425=ITEM_DEFINED_TRANSFORMATION('','',#952,#3424);
#3426=(REPRESENTATION_RELATIONSHIP('','',#953,#273)REPRESENTATION_RELATIONSHIP_WITH_TRANSFORMATION(#3425)SHAPE_REPRESENTATION_RELATIONSHIP());
#3427=CONTEXT_DEPENDENT_SHAPE_REPRESENTATION(#3426,#3420);
#3430=CARTESIAN_POINT('',(-1.06065E0,2.47485E0,2.15E-1));
#3431=DIRECTION('',(0.E0,1.E0,0.E0));
#3432=DIRECTION('',(1.E0,0.E0,0.E0));
#3433=AXIS2_PLACEMENT_3D('',#3430,#3431,#3432);
#3434=ITEM_DEFINED_TRANSFORMATION('','',#952,#3433);
#3435=(REPRESENTATION_RELATIONSHIP('','',#953,#273)REPRESENTATION_RELATIONSHIP_WITH_TRANSFORMATION(#3434)SHAPE_REPRESENTATION_RELATIONSHIP());
#3436=CONTEXT_DEPENDENT_SHAPE_REPRESENTATION(#3435,#3429);
#3439=CARTESIAN_POINT('',(-3.5355E-1,2.47485E0,2.15E-1));
#3440=DIRECTION('',(0.E0,1.E0,0.E0));
#3441=DIRECTION('',(1.E0,0.E0,0.E0));
#3442=AXIS2_PLACEMENT_3D('',#3439,#3440,#3441);
#3443=ITEM_DEFINED_TRANSFORMATION('','',#952,#3442);
#3444=(REPRESENTATION_RELATIONSHIP('','',#953,#273)REPRESENTATION_RELATIONSHIP_WITH_TRANSFORMATION(#3443)SHAPE_REPRESENTATION_RELATIONSHIP());
#3445=CONTEXT_DEPENDENT_SHAPE_REPRESENTATION(#3444,#3438);
#3448=CARTESIAN_POINT('',(3.5355E-1,2.47485E0,2.15E-1));
#3449=DIRECTION('',(0.E0,1.E0,0.E0));
#3450=DIRECTION('',(1.E0,0.E0,0.E0));
#3451=AXIS2_PLACEMENT_3D('',#3448,#3449,#3450);
#3452=ITEM_DEFINED_TRANSFORMATION('','',#952,#3451);
#3453=(REPRESENTATION_RELATIONSHIP('','',#953,#273)REPRESENTATION_RELATIONSHIP_WITH_TRANSFORMATION(#3452)SHAPE_REPRESENTATION_RELATIONSHIP());
#3454=CONTEXT_DEPENDENT_SHAPE_REPRESENTATION(#3453,#3447);
#3457=CARTESIAN_POINT('',(1.06065E0,2.47485E0,2.15E-1));
#3458=DIRECTION('',(0.E0,1.E0,0.E0));
#3459=DIRECTION('',(1.E0,0.E0,0.E0));
#3460=AXIS2_PLACEMENT_3D('',#3457,#3458,#3459);
#3461=ITEM_DEFINED_TRANSFORMATION('','',#952,#3460);
#3462=(REPRESENTATION_RELATIONSHIP('','',#953,#273)REPRESENTATION_RELATIONSHIP_WITH_TRANSFORMATION(#3461)SHAPE_REPRESENTATION_RELATIONSHIP());
#3463=CONTEXT_DEPENDENT_SHAPE_REPRESENTATION(#3462,#3456);
#3466=CARTESIAN_POINT('',(1.76775E0,2.47485E0,2.15E-1));
#3467=DIRECTION('',(0.E0,1.E0,0.E0));
#3468=DIRECTION('',(1.E0,0.E0,0.E0));
#3469=AXIS2_PLACEMENT_3D('',#3466,#3467,#3468);
#3470=ITEM_DEFINED_TRANSFORMATION('','',#952,#3469);
#3471=(REPRESENTATION_RELATIONSHIP('','',#953,#273)REPRESENTATION_RELATIONSHIP_WITH_TRANSFORMATION(#3470)SHAPE_REPRESENTATION_RELATIONSHIP());
#3472=CONTEXT_DEPENDENT_SHAPE_REPRESENTATION(#3471,#3465);
#3475=CARTESIAN_POINT('',(2.47485E0,2.47485E0,2.15E-1));
#3476=DIRECTION('',(0.E0,1.E0,0.E0));
#3477=DIRECTION('',(1.E0,0.E0,0.E0));
#3478=AXIS2_PLACEMENT_3D('',#3475,#3476,#3477);
#3479=ITEM_DEFINED_TRANSFORMATION('','',#952,#3478);
#3480=(REPRESENTATION_RELATIONSHIP('','',#953,#273)REPRESENTATION_RELATIONSHIP_WITH_TRANSFORMATION(#3479)SHAPE_REPRESENTATION_RELATIONSHIP());
#3481=CONTEXT_DEPENDENT_SHAPE_REPRESENTATION(#3480,#3474);
#3484=CARTESIAN_POINT('',(3.18195E0,2.47485E0,2.15E-1));
#3485=DIRECTION('',(0.E0,1.E0,0.E0));
#3486=DIRECTION('',(1.E0,0.E0,0.E0));
#3487=AXIS2_PLACEMENT_3D('',#3484,#3485,#3486);
#3488=ITEM_DEFINED_TRANSFORMATION('','',#952,#3487);
#3489=(REPRESENTATION_RELATIONSHIP('','',#953,#273)REPRESENTATION_RELATIONSHIP_WITH_TRANSFORMATION(#3488)SHAPE_REPRESENTATION_RELATIONSHIP());
#3490=CONTEXT_DEPENDENT_SHAPE_REPRESENTATION(#3489,#3483);
#3493=CARTESIAN_POINT('',(3.88905E0,2.47485E0,2.15E-1));
#3494=DIRECTION('',(0.E0,1.E0,0.E0));
#3495=DIRECTION('',(1.E0,0.E0,0.E0));
#3496=AXIS2_PLACEMENT_3D('',#3493,#3494,#3495);
#3497=ITEM_DEFINED_TRANSFORMATION('','',#952,#3496);
#3498=(REPRESENTATION_RELATIONSHIP('','',#953,#273)REPRESENTATION_RELATIONSHIP_WITH_TRANSFORMATION(#3497)SHAPE_REPRESENTATION_RELATIONSHIP());
#3499=CONTEXT_DEPENDENT_SHAPE_REPRESENTATION(#3498,#3492);
#3502=CARTESIAN_POINT('',(-3.88905E0,1.76775E0,2.15E-1));
#3503=DIRECTION('',(0.E0,1.E0,0.E0));
#3504=DIRECTION('',(1.E0,0.E0,0.E0));
#3505=AXIS2_PLACEMENT_3D('',#3502,#3503,#3504);
#3506=ITEM_DEFINED_TRANSFORMATION('','',#952,#3505);
#3507=(REPRESENTATION_RELATIONSHIP('','',#953,#273)REPRESENTATION_RELATIONSHIP_WITH_TRANSFORMATION(#3506)SHAPE_REPRESENTATION_RELATIONSHIP());
#3508=CONTEXT_DEPENDENT_SHAPE_REPRESENTATION(#3507,#3501);
#3511=CARTESIAN_POINT('',(-3.18195E0,1.76775E0,2.15E-1));
#3512=DIRECTION('',(0.E0,1.E0,0.E0));
#3513=DIRECTION('',(1.E0,0.E0,0.E0));
#3514=AXIS2_PLACEMENT_3D('',#3511,#3512,#3513);
#3515=ITEM_DEFINED_TRANSFORMATION('','',#952,#3514);
#3516=(REPRESENTATION_RELATIONSHIP('','',#953,#273)REPRESENTATION_RELATIONSHIP_WITH_TRANSFORMATION(#3515)SHAPE_REPRESENTATION_RELATIONSHIP());
#3517=CONTEXT_DEPENDENT_SHAPE_REPRESENTATION(#3516,#3510);
#3520=CARTESIAN_POINT('',(-2.47485E0,1.76775E0,2.15E-1));
#3521=DIRECTION('',(0.E0,1.E0,0.E0));
#3522=DIRECTION('',(1.E0,0.E0,0.E0));
#3523=AXIS2_PLACEMENT_3D('',#3520,#3521,#3522);
#3524=ITEM_DEFINED_TRANSFORMATION('','',#952,#3523);
#3525=(REPRESENTATION_RELATIONSHIP('','',#953,#273)REPRESENTATION_RELATIONSHIP_WITH_TRANSFORMATION(#3524)SHAPE_REPRESENTATION_RELATIONSHIP());
#3526=CONTEXT_DEPENDENT_SHAPE_REPRESENTATION(#3525,#3519);
#3529=CARTESIAN_POINT('',(-1.76775E0,1.76775E0,2.15E-1));
#3530=DIRECTION('',(0.E0,1.E0,0.E0));
#3531=DIRECTION('',(1.E0,0.E0,0.E0));
#3532=AXIS2_PLACEMENT_3D('',#3529,#3530,#3531);
#3533=ITEM_DEFINED_TRANSFORMATION('','',#952,#3532);
#3534=(REPRESENTATION_RELATIONSHIP('','',#953,#273)REPRESENTATION_RELATIONSHIP_WITH_TRANSFORMATION(#3533)SHAPE_REPRESENTATION_RELATIONSHIP());
#3535=CONTEXT_DEPENDENT_SHAPE_REPRESENTATION(#3534,#3528);
#3538=CARTESIAN_POINT('',(-1.06065E0,1.76775E0,2.15E-1));
#3539=DIRECTION('',(0.E0,1.E0,0.E0));
#3540=DIRECTION('',(1.E0,0.E0,0.E0));
#3541=AXIS2_PLACEMENT_3D('',#3538,#3539,#3540);
#3542=ITEM_DEFINED_TRANSFORMATION('','',#952,#3541);
#3543=(REPRESENTATION_RELATIONSHIP('','',#953,#273)REPRESENTATION_RELATIONSHIP_WITH_TRANSFORMATION(#3542)SHAPE_REPRESENTATION_RELATIONSHIP());
#3544=CONTEXT_DEPENDENT_SHAPE_REPRESENTATION(#3543,#3537);
#3547=CARTESIAN_POINT('',(-3.5355E-1,1.76775E0,2.15E-1));
#3548=DIRECTION('',(0.E0,1.E0,0.E0));
#3549=DIRECTION('',(1.E0,0.E0,0.E0));
#3550=AXIS2_PLACEMENT_3D('',#3547,#3548,#3549);
#3551=ITEM_DEFINED_TRANSFORMATION('','',#952,#3550);
#3552=(REPRESENTATION_RELATIONSHIP('','',#953,#273)REPRESENTATION_RELATIONSHIP_WITH_TRANSFORMATION(#3551)SHAPE_REPRESENTATION_RELATIONSHIP());
#3553=CONTEXT_DEPENDENT_SHAPE_REPRESENTATION(#3552,#3546);
#3556=CARTESIAN_POINT('',(3.5355E-1,1.76775E0,2.15E-1));
#3557=DIRECTION('',(0.E0,1.E0,0.E0));
#3558=DIRECTION('',(1.E0,0.E0,0.E0));
#3559=AXIS2_PLACEMENT_3D('',#3556,#3557,#3558);
#3560=ITEM_DEFINED_TRANSFORMATION('','',#952,#3559);
#3561=(REPRESENTATION_RELATIONSHIP('','',#953,#273)REPRESENTATION_RELATIONSHIP_WITH_TRANSFORMATION(#3560)SHAPE_REPRESENTATION_RELATIONSHIP());
#3562=CONTEXT_DEPENDENT_SHAPE_REPRESENTATION(#3561,#3555);
#3565=CARTESIAN_POINT('',(1.06065E0,1.76775E0,2.15E-1));
#3566=DIRECTION('',(0.E0,1.E0,0.E0));
#3567=DIRECTION('',(1.E0,0.E0,0.E0));
#3568=AXIS2_PLACEMENT_3D('',#3565,#3566,#3567);
#3569=ITEM_DEFINED_TRANSFORMATION('','',#952,#3568);
#3570=(REPRESENTATION_RELATIONSHIP('','',#953,#273)REPRESENTATION_RELATIONSHIP_WITH_TRANSFORMATION(#3569)SHAPE_REPRESENTATION_RELATIONSHIP());
#3571=CONTEXT_DEPENDENT_SHAPE_REPRESENTATION(#3570,#3564);
#3574=CARTESIAN_POINT('',(1.76775E0,1.76775E0,2.15E-1));
#3575=DIRECTION('',(0.E0,1.E0,0.E0));
#3576=DIRECTION('',(1.E0,0.E0,0.E0));
#3577=AXIS2_PLACEMENT_3D('',#3574,#3575,#3576);
#3578=ITEM_DEFINED_TRANSFORMATION('','',#952,#3577);
#3579=(REPRESENTATION_RELATIONSHIP('','',#953,#273)REPRESENTATION_RELATIONSHIP_WITH_TRANSFORMATION(#3578)SHAPE_REPRESENTATION_RELATIONSHIP());
#3580=CONTEXT_DEPENDENT_SHAPE_REPRESENTATION(#3579,#3573);
#3583=CARTESIAN_POINT('',(2.47485E0,1.76775E0,2.15E-1));
#3584=DIRECTION('',(0.E0,1.E0,0.E0));
#3585=DIRECTION('',(1.E0,0.E0,0.E0));
#3586=AXIS2_PLACEMENT_3D('',#3583,#3584,#3585);
#3587=ITEM_DEFINED_TRANSFORMATION('','',#952,#3586);
#3588=(REPRESENTATION_RELATIONSHIP('','',#953,#273)REPRESENTATION_RELATIONSHIP_WITH_TRANSFORMATION(#3587)SHAPE_REPRESENTATION_RELATIONSHIP());
#3589=CONTEXT_DEPENDENT_SHAPE_REPRESENTATION(#3588,#3582);
#3592=CARTESIAN_POINT('',(3.18195E0,1.76775E0,2.15E-1));
#3593=DIRECTION('',(0.E0,1.E0,0.E0));
#3594=DIRECTION('',(1.E0,0.E0,0.E0));
#3595=AXIS2_PLACEMENT_3D('',#3592,#3593,#3594);
#3596=ITEM_DEFINED_TRANSFORMATION('','',#952,#3595);
#3597=(REPRESENTATION_RELATIONSHIP('','',#953,#273)REPRESENTATION_RELATIONSHIP_WITH_TRANSFORMATION(#3596)SHAPE_REPRESENTATION_RELATIONSHIP());
#3598=CONTEXT_DEPENDENT_SHAPE_REPRESENTATION(#3597,#3591);
#3601=CARTESIAN_POINT('',(3.88905E0,1.76775E0,2.15E-1));
#3602=DIRECTION('',(0.E0,1.E0,0.E0));
#3603=DIRECTION('',(1.E0,0.E0,0.E0));
#3604=AXIS2_PLACEMENT_3D('',#3601,#3602,#3603);
#3605=ITEM_DEFINED_TRANSFORMATION('','',#952,#3604);
#3606=(REPRESENTATION_RELATIONSHIP('','',#953,#273)REPRESENTATION_RELATIONSHIP_WITH_TRANSFORMATION(#3605)SHAPE_REPRESENTATION_RELATIONSHIP());
#3607=CONTEXT_DEPENDENT_SHAPE_REPRESENTATION(#3606,#3600);
#3610=CARTESIAN_POINT('',(-3.88905E0,1.06065E0,2.15E-1));
#3611=DIRECTION('',(0.E0,1.E0,0.E0));
#3612=DIRECTION('',(1.E0,0.E0,0.E0));
#3613=AXIS2_PLACEMENT_3D('',#3610,#3611,#3612);
#3614=ITEM_DEFINED_TRANSFORMATION('','',#952,#3613);
#3615=(REPRESENTATION_RELATIONSHIP('','',#953,#273)REPRESENTATION_RELATIONSHIP_WITH_TRANSFORMATION(#3614)SHAPE_REPRESENTATION_RELATIONSHIP());
#3616=CONTEXT_DEPENDENT_SHAPE_REPRESENTATION(#3615,#3609);
#3619=CARTESIAN_POINT('',(-3.18195E0,1.06065E0,2.15E-1));
#3620=DIRECTION('',(0.E0,1.E0,0.E0));
#3621=DIRECTION('',(1.E0,0.E0,0.E0));
#3622=AXIS2_PLACEMENT_3D('',#3619,#3620,#3621);
#3623=ITEM_DEFINED_TRANSFORMATION('','',#952,#3622);
#3624=(REPRESENTATION_RELATIONSHIP('','',#953,#273)REPRESENTATION_RELATIONSHIP_WITH_TRANSFORMATION(#3623)SHAPE_REPRESENTATION_RELATIONSHIP());
#3625=CONTEXT_DEPENDENT_SHAPE_REPRESENTATION(#3624,#3618);
#3628=CARTESIAN_POINT('',(-2.47485E0,1.06065E0,2.15E-1));
#3629=DIRECTION('',(0.E0,1.E0,0.E0));
#3630=DIRECTION('',(1.E0,0.E0,0.E0));
#3631=AXIS2_PLACEMENT_3D('',#3628,#3629,#3630);
#3632=ITEM_DEFINED_TRANSFORMATION('','',#952,#3631);
#3633=(REPRESENTATION_RELATIONSHIP('','',#953,#273)REPRESENTATION_RELATIONSHIP_WITH_TRANSFORMATION(#3632)SHAPE_REPRESENTATION_RELATIONSHIP());
#3634=CONTEXT_DEPENDENT_SHAPE_REPRESENTATION(#3633,#3627);
#3637=CARTESIAN_POINT('',(-1.76775E0,1.06065E0,2.15E-1));
#3638=DIRECTION('',(0.E0,1.E0,0.E0));
#3639=DIRECTION('',(1.E0,0.E0,0.E0));
#3640=AXIS2_PLACEMENT_3D('',#3637,#3638,#3639);
#3641=ITEM_DEFINED_TRANSFORMATION('','',#952,#3640);
#3642=(REPRESENTATION_RELATIONSHIP('','',#953,#273)REPRESENTATION_RELATIONSHIP_WITH_TRANSFORMATION(#3641)SHAPE_REPRESENTATION_RELATIONSHIP());
#3643=CONTEXT_DEPENDENT_SHAPE_REPRESENTATION(#3642,#3636);
#3646=CARTESIAN_POINT('',(-1.06065E0,1.06065E0,2.15E-1));
#3647=DIRECTION('',(0.E0,1.E0,0.E0));
#3648=DIRECTION('',(1.E0,0.E0,0.E0));
#3649=AXIS2_PLACEMENT_3D('',#3646,#3647,#3648);
#3650=ITEM_DEFINED_TRANSFORMATION('','',#952,#3649);
#3651=(REPRESENTATION_RELATIONSHIP('','',#953,#273)REPRESENTATION_RELATIONSHIP_WITH_TRANSFORMATION(#3650)SHAPE_REPRESENTATION_RELATIONSHIP());
#3652=CONTEXT_DEPENDENT_SHAPE_REPRESENTATION(#3651,#3645);
#3655=CARTESIAN_POINT('',(-3.5355E-1,1.06065E0,2.15E-1));
#3656=DIRECTION('',(0.E0,1.E0,0.E0));
#3657=DIRECTION('',(1.E0,0.E0,0.E0));
#3658=AXIS2_PLACEMENT_3D('',#3655,#3656,#3657);
#3659=ITEM_DEFINED_TRANSFORMATION('','',#952,#3658);
#3660=(REPRESENTATION_RELATIONSHIP('','',#953,#273)REPRESENTATION_RELATIONSHIP_WITH_TRANSFORMATION(#3659)SHAPE_REPRESENTATION_RELATIONSHIP());
#3661=CONTEXT_DEPENDENT_SHAPE_REPRESENTATION(#3660,#3654);
#3664=CARTESIAN_POINT('',(3.5355E-1,1.06065E0,2.15E-1));
#3665=DIRECTION('',(0.E0,1.E0,0.E0));
#3666=DIRECTION('',(1.E0,0.E0,0.E0));
#3667=AXIS2_PLACEMENT_3D('',#3664,#3665,#3666);
#3668=ITEM_DEFINED_TRANSFORMATION('','',#952,#3667);
#3669=(REPRESENTATION_RELATIONSHIP('','',#953,#273)REPRESENTATION_RELATIONSHIP_WITH_TRANSFORMATION(#3668)SHAPE_REPRESENTATION_RELATIONSHIP());
#3670=CONTEXT_DEPENDENT_SHAPE_REPRESENTATION(#3669,#3663);
#3673=CARTESIAN_POINT('',(1.06065E0,1.06065E0,2.15E-1));
#3674=DIRECTION('',(0.E0,1.E0,0.E0));
#3675=DIRECTION('',(1.E0,0.E0,0.E0));
#3676=AXIS2_PLACEMENT_3D('',#3673,#3674,#3675);
#3677=ITEM_DEFINED_TRANSFORMATION('','',#952,#3676);
#3678=(REPRESENTATION_RELATIONSHIP('','',#953,#273)REPRESENTATION_RELATIONSHIP_WITH_TRANSFORMATION(#3677)SHAPE_REPRESENTATION_RELATIONSHIP());
#3679=CONTEXT_DEPENDENT_SHAPE_REPRESENTATION(#3678,#3672);
#3682=CARTESIAN_POINT('',(1.76775E0,1.06065E0,2.15E-1));
#3683=DIRECTION('',(0.E0,1.E0,0.E0));
#3684=DIRECTION('',(1.E0,0.E0,0.E0));
#3685=AXIS2_PLACEMENT_3D('',#3682,#3683,#3684);
#3686=ITEM_DEFINED_TRANSFORMATION('','',#952,#3685);
#3687=(REPRESENTATION_RELATIONSHIP('','',#953,#273)REPRESENTATION_RELATIONSHIP_WITH_TRANSFORMATION(#3686)SHAPE_REPRESENTATION_RELATIONSHIP());
#3688=CONTEXT_DEPENDENT_SHAPE_REPRESENTATION(#3687,#3681);
#3691=CARTESIAN_POINT('',(2.47485E0,1.06065E0,2.15E-1));
#3692=DIRECTION('',(0.E0,1.E0,0.E0));
#3693=DIRECTION('',(1.E0,0.E0,0.E0));
#3694=AXIS2_PLACEMENT_3D('',#3691,#3692,#3693);
#3695=ITEM_DEFINED_TRANSFORMATION('','',#952,#3694);
#3696=(REPRESENTATION_RELATIONSHIP('','',#953,#273)REPRESENTATION_RELATIONSHIP_WITH_TRANSFORMATION(#3695)SHAPE_REPRESENTATION_RELATIONSHIP());
#3697=CONTEXT_DEPENDENT_SHAPE_REPRESENTATION(#3696,#3690);
#3700=CARTESIAN_POINT('',(3.18195E0,1.06065E0,2.15E-1));
#3701=DIRECTION('',(0.E0,1.E0,0.E0));
#3702=DIRECTION('',(1.E0,0.E0,0.E0));
#3703=AXIS2_PLACEMENT_3D('',#3700,#3701,#3702);
#3704=ITEM_DEFINED_TRANSFORMATION('','',#952,#3703);
#3705=(REPRESENTATION_RELATIONSHIP('','',#953,#273)REPRESENTATION_RELATIONSHIP_WITH_TRANSFORMATION(#3704)SHAPE_REPRESENTATION_RELATIONSHIP());
#3706=CONTEXT_DEPENDENT_SHAPE_REPRESENTATION(#3705,#3699);
#3709=CARTESIAN_POINT('',(3.88905E0,1.06065E0,2.15E-1));
#3710=DIRECTION('',(0.E0,1.E0,0.E0));
#3711=DIRECTION('',(1.E0,0.E0,0.E0));
#3712=AXIS2_PLACEMENT_3D('',#3709,#3710,#3711);
#3713=ITEM_DEFINED_TRANSFORMATION('','',#952,#3712);
#3714=(REPRESENTATION_RELATIONSHIP('','',#953,#273)REPRESENTATION_RELATIONSHIP_WITH_TRANSFORMATION(#3713)SHAPE_REPRESENTATION_RELATIONSHIP());
#3715=CONTEXT_DEPENDENT_SHAPE_REPRESENTATION(#3714,#3708);
#3718=CARTESIAN_POINT('',(-3.88905E0,3.5355E-1,2.15E-1));
#3719=DIRECTION('',(0.E0,1.E0,0.E0));
#3720=DIRECTION('',(1.E0,0.E0,0.E0));
#3721=AXIS2_PLACEMENT_3D('',#3718,#3719,#3720);
#3722=ITEM_DEFINED_TRANSFORMATION('','',#952,#3721);
#3723=(REPRESENTATION_RELATIONSHIP('','',#953,#273)REPRESENTATION_RELATIONSHIP_WITH_TRANSFORMATION(#3722)SHAPE_REPRESENTATION_RELATIONSHIP());
#3724=CONTEXT_DEPENDENT_SHAPE_REPRESENTATION(#3723,#3717);
#3727=CARTESIAN_POINT('',(-3.18195E0,3.5355E-1,2.15E-1));
#3728=DIRECTION('',(0.E0,1.E0,0.E0));
#3729=DIRECTION('',(1.E0,0.E0,0.E0));
#3730=AXIS2_PLACEMENT_3D('',#3727,#3728,#3729);
#3731=ITEM_DEFINED_TRANSFORMATION('','',#952,#3730);
#3732=(REPRESENTATION_RELATIONSHIP('','',#953,#273)REPRESENTATION_RELATIONSHIP_WITH_TRANSFORMATION(#3731)SHAPE_REPRESENTATION_RELATIONSHIP());
#3733=CONTEXT_DEPENDENT_SHAPE_REPRESENTATION(#3732,#3726);
#3736=CARTESIAN_POINT('',(-2.47485E0,3.5355E-1,2.15E-1));
#3737=DIRECTION('',(0.E0,1.E0,0.E0));
#3738=DIRECTION('',(1.E0,0.E0,0.E0));
#3739=AXIS2_PLACEMENT_3D('',#3736,#3737,#3738);
#3740=ITEM_DEFINED_TRANSFORMATION('','',#952,#3739);
#3741=(REPRESENTATION_RELATIONSHIP('','',#953,#273)REPRESENTATION_RELATIONSHIP_WITH_TRANSFORMATION(#3740)SHAPE_REPRESENTATION_RELATIONSHIP());
#3742=CONTEXT_DEPENDENT_SHAPE_REPRESENTATION(#3741,#3735);
#3745=CARTESIAN_POINT('',(-1.76775E0,3.5355E-1,2.15E-1));
#3746=DIRECTION('',(0.E0,1.E0,0.E0));
#3747=DIRECTION('',(1.E0,0.E0,0.E0));
#3748=AXIS2_PLACEMENT_3D('',#3745,#3746,#3747);
#3749=ITEM_DEFINED_TRANSFORMATION('','',#952,#3748);
#3750=(REPRESENTATION_RELATIONSHIP('','',#953,#273)REPRESENTATION_RELATIONSHIP_WITH_TRANSFORMATION(#3749)SHAPE_REPRESENTATION_RELATIONSHIP());
#3751=CONTEXT_DEPENDENT_SHAPE_REPRESENTATION(#3750,#3744);
#3754=CARTESIAN_POINT('',(-1.06065E0,3.5355E-1,2.15E-1));
#3755=DIRECTION('',(0.E0,1.E0,0.E0));
#3756=DIRECTION('',(1.E0,0.E0,0.E0));
#3757=AXIS2_PLACEMENT_3D('',#3754,#3755,#3756);
#3758=ITEM_DEFINED_TRANSFORMATION('','',#952,#3757);
#3759=(REPRESENTATION_RELATIONSHIP('','',#953,#273)REPRESENTATION_RELATIONSHIP_WITH_TRANSFORMATION(#3758)SHAPE_REPRESENTATION_RELATIONSHIP());
#3760=CONTEXT_DEPENDENT_SHAPE_REPRESENTATION(#3759,#3753);
#3763=CARTESIAN_POINT('',(-3.5355E-1,3.5355E-1,2.15E-1));
#3764=DIRECTION('',(0.E0,1.E0,0.E0));
#3765=DIRECTION('',(1.E0,0.E0,0.E0));
#3766=AXIS2_PLACEMENT_3D('',#3763,#3764,#3765);
#3767=ITEM_DEFINED_TRANSFORMATION('','',#952,#3766);
#3768=(REPRESENTATION_RELATIONSHIP('','',#953,#273)REPRESENTATION_RELATIONSHIP_WITH_TRANSFORMATION(#3767)SHAPE_REPRESENTATION_RELATIONSHIP());
#3769=CONTEXT_DEPENDENT_SHAPE_REPRESENTATION(#3768,#3762);
#3772=CARTESIAN_POINT('',(3.5355E-1,3.5355E-1,2.15E-1));
#3773=DIRECTION('',(0.E0,1.E0,0.E0));
#3774=DIRECTION('',(1.E0,0.E0,0.E0));
#3775=AXIS2_PLACEMENT_3D('',#3772,#3773,#3774);
#3776=ITEM_DEFINED_TRANSFORMATION('','',#952,#3775);
#3777=(REPRESENTATION_RELATIONSHIP('','',#953,#273)REPRESENTATION_RELATIONSHIP_WITH_TRANSFORMATION(#3776)SHAPE_REPRESENTATION_RELATIONSHIP());
#3778=CONTEXT_DEPENDENT_SHAPE_REPRESENTATION(#3777,#3771);
#3781=CARTESIAN_POINT('',(1.06065E0,3.5355E-1,2.15E-1));
#3782=DIRECTION('',(0.E0,1.E0,0.E0));
#3783=DIRECTION('',(1.E0,0.E0,0.E0));
#3784=AXIS2_PLACEMENT_3D('',#3781,#3782,#3783);
#3785=ITEM_DEFINED_TRANSFORMATION('','',#952,#3784);
#3786=(REPRESENTATION_RELATIONSHIP('','',#953,#273)REPRESENTATION_RELATIONSHIP_WITH_TRANSFORMATION(#3785)SHAPE_REPRESENTATION_RELATIONSHIP());
#3787=CONTEXT_DEPENDENT_SHAPE_REPRESENTATION(#3786,#3780);
#3790=CARTESIAN_POINT('',(1.76775E0,3.5355E-1,2.15E-1));
#3791=DIRECTION('',(0.E0,1.E0,0.E0));
#3792=DIRECTION('',(1.E0,0.E0,0.E0));
#3793=AXIS2_PLACEMENT_3D('',#3790,#3791,#3792);
#3794=ITEM_DEFINED_TRANSFORMATION('','',#952,#3793);
#3795=(REPRESENTATION_RELATIONSHIP('','',#953,#273)REPRESENTATION_RELATIONSHIP_WITH_TRANSFORMATION(#3794)SHAPE_REPRESENTATION_RELATIONSHIP());
#3796=CONTEXT_DEPENDENT_SHAPE_REPRESENTATION(#3795,#3789);
#3799=CARTESIAN_POINT('',(2.47485E0,3.5355E-1,2.15E-1));
#3800=DIRECTION('',(0.E0,1.E0,0.E0));
#3801=DIRECTION('',(1.E0,0.E0,0.E0));
#3802=AXIS2_PLACEMENT_3D('',#3799,#3800,#3801);
#3803=ITEM_DEFINED_TRANSFORMATION('','',#952,#3802);
#3804=(REPRESENTATION_RELATIONSHIP('','',#953,#273)REPRESENTATION_RELATIONSHIP_WITH_TRANSFORMATION(#3803)SHAPE_REPRESENTATION_RELATIONSHIP());
#3805=CONTEXT_DEPENDENT_SHAPE_REPRESENTATION(#3804,#3798);
#3808=CARTESIAN_POINT('',(3.18195E0,3.5355E-1,2.15E-1));
#3809=DIRECTION('',(0.E0,1.E0,0.E0));
#3810=DIRECTION('',(1.E0,0.E0,0.E0));
#3811=AXIS2_PLACEMENT_3D('',#3808,#3809,#3810);
#3812=ITEM_DEFINED_TRANSFORMATION('','',#952,#3811);
#3813=(REPRESENTATION_RELATIONSHIP('','',#953,#273)REPRESENTATION_RELATIONSHIP_WITH_TRANSFORMATION(#3812)SHAPE_REPRESENTATION_RELATIONSHIP());
#3814=CONTEXT_DEPENDENT_SHAPE_REPRESENTATION(#3813,#3807);
#3817=CARTESIAN_POINT('',(3.88905E0,3.5355E-1,2.15E-1));
#3818=DIRECTION('',(0.E0,1.E0,0.E0));
#3819=DIRECTION('',(1.E0,0.E0,0.E0));
#3820=AXIS2_PLACEMENT_3D('',#3817,#3818,#3819);
#3821=ITEM_DEFINED_TRANSFORMATION('','',#952,#3820);
#3822=(REPRESENTATION_RELATIONSHIP('','',#953,#273)REPRESENTATION_RELATIONSHIP_WITH_TRANSFORMATION(#3821)SHAPE_REPRESENTATION_RELATIONSHIP());
#3823=CONTEXT_DEPENDENT_SHAPE_REPRESENTATION(#3822,#3816);
#3826=CARTESIAN_POINT('',(-3.88905E0,-3.5355E-1,2.15E-1));
#3827=DIRECTION('',(0.E0,1.E0,0.E0));
#3828=DIRECTION('',(1.E0,0.E0,0.E0));
#3829=AXIS2_PLACEMENT_3D('',#3826,#3827,#3828);
#3830=ITEM_DEFINED_TRANSFORMATION('','',#952,#3829);
#3831=(REPRESENTATION_RELATIONSHIP('','',#953,#273)REPRESENTATION_RELATIONSHIP_WITH_TRANSFORMATION(#3830)SHAPE_REPRESENTATION_RELATIONSHIP());
#3832=CONTEXT_DEPENDENT_SHAPE_REPRESENTATION(#3831,#3825);
#3835=CARTESIAN_POINT('',(-3.18195E0,-3.5355E-1,2.15E-1));
#3836=DIRECTION('',(0.E0,1.E0,0.E0));
#3837=DIRECTION('',(1.E0,0.E0,0.E0));
#3838=AXIS2_PLACEMENT_3D('',#3835,#3836,#3837);
#3839=ITEM_DEFINED_TRANSFORMATION('','',#952,#3838);
#3840=(REPRESENTATION_RELATIONSHIP('','',#953,#273)REPRESENTATION_RELATIONSHIP_WITH_TRANSFORMATION(#3839)SHAPE_REPRESENTATION_RELATIONSHIP());
#3841=CONTEXT_DEPENDENT_SHAPE_REPRESENTATION(#3840,#3834);
#3844=CARTESIAN_POINT('',(-2.47485E0,-3.5355E-1,2.15E-1));
#3845=DIRECTION('',(0.E0,1.E0,0.E0));
#3846=DIRECTION('',(1.E0,0.E0,0.E0));
#3847=AXIS2_PLACEMENT_3D('',#3844,#3845,#3846);
#3848=ITEM_DEFINED_TRANSFORMATION('','',#952,#3847);
#3849=(REPRESENTATION_RELATIONSHIP('','',#953,#273)REPRESENTATION_RELATIONSHIP_WITH_TRANSFORMATION(#3848)SHAPE_REPRESENTATION_RELATIONSHIP());
#3850=CONTEXT_DEPENDENT_SHAPE_REPRESENTATION(#3849,#3843);
#3853=CARTESIAN_POINT('',(-1.76775E0,-3.5355E-1,2.15E-1));
#3854=DIRECTION('',(0.E0,1.E0,0.E0));
#3855=DIRECTION('',(1.E0,0.E0,0.E0));
#3856=AXIS2_PLACEMENT_3D('',#3853,#3854,#3855);
#3857=ITEM_DEFINED_TRANSFORMATION('','',#952,#3856);
#3858=(REPRESENTATION_RELATIONSHIP('','',#953,#273)REPRESENTATION_RELATIONSHIP_WITH_TRANSFORMATION(#3857)SHAPE_REPRESENTATION_RELATIONSHIP());
#3859=CONTEXT_DEPENDENT_SHAPE_REPRESENTATION(#3858,#3852);
#3862=CARTESIAN_POINT('',(-1.06065E0,-3.5355E-1,2.15E-1));
#3863=DIRECTION('',(0.E0,1.E0,0.E0));
#3864=DIRECTION('',(1.E0,0.E0,0.E0));
#3865=AXIS2_PLACEMENT_3D('',#3862,#3863,#3864);
#3866=ITEM_DEFINED_TRANSFORMATION('','',#952,#3865);
#3867=(REPRESENTATION_RELATIONSHIP('','',#953,#273)REPRESENTATION_RELATIONSHIP_WITH_TRANSFORMATION(#3866)SHAPE_REPRESENTATION_RELATIONSHIP());
#3868=CONTEXT_DEPENDENT_SHAPE_REPRESENTATION(#3867,#3861);
#3871=CARTESIAN_POINT('',(-3.5355E-1,-3.5355E-1,2.15E-1));
#3872=DIRECTION('',(0.E0,1.E0,0.E0));
#3873=DIRECTION('',(1.E0,0.E0,0.E0));
#3874=AXIS2_PLACEMENT_3D('',#3871,#3872,#3873);
#3875=ITEM_DEFINED_TRANSFORMATION('','',#952,#3874);
#3876=(REPRESENTATION_RELATIONSHIP('','',#953,#273)REPRESENTATION_RELATIONSHIP_WITH_TRANSFORMATION(#3875)SHAPE_REPRESENTATION_RELATIONSHIP());
#3877=CONTEXT_DEPENDENT_SHAPE_REPRESENTATION(#3876,#3870);
#3880=CARTESIAN_POINT('',(3.5355E-1,-3.5355E-1,2.15E-1));
#3881=DIRECTION('',(0.E0,1.E0,0.E0));
#3882=DIRECTION('',(1.E0,0.E0,0.E0));
#3883=AXIS2_PLACEMENT_3D('',#3880,#3881,#3882);
#3884=ITEM_DEFINED_TRANSFORMATION('','',#952,#3883);
#3885=(REPRESENTATION_RELATIONSHIP('','',#953,#273)REPRESENTATION_RELATIONSHIP_WITH_TRANSFORMATION(#3884)SHAPE_REPRESENTATION_RELATIONSHIP());
#3886=CONTEXT_DEPENDENT_SHAPE_REPRESENTATION(#3885,#3879);
#3889=CARTESIAN_POINT('',(1.06065E0,-3.5355E-1,2.15E-1));
#3890=DIRECTION('',(0.E0,1.E0,0.E0));
#3891=DIRECTION('',(1.E0,0.E0,0.E0));
#3892=AXIS2_PLACEMENT_3D('',#3889,#3890,#3891);
#3893=ITEM_DEFINED_TRANSFORMATION('','',#952,#3892);
#3894=(REPRESENTATION_RELATIONSHIP('','',#953,#273)REPRESENTATION_RELATIONSHIP_WITH_TRANSFORMATION(#3893)SHAPE_REPRESENTATION_RELATIONSHIP());
#3895=CONTEXT_DEPENDENT_SHAPE_REPRESENTATION(#3894,#3888);
#3898=CARTESIAN_POINT('',(1.76775E0,-3.5355E-1,2.15E-1));
#3899=DIRECTION('',(0.E0,1.E0,0.E0));
#3900=DIRECTION('',(1.E0,0.E0,0.E0));
#3901=AXIS2_PLACEMENT_3D('',#3898,#3899,#3900);
#3902=ITEM_DEFINED_TRANSFORMATION('','',#952,#3901);
#3903=(REPRESENTATION_RELATIONSHIP('','',#953,#273)REPRESENTATION_RELATIONSHIP_WITH_TRANSFORMATION(#3902)SHAPE_REPRESENTATION_RELATIONSHIP());
#3904=CONTEXT_DEPENDENT_SHAPE_REPRESENTATION(#3903,#3897);
#3907=CARTESIAN_POINT('',(2.47485E0,-3.5355E-1,2.15E-1));
#3908=DIRECTION('',(0.E0,1.E0,0.E0));
#3909=DIRECTION('',(1.E0,0.E0,0.E0));
#3910=AXIS2_PLACEMENT_3D('',#3907,#3908,#3909);
#3911=ITEM_DEFINED_TRANSFORMATION('','',#952,#3910);
#3912=(REPRESENTATION_RELATIONSHIP('','',#953,#273)REPRESENTATION_RELATIONSHIP_WITH_TRANSFORMATION(#3911)SHAPE_REPRESENTATION_RELATIONSHIP());
#3913=CONTEXT_DEPENDENT_SHAPE_REPRESENTATION(#3912,#3906);
#3916=CARTESIAN_POINT('',(3.18195E0,-3.5355E-1,2.15E-1));
#3917=DIRECTION('',(0.E0,1.E0,0.E0));
#3918=DIRECTION('',(1.E0,0.E0,0.E0));
#3919=AXIS2_PLACEMENT_3D('',#3916,#3917,#3918);
#3920=ITEM_DEFINED_TRANSFORMATION('','',#952,#3919);
#3921=(REPRESENTATION_RELATIONSHIP('','',#953,#273)REPRESENTATION_RELATIONSHIP_WITH_TRANSFORMATION(#3920)SHAPE_REPRESENTATION_RELATIONSHIP());
#3922=CONTEXT_DEPENDENT_SHAPE_REPRESENTATION(#3921,#3915);
#3925=CARTESIAN_POINT('',(3.88905E0,-3.5355E-1,2.15E-1));
#3926=DIRECTION('',(0.E0,1.E0,0.E0));
#3927=DIRECTION('',(1.E0,0.E0,0.E0));
#3928=AXIS2_PLACEMENT_3D('',#3925,#3926,#3927);
#3929=ITEM_DEFINED_TRANSFORMATION('','',#952,#3928);
#3930=(REPRESENTATION_RELATIONSHIP('','',#953,#273)REPRESENTATION_RELATIONSHIP_WITH_TRANSFORMATION(#3929)SHAPE_REPRESENTATION_RELATIONSHIP());
#3931=CONTEXT_DEPENDENT_SHAPE_REPRESENTATION(#3930,#3924);
#3934=CARTESIAN_POINT('',(-3.88905E0,-1.06065E0,2.15E-1));
#3935=DIRECTION('',(0.E0,1.E0,0.E0));
#3936=DIRECTION('',(1.E0,0.E0,0.E0));
#3937=AXIS2_PLACEMENT_3D('',#3934,#3935,#3936);
#3938=ITEM_DEFINED_TRANSFORMATION('','',#952,#3937);
#3939=(REPRESENTATION_RELATIONSHIP('','',#953,#273)REPRESENTATION_RELATIONSHIP_WITH_TRANSFORMATION(#3938)SHAPE_REPRESENTATION_RELATIONSHIP());
#3940=CONTEXT_DEPENDENT_SHAPE_REPRESENTATION(#3939,#3933);
#3943=CARTESIAN_POINT('',(-3.18195E0,-1.06065E0,2.15E-1));
#3944=DIRECTION('',(0.E0,1.E0,0.E0));
#3945=DIRECTION('',(1.E0,0.E0,0.E0));
#3946=AXIS2_PLACEMENT_3D('',#3943,#3944,#3945);
#3947=ITEM_DEFINED_TRANSFORMATION('','',#952,#3946);
#3948=(REPRESENTATION_RELATIONSHIP('','',#953,#273)REPRESENTATION_RELATIONSHIP_WITH_TRANSFORMATION(#3947)SHAPE_REPRESENTATION_RELATIONSHIP());
#3949=CONTEXT_DEPENDENT_SHAPE_REPRESENTATION(#3948,#3942);
#3952=CARTESIAN_POINT('',(-2.47485E0,-1.06065E0,2.15E-1));
#3953=DIRECTION('',(0.E0,1.E0,0.E0));
#3954=DIRECTION('',(1.E0,0.E0,0.E0));
#3955=AXIS2_PLACEMENT_3D('',#3952,#3953,#3954);
#3956=ITEM_DEFINED_TRANSFORMATION('','',#952,#3955);
#3957=(REPRESENTATION_RELATIONSHIP('','',#953,#273)REPRESENTATION_RELATIONSHIP_WITH_TRANSFORMATION(#3956)SHAPE_REPRESENTATION_RELATIONSHIP());
#3958=CONTEXT_DEPENDENT_SHAPE_REPRESENTATION(#3957,#3951);
#3961=CARTESIAN_POINT('',(-1.76775E0,-1.06065E0,2.15E-1));
#3962=DIRECTION('',(0.E0,1.E0,0.E0));
#3963=DIRECTION('',(1.E0,0.E0,0.E0));
#3964=AXIS2_PLACEMENT_3D('',#3961,#3962,#3963);
#3965=ITEM_DEFINED_TRANSFORMATION('','',#952,#3964);
#3966=(REPRESENTATION_RELATIONSHIP('','',#953,#273)REPRESENTATION_RELATIONSHIP_WITH_TRANSFORMATION(#3965)SHAPE_REPRESENTATION_RELATIONSHIP());
#3967=CONTEXT_DEPENDENT_SHAPE_REPRESENTATION(#3966,#3960);
#3970=CARTESIAN_POINT('',(-1.06065E0,-1.06065E0,2.15E-1));
#3971=DIRECTION('',(0.E0,1.E0,0.E0));
#3972=DIRECTION('',(1.E0,0.E0,0.E0));
#3973=AXIS2_PLACEMENT_3D('',#3970,#3971,#3972);
#3974=ITEM_DEFINED_TRANSFORMATION('','',#952,#3973);
#3975=(REPRESENTATION_RELATIONSHIP('','',#953,#273)REPRESENTATION_RELATIONSHIP_WITH_TRANSFORMATION(#3974)SHAPE_REPRESENTATION_RELATIONSHIP());
#3976=CONTEXT_DEPENDENT_SHAPE_REPRESENTATION(#3975,#3969);
#3979=CARTESIAN_POINT('',(-3.5355E-1,-1.06065E0,2.15E-1));
#3980=DIRECTION('',(0.E0,1.E0,0.E0));
#3981=DIRECTION('',(1.E0,0.E0,0.E0));
#3982=AXIS2_PLACEMENT_3D('',#3979,#3980,#3981);
#3983=ITEM_DEFINED_TRANSFORMATION('','',#952,#3982);
#3984=(REPRESENTATION_RELATIONSHIP('','',#953,#273)REPRESENTATION_RELATIONSHIP_WITH_TRANSFORMATION(#3983)SHAPE_REPRESENTATION_RELATIONSHIP());
#3985=CONTEXT_DEPENDENT_SHAPE_REPRESENTATION(#3984,#3978);
#3988=CARTESIAN_POINT('',(3.5355E-1,-1.06065E0,2.15E-1));
#3989=DIRECTION('',(0.E0,1.E0,0.E0));
#3990=DIRECTION('',(1.E0,0.E0,0.E0));
#3991=AXIS2_PLACEMENT_3D('',#3988,#3989,#3990);
#3992=ITEM_DEFINED_TRANSFORMATION('','',#952,#3991);
#3993=(REPRESENTATION_RELATIONSHIP('','',#953,#273)REPRESENTATION_RELATIONSHIP_WITH_TRANSFORMATION(#3992)SHAPE_REPRESENTATION_RELATIONSHIP());
#3994=CONTEXT_DEPENDENT_SHAPE_REPRESENTATION(#3993,#3987);
#3997=CARTESIAN_POINT('',(1.06065E0,-1.06065E0,2.15E-1));
#3998=DIRECTION('',(0.E0,1.E0,0.E0));
#3999=DIRECTION('',(1.E0,0.E0,0.E0));
#4000=AXIS2_PLACEMENT_3D('',#3997,#3998,#3999);
#4001=ITEM_DEFINED_TRANSFORMATION('','',#952,#4000);
#4002=(REPRESENTATION_RELATIONSHIP('','',#953,#273)REPRESENTATION_RELATIONSHIP_WITH_TRANSFORMATION(#4001)SHAPE_REPRESENTATION_RELATIONSHIP());
#4003=CONTEXT_DEPENDENT_SHAPE_REPRESENTATION(#4002,#3996);
#4006=CARTESIAN_POINT('',(1.76775E0,-1.06065E0,2.15E-1));
#4007=DIRECTION('',(0.E0,1.E0,0.E0));
#4008=DIRECTION('',(1.E0,0.E0,0.E0));
#4009=AXIS2_PLACEMENT_3D('',#4006,#4007,#4008);
#4010=ITEM_DEFINED_TRANSFORMATION('','',#952,#4009);
#4011=(REPRESENTATION_RELATIONSHIP('','',#953,#273)REPRESENTATION_RELATIONSHIP_WITH_TRANSFORMATION(#4010)SHAPE_REPRESENTATION_RELATIONSHIP());
#4012=CONTEXT_DEPENDENT_SHAPE_REPRESENTATION(#4011,#4005);
#4015=CARTESIAN_POINT('',(2.47485E0,-1.06065E0,2.15E-1));
#4016=DIRECTION('',(0.E0,1.E0,0.E0));
#4017=DIRECTION('',(1.E0,0.E0,0.E0));
#4018=AXIS2_PLACEMENT_3D('',#4015,#4016,#4017);
#4019=ITEM_DEFINED_TRANSFORMATION('','',#952,#4018);
#4020=(REPRESENTATION_RELATIONSHIP('','',#953,#273)REPRESENTATION_RELATIONSHIP_WITH_TRANSFORMATION(#4019)SHAPE_REPRESENTATION_RELATIONSHIP());
#4021=CONTEXT_DEPENDENT_SHAPE_REPRESENTATION(#4020,#4014);
#4024=CARTESIAN_POINT('',(3.18195E0,-1.06065E0,2.15E-1));
#4025=DIRECTION('',(0.E0,1.E0,0.E0));
#4026=DIRECTION('',(1.E0,0.E0,0.E0));
#4027=AXIS2_PLACEMENT_3D('',#4024,#4025,#4026);
#4028=ITEM_DEFINED_TRANSFORMATION('','',#952,#4027);
#4029=(REPRESENTATION_RELATIONSHIP('','',#953,#273)REPRESENTATION_RELATIONSHIP_WITH_TRANSFORMATION(#4028)SHAPE_REPRESENTATION_RELATIONSHIP());
#4030=CONTEXT_DEPENDENT_SHAPE_REPRESENTATION(#4029,#4023);
#4033=CARTESIAN_POINT('',(3.88905E0,-1.06065E0,2.15E-1));
#4034=DIRECTION('',(0.E0,1.E0,0.E0));
#4035=DIRECTION('',(1.E0,0.E0,0.E0));
#4036=AXIS2_PLACEMENT_3D('',#4033,#4034,#4035);
#4037=ITEM_DEFINED_TRANSFORMATION('','',#952,#4036);
#4038=(REPRESENTATION_RELATIONSHIP('','',#953,#273)REPRESENTATION_RELATIONSHIP_WITH_TRANSFORMATION(#4037)SHAPE_REPRESENTATION_RELATIONSHIP());
#4039=CONTEXT_DEPENDENT_SHAPE_REPRESENTATION(#4038,#4032);
#4042=CARTESIAN_POINT('',(-3.88905E0,-1.76775E0,2.15E-1));
#4043=DIRECTION('',(0.E0,1.E0,0.E0));
#4044=DIRECTION('',(1.E0,0.E0,0.E0));
#4045=AXIS2_PLACEMENT_3D('',#4042,#4043,#4044);
#4046=ITEM_DEFINED_TRANSFORMATION('','',#952,#4045);
#4047=(REPRESENTATION_RELATIONSHIP('','',#953,#273)REPRESENTATION_RELATIONSHIP_WITH_TRANSFORMATION(#4046)SHAPE_REPRESENTATION_RELATIONSHIP());
#4048=CONTEXT_DEPENDENT_SHAPE_REPRESENTATION(#4047,#4041);
#4051=CARTESIAN_POINT('',(-3.18195E0,-1.76775E0,2.15E-1));
#4052=DIRECTION('',(0.E0,1.E0,0.E0));
#4053=DIRECTION('',(1.E0,0.E0,0.E0));
#4054=AXIS2_PLACEMENT_3D('',#4051,#4052,#4053);
#4055=ITEM_DEFINED_TRANSFORMATION('','',#952,#4054);
#4056=(REPRESENTATION_RELATIONSHIP('','',#953,#273)REPRESENTATION_RELATIONSHIP_WITH_TRANSFORMATION(#4055)SHAPE_REPRESENTATION_RELATIONSHIP());
#4057=CONTEXT_DEPENDENT_SHAPE_REPRESENTATION(#4056,#4050);
#4060=CARTESIAN_POINT('',(-2.47485E0,-1.76775E0,2.15E-1));
#4061=DIRECTION('',(0.E0,1.E0,0.E0));
#4062=DIRECTION('',(1.E0,0.E0,0.E0));
#4063=AXIS2_PLACEMENT_3D('',#4060,#4061,#4062);
#4064=ITEM_DEFINED_TRANSFORMATION('','',#952,#4063);
#4065=(REPRESENTATION_RELATIONSHIP('','',#953,#273)REPRESENTATION_RELATIONSHIP_WITH_TRANSFORMATION(#4064)SHAPE_REPRESENTATION_RELATIONSHIP());
#4066=CONTEXT_DEPENDENT_SHAPE_REPRESENTATION(#4065,#4059);
#4069=CARTESIAN_POINT('',(-1.76775E0,-1.76775E0,2.15E-1));
#4070=DIRECTION('',(0.E0,1.E0,0.E0));
#4071=DIRECTION('',(1.E0,0.E0,0.E0));
#4072=AXIS2_PLACEMENT_3D('',#4069,#4070,#4071);
#4073=ITEM_DEFINED_TRANSFORMATION('','',#952,#4072);
#4074=(REPRESENTATION_RELATIONSHIP('','',#953,#273)REPRESENTATION_RELATIONSHIP_WITH_TRANSFORMATION(#4073)SHAPE_REPRESENTATION_RELATIONSHIP());
#4075=CONTEXT_DEPENDENT_SHAPE_REPRESENTATION(#4074,#4068);
#4078=CARTESIAN_POINT('',(-1.06065E0,-1.76775E0,2.15E-1));
#4079=DIRECTION('',(0.E0,1.E0,0.E0));
#4080=DIRECTION('',(1.E0,0.E0,0.E0));
#4081=AXIS2_PLACEMENT_3D('',#4078,#4079,#4080);
#4082=ITEM_DEFINED_TRANSFORMATION('','',#952,#4081);
#4083=(REPRESENTATION_RELATIONSHIP('','',#953,#273)REPRESENTATION_RELATIONSHIP_WITH_TRANSFORMATION(#4082)SHAPE_REPRESENTATION_RELATIONSHIP());
#4084=CONTEXT_DEPENDENT_SHAPE_REPRESENTATION(#4083,#4077);
#4087=CARTESIAN_POINT('',(-3.5355E-1,-1.76775E0,2.15E-1));
#4088=DIRECTION('',(0.E0,1.E0,0.E0));
#4089=DIRECTION('',(1.E0,0.E0,0.E0));
#4090=AXIS2_PLACEMENT_3D('',#4087,#4088,#4089);
#4091=ITEM_DEFINED_TRANSFORMATION('','',#952,#4090);
#4092=(REPRESENTATION_RELATIONSHIP('','',#953,#273)REPRESENTATION_RELATIONSHIP_WITH_TRANSFORMATION(#4091)SHAPE_REPRESENTATION_RELATIONSHIP());
#4093=CONTEXT_DEPENDENT_SHAPE_REPRESENTATION(#4092,#4086);
#4096=CARTESIAN_POINT('',(3.5355E-1,-1.76775E0,2.15E-1));
#4097=DIRECTION('',(0.E0,1.E0,0.E0));
#4098=DIRECTION('',(1.E0,0.E0,0.E0));
#4099=AXIS2_PLACEMENT_3D('',#4096,#4097,#4098);
#4100=ITEM_DEFINED_TRANSFORMATION('','',#952,#4099);
#4101=(REPRESENTATION_RELATIONSHIP('','',#953,#273)REPRESENTATION_RELATIONSHIP_WITH_TRANSFORMATION(#4100)SHAPE_REPRESENTATION_RELATIONSHIP());
#4102=CONTEXT_DEPENDENT_SHAPE_REPRESENTATION(#4101,#4095);
#4105=CARTESIAN_POINT('',(1.06065E0,-1.76775E0,2.15E-1));
#4106=DIRECTION('',(0.E0,1.E0,0.E0));
#4107=DIRECTION('',(1.E0,0.E0,0.E0));
#4108=AXIS2_PLACEMENT_3D('',#4105,#4106,#4107);
#4109=ITEM_DEFINED_TRANSFORMATION('','',#952,#4108);
#4110=(REPRESENTATION_RELATIONSHIP('','',#953,#273)REPRESENTATION_RELATIONSHIP_WITH_TRANSFORMATION(#4109)SHAPE_REPRESENTATION_RELATIONSHIP());
#4111=CONTEXT_DEPENDENT_SHAPE_REPRESENTATION(#4110,#4104);
#4114=CARTESIAN_POINT('',(1.76775E0,-1.76775E0,2.15E-1));
#4115=DIRECTION('',(0.E0,1.E0,0.E0));
#4116=DIRECTION('',(1.E0,0.E0,0.E0));
#4117=AXIS2_PLACEMENT_3D('',#4114,#4115,#4116);
#4118=ITEM_DEFINED_TRANSFORMATION('','',#952,#4117);
#4119=(REPRESENTATION_RELATIONSHIP('','',#953,#273)REPRESENTATION_RELATIONSHIP_WITH_TRANSFORMATION(#4118)SHAPE_REPRESENTATION_RELATIONSHIP());
#4120=CONTEXT_DEPENDENT_SHAPE_REPRESENTATION(#4119,#4113);
#4123=CARTESIAN_POINT('',(2.47485E0,-1.76775E0,2.15E-1));
#4124=DIRECTION('',(0.E0,1.E0,0.E0));
#4125=DIRECTION('',(1.E0,0.E0,0.E0));
#4126=AXIS2_PLACEMENT_3D('',#4123,#4124,#4125);
#4127=ITEM_DEFINED_TRANSFORMATION('','',#952,#4126);
#4128=(REPRESENTATION_RELATIONSHIP('','',#953,#273)REPRESENTATION_RELATIONSHIP_WITH_TRANSFORMATION(#4127)SHAPE_REPRESENTATION_RELATIONSHIP());
#4129=CONTEXT_DEPENDENT_SHAPE_REPRESENTATION(#4128,#4122);
#4132=CARTESIAN_POINT('',(3.18195E0,-1.76775E0,2.15E-1));
#4133=DIRECTION('',(0.E0,1.E0,0.E0));
#4134=DIRECTION('',(1.E0,0.E0,0.E0));
#4135=AXIS2_PLACEMENT_3D('',#4132,#4133,#4134);
#4136=ITEM_DEFINED_TRANSFORMATION('','',#952,#4135);
#4137=(REPRESENTATION_RELATIONSHIP('','',#953,#273)REPRESENTATION_RELATIONSHIP_WITH_TRANSFORMATION(#4136)SHAPE_REPRESENTATION_RELATIONSHIP());
#4138=CONTEXT_DEPENDENT_SHAPE_REPRESENTATION(#4137,#4131);
#4141=CARTESIAN_POINT('',(3.88905E0,-1.76775E0,2.15E-1));
#4142=DIRECTION('',(0.E0,1.E0,0.E0));
#4143=DIRECTION('',(1.E0,0.E0,0.E0));
#4144=AXIS2_PLACEMENT_3D('',#4141,#4142,#4143);
#4145=ITEM_DEFINED_TRANSFORMATION('','',#952,#4144);
#4146=(REPRESENTATION_RELATIONSHIP('','',#953,#273)REPRESENTATION_RELATIONSHIP_WITH_TRANSFORMATION(#4145)SHAPE_REPRESENTATION_RELATIONSHIP());
#4147=CONTEXT_DEPENDENT_SHAPE_REPRESENTATION(#4146,#4140);
#4150=CARTESIAN_POINT('',(-3.88905E0,-2.47485E0,2.15E-1));
#4151=DIRECTION('',(0.E0,1.E0,0.E0));
#4152=DIRECTION('',(1.E0,0.E0,0.E0));
#4153=AXIS2_PLACEMENT_3D('',#4150,#4151,#4152);
#4154=ITEM_DEFINED_TRANSFORMATION('','',#952,#4153);
#4155=(REPRESENTATION_RELATIONSHIP('','',#953,#273)REPRESENTATION_RELATIONSHIP_WITH_TRANSFORMATION(#4154)SHAPE_REPRESENTATION_RELATIONSHIP());
#4156=CONTEXT_DEPENDENT_SHAPE_REPRESENTATION(#4155,#4149);
#4159=CARTESIAN_POINT('',(-3.18195E0,-2.47485E0,2.15E-1));
#4160=DIRECTION('',(0.E0,1.E0,0.E0));
#4161=DIRECTION('',(1.E0,0.E0,0.E0));
#4162=AXIS2_PLACEMENT_3D('',#4159,#4160,#4161);
#4163=ITEM_DEFINED_TRANSFORMATION('','',#952,#4162);
#4164=(REPRESENTATION_RELATIONSHIP('','',#953,#273)REPRESENTATION_RELATIONSHIP_WITH_TRANSFORMATION(#4163)SHAPE_REPRESENTATION_RELATIONSHIP());
#4165=CONTEXT_DEPENDENT_SHAPE_REPRESENTATION(#4164,#4158);
#4168=CARTESIAN_POINT('',(-2.47485E0,-2.47485E0,2.15E-1));
#4169=DIRECTION('',(0.E0,1.E0,0.E0));
#4170=DIRECTION('',(1.E0,0.E0,0.E0));
#4171=AXIS2_PLACEMENT_3D('',#4168,#4169,#4170);
#4172=ITEM_DEFINED_TRANSFORMATION('','',#952,#4171);
#4173=(REPRESENTATION_RELATIONSHIP('','',#953,#273)REPRESENTATION_RELATIONSHIP_WITH_TRANSFORMATION(#4172)SHAPE_REPRESENTATION_RELATIONSHIP());
#4174=CONTEXT_DEPENDENT_SHAPE_REPRESENTATION(#4173,#4167);
#4177=CARTESIAN_POINT('',(-1.76775E0,-2.47485E0,2.15E-1));
#4178=DIRECTION('',(0.E0,1.E0,0.E0));
#4179=DIRECTION('',(1.E0,0.E0,0.E0));
#4180=AXIS2_PLACEMENT_3D('',#4177,#4178,#4179);
#4181=ITEM_DEFINED_TRANSFORMATION('','',#952,#4180);
#4182=(REPRESENTATION_RELATIONSHIP('','',#953,#273)REPRESENTATION_RELATIONSHIP_WITH_TRANSFORMATION(#4181)SHAPE_REPRESENTATION_RELATIONSHIP());
#4183=CONTEXT_DEPENDENT_SHAPE_REPRESENTATION(#4182,#4176);
#4186=CARTESIAN_POINT('',(-1.06065E0,-2.47485E0,2.15E-1));
#4187=DIRECTION('',(0.E0,1.E0,0.E0));
#4188=DIRECTION('',(1.E0,0.E0,0.E0));
#4189=AXIS2_PLACEMENT_3D('',#4186,#4187,#4188);
#4190=ITEM_DEFINED_TRANSFORMATION('','',#952,#4189);
#4191=(REPRESENTATION_RELATIONSHIP('','',#953,#273)REPRESENTATION_RELATIONSHIP_WITH_TRANSFORMATION(#4190)SHAPE_REPRESENTATION_RELATIONSHIP());
#4192=CONTEXT_DEPENDENT_SHAPE_REPRESENTATION(#4191,#4185);
#4195=CARTESIAN_POINT('',(-3.5355E-1,-2.47485E0,2.15E-1));
#4196=DIRECTION('',(0.E0,1.E0,0.E0));
#4197=DIRECTION('',(1.E0,0.E0,0.E0));
#4198=AXIS2_PLACEMENT_3D('',#4195,#4196,#4197);
#4199=ITEM_DEFINED_TRANSFORMATION('','',#952,#4198);
#4200=(REPRESENTATION_RELATIONSHIP('','',#953,#273)REPRESENTATION_RELATIONSHIP_WITH_TRANSFORMATION(#4199)SHAPE_REPRESENTATION_RELATIONSHIP());
#4201=CONTEXT_DEPENDENT_SHAPE_REPRESENTATION(#4200,#4194);
#4204=CARTESIAN_POINT('',(3.5355E-1,-2.47485E0,2.15E-1));
#4205=DIRECTION('',(0.E0,1.E0,0.E0));
#4206=DIRECTION('',(1.E0,0.E0,0.E0));
#4207=AXIS2_PLACEMENT_3D('',#4204,#4205,#4206);
#4208=ITEM_DEFINED_TRANSFORMATION('','',#952,#4207);
#4209=(REPRESENTATION_RELATIONSHIP('','',#953,#273)REPRESENTATION_RELATIONSHIP_WITH_TRANSFORMATION(#4208)SHAPE_REPRESENTATION_RELATIONSHIP());
#4210=CONTEXT_DEPENDENT_SHAPE_REPRESENTATION(#4209,#4203);
#4213=CARTESIAN_POINT('',(1.06065E0,-2.47485E0,2.15E-1));
#4214=DIRECTION('',(0.E0,1.E0,0.E0));
#4215=DIRECTION('',(1.E0,0.E0,0.E0));
#4216=AXIS2_PLACEMENT_3D('',#4213,#4214,#4215);
#4217=ITEM_DEFINED_TRANSFORMATION('','',#952,#4216);
#4218=(REPRESENTATION_RELATIONSHIP('','',#953,#273)REPRESENTATION_RELATIONSHIP_WITH_TRANSFORMATION(#4217)SHAPE_REPRESENTATION_RELATIONSHIP());
#4219=CONTEXT_DEPENDENT_SHAPE_REPRESENTATION(#4218,#4212);
#4222=CARTESIAN_POINT('',(1.76775E0,-2.47485E0,2.15E-1));
#4223=DIRECTION('',(0.E0,1.E0,0.E0));
#4224=DIRECTION('',(1.E0,0.E0,0.E0));
#4225=AXIS2_PLACEMENT_3D('',#4222,#4223,#4224);
#4226=ITEM_DEFINED_TRANSFORMATION('','',#952,#4225);
#4227=(REPRESENTATION_RELATIONSHIP('','',#953,#273)REPRESENTATION_RELATIONSHIP_WITH_TRANSFORMATION(#4226)SHAPE_REPRESENTATION_RELATIONSHIP());
#4228=CONTEXT_DEPENDENT_SHAPE_REPRESENTATION(#4227,#4221);
#4231=CARTESIAN_POINT('',(2.47485E0,-2.47485E0,2.15E-1));
#4232=DIRECTION('',(0.E0,1.E0,0.E0));
#4233=DIRECTION('',(1.E0,0.E0,0.E0));
#4234=AXIS2_PLACEMENT_3D('',#4231,#4232,#4233);
#4235=ITEM_DEFINED_TRANSFORMATION('','',#952,#4234);
#4236=(REPRESENTATION_RELATIONSHIP('','',#953,#273)REPRESENTATION_RELATIONSHIP_WITH_TRANSFORMATION(#4235)SHAPE_REPRESENTATION_RELATIONSHIP());
#4237=CONTEXT_DEPENDENT_SHAPE_REPRESENTATION(#4236,#4230);
#4240=CARTESIAN_POINT('',(3.18195E0,-2.47485E0,2.15E-1));
#4241=DIRECTION('',(0.E0,1.E0,0.E0));
#4242=DIRECTION('',(1.E0,0.E0,0.E0));
#4243=AXIS2_PLACEMENT_3D('',#4240,#4241,#4242);
#4244=ITEM_DEFINED_TRANSFORMATION('','',#952,#4243);
#4245=(REPRESENTATION_RELATIONSHIP('','',#953,#273)REPRESENTATION_RELATIONSHIP_WITH_TRANSFORMATION(#4244)SHAPE_REPRESENTATION_RELATIONSHIP());
#4246=CONTEXT_DEPENDENT_SHAPE_REPRESENTATION(#4245,#4239);
#4249=CARTESIAN_POINT('',(3.88905E0,-2.47485E0,2.15E-1));
#4250=DIRECTION('',(0.E0,1.E0,0.E0));
#4251=DIRECTION('',(1.E0,0.E0,0.E0));
#4252=AXIS2_PLACEMENT_3D('',#4249,#4250,#4251);
#4253=ITEM_DEFINED_TRANSFORMATION('','',#952,#4252);
#4254=(REPRESENTATION_RELATIONSHIP('','',#953,#273)REPRESENTATION_RELATIONSHIP_WITH_TRANSFORMATION(#4253)SHAPE_REPRESENTATION_RELATIONSHIP());
#4255=CONTEXT_DEPENDENT_SHAPE_REPRESENTATION(#4254,#4248);
#4258=CARTESIAN_POINT('',(-3.88905E0,-3.18195E0,2.15E-1));
#4259=DIRECTION('',(0.E0,1.E0,0.E0));
#4260=DIRECTION('',(1.E0,0.E0,0.E0));
#4261=AXIS2_PLACEMENT_3D('',#4258,#4259,#4260);
#4262=ITEM_DEFINED_TRANSFORMATION('','',#952,#4261);
#4263=(REPRESENTATION_RELATIONSHIP('','',#953,#273)REPRESENTATION_RELATIONSHIP_WITH_TRANSFORMATION(#4262)SHAPE_REPRESENTATION_RELATIONSHIP());
#4264=CONTEXT_DEPENDENT_SHAPE_REPRESENTATION(#4263,#4257);
#4267=CARTESIAN_POINT('',(-3.18195E0,-3.18195E0,2.15E-1));
#4268=DIRECTION('',(0.E0,1.E0,0.E0));
#4269=DIRECTION('',(1.E0,0.E0,0.E0));
#4270=AXIS2_PLACEMENT_3D('',#4267,#4268,#4269);
#4271=ITEM_DEFINED_TRANSFORMATION('','',#952,#4270);
#4272=(REPRESENTATION_RELATIONSHIP('','',#953,#273)REPRESENTATION_RELATIONSHIP_WITH_TRANSFORMATION(#4271)SHAPE_REPRESENTATION_RELATIONSHIP());
#4273=CONTEXT_DEPENDENT_SHAPE_REPRESENTATION(#4272,#4266);
#4276=CARTESIAN_POINT('',(-2.47485E0,-3.18195E0,2.15E-1));
#4277=DIRECTION('',(0.E0,1.E0,0.E0));
#4278=DIRECTION('',(1.E0,0.E0,0.E0));
#4279=AXIS2_PLACEMENT_3D('',#4276,#4277,#4278);
#4280=ITEM_DEFINED_TRANSFORMATION('','',#952,#4279);
#4281=(REPRESENTATION_RELATIONSHIP('','',#953,#273)REPRESENTATION_RELATIONSHIP_WITH_TRANSFORMATION(#4280)SHAPE_REPRESENTATION_RELATIONSHIP());
#4282=CONTEXT_DEPENDENT_SHAPE_REPRESENTATION(#4281,#4275);
#4285=CARTESIAN_POINT('',(-1.76775E0,-3.18195E0,2.15E-1));
#4286=DIRECTION('',(0.E0,1.E0,0.E0));
#4287=DIRECTION('',(1.E0,0.E0,0.E0));
#4288=AXIS2_PLACEMENT_3D('',#4285,#4286,#4287);
#4289=ITEM_DEFINED_TRANSFORMATION('','',#952,#4288);
#4290=(REPRESENTATION_RELATIONSHIP('','',#953,#273)REPRESENTATION_RELATIONSHIP_WITH_TRANSFORMATION(#4289)SHAPE_REPRESENTATION_RELATIONSHIP());
#4291=CONTEXT_DEPENDENT_SHAPE_REPRESENTATION(#4290,#4284);
#4294=CARTESIAN_POINT('',(-1.06065E0,-3.18195E0,2.15E-1));
#4295=DIRECTION('',(0.E0,1.E0,0.E0));
#4296=DIRECTION('',(1.E0,0.E0,0.E0));
#4297=AXIS2_PLACEMENT_3D('',#4294,#4295,#4296);
#4298=ITEM_DEFINED_TRANSFORMATION('','',#952,#4297);
#4299=(REPRESENTATION_RELATIONSHIP('','',#953,#273)REPRESENTATION_RELATIONSHIP_WITH_TRANSFORMATION(#4298)SHAPE_REPRESENTATION_RELATIONSHIP());
#4300=CONTEXT_DEPENDENT_SHAPE_REPRESENTATION(#4299,#4293);
#4303=CARTESIAN_POINT('',(-3.5355E-1,-3.18195E0,2.15E-1));
#4304=DIRECTION('',(0.E0,1.E0,0.E0));
#4305=DIRECTION('',(1.E0,0.E0,0.E0));
#4306=AXIS2_PLACEMENT_3D('',#4303,#4304,#4305);
#4307=ITEM_DEFINED_TRANSFORMATION('','',#952,#4306);
#4308=(REPRESENTATION_RELATIONSHIP('','',#953,#273)REPRESENTATION_RELATIONSHIP_WITH_TRANSFORMATION(#4307)SHAPE_REPRESENTATION_RELATIONSHIP());
#4309=CONTEXT_DEPENDENT_SHAPE_REPRESENTATION(#4308,#4302);
#4312=CARTESIAN_POINT('',(3.5355E-1,-3.18195E0,2.15E-1));
#4313=DIRECTION('',(0.E0,1.E0,0.E0));
#4314=DIRECTION('',(1.E0,0.E0,0.E0));
#4315=AXIS2_PLACEMENT_3D('',#4312,#4313,#4314);
#4316=ITEM_DEFINED_TRANSFORMATION('','',#952,#4315);
#4317=(REPRESENTATION_RELATIONSHIP('','',#953,#273)REPRESENTATION_RELATIONSHIP_WITH_TRANSFORMATION(#4316)SHAPE_REPRESENTATION_RELATIONSHIP());
#4318=CONTEXT_DEPENDENT_SHAPE_REPRESENTATION(#4317,#4311);
#4321=CARTESIAN_POINT('',(1.06065E0,-3.18195E0,2.15E-1));
#4322=DIRECTION('',(0.E0,1.E0,0.E0));
#4323=DIRECTION('',(1.E0,0.E0,0.E0));
#4324=AXIS2_PLACEMENT_3D('',#4321,#4322,#4323);
#4325=ITEM_DEFINED_TRANSFORMATION('','',#952,#4324);
#4326=(REPRESENTATION_RELATIONSHIP('','',#953,#273)REPRESENTATION_RELATIONSHIP_WITH_TRANSFORMATION(#4325)SHAPE_REPRESENTATION_RELATIONSHIP());
#4327=CONTEXT_DEPENDENT_SHAPE_REPRESENTATION(#4326,#4320);
#4330=CARTESIAN_POINT('',(1.76775E0,-3.18195E0,2.15E-1));
#4331=DIRECTION('',(0.E0,1.E0,0.E0));
#4332=DIRECTION('',(1.E0,0.E0,0.E0));
#4333=AXIS2_PLACEMENT_3D('',#4330,#4331,#4332);
#4334=ITEM_DEFINED_TRANSFORMATION('','',#952,#4333);
#4335=(REPRESENTATION_RELATIONSHIP('','',#953,#273)REPRESENTATION_RELATIONSHIP_WITH_TRANSFORMATION(#4334)SHAPE_REPRESENTATION_RELATIONSHIP());
#4336=CONTEXT_DEPENDENT_SHAPE_REPRESENTATION(#4335,#4329);
#4339=CARTESIAN_POINT('',(2.47485E0,-3.18195E0,2.15E-1));
#4340=DIRECTION('',(0.E0,1.E0,0.E0));
#4341=DIRECTION('',(1.E0,0.E0,0.E0));
#4342=AXIS2_PLACEMENT_3D('',#4339,#4340,#4341);
#4343=ITEM_DEFINED_TRANSFORMATION('','',#952,#4342);
#4344=(REPRESENTATION_RELATIONSHIP('','',#953,#273)REPRESENTATION_RELATIONSHIP_WITH_TRANSFORMATION(#4343)SHAPE_REPRESENTATION_RELATIONSHIP());
#4345=CONTEXT_DEPENDENT_SHAPE_REPRESENTATION(#4344,#4338);
#4348=CARTESIAN_POINT('',(3.18195E0,-3.18195E0,2.15E-1));
#4349=DIRECTION('',(0.E0,1.E0,0.E0));
#4350=DIRECTION('',(1.E0,0.E0,0.E0));
#4351=AXIS2_PLACEMENT_3D('',#4348,#4349,#4350);
#4352=ITEM_DEFINED_TRANSFORMATION('','',#952,#4351);
#4353=(REPRESENTATION_RELATIONSHIP('','',#953,#273)REPRESENTATION_RELATIONSHIP_WITH_TRANSFORMATION(#4352)SHAPE_REPRESENTATION_RELATIONSHIP());
#4354=CONTEXT_DEPENDENT_SHAPE_REPRESENTATION(#4353,#4347);
#4357=CARTESIAN_POINT('',(3.88905E0,-3.18195E0,2.15E-1));
#4358=DIRECTION('',(0.E0,1.E0,0.E0));
#4359=DIRECTION('',(1.E0,0.E0,0.E0));
#4360=AXIS2_PLACEMENT_3D('',#4357,#4358,#4359);
#4361=ITEM_DEFINED_TRANSFORMATION('','',#952,#4360);
#4362=(REPRESENTATION_RELATIONSHIP('','',#953,#273)REPRESENTATION_RELATIONSHIP_WITH_TRANSFORMATION(#4361)SHAPE_REPRESENTATION_RELATIONSHIP());
#4363=CONTEXT_DEPENDENT_SHAPE_REPRESENTATION(#4362,#4356);
#4366=CARTESIAN_POINT('',(-3.88905E0,-3.88905E0,2.15E-1));
#4367=DIRECTION('',(0.E0,1.E0,0.E0));
#4368=DIRECTION('',(1.E0,0.E0,0.E0));
#4369=AXIS2_PLACEMENT_3D('',#4366,#4367,#4368);
#4370=ITEM_DEFINED_TRANSFORMATION('','',#952,#4369);
#4371=(REPRESENTATION_RELATIONSHIP('','',#953,#273)REPRESENTATION_RELATIONSHIP_WITH_TRANSFORMATION(#4370)SHAPE_REPRESENTATION_RELATIONSHIP());
#4372=CONTEXT_DEPENDENT_SHAPE_REPRESENTATION(#4371,#4365);
#4375=CARTESIAN_POINT('',(-3.18195E0,-3.88905E0,2.15E-1));
#4376=DIRECTION('',(0.E0,1.E0,0.E0));
#4377=DIRECTION('',(1.E0,0.E0,0.E0));
#4378=AXIS2_PLACEMENT_3D('',#4375,#4376,#4377);
#4379=ITEM_DEFINED_TRANSFORMATION('','',#952,#4378);
#4380=(REPRESENTATION_RELATIONSHIP('','',#953,#273)REPRESENTATION_RELATIONSHIP_WITH_TRANSFORMATION(#4379)SHAPE_REPRESENTATION_RELATIONSHIP());
#4381=CONTEXT_DEPENDENT_SHAPE_REPRESENTATION(#4380,#4374);
#4384=CARTESIAN_POINT('',(-2.47485E0,-3.88905E0,2.15E-1));
#4385=DIRECTION('',(0.E0,1.E0,0.E0));
#4386=DIRECTION('',(1.E0,0.E0,0.E0));
#4387=AXIS2_PLACEMENT_3D('',#4384,#4385,#4386);
#4388=ITEM_DEFINED_TRANSFORMATION('','',#952,#4387);
#4389=(REPRESENTATION_RELATIONSHIP('','',#953,#273)REPRESENTATION_RELATIONSHIP_WITH_TRANSFORMATION(#4388)SHAPE_REPRESENTATION_RELATIONSHIP());
#4390=CONTEXT_DEPENDENT_SHAPE_REPRESENTATION(#4389,#4383);
#4393=CARTESIAN_POINT('',(-1.76775E0,-3.88905E0,2.15E-1));
#4394=DIRECTION('',(0.E0,1.E0,0.E0));
#4395=DIRECTION('',(1.E0,0.E0,0.E0));
#4396=AXIS2_PLACEMENT_3D('',#4393,#4394,#4395);
#4397=ITEM_DEFINED_TRANSFORMATION('','',#952,#4396);
#4398=(REPRESENTATION_RELATIONSHIP('','',#953,#273)REPRESENTATION_RELATIONSHIP_WITH_TRANSFORMATION(#4397)SHAPE_REPRESENTATION_RELATIONSHIP());
#4399=CONTEXT_DEPENDENT_SHAPE_REPRESENTATION(#4398,#4392);
#4402=CARTESIAN_POINT('',(-1.06065E0,-3.88905E0,2.15E-1));
#4403=DIRECTION('',(0.E0,1.E0,0.E0));
#4404=DIRECTION('',(1.E0,0.E0,0.E0));
#4405=AXIS2_PLACEMENT_3D('',#4402,#4403,#4404);
#4406=ITEM_DEFINED_TRANSFORMATION('','',#952,#4405);
#4407=(REPRESENTATION_RELATIONSHIP('','',#953,#273)REPRESENTATION_RELATIONSHIP_WITH_TRANSFORMATION(#4406)SHAPE_REPRESENTATION_RELATIONSHIP());
#4408=CONTEXT_DEPENDENT_SHAPE_REPRESENTATION(#4407,#4401);
#4411=CARTESIAN_POINT('',(-3.5355E-1,-3.88905E0,2.15E-1));
#4412=DIRECTION('',(0.E0,1.E0,0.E0));
#4413=DIRECTION('',(1.E0,0.E0,0.E0));
#4414=AXIS2_PLACEMENT_3D('',#4411,#4412,#4413);
#4415=ITEM_DEFINED_TRANSFORMATION('','',#952,#4414);
#4416=(REPRESENTATION_RELATIONSHIP('','',#953,#273)REPRESENTATION_RELATIONSHIP_WITH_TRANSFORMATION(#4415)SHAPE_REPRESENTATION_RELATIONSHIP());
#4417=CONTEXT_DEPENDENT_SHAPE_REPRESENTATION(#4416,#4410);
#4420=CARTESIAN_POINT('',(3.5355E-1,-3.88905E0,2.15E-1));
#4421=DIRECTION('',(0.E0,1.E0,0.E0));
#4422=DIRECTION('',(1.E0,0.E0,0.E0));
#4423=AXIS2_PLACEMENT_3D('',#4420,#4421,#4422);
#4424=ITEM_DEFINED_TRANSFORMATION('','',#952,#4423);
#4425=(REPRESENTATION_RELATIONSHIP('','',#953,#273)REPRESENTATION_RELATIONSHIP_WITH_TRANSFORMATION(#4424)SHAPE_REPRESENTATION_RELATIONSHIP());
#4426=CONTEXT_DEPENDENT_SHAPE_REPRESENTATION(#4425,#4419);
#4429=CARTESIAN_POINT('',(1.06065E0,-3.88905E0,2.15E-1));
#4430=DIRECTION('',(0.E0,1.E0,0.E0));
#4431=DIRECTION('',(1.E0,0.E0,0.E0));
#4432=AXIS2_PLACEMENT_3D('',#4429,#4430,#4431);
#4433=ITEM_DEFINED_TRANSFORMATION('','',#952,#4432);
#4434=(REPRESENTATION_RELATIONSHIP('','',#953,#273)REPRESENTATION_RELATIONSHIP_WITH_TRANSFORMATION(#4433)SHAPE_REPRESENTATION_RELATIONSHIP());
#4435=CONTEXT_DEPENDENT_SHAPE_REPRESENTATION(#4434,#4428);
#4438=CARTESIAN_POINT('',(1.76775E0,-3.88905E0,2.15E-1));
#4439=DIRECTION('',(0.E0,1.E0,0.E0));
#4440=DIRECTION('',(1.E0,0.E0,0.E0));
#4441=AXIS2_PLACEMENT_3D('',#4438,#4439,#4440);
#4442=ITEM_DEFINED_TRANSFORMATION('','',#952,#4441);
#4443=(REPRESENTATION_RELATIONSHIP('','',#953,#273)REPRESENTATION_RELATIONSHIP_WITH_TRANSFORMATION(#4442)SHAPE_REPRESENTATION_RELATIONSHIP());
#4444=CONTEXT_DEPENDENT_SHAPE_REPRESENTATION(#4443,#4437);
#4447=CARTESIAN_POINT('',(2.47485E0,-3.88905E0,2.15E-1));
#4448=DIRECTION('',(0.E0,1.E0,0.E0));
#4449=DIRECTION('',(1.E0,0.E0,0.E0));
#4450=AXIS2_PLACEMENT_3D('',#4447,#4448,#4449);
#4451=ITEM_DEFINED_TRANSFORMATION('','',#952,#4450);
#4452=(REPRESENTATION_RELATIONSHIP('','',#953,#273)REPRESENTATION_RELATIONSHIP_WITH_TRANSFORMATION(#4451)SHAPE_REPRESENTATION_RELATIONSHIP());
#4453=CONTEXT_DEPENDENT_SHAPE_REPRESENTATION(#4452,#4446);
#4456=CARTESIAN_POINT('',(3.18195E0,-3.88905E0,2.15E-1));
#4457=DIRECTION('',(0.E0,1.E0,0.E0));
#4458=DIRECTION('',(1.E0,0.E0,0.E0));
#4459=AXIS2_PLACEMENT_3D('',#4456,#4457,#4458);
#4460=ITEM_DEFINED_TRANSFORMATION('','',#952,#4459);
#4461=(REPRESENTATION_RELATIONSHIP('','',#953,#273)REPRESENTATION_RELATIONSHIP_WITH_TRANSFORMATION(#4460)SHAPE_REPRESENTATION_RELATIONSHIP());
#4462=CONTEXT_DEPENDENT_SHAPE_REPRESENTATION(#4461,#4455);
#4465=CARTESIAN_POINT('',(3.88905E0,-3.88905E0,2.15E-1));
#4466=DIRECTION('',(0.E0,1.E0,0.E0));
#4467=DIRECTION('',(1.E0,0.E0,0.E0));
#4468=AXIS2_PLACEMENT_3D('',#4465,#4466,#4467);
#4469=ITEM_DEFINED_TRANSFORMATION('','',#952,#4468);
#4470=(REPRESENTATION_RELATIONSHIP('','',#953,#273)REPRESENTATION_RELATIONSHIP_WITH_TRANSFORMATION(#4469)SHAPE_REPRESENTATION_RELATIONSHIP());
#4471=CONTEXT_DEPENDENT_SHAPE_REPRESENTATION(#4470,#4464);
#4474=CARTESIAN_POINT('',(-3.88905E0,-4.59615E0,2.15E-1));
#4475=DIRECTION('',(0.E0,1.E0,0.E0));
#4476=DIRECTION('',(1.E0,0.E0,0.E0));
#4477=AXIS2_PLACEMENT_3D('',#4474,#4475,#4476);
#4478=ITEM_DEFINED_TRANSFORMATION('','',#952,#4477);
#4479=(REPRESENTATION_RELATIONSHIP('','',#953,#273)REPRESENTATION_RELATIONSHIP_WITH_TRANSFORMATION(#4478)SHAPE_REPRESENTATION_RELATIONSHIP());
#4480=CONTEXT_DEPENDENT_SHAPE_REPRESENTATION(#4479,#4473);
#4483=CARTESIAN_POINT('',(-3.18195E0,-4.59615E0,2.15E-1));
#4484=DIRECTION('',(0.E0,1.E0,0.E0));
#4485=DIRECTION('',(1.E0,0.E0,0.E0));
#4486=AXIS2_PLACEMENT_3D('',#4483,#4484,#4485);
#4487=ITEM_DEFINED_TRANSFORMATION('','',#952,#4486);
#4488=(REPRESENTATION_RELATIONSHIP('','',#953,#273)REPRESENTATION_RELATIONSHIP_WITH_TRANSFORMATION(#4487)SHAPE_REPRESENTATION_RELATIONSHIP());
#4489=CONTEXT_DEPENDENT_SHAPE_REPRESENTATION(#4488,#4482);
#4492=CARTESIAN_POINT('',(-2.47485E0,-4.59615E0,2.15E-1));
#4493=DIRECTION('',(0.E0,1.E0,0.E0));
#4494=DIRECTION('',(1.E0,0.E0,0.E0));
#4495=AXIS2_PLACEMENT_3D('',#4492,#4493,#4494);
#4496=ITEM_DEFINED_TRANSFORMATION('','',#952,#4495);
#4497=(REPRESENTATION_RELATIONSHIP('','',#953,#273)REPRESENTATION_RELATIONSHIP_WITH_TRANSFORMATION(#4496)SHAPE_REPRESENTATION_RELATIONSHIP());
#4498=CONTEXT_DEPENDENT_SHAPE_REPRESENTATION(#4497,#4491);
#4501=CARTESIAN_POINT('',(-1.76775E0,-4.59615E0,2.15E-1));
#4502=DIRECTION('',(0.E0,1.E0,0.E0));
#4503=DIRECTION('',(1.E0,0.E0,0.E0));
#4504=AXIS2_PLACEMENT_3D('',#4501,#4502,#4503);
#4505=ITEM_DEFINED_TRANSFORMATION('','',#952,#4504);
#4506=(REPRESENTATION_RELATIONSHIP('','',#953,#273)REPRESENTATION_RELATIONSHIP_WITH_TRANSFORMATION(#4505)SHAPE_REPRESENTATION_RELATIONSHIP());
#4507=CONTEXT_DEPENDENT_SHAPE_REPRESENTATION(#4506,#4500);
#4510=CARTESIAN_POINT('',(-1.06065E0,-4.59615E0,2.15E-1));
#4511=DIRECTION('',(0.E0,1.E0,0.E0));
#4512=DIRECTION('',(1.E0,0.E0,0.E0));
#4513=AXIS2_PLACEMENT_3D('',#4510,#4511,#4512);
#4514=ITEM_DEFINED_TRANSFORMATION('','',#952,#4513);
#4515=(REPRESENTATION_RELATIONSHIP('','',#953,#273)REPRESENTATION_RELATIONSHIP_WITH_TRANSFORMATION(#4514)SHAPE_REPRESENTATION_RELATIONSHIP());
#4516=CONTEXT_DEPENDENT_SHAPE_REPRESENTATION(#4515,#4509);
#4519=CARTESIAN_POINT('',(-3.5355E-1,-4.59615E0,2.15E-1));
#4520=DIRECTION('',(0.E0,1.E0,0.E0));
#4521=DIRECTION('',(1.E0,0.E0,0.E0));
#4522=AXIS2_PLACEMENT_3D('',#4519,#4520,#4521);
#4523=ITEM_DEFINED_TRANSFORMATION('','',#952,#4522);
#4524=(REPRESENTATION_RELATIONSHIP('','',#953,#273)REPRESENTATION_RELATIONSHIP_WITH_TRANSFORMATION(#4523)SHAPE_REPRESENTATION_RELATIONSHIP());
#4525=CONTEXT_DEPENDENT_SHAPE_REPRESENTATION(#4524,#4518);
#4528=CARTESIAN_POINT('',(3.5355E-1,-4.59615E0,2.15E-1));
#4529=DIRECTION('',(0.E0,1.E0,0.E0));
#4530=DIRECTION('',(1.E0,0.E0,0.E0));
#4531=AXIS2_PLACEMENT_3D('',#4528,#4529,#4530);
#4532=ITEM_DEFINED_TRANSFORMATION('','',#952,#4531);
#4533=(REPRESENTATION_RELATIONSHIP('','',#953,#273)REPRESENTATION_RELATIONSHIP_WITH_TRANSFORMATION(#4532)SHAPE_REPRESENTATION_RELATIONSHIP());
#4534=CONTEXT_DEPENDENT_SHAPE_REPRESENTATION(#4533,#4527);
#4537=CARTESIAN_POINT('',(1.06065E0,-4.59615E0,2.15E-1));
#4538=DIRECTION('',(0.E0,1.E0,0.E0));
#4539=DIRECTION('',(1.E0,0.E0,0.E0));
#4540=AXIS2_PLACEMENT_3D('',#4537,#4538,#4539);
#4541=ITEM_DEFINED_TRANSFORMATION('','',#952,#4540);
#4542=(REPRESENTATION_RELATIONSHIP('','',#953,#273)REPRESENTATION_RELATIONSHIP_WITH_TRANSFORMATION(#4541)SHAPE_REPRESENTATION_RELATIONSHIP());
#4543=CONTEXT_DEPENDENT_SHAPE_REPRESENTATION(#4542,#4536);
#4546=CARTESIAN_POINT('',(1.76775E0,-4.59615E0,2.15E-1));
#4547=DIRECTION('',(0.E0,1.E0,0.E0));
#4548=DIRECTION('',(1.E0,0.E0,0.E0));
#4549=AXIS2_PLACEMENT_3D('',#4546,#4547,#4548);
#4550=ITEM_DEFINED_TRANSFORMATION('','',#952,#4549);
#4551=(REPRESENTATION_RELATIONSHIP('','',#953,#273)REPRESENTATION_RELATIONSHIP_WITH_TRANSFORMATION(#4550)SHAPE_REPRESENTATION_RELATIONSHIP());
#4552=CONTEXT_DEPENDENT_SHAPE_REPRESENTATION(#4551,#4545);
#4555=CARTESIAN_POINT('',(2.47485E0,-4.59615E0,2.15E-1));
#4556=DIRECTION('',(0.E0,1.E0,0.E0));
#4557=DIRECTION('',(1.E0,0.E0,0.E0));
#4558=AXIS2_PLACEMENT_3D('',#4555,#4556,#4557);
#4559=ITEM_DEFINED_TRANSFORMATION('','',#952,#4558);
#4560=(REPRESENTATION_RELATIONSHIP('','',#953,#273)REPRESENTATION_RELATIONSHIP_WITH_TRANSFORMATION(#4559)SHAPE_REPRESENTATION_RELATIONSHIP());
#4561=CONTEXT_DEPENDENT_SHAPE_REPRESENTATION(#4560,#4554);
#4564=CARTESIAN_POINT('',(3.18195E0,-4.59615E0,2.15E-1));
#4565=DIRECTION('',(0.E0,1.E0,0.E0));
#4566=DIRECTION('',(1.E0,0.E0,0.E0));
#4567=AXIS2_PLACEMENT_3D('',#4564,#4565,#4566);
#4568=ITEM_DEFINED_TRANSFORMATION('','',#952,#4567);
#4569=(REPRESENTATION_RELATIONSHIP('','',#953,#273)REPRESENTATION_RELATIONSHIP_WITH_TRANSFORMATION(#4568)SHAPE_REPRESENTATION_RELATIONSHIP());
#4570=CONTEXT_DEPENDENT_SHAPE_REPRESENTATION(#4569,#4563);
#4573=CARTESIAN_POINT('',(3.88905E0,-4.59615E0,2.15E-1));
#4574=DIRECTION('',(0.E0,1.E0,0.E0));
#4575=DIRECTION('',(1.E0,0.E0,0.E0));
#4576=AXIS2_PLACEMENT_3D('',#4573,#4574,#4575);
#4577=ITEM_DEFINED_TRANSFORMATION('','',#952,#4576);
#4578=(REPRESENTATION_RELATIONSHIP('','',#953,#273)REPRESENTATION_RELATIONSHIP_WITH_TRANSFORMATION(#4577)SHAPE_REPRESENTATION_RELATIONSHIP());
#4579=CONTEXT_DEPENDENT_SHAPE_REPRESENTATION(#4578,#4572);
#4582=CARTESIAN_POINT('',(-3.88905E0,-5.30325E0,2.15E-1));
#4583=DIRECTION('',(0.E0,1.E0,0.E0));
#4584=DIRECTION('',(1.E0,0.E0,0.E0));
#4585=AXIS2_PLACEMENT_3D('',#4582,#4583,#4584);
#4586=ITEM_DEFINED_TRANSFORMATION('','',#952,#4585);
#4587=(REPRESENTATION_RELATIONSHIP('','',#953,#273)REPRESENTATION_RELATIONSHIP_WITH_TRANSFORMATION(#4586)SHAPE_REPRESENTATION_RELATIONSHIP());
#4588=CONTEXT_DEPENDENT_SHAPE_REPRESENTATION(#4587,#4581);
#4591=CARTESIAN_POINT('',(-3.18195E0,-5.30325E0,2.15E-1));
#4592=DIRECTION('',(0.E0,1.E0,0.E0));
#4593=DIRECTION('',(1.E0,0.E0,0.E0));
#4594=AXIS2_PLACEMENT_3D('',#4591,#4592,#4593);
#4595=ITEM_DEFINED_TRANSFORMATION('','',#952,#4594);
#4596=(REPRESENTATION_RELATIONSHIP('','',#953,#273)REPRESENTATION_RELATIONSHIP_WITH_TRANSFORMATION(#4595)SHAPE_REPRESENTATION_RELATIONSHIP());
#4597=CONTEXT_DEPENDENT_SHAPE_REPRESENTATION(#4596,#4590);
#4600=CARTESIAN_POINT('',(-2.47485E0,-5.30325E0,2.15E-1));
#4601=DIRECTION('',(0.E0,1.E0,0.E0));
#4602=DIRECTION('',(1.E0,0.E0,0.E0));
#4603=AXIS2_PLACEMENT_3D('',#4600,#4601,#4602);
#4604=ITEM_DEFINED_TRANSFORMATION('','',#952,#4603);
#4605=(REPRESENTATION_RELATIONSHIP('','',#953,#273)REPRESENTATION_RELATIONSHIP_WITH_TRANSFORMATION(#4604)SHAPE_REPRESENTATION_RELATIONSHIP());
#4606=CONTEXT_DEPENDENT_SHAPE_REPRESENTATION(#4605,#4599);
#4609=CARTESIAN_POINT('',(-1.76775E0,-5.30325E0,2.15E-1));
#4610=DIRECTION('',(0.E0,1.E0,0.E0));
#4611=DIRECTION('',(1.E0,0.E0,0.E0));
#4612=AXIS2_PLACEMENT_3D('',#4609,#4610,#4611);
#4613=ITEM_DEFINED_TRANSFORMATION('','',#952,#4612);
#4614=(REPRESENTATION_RELATIONSHIP('','',#953,#273)REPRESENTATION_RELATIONSHIP_WITH_TRANSFORMATION(#4613)SHAPE_REPRESENTATION_RELATIONSHIP());
#4615=CONTEXT_DEPENDENT_SHAPE_REPRESENTATION(#4614,#4608);
#4618=CARTESIAN_POINT('',(-1.06065E0,-5.30325E0,2.15E-1));
#4619=DIRECTION('',(0.E0,1.E0,0.E0));
#4620=DIRECTION('',(1.E0,0.E0,0.E0));
#4621=AXIS2_PLACEMENT_3D('',#4618,#4619,#4620);
#4622=ITEM_DEFINED_TRANSFORMATION('','',#952,#4621);
#4623=(REPRESENTATION_RELATIONSHIP('','',#953,#273)REPRESENTATION_RELATIONSHIP_WITH_TRANSFORMATION(#4622)SHAPE_REPRESENTATION_RELATIONSHIP());
#4624=CONTEXT_DEPENDENT_SHAPE_REPRESENTATION(#4623,#4617);
#4627=CARTESIAN_POINT('',(-3.5355E-1,-5.30325E0,2.15E-1));
#4628=DIRECTION('',(0.E0,1.E0,0.E0));
#4629=DIRECTION('',(1.E0,0.E0,0.E0));
#4630=AXIS2_PLACEMENT_3D('',#4627,#4628,#4629);
#4631=ITEM_DEFINED_TRANSFORMATION('','',#952,#4630);
#4632=(REPRESENTATION_RELATIONSHIP('','',#953,#273)REPRESENTATION_RELATIONSHIP_WITH_TRANSFORMATION(#4631)SHAPE_REPRESENTATION_RELATIONSHIP());
#4633=CONTEXT_DEPENDENT_SHAPE_REPRESENTATION(#4632,#4626);
#4636=CARTESIAN_POINT('',(3.5355E-1,-5.30325E0,2.15E-1));
#4637=DIRECTION('',(0.E0,1.E0,0.E0));
#4638=DIRECTION('',(1.E0,0.E0,0.E0));
#4639=AXIS2_PLACEMENT_3D('',#4636,#4637,#4638);
#4640=ITEM_DEFINED_TRANSFORMATION('','',#952,#4639);
#4641=(REPRESENTATION_RELATIONSHIP('','',#953,#273)REPRESENTATION_RELATIONSHIP_WITH_TRANSFORMATION(#4640)SHAPE_REPRESENTATION_RELATIONSHIP());
#4642=CONTEXT_DEPENDENT_SHAPE_REPRESENTATION(#4641,#4635);
#4645=CARTESIAN_POINT('',(1.06065E0,-5.30325E0,2.15E-1));
#4646=DIRECTION('',(0.E0,1.E0,0.E0));
#4647=DIRECTION('',(1.E0,0.E0,0.E0));
#4648=AXIS2_PLACEMENT_3D('',#4645,#4646,#4647);
#4649=ITEM_DEFINED_TRANSFORMATION('','',#952,#4648);
#4650=(REPRESENTATION_RELATIONSHIP('','',#953,#273)REPRESENTATION_RELATIONSHIP_WITH_TRANSFORMATION(#4649)SHAPE_REPRESENTATION_RELATIONSHIP());
#4651=CONTEXT_DEPENDENT_SHAPE_REPRESENTATION(#4650,#4644);
#4654=CARTESIAN_POINT('',(1.76775E0,-5.30325E0,2.15E-1));
#4655=DIRECTION('',(0.E0,1.E0,0.E0));
#4656=DIRECTION('',(1.E0,0.E0,0.E0));
#4657=AXIS2_PLACEMENT_3D('',#4654,#4655,#4656);
#4658=ITEM_DEFINED_TRANSFORMATION('','',#952,#4657);
#4659=(REPRESENTATION_RELATIONSHIP('','',#953,#273)REPRESENTATION_RELATIONSHIP_WITH_TRANSFORMATION(#4658)SHAPE_REPRESENTATION_RELATIONSHIP());
#4660=CONTEXT_DEPENDENT_SHAPE_REPRESENTATION(#4659,#4653);
#4663=CARTESIAN_POINT('',(2.47485E0,-5.30325E0,2.15E-1));
#4664=DIRECTION('',(0.E0,1.E0,0.E0));
#4665=DIRECTION('',(1.E0,0.E0,0.E0));
#4666=AXIS2_PLACEMENT_3D('',#4663,#4664,#4665);
#4667=ITEM_DEFINED_TRANSFORMATION('','',#952,#4666);
#4668=(REPRESENTATION_RELATIONSHIP('','',#953,#273)REPRESENTATION_RELATIONSHIP_WITH_TRANSFORMATION(#4667)SHAPE_REPRESENTATION_RELATIONSHIP());
#4669=CONTEXT_DEPENDENT_SHAPE_REPRESENTATION(#4668,#4662);
#4672=CARTESIAN_POINT('',(3.18195E0,-5.30325E0,2.15E-1));
#4673=DIRECTION('',(0.E0,1.E0,0.E0));
#4674=DIRECTION('',(1.E0,0.E0,0.E0));
#4675=AXIS2_PLACEMENT_3D('',#4672,#4673,#4674);
#4676=ITEM_DEFINED_TRANSFORMATION('','',#952,#4675);
#4677=(REPRESENTATION_RELATIONSHIP('','',#953,#273)REPRESENTATION_RELATIONSHIP_WITH_TRANSFORMATION(#4676)SHAPE_REPRESENTATION_RELATIONSHIP());
#4678=CONTEXT_DEPENDENT_SHAPE_REPRESENTATION(#4677,#4671);
#4681=CARTESIAN_POINT('',(3.88905E0,-5.30325E0,2.15E-1));
#4682=DIRECTION('',(0.E0,1.E0,0.E0));
#4683=DIRECTION('',(1.E0,0.E0,0.E0));
#4684=AXIS2_PLACEMENT_3D('',#4681,#4682,#4683);
#4685=ITEM_DEFINED_TRANSFORMATION('','',#952,#4684);
#4686=(REPRESENTATION_RELATIONSHIP('','',#953,#273)REPRESENTATION_RELATIONSHIP_WITH_TRANSFORMATION(#4685)SHAPE_REPRESENTATION_RELATIONSHIP());
#4687=CONTEXT_DEPENDENT_SHAPE_REPRESENTATION(#4686,#4680);
#4690=CARTESIAN_POINT('',(-3.88905E0,-6.01035E0,2.15E-1));
#4691=DIRECTION('',(0.E0,1.E0,0.E0));
#4692=DIRECTION('',(1.E0,0.E0,0.E0));
#4693=AXIS2_PLACEMENT_3D('',#4690,#4691,#4692);
#4694=ITEM_DEFINED_TRANSFORMATION('','',#952,#4693);
#4695=(REPRESENTATION_RELATIONSHIP('','',#953,#273)REPRESENTATION_RELATIONSHIP_WITH_TRANSFORMATION(#4694)SHAPE_REPRESENTATION_RELATIONSHIP());
#4696=CONTEXT_DEPENDENT_SHAPE_REPRESENTATION(#4695,#4689);
#4699=CARTESIAN_POINT('',(-3.18195E0,-6.01035E0,2.15E-1));
#4700=DIRECTION('',(0.E0,1.E0,0.E0));
#4701=DIRECTION('',(1.E0,0.E0,0.E0));
#4702=AXIS2_PLACEMENT_3D('',#4699,#4700,#4701);
#4703=ITEM_DEFINED_TRANSFORMATION('','',#952,#4702);
#4704=(REPRESENTATION_RELATIONSHIP('','',#953,#273)REPRESENTATION_RELATIONSHIP_WITH_TRANSFORMATION(#4703)SHAPE_REPRESENTATION_RELATIONSHIP());
#4705=CONTEXT_DEPENDENT_SHAPE_REPRESENTATION(#4704,#4698);
#4708=CARTESIAN_POINT('',(-2.47485E0,-6.01035E0,2.15E-1));
#4709=DIRECTION('',(0.E0,1.E0,0.E0));
#4710=DIRECTION('',(1.E0,0.E0,0.E0));
#4711=AXIS2_PLACEMENT_3D('',#4708,#4709,#4710);
#4712=ITEM_DEFINED_TRANSFORMATION('','',#952,#4711);
#4713=(REPRESENTATION_RELATIONSHIP('','',#953,#273)REPRESENTATION_RELATIONSHIP_WITH_TRANSFORMATION(#4712)SHAPE_REPRESENTATION_RELATIONSHIP());
#4714=CONTEXT_DEPENDENT_SHAPE_REPRESENTATION(#4713,#4707);
#4717=CARTESIAN_POINT('',(-1.76775E0,-6.01035E0,2.15E-1));
#4718=DIRECTION('',(0.E0,1.E0,0.E0));
#4719=DIRECTION('',(1.E0,0.E0,0.E0));
#4720=AXIS2_PLACEMENT_3D('',#4717,#4718,#4719);
#4721=ITEM_DEFINED_TRANSFORMATION('','',#952,#4720);
#4722=(REPRESENTATION_RELATIONSHIP('','',#953,#273)REPRESENTATION_RELATIONSHIP_WITH_TRANSFORMATION(#4721)SHAPE_REPRESENTATION_RELATIONSHIP());
#4723=CONTEXT_DEPENDENT_SHAPE_REPRESENTATION(#4722,#4716);
#4726=CARTESIAN_POINT('',(-1.06065E0,-6.01035E0,2.15E-1));
#4727=DIRECTION('',(0.E0,1.E0,0.E0));
#4728=DIRECTION('',(1.E0,0.E0,0.E0));
#4729=AXIS2_PLACEMENT_3D('',#4726,#4727,#4728);
#4730=ITEM_DEFINED_TRANSFORMATION('','',#952,#4729);
#4731=(REPRESENTATION_RELATIONSHIP('','',#953,#273)REPRESENTATION_RELATIONSHIP_WITH_TRANSFORMATION(#4730)SHAPE_REPRESENTATION_RELATIONSHIP());
#4732=CONTEXT_DEPENDENT_SHAPE_REPRESENTATION(#4731,#4725);
#4735=CARTESIAN_POINT('',(-3.5355E-1,-6.01035E0,2.15E-1));
#4736=DIRECTION('',(0.E0,1.E0,0.E0));
#4737=DIRECTION('',(1.E0,0.E0,0.E0));
#4738=AXIS2_PLACEMENT_3D('',#4735,#4736,#4737);
#4739=ITEM_DEFINED_TRANSFORMATION('','',#952,#4738);
#4740=(REPRESENTATION_RELATIONSHIP('','',#953,#273)REPRESENTATION_RELATIONSHIP_WITH_TRANSFORMATION(#4739)SHAPE_REPRESENTATION_RELATIONSHIP());
#4741=CONTEXT_DEPENDENT_SHAPE_REPRESENTATION(#4740,#4734);
#4744=CARTESIAN_POINT('',(3.5355E-1,-6.01035E0,2.15E-1));
#4745=DIRECTION('',(0.E0,1.E0,0.E0));
#4746=DIRECTION('',(1.E0,0.E0,0.E0));
#4747=AXIS2_PLACEMENT_3D('',#4744,#4745,#4746);
#4748=ITEM_DEFINED_TRANSFORMATION('','',#952,#4747);
#4749=(REPRESENTATION_RELATIONSHIP('','',#953,#273)REPRESENTATION_RELATIONSHIP_WITH_TRANSFORMATION(#4748)SHAPE_REPRESENTATION_RELATIONSHIP());
#4750=CONTEXT_DEPENDENT_SHAPE_REPRESENTATION(#4749,#4743);
#4753=CARTESIAN_POINT('',(1.06065E0,-6.01035E0,2.15E-1));
#4754=DIRECTION('',(0.E0,1.E0,0.E0));
#4755=DIRECTION('',(1.E0,0.E0,0.E0));
#4756=AXIS2_PLACEMENT_3D('',#4753,#4754,#4755);
#4757=ITEM_DEFINED_TRANSFORMATION('','',#952,#4756);
#4758=(REPRESENTATION_RELATIONSHIP('','',#953,#273)REPRESENTATION_RELATIONSHIP_WITH_TRANSFORMATION(#4757)SHAPE_REPRESENTATION_RELATIONSHIP());
#4759=CONTEXT_DEPENDENT_SHAPE_REPRESENTATION(#4758,#4752);
#4762=CARTESIAN_POINT('',(1.76775E0,-6.01035E0,2.15E-1));
#4763=DIRECTION('',(0.E0,1.E0,0.E0));
#4764=DIRECTION('',(1.E0,0.E0,0.E0));
#4765=AXIS2_PLACEMENT_3D('',#4762,#4763,#4764);
#4766=ITEM_DEFINED_TRANSFORMATION('','',#952,#4765);
#4767=(REPRESENTATION_RELATIONSHIP('','',#953,#273)REPRESENTATION_RELATIONSHIP_WITH_TRANSFORMATION(#4766)SHAPE_REPRESENTATION_RELATIONSHIP());
#4768=CONTEXT_DEPENDENT_SHAPE_REPRESENTATION(#4767,#4761);
#4771=CARTESIAN_POINT('',(2.47485E0,-6.01035E0,2.15E-1));
#4772=DIRECTION('',(0.E0,1.E0,0.E0));
#4773=DIRECTION('',(1.E0,0.E0,0.E0));
#4774=AXIS2_PLACEMENT_3D('',#4771,#4772,#4773);
#4775=ITEM_DEFINED_TRANSFORMATION('','',#952,#4774);
#4776=(REPRESENTATION_RELATIONSHIP('','',#953,#273)REPRESENTATION_RELATIONSHIP_WITH_TRANSFORMATION(#4775)SHAPE_REPRESENTATION_RELATIONSHIP());
#4777=CONTEXT_DEPENDENT_SHAPE_REPRESENTATION(#4776,#4770);
#4780=CARTESIAN_POINT('',(3.18195E0,-6.01035E0,2.15E-1));
#4781=DIRECTION('',(0.E0,1.E0,0.E0));
#4782=DIRECTION('',(1.E0,0.E0,0.E0));
#4783=AXIS2_PLACEMENT_3D('',#4780,#4781,#4782);
#4784=ITEM_DEFINED_TRANSFORMATION('','',#952,#4783);
#4785=(REPRESENTATION_RELATIONSHIP('','',#953,#273)REPRESENTATION_RELATIONSHIP_WITH_TRANSFORMATION(#4784)SHAPE_REPRESENTATION_RELATIONSHIP());
#4786=CONTEXT_DEPENDENT_SHAPE_REPRESENTATION(#4785,#4779);
#4789=CARTESIAN_POINT('',(3.88905E0,-6.01035E0,2.15E-1));
#4790=DIRECTION('',(0.E0,1.E0,0.E0));
#4791=DIRECTION('',(1.E0,0.E0,0.E0));
#4792=AXIS2_PLACEMENT_3D('',#4789,#4790,#4791);
#4793=ITEM_DEFINED_TRANSFORMATION('','',#952,#4792);
#4794=(REPRESENTATION_RELATIONSHIP('','',#953,#273)REPRESENTATION_RELATIONSHIP_WITH_TRANSFORMATION(#4793)SHAPE_REPRESENTATION_RELATIONSHIP());
#4795=CONTEXT_DEPENDENT_SHAPE_REPRESENTATION(#4794,#4788);
#4797=DIMENSIONAL_EXPONENTS(0.E0,0.E0,0.E0,0.E0,0.E0,0.E0,0.E0);
#4799=PLANE_ANGLE_MEASURE_WITH_UNIT(PLANE_ANGLE_MEASURE(1.745329251994E-2),
#4798);
#4800=(CONVERSION_BASED_UNIT('DEGREE',#4799)NAMED_UNIT(*)PLANE_ANGLE_UNIT());
#4802=UNCERTAINTY_MEASURE_WITH_UNIT(LENGTH_MEASURE(1.700119941817E-3),#4796,
'closure',
'Maximum model space distance between geometric entities at asserted connectivities');
#4803=(GEOMETRIC_REPRESENTATION_CONTEXT(3)GLOBAL_UNCERTAINTY_ASSIGNED_CONTEXT((
#4802))GLOBAL_UNIT_ASSIGNED_CONTEXT((#4796,#4800,#4801))REPRESENTATION_CONTEXT(
'ID6','3'));
#4804=CARTESIAN_POINT('',(0.E0,0.E0,0.E0));
#4805=DIRECTION('',(0.E0,0.E0,1.E0));
#4806=DIRECTION('',(1.E0,0.E0,0.E0));
#4808=MECHANICAL_DESIGN_GEOMETRIC_PRESENTATION_REPRESENTATION('',(#51,#58,#65,
#72,#79,#86,#93,#100,#107,#114,#121,#128,#172,#43,#291,#298,#305,#312,#319,#326,
#333,#340,#347,#354,#361,#368,#375,#382,#389,#396,#403,#410,#417,#424,#431,#284,
#643,#650,#657,#664,#671,#678,#685,#692,#699,#706,#713,#720,#636,#866,#874,#882,
#890,#858),#4803);
#4809=MECHANICAL_CONTEXT('',#262,'mechanical');
#4810=PRODUCT('ACB0332A_ASM','ACB0332A_ASM','NOT SPECIFIED',(#4809));
#4811=PRODUCT_DEFINITION_FORMATION_WITH_SPECIFIED_SOURCE('278','LAST_VERSION',
#4810,.MADE.);
#4813=PRODUCT_CATEGORY('part','');
#4814=PRODUCT_RELATED_PRODUCT_CATEGORY('assembly','',(#4810));
#4815=PRODUCT_CATEGORY_RELATIONSHIP('','',#4813,#4814);
#4816=PRODUCT_CATEGORY('part','');
#4817=PRODUCT_RELATED_PRODUCT_CATEGORY('detail','',(#266,#621,#844,#955,#2838));
#4818=PRODUCT_CATEGORY_RELATIONSHIP('','',#4816,#4817);
#4819=SECURITY_CLASSIFICATION_LEVEL('unclassified');
#4820=SECURITY_CLASSIFICATION('','',#4819);
#4821=CC_DESIGN_SECURITY_CLASSIFICATION(#4820,(#267,#622,#845,#956,#2839,#4811,
#274,#626,#849,#960,#969,#978,#987,#996,#1005,#1014,#1023,#1032,#1041,#1050,
#1059,#1068,#1077,#1086,#1095,#1104,#1113,#1122,#1131,#1140,#1149,#1158,#1167,
#1176,#1185,#1194,#1203,#1212,#1221,#1230,#1239,#1248,#1257,#1266,#1275,#1284,
#1293,#1302,#1311,#1320,#1329,#1338,#1347,#1356,#1365,#1374,#1383,#1392,#1401,
#1410,#1419,#1428,#1437,#1446,#1455,#1464,#1473,#1482,#1491,#1500,#1509,#1518,
#1527,#1536,#1545,#1554,#1563,#1572,#1581,#1590,#1599,#1608,#1617,#1626,#1635,
#1644,#1653,#1662,#1671,#1680,#1689,#1698,#1707,#1716,#1725,#1734,#1743,#1752,
#1761,#1770,#1779,#1788,#1797,#1806,#1815,#1824,#1833,#1842,#1851,#1860,#1869,
#1878,#1887,#1896,#1905,#1914,#1923,#1932,#1941,#1950,#1959,#1968,#1977,#1986,
#1995,#2004,#2013,#2022,#2031,#2040,#2049,#2058,#2067,#2076,#2085,#2094,#2103,
#2112,#2121,#2130,#2139,#2148,#2157,#2166,#2175,#2184,#2193,#2202,#2211,#2220,
#2229,#2238,#2247,#2256,#2265,#2274,#2283,#2292,#2301,#2310,#2319,#2328,#2337,
#2346,#2355,#2364,#2373,#2382,#2391,#2400,#2409,#2418,#2427,#2436,#2445,#2454,
#2463,#2472,#2481,#2490,#2499,#2508,#2517,#2526,#2535,#2544,#2553,#2562,#2571,
#2580,#2589,#2598,#2607,#2616,#2625,#2634,#2643,#2652,#2661,#2670,#2679,#2688,
#2697,#2706,#2715,#2724,#2733,#2742,#2751,#2760,#2769,#2778,#2787,#2796,#2805,
#2814,#2843,#2852,#2861,#2870,#2879,#2888,#2897,#2906,#2915,#2924,#2933,#2942,
#2951,#2960,#2969,#2978,#2987,#2996,#3005,#3014,#3023,#3032,#3041,#3050,#3059,
#3068,#3077,#3086,#3095,#3104,#3113,#3122,#3131,#3140,#3149,#3158,#3167,#3176,
#3185,#3194,#3203,#3212,#3221,#3230,#3239,#3248,#3257,#3266,#3275,#3284,#3293,
#3302,#3311,#3320,#3329,#3338,#3347,#3356,#3365,#3374,#3383,#3392,#3401,#3410,
#3419,#3428,#3437,#3446,#3455,#3464,#3473,#3482,#3491,#3500,#3509,#3518,#3527,
#3536,#3545,#3554,#3563,#3572,#3581,#3590,#3599,#3608,#3617,#3626,#3635,#3644,
#3653,#3662,#3671,#3680,#3689,#3698,#3707,#3716,#3725,#3734,#3743,#3752,#3761,
#3770,#3779,#3788,#3797,#3806,#3815,#3824,#3833,#3842,#3851,#3860,#3869,#3878,
#3887,#3896,#3905,#3914,#3923,#3932,#3941,#3950,#3959,#3968,#3977,#3986,#3995,
#4004,#4013,#4022,#4031,#4040,#4049,#4058,#4067,#4076,#4085,#4094,#4103,#4112,
#4121,#4130,#4139,#4148,#4157,#4166,#4175,#4184,#4193,#4202,#4211,#4220,#4229,
#4238,#4247,#4256,#4265,#4274,#4283,#4292,#4301,#4310,#4319,#4328,#4337,#4346,
#4355,#4364,#4373,#4382,#4391,#4400,#4409,#4418,#4427,#4436,#4445,#4454,#4463,
#4472,#4481,#4490,#4499,#4508,#4517,#4526,#4535,#4544,#4553,#4562,#4571,#4580,
#4589,#4598,#4607,#4616,#4625,#4634,#4643,#4652,#4661,#4670,#4679,#4688,#4697,
#4706,#4715,#4724,#4733,#4742,#4751,#4760,#4769,#4778,#4787));
#4822=APPROVAL_STATUS('approved');
#4823=APPROVAL(#4822,'');
#4824=CC_DESIGN_APPROVAL(#4823,(#4820,#267,#622,#845,#956,#2839,#4811,#268,#623,
#846,#957,#2840,#4812));
#4825=CALENDAR_DATE(124,10,9);
#4826=COORDINATED_UNIVERSAL_TIME_OFFSET(7,0,.BEHIND.);
#4827=LOCAL_TIME(15,11,6.E0,#4826);
#4828=DATE_AND_TIME(#4825,#4827);
#4829=APPROVAL_DATE_TIME(#4828,#4823);
#4830=DATE_TIME_ROLE('creation_date');
#4831=CC_DESIGN_DATE_AND_TIME_ASSIGNMENT(#4828,#4830,(#268,#623,#846,#957,#2840,
#4812));
#4832=DATE_TIME_ROLE('classification_date');
#4833=CC_DESIGN_DATE_AND_TIME_ASSIGNMENT(#4828,#4832,(#4820));
#4834=PERSON('UNSPECIFIED','UNSPECIFIED',$,$,$,$);
#4835=ORGANIZATION('UNSPECIFIED','UNSPECIFIED','UNSPECIFIED');
#4836=PERSON_AND_ORGANIZATION(#4834,#4835);
#4837=APPROVAL_ROLE('approver');
#4838=APPROVAL_PERSON_ORGANIZATION(#4836,#4823,#4837);
#4839=PERSON_AND_ORGANIZATION_ROLE('creator');
#4840=CC_DESIGN_PERSON_AND_ORGANIZATION_ASSIGNMENT(#4836,#4839,(#267,#622,#845,
#956,#2839,#4811,#268,#623,#846,#957,#2840,#4812));
#4841=PERSON_AND_ORGANIZATION_ROLE('design_supplier');
#4842=CC_DESIGN_PERSON_AND_ORGANIZATION_ASSIGNMENT(#4836,#4841,(#267,#622,#845,
#956,#2839,#4811));
#4843=PERSON_AND_ORGANIZATION_ROLE('classification_officer');
#4844=CC_DESIGN_PERSON_AND_ORGANIZATION_ASSIGNMENT(#4836,#4843,(#4820));
#4845=PERSON_AND_ORGANIZATION_ROLE('design_owner');
#4846=CC_DESIGN_PERSON_AND_ORGANIZATION_ASSIGNMENT(#4836,#4845,(#4810,#266,#621,
#844,#955,#2838));
#1=COLOUR_RGB('',0.E0,4.3E-1,1.E0);
#2=COLOUR_RGB('',0.E0,6.6E-1,0.E0);
#3=DRAUGHTING_PRE_DEFINED_COLOUR('green');
#4=COLOUR_RGB('',9.8039E-2,9.8039E-2,9.8039E-2);
#5=COLOUR_RGB('',1.7E-1,2.2E-1,3.E-1);
#6=COLOUR_RGB('',1.80392E-1,2.7451E-1,9.8039E-2);
#7=COLOUR_RGB('',2.509803921569E-1,1.E0,0.E0);
#8=COLOUR_RGB('',2.549019607843E-1,5.490196078431E-1,0.E0);
#9=COLOUR_RGB('',3.E-1,1.29412E-1,2.5098E-1);
#10=COLOUR_RGB('',3.13725E-1,3.13725E-1,3.13725E-1);
#11=COLOUR_RGB('',3.2E-1,4.9E-1,1.76471E-1);
#12=COLOUR_RGB('',3.33333E-1,2.15686E-1,3.33333E-1);
#13=COLOUR_RGB('',3.5E-1,3.5E-1,3.5E-1);
#14=COLOUR_RGB('',3.60784E-1,2.62745E-1,0.E0);
#15=COLOUR_RGB('',3.92157E-1,3.92157E-1,3.92157E-1);
#16=COLOUR_RGB('',4.4E-1,2.6E-1,0.E0);
#17=COLOUR_RGB('',5.2549E-1,5.60784E-1,9.21569E-1);
#18=COLOUR_RGB('',5.60784E-1,6.86275E-1,6.23529E-1);
#19=COLOUR_RGB('',5.7E-1,0.E0,1.E0);
#20=COLOUR_RGB('',5.9E-1,3.E-1,0.E0);
#21=COLOUR_RGB('',6.E-1,0.E0,8.E-1);
#22=COLOUR_RGB('',6.E-1,6.E-1,6.E-1);
#23=COLOUR_RGB('',6.2E-1,3.3E-1,2.3E-1);
#24=COLOUR_RGB('',6.23529E-1,5.60784E-1,6.86275E-1);
#25=COLOUR_RGB('',6.35294E-1,6.86275E-1,7.4902E-1);
#26=COLOUR_RGB('',6.66667E-1,6.66667E-1,6.66667E-1);
#27=COLOUR_RGB('',6.86275E-1,5.60784E-1,5.60784E-1);
#28=COLOUR_RGB('',6.86275E-1,6.86275E-1,5.60784E-1);
#29=COLOUR_RGB('',6.9E-1,0.E0,0.E0);
#30=COLOUR_RGB('',7.E-1,7.E-1,7.E-1);
#31=COLOUR_RGB('',8.23529E-1,7.05882E-1,4.31373E-1);
#32=COLOUR_RGB('',8.39216E-1,8.90196E-1,7.68627E-1);
#33=COLOUR_RGB('',8.62745E-1,4.98039E-1,3.92157E-1);
#34=COLOUR_RGB('',8.7E-1,7.5E-1,4.9E-1);
#35=COLOUR_RGB('',8.82353E-1,8.82353E-1,8.82353E-1);
#36=COLOUR_RGB('',9.80392E-1,9.80392E-1,9.80392E-1);
#37=COLOUR_RGB('',9.9E-1,1.E0,0.E0);
#38=DRAUGHTING_PRE_DEFINED_COLOUR('red');
#39=COLOUR_RGB('',1.E0,5.E-1,0.E0);
#40=COLOUR_RGB('',1.E0,6.19608E-1,5.17647E-1);
#41=COLOUR_RGB('',1.E0,7.843137254902E-1,0.E0);
#42=DRAUGHTING_PRE_DEFINED_COLOUR('white');
#150=EDGE_CURVE('',#131,#132,#47,.T.);
#152=EDGE_CURVE('',#132,#134,#55,.T.);
#154=EDGE_CURVE('',#134,#136,#62,.T.);
#156=EDGE_CURVE('',#136,#131,#69,.T.);
#179=EDGE_CURVE('',#131,#139,#76,.T.);
#181=EDGE_CURVE('',#139,#140,#104,.T.);
#183=EDGE_CURVE('',#132,#140,#97,.T.);
#194=EDGE_CURVE('',#136,#144,#83,.T.);
#196=EDGE_CURVE('',#144,#139,#111,.T.);
#208=EDGE_CURVE('',#134,#142,#90,.T.);
#210=EDGE_CURVE('',#142,#144,#118,.T.);
#223=EDGE_CURVE('',#140,#142,#125,.T.);
#249=(LENGTH_UNIT()NAMED_UNIT(*)SI_UNIT(.MILLI.,.METRE.));
#251=(NAMED_UNIT(*)PLANE_ANGLE_UNIT()SI_UNIT($,.RADIAN.));
#254=(NAMED_UNIT(*)SI_UNIT($,.STERADIAN.)SOLID_ANGLE_UNIT());
#260=AXIS2_PLACEMENT_3D('',#257,#258,#259);
#261=ADVANCED_BREP_SHAPE_REPRESENTATION('',(#260,#242),#256);
#268=PRODUCT_DEFINITION('design','',#267,#264);
#269=PRODUCT_DEFINITION_SHAPE('','SHAPE FOR SUBSTRATE_BGA.',#268);
#270=SHAPE_DEFINITION_REPRESENTATION(#269,#261);
#271=SHAPE_DEFINITION_REPRESENTATION(#272,#273);
#272=PRODUCT_DEFINITION_SHAPE('','SHAPE FOR ACB0332A_ASM.',#4812);
#273=SHAPE_REPRESENTATION('',(#279,#631,#854,#965,#974,#983,#992,#1001,#1010,
#1019,#1028,#1037,#1046,#1055,#1064,#1073,#1082,#1091,#1100,#1109,#1118,#1127,
#1136,#1145,#1154,#1163,#1172,#1181,#1190,#1199,#1208,#1217,#1226,#1235,#1244,
#1253,#1262,#1271,#1280,#1289,#1298,#1307,#1316,#1325,#1334,#1343,#1352,#1361,
#1370,#1379,#1388,#1397,#1406,#1415,#1424,#1433,#1442,#1451,#1460,#1469,#1478,
#1487,#1496,#1505,#1514,#1523,#1532,#1541,#1550,#1559,#1568,#1577,#1586,#1595,
#1604,#1613,#1622,#1631,#1640,#1649,#1658,#1667,#1676,#1685,#1694,#1703,#1712,
#1721,#1730,#1739,#1748,#1757,#1766,#1775,#1784,#1793,#1802,#1811,#1820,#1829,
#1838,#1847,#1856,#1865,#1874,#1883,#1892,#1901,#1910,#1919,#1928,#1937,#1946,
#1955,#1964,#1973,#1982,#1991,#2000,#2009,#2018,#2027,#2036,#2045,#2054,#2063,
#2072,#2081,#2090,#2099,#2108,#2117,#2126,#2135,#2144,#2153,#2162,#2171,#2180,
#2189,#2198,#2207,#2216,#2225,#2234,#2243,#2252,#2261,#2270,#2279,#2288,#2297,
#2306,#2315,#2324,#2333,#2342,#2351,#2360,#2369,#2378,#2387,#2396,#2405,#2414,
#2423,#2432,#2441,#2450,#2459,#2468,#2477,#2486,#2495,#2504,#2513,#2522,#2531,
#2540,#2549,#2558,#2567,#2576,#2585,#2594,#2603,#2612,#2621,#2630,#2639,#2648,
#2657,#2666,#2675,#2684,#2693,#2702,#2711,#2720,#2729,#2738,#2747,#2756,#2765,
#2774,#2783,#2792,#2801,#2810,#2819,#2848,#2857,#2866,#2875,#2884,#2893,#2902,
#2911,#2920,#2929,#2938,#2947,#2956,#2965,#2974,#2983,#2992,#3001,#3010,#3019,
#3028,#3037,#3046,#3055,#3064,#3073,#3082,#3091,#3100,#3109,#3118,#3127,#3136,
#3145,#3154,#3163,#3172,#3181,#3190,#3199,#3208,#3217,#3226,#3235,#3244,#3253,
#3262,#3271,#3280,#3289,#3298,#3307,#3316,#3325,#3334,#3343,#3352,#3361,#3370,
#3379,#3388,#3397,#3406,#3415,#3424,#3433,#3442,#3451,#3460,#3469,#3478,#3487,
#3496,#3505,#3514,#3523,#3532,#3541,#3550,#3559,#3568,#3577,#3586,#3595,#3604,
#3613,#3622,#3631,#3640,#3649,#3658,#3667,#3676,#3685,#3694,#3703,#3712,#3721,
#3730,#3739,#3748,#3757,#3766,#3775,#3784,#3793,#3802,#3811,#3820,#3829,#3838,
#3847,#3856,#3865,#3874,#3883,#3892,#3901,#3910,#3919,#3928,#3937,#3946,#3955,
#3964,#3973,#3982,#3991,#4000,#4009,#4018,#4027,#4036,#4045,#4054,#4063,#4072,
#4081,#4090,#4099,#4108,#4117,#4126,#4135,#4144,#4153,#4162,#4171,#4180,#4189,
#4198,#4207,#4216,#4225,#4234,#4243,#4252,#4261,#4270,#4279,#4288,#4297,#4306,
#4315,#4324,#4333,#4342,#4351,#4360,#4369,#4378,#4387,#4396,#4405,#4414,#4423,
#4432,#4441,#4450,#4459,#4468,#4477,#4486,#4495,#4504,#4513,#4522,#4531,#4540,
#4549,#4558,#4567,#4576,#4585,#4594,#4603,#4612,#4621,#4630,#4639,#4648,#4657,
#4666,#4675,#4684,#4693,#4702,#4711,#4720,#4729,#4738,#4747,#4756,#4765,#4774,
#4783,#4792,#4807),#4803);
#274=NEXT_ASSEMBLY_USAGE_OCCURRENCE('0','Next assembly relationship',
'SUBSTRATE_BGA',#4812,#268,$);
#275=PRODUCT_DEFINITION_SHAPE('Placement #0',
'Placement of SUBSTRATE_BGA with respect to ACB0332A_ASM',#274);
#283=DRAUGHTING_PRE_DEFINED_COLOUR('yellow');
#465=EDGE_CURVE('',#434,#435,#288,.T.);
#467=EDGE_CURVE('',#435,#437,#295,.T.);
#469=EDGE_CURVE('',#437,#439,#302,.T.);
#471=EDGE_CURVE('',#439,#434,#309,.T.);
#475=EDGE_CURVE('',#450,#451,#316,.T.);
#477=EDGE_CURVE('',#453,#450,#323,.T.);
#479=EDGE_CURVE('',#451,#453,#330,.T.);
#490=EDGE_CURVE('',#434,#442,#337,.T.);
#492=EDGE_CURVE('',#442,#443,#365,.T.);
#494=EDGE_CURVE('',#435,#443,#358,.T.);
#505=EDGE_CURVE('',#439,#447,#344,.T.);
#507=EDGE_CURVE('',#447,#442,#372,.T.);
#519=EDGE_CURVE('',#437,#445,#351,.T.);
#521=EDGE_CURVE('',#445,#447,#379,.T.);
#534=EDGE_CURVE('',#443,#445,#386,.T.);
#551=EDGE_CURVE('',#456,#457,#393,.T.);
#553=EDGE_CURVE('',#457,#459,#400,.T.);
#555=EDGE_CURVE('',#459,#456,#407,.T.);
#566=EDGE_CURVE('',#451,#457,#421,.T.);
#569=EDGE_CURVE('',#450,#456,#414,.T.);
#580=EDGE_CURVE('',#453,#459,#428,.T.);
#607=(LENGTH_UNIT()NAMED_UNIT(*)SI_UNIT(.MILLI.,.METRE.));
#609=(NAMED_UNIT(*)PLANE_ANGLE_UNIT()SI_UNIT($,.RADIAN.));
#612=(NAMED_UNIT(*)SI_UNIT($,.STERADIAN.)SOLID_ANGLE_UNIT());
#618=AXIS2_PLACEMENT_3D('',#615,#616,#617);
#619=ADVANCED_BREP_SHAPE_REPRESENTATION('',(#618,#600),#614);
#623=PRODUCT_DEFINITION('design','',#622,#264);
#624=PRODUCT_DEFINITION_SHAPE('','SHAPE FOR SMASK_BGA_BTM.',#623);
#625=SHAPE_DEFINITION_REPRESENTATION(#624,#619);
#626=NEXT_ASSEMBLY_USAGE_OCCURRENCE('1','Next assembly relationship',
'SMASK_BGA_BTM',#4812,#623,$);
#627=PRODUCT_DEFINITION_SHAPE('Placement #1',
'Placement of SMASK_BGA_BTM with respect to ACB0332A_ASM',#626);
#635=COLOUR_RGB('',2.7451E-1,2.7451E-1,2.7451E-1);
#742=EDGE_CURVE('',#723,#724,#640,.T.);
#744=EDGE_CURVE('',#724,#726,#647,.T.);
#746=EDGE_CURVE('',#726,#728,#654,.T.);
#748=EDGE_CURVE('',#728,#723,#661,.T.);
#759=EDGE_CURVE('',#723,#731,#668,.T.);
#761=EDGE_CURVE('',#731,#732,#696,.T.);
#763=EDGE_CURVE('',#724,#732,#689,.T.);
#774=EDGE_CURVE('',#728,#736,#675,.T.);
#776=EDGE_CURVE('',#736,#731,#703,.T.);
#788=EDGE_CURVE('',#726,#734,#682,.T.);
#790=EDGE_CURVE('',#734,#736,#710,.T.);
#803=EDGE_CURVE('',#732,#734,#717,.T.);
#829=(LENGTH_UNIT()NAMED_UNIT(*)SI_UNIT(.MILLI.,.METRE.));
#831=(NAMED_UNIT(*)PLANE_ANGLE_UNIT()SI_UNIT($,.RADIAN.));
#834=(NAMED_UNIT(*)SI_UNIT($,.STERADIAN.)SOLID_ANGLE_UNIT());
#840=AXIS2_PLACEMENT_3D('',#837,#838,#839);
#841=ADVANCED_BREP_SHAPE_REPRESENTATION('',(#840,#822),#836);
#846=PRODUCT_DEFINITION('design','',#845,#842);
#847=PRODUCT_DEFINITION_SHAPE('','SHAPE FOR MOLD-FCBGA.',#846);
#848=SHAPE_DEFINITION_REPRESENTATION(#847,#841);
#849=NEXT_ASSEMBLY_USAGE_OCCURRENCE('2','Next assembly relationship',
'MOLD-FCBGA',#4812,#846,$);
#850=PRODUCT_DEFINITION_SHAPE('Placement #2',
'Placement of MOLD-FCBGA with respect to ACB0332A_ASM',#849);
#863=CIRCLE('',#862,1.326649916142E-1);
#871=CIRCLE('',#870,1.5E-1);
#879=CIRCLE('',#878,1.5E-1);
#887=CIRCLE('',#886,1.326649916142E-1);
#902=EDGE_CURVE('',#893,#894,#871,.T.);
#904=EDGE_CURVE('',#893,#896,#863,.T.);
#906=EDGE_CURVE('',#896,#894,#879,.T.);
#918=EDGE_CURVE('',#893,#896,#887,.T.);
#941=(LENGTH_UNIT()NAMED_UNIT(*)SI_UNIT(.MILLI.,.METRE.));
#943=(NAMED_UNIT(*)PLANE_ANGLE_UNIT()SI_UNIT($,.RADIAN.));
#946=(NAMED_UNIT(*)SI_UNIT($,.STERADIAN.)SOLID_ANGLE_UNIT());
#952=AXIS2_PLACEMENT_3D('',#949,#950,#951);
#953=ADVANCED_BREP_SHAPE_REPRESENTATION('',(#952,#934),#948);
#957=PRODUCT_DEFINITION('design','',#956,#842);
#958=PRODUCT_DEFINITION_SHAPE('','SHAPE FOR SOLDER_BALL.',#957);
#959=SHAPE_DEFINITION_REPRESENTATION(#958,#953);
#960=NEXT_ASSEMBLY_USAGE_OCCURRENCE('3','Next assembly relationship',
'SOLDER_BALL',#4812,#957,$);
#961=PRODUCT_DEFINITION_SHAPE('Placement #3',
'Placement of SOLDER_BALL with respect to ACB0332A_ASM',#960);
#969=NEXT_ASSEMBLY_USAGE_OCCURRENCE('4','Next assembly relationship',
'SOLDER_BALL',#4812,#957,$);
#970=PRODUCT_DEFINITION_SHAPE('Placement #4',
'Placement of SOLDER_BALL with respect to ACB0332A_ASM',#969);
#978=NEXT_ASSEMBLY_USAGE_OCCURRENCE('5','Next assembly relationship',
'SOLDER_BALL',#4812,#957,$);
#979=PRODUCT_DEFINITION_SHAPE('Placement #5',
'Placement of SOLDER_BALL with respect to ACB0332A_ASM',#978);
#987=NEXT_ASSEMBLY_USAGE_OCCURRENCE('6','Next assembly relationship',
'SOLDER_BALL',#4812,#957,$);
#988=PRODUCT_DEFINITION_SHAPE('Placement #6',
'Placement of SOLDER_BALL with respect to ACB0332A_ASM',#987);
#996=NEXT_ASSEMBLY_USAGE_OCCURRENCE('7','Next assembly relationship',
'SOLDER_BALL',#4812,#957,$);
#997=PRODUCT_DEFINITION_SHAPE('Placement #7',
'Placement of SOLDER_BALL with respect to ACB0332A_ASM',#996);
#1005=NEXT_ASSEMBLY_USAGE_OCCURRENCE('8','Next assembly relationship',
'SOLDER_BALL',#4812,#957,$);
#1006=PRODUCT_DEFINITION_SHAPE('Placement #8',
'Placement of SOLDER_BALL with respect to ACB0332A_ASM',#1005);
#1014=NEXT_ASSEMBLY_USAGE_OCCURRENCE('9','Next assembly relationship',
'SOLDER_BALL',#4812,#957,$);
#1015=PRODUCT_DEFINITION_SHAPE('Placement #9',
'Placement of SOLDER_BALL with respect to ACB0332A_ASM',#1014);
#1023=NEXT_ASSEMBLY_USAGE_OCCURRENCE('10','Next assembly relationship',
'SOLDER_BALL',#4812,#957,$);
#1024=PRODUCT_DEFINITION_SHAPE('Placement #10',
'Placement of SOLDER_BALL with respect to ACB0332A_ASM',#1023);
#1032=NEXT_ASSEMBLY_USAGE_OCCURRENCE('11','Next assembly relationship',
'SOLDER_BALL',#4812,#957,$);
#1033=PRODUCT_DEFINITION_SHAPE('Placement #11',
'Placement of SOLDER_BALL with respect to ACB0332A_ASM',#1032);
#1041=NEXT_ASSEMBLY_USAGE_OCCURRENCE('12','Next assembly relationship',
'SOLDER_BALL',#4812,#957,$);
#1042=PRODUCT_DEFINITION_SHAPE('Placement #12',
'Placement of SOLDER_BALL with respect to ACB0332A_ASM',#1041);
#1050=NEXT_ASSEMBLY_USAGE_OCCURRENCE('13','Next assembly relationship',
'SOLDER_BALL',#4812,#957,$);
#1051=PRODUCT_DEFINITION_SHAPE('Placement #13',
'Placement of SOLDER_BALL with respect to ACB0332A_ASM',#1050);
#1059=NEXT_ASSEMBLY_USAGE_OCCURRENCE('14','Next assembly relationship',
'SOLDER_BALL',#4812,#957,$);
#1060=PRODUCT_DEFINITION_SHAPE('Placement #14',
'Placement of SOLDER_BALL with respect to ACB0332A_ASM',#1059);
#1068=NEXT_ASSEMBLY_USAGE_OCCURRENCE('15','Next assembly relationship',
'SOLDER_BALL',#4812,#957,$);
#1069=PRODUCT_DEFINITION_SHAPE('Placement #15',
'Placement of SOLDER_BALL with respect to ACB0332A_ASM',#1068);
#1077=NEXT_ASSEMBLY_USAGE_OCCURRENCE('16','Next assembly relationship',
'SOLDER_BALL',#4812,#957,$);
#1078=PRODUCT_DEFINITION_SHAPE('Placement #16',
'Placement of SOLDER_BALL with respect to ACB0332A_ASM',#1077);
#1086=NEXT_ASSEMBLY_USAGE_OCCURRENCE('17','Next assembly relationship',
'SOLDER_BALL',#4812,#957,$);
#1087=PRODUCT_DEFINITION_SHAPE('Placement #17',
'Placement of SOLDER_BALL with respect to ACB0332A_ASM',#1086);
#1095=NEXT_ASSEMBLY_USAGE_OCCURRENCE('18','Next assembly relationship',
'SOLDER_BALL',#4812,#957,$);
#1096=PRODUCT_DEFINITION_SHAPE('Placement #18',
'Placement of SOLDER_BALL with respect to ACB0332A_ASM',#1095);
#1104=NEXT_ASSEMBLY_USAGE_OCCURRENCE('19','Next assembly relationship',
'SOLDER_BALL',#4812,#957,$);
#1105=PRODUCT_DEFINITION_SHAPE('Placement #19',
'Placement of SOLDER_BALL with respect to ACB0332A_ASM',#1104);
#1113=NEXT_ASSEMBLY_USAGE_OCCURRENCE('20','Next assembly relationship',
'SOLDER_BALL',#4812,#957,$);
#1114=PRODUCT_DEFINITION_SHAPE('Placement #20',
'Placement of SOLDER_BALL with respect to ACB0332A_ASM',#1113);
#1122=NEXT_ASSEMBLY_USAGE_OCCURRENCE('21','Next assembly relationship',
'SOLDER_BALL',#4812,#957,$);
#1123=PRODUCT_DEFINITION_SHAPE('Placement #21',
'Placement of SOLDER_BALL with respect to ACB0332A_ASM',#1122);
#1131=NEXT_ASSEMBLY_USAGE_OCCURRENCE('22','Next assembly relationship',
'SOLDER_BALL',#4812,#957,$);
#1132=PRODUCT_DEFINITION_SHAPE('Placement #22',
'Placement of SOLDER_BALL with respect to ACB0332A_ASM',#1131);
#1140=NEXT_ASSEMBLY_USAGE_OCCURRENCE('23','Next assembly relationship',
'SOLDER_BALL',#4812,#957,$);
#1141=PRODUCT_DEFINITION_SHAPE('Placement #23',
'Placement of SOLDER_BALL with respect to ACB0332A_ASM',#1140);
#1149=NEXT_ASSEMBLY_USAGE_OCCURRENCE('24','Next assembly relationship',
'SOLDER_BALL',#4812,#957,$);
#1150=PRODUCT_DEFINITION_SHAPE('Placement #24',
'Placement of SOLDER_BALL with respect to ACB0332A_ASM',#1149);
#1158=NEXT_ASSEMBLY_USAGE_OCCURRENCE('25','Next assembly relationship',
'SOLDER_BALL',#4812,#957,$);
#1159=PRODUCT_DEFINITION_SHAPE('Placement #25',
'Placement of SOLDER_BALL with respect to ACB0332A_ASM',#1158);
#1167=NEXT_ASSEMBLY_USAGE_OCCURRENCE('26','Next assembly relationship',
'SOLDER_BALL',#4812,#957,$);
#1168=PRODUCT_DEFINITION_SHAPE('Placement #26',
'Placement of SOLDER_BALL with respect to ACB0332A_ASM',#1167);
#1176=NEXT_ASSEMBLY_USAGE_OCCURRENCE('27','Next assembly relationship',
'SOLDER_BALL',#4812,#957,$);
#1177=PRODUCT_DEFINITION_SHAPE('Placement #27',
'Placement of SOLDER_BALL with respect to ACB0332A_ASM',#1176);
#1185=NEXT_ASSEMBLY_USAGE_OCCURRENCE('28','Next assembly relationship',
'SOLDER_BALL',#4812,#957,$);
#1186=PRODUCT_DEFINITION_SHAPE('Placement #28',
'Placement of SOLDER_BALL with respect to ACB0332A_ASM',#1185);
#1194=NEXT_ASSEMBLY_USAGE_OCCURRENCE('29','Next assembly relationship',
'SOLDER_BALL',#4812,#957,$);
#1195=PRODUCT_DEFINITION_SHAPE('Placement #29',
'Placement of SOLDER_BALL with respect to ACB0332A_ASM',#1194);
#1203=NEXT_ASSEMBLY_USAGE_OCCURRENCE('30','Next assembly relationship',
'SOLDER_BALL',#4812,#957,$);
#1204=PRODUCT_DEFINITION_SHAPE('Placement #30',
'Placement of SOLDER_BALL with respect to ACB0332A_ASM',#1203);
#1212=NEXT_ASSEMBLY_USAGE_OCCURRENCE('31','Next assembly relationship',
'SOLDER_BALL',#4812,#957,$);
#1213=PRODUCT_DEFINITION_SHAPE('Placement #31',
'Placement of SOLDER_BALL with respect to ACB0332A_ASM',#1212);
#1221=NEXT_ASSEMBLY_USAGE_OCCURRENCE('32','Next assembly relationship',
'SOLDER_BALL',#4812,#957,$);
#1222=PRODUCT_DEFINITION_SHAPE('Placement #32',
'Placement of SOLDER_BALL with respect to ACB0332A_ASM',#1221);
#1230=NEXT_ASSEMBLY_USAGE_OCCURRENCE('33','Next assembly relationship',
'SOLDER_BALL',#4812,#957,$);
#1231=PRODUCT_DEFINITION_SHAPE('Placement #33',
'Placement of SOLDER_BALL with respect to ACB0332A_ASM',#1230);
#1239=NEXT_ASSEMBLY_USAGE_OCCURRENCE('34','Next assembly relationship',
'SOLDER_BALL',#4812,#957,$);
#1240=PRODUCT_DEFINITION_SHAPE('Placement #34',
'Placement of SOLDER_BALL with respect to ACB0332A_ASM',#1239);
#1248=NEXT_ASSEMBLY_USAGE_OCCURRENCE('35','Next assembly relationship',
'SOLDER_BALL',#4812,#957,$);
#1249=PRODUCT_DEFINITION_SHAPE('Placement #35',
'Placement of SOLDER_BALL with respect to ACB0332A_ASM',#1248);
#1257=NEXT_ASSEMBLY_USAGE_OCCURRENCE('36','Next assembly relationship',
'SOLDER_BALL',#4812,#957,$);
#1258=PRODUCT_DEFINITION_SHAPE('Placement #36',
'Placement of SOLDER_BALL with respect to ACB0332A_ASM',#1257);
#1266=NEXT_ASSEMBLY_USAGE_OCCURRENCE('37','Next assembly relationship',
'SOLDER_BALL',#4812,#957,$);
#1267=PRODUCT_DEFINITION_SHAPE('Placement #37',
'Placement of SOLDER_BALL with respect to ACB0332A_ASM',#1266);
#1275=NEXT_ASSEMBLY_USAGE_OCCURRENCE('38','Next assembly relationship',
'SOLDER_BALL',#4812,#957,$);
#1276=PRODUCT_DEFINITION_SHAPE('Placement #38',
'Placement of SOLDER_BALL with respect to ACB0332A_ASM',#1275);
#1284=NEXT_ASSEMBLY_USAGE_OCCURRENCE('39','Next assembly relationship',
'SOLDER_BALL',#4812,#957,$);
#1285=PRODUCT_DEFINITION_SHAPE('Placement #39',
'Placement of SOLDER_BALL with respect to ACB0332A_ASM',#1284);
#1293=NEXT_ASSEMBLY_USAGE_OCCURRENCE('40','Next assembly relationship',
'SOLDER_BALL',#4812,#957,$);
#1294=PRODUCT_DEFINITION_SHAPE('Placement #40',
'Placement of SOLDER_BALL with respect to ACB0332A_ASM',#1293);
#1302=NEXT_ASSEMBLY_USAGE_OCCURRENCE('41','Next assembly relationship',
'SOLDER_BALL',#4812,#957,$);
#1303=PRODUCT_DEFINITION_SHAPE('Placement #41',
'Placement of SOLDER_BALL with respect to ACB0332A_ASM',#1302);
#1311=NEXT_ASSEMBLY_USAGE_OCCURRENCE('42','Next assembly relationship',
'SOLDER_BALL',#4812,#957,$);
#1312=PRODUCT_DEFINITION_SHAPE('Placement #42',
'Placement of SOLDER_BALL with respect to ACB0332A_ASM',#1311);
#1320=NEXT_ASSEMBLY_USAGE_OCCURRENCE('43','Next assembly relationship',
'SOLDER_BALL',#4812,#957,$);
#1321=PRODUCT_DEFINITION_SHAPE('Placement #43',
'Placement of SOLDER_BALL with respect to ACB0332A_ASM',#1320);
#1329=NEXT_ASSEMBLY_USAGE_OCCURRENCE('44','Next assembly relationship',
'SOLDER_BALL',#4812,#957,$);
#1330=PRODUCT_DEFINITION_SHAPE('Placement #44',
'Placement of SOLDER_BALL with respect to ACB0332A_ASM',#1329);
#1338=NEXT_ASSEMBLY_USAGE_OCCURRENCE('45','Next assembly relationship',
'SOLDER_BALL',#4812,#957,$);
#1339=PRODUCT_DEFINITION_SHAPE('Placement #45',
'Placement of SOLDER_BALL with respect to ACB0332A_ASM',#1338);
#1347=NEXT_ASSEMBLY_USAGE_OCCURRENCE('46','Next assembly relationship',
'SOLDER_BALL',#4812,#957,$);
#1348=PRODUCT_DEFINITION_SHAPE('Placement #46',
'Placement of SOLDER_BALL with respect to ACB0332A_ASM',#1347);
#1356=NEXT_ASSEMBLY_USAGE_OCCURRENCE('47','Next assembly relationship',
'SOLDER_BALL',#4812,#957,$);
#1357=PRODUCT_DEFINITION_SHAPE('Placement #47',
'Placement of SOLDER_BALL with respect to ACB0332A_ASM',#1356);
#1365=NEXT_ASSEMBLY_USAGE_OCCURRENCE('48','Next assembly relationship',
'SOLDER_BALL',#4812,#957,$);
#1366=PRODUCT_DEFINITION_SHAPE('Placement #48',
'Placement of SOLDER_BALL with respect to ACB0332A_ASM',#1365);
#1374=NEXT_ASSEMBLY_USAGE_OCCURRENCE('49','Next assembly relationship',
'SOLDER_BALL',#4812,#957,$);
#1375=PRODUCT_DEFINITION_SHAPE('Placement #49',
'Placement of SOLDER_BALL with respect to ACB0332A_ASM',#1374);
#1383=NEXT_ASSEMBLY_USAGE_OCCURRENCE('50','Next assembly relationship',
'SOLDER_BALL',#4812,#957,$);
#1384=PRODUCT_DEFINITION_SHAPE('Placement #50',
'Placement of SOLDER_BALL with respect to ACB0332A_ASM',#1383);
#1392=NEXT_ASSEMBLY_USAGE_OCCURRENCE('51','Next assembly relationship',
'SOLDER_BALL',#4812,#957,$);
#1393=PRODUCT_DEFINITION_SHAPE('Placement #51',
'Placement of SOLDER_BALL with respect to ACB0332A_ASM',#1392);
#1401=NEXT_ASSEMBLY_USAGE_OCCURRENCE('52','Next assembly relationship',
'SOLDER_BALL',#4812,#957,$);
#1402=PRODUCT_DEFINITION_SHAPE('Placement #52',
'Placement of SOLDER_BALL with respect to ACB0332A_ASM',#1401);
#1410=NEXT_ASSEMBLY_USAGE_OCCURRENCE('53','Next assembly relationship',
'SOLDER_BALL',#4812,#957,$);
#1411=PRODUCT_DEFINITION_SHAPE('Placement #53',
'Placement of SOLDER_BALL with respect to ACB0332A_ASM',#1410);
#1419=NEXT_ASSEMBLY_USAGE_OCCURRENCE('54','Next assembly relationship',
'SOLDER_BALL',#4812,#957,$);
#1420=PRODUCT_DEFINITION_SHAPE('Placement #54',
'Placement of SOLDER_BALL with respect to ACB0332A_ASM',#1419);
#1428=NEXT_ASSEMBLY_USAGE_OCCURRENCE('55','Next assembly relationship',
'SOLDER_BALL',#4812,#957,$);
#1429=PRODUCT_DEFINITION_SHAPE('Placement #55',
'Placement of SOLDER_BALL with respect to ACB0332A_ASM',#1428);
#1437=NEXT_ASSEMBLY_USAGE_OCCURRENCE('56','Next assembly relationship',
'SOLDER_BALL',#4812,#957,$);
#1438=PRODUCT_DEFINITION_SHAPE('Placement #56',
'Placement of SOLDER_BALL with respect to ACB0332A_ASM',#1437);
#1446=NEXT_ASSEMBLY_USAGE_OCCURRENCE('57','Next assembly relationship',
'SOLDER_BALL',#4812,#957,$);
#1447=PRODUCT_DEFINITION_SHAPE('Placement #57',
'Placement of SOLDER_BALL with respect to ACB0332A_ASM',#1446);
#1455=NEXT_ASSEMBLY_USAGE_OCCURRENCE('58','Next assembly relationship',
'SOLDER_BALL',#4812,#957,$);
#1456=PRODUCT_DEFINITION_SHAPE('Placement #58',
'Placement of SOLDER_BALL with respect to ACB0332A_ASM',#1455);
#1464=NEXT_ASSEMBLY_USAGE_OCCURRENCE('59','Next assembly relationship',
'SOLDER_BALL',#4812,#957,$);
#1465=PRODUCT_DEFINITION_SHAPE('Placement #59',
'Placement of SOLDER_BALL with respect to ACB0332A_ASM',#1464);
#1473=NEXT_ASSEMBLY_USAGE_OCCURRENCE('60','Next assembly relationship',
'SOLDER_BALL',#4812,#957,$);
#1474=PRODUCT_DEFINITION_SHAPE('Placement #60',
'Placement of SOLDER_BALL with respect to ACB0332A_ASM',#1473);
#1482=NEXT_ASSEMBLY_USAGE_OCCURRENCE('61','Next assembly relationship',
'SOLDER_BALL',#4812,#957,$);
#1483=PRODUCT_DEFINITION_SHAPE('Placement #61',
'Placement of SOLDER_BALL with respect to ACB0332A_ASM',#1482);
#1491=NEXT_ASSEMBLY_USAGE_OCCURRENCE('62','Next assembly relationship',
'SOLDER_BALL',#4812,#957,$);
#1492=PRODUCT_DEFINITION_SHAPE('Placement #62',
'Placement of SOLDER_BALL with respect to ACB0332A_ASM',#1491);
#1500=NEXT_ASSEMBLY_USAGE_OCCURRENCE('63','Next assembly relationship',
'SOLDER_BALL',#4812,#957,$);
#1501=PRODUCT_DEFINITION_SHAPE('Placement #63',
'Placement of SOLDER_BALL with respect to ACB0332A_ASM',#1500);
#1509=NEXT_ASSEMBLY_USAGE_OCCURRENCE('64','Next assembly relationship',
'SOLDER_BALL',#4812,#957,$);
#1510=PRODUCT_DEFINITION_SHAPE('Placement #64',
'Placement of SOLDER_BALL with respect to ACB0332A_ASM',#1509);
#1518=NEXT_ASSEMBLY_USAGE_OCCURRENCE('65','Next assembly relationship',
'SOLDER_BALL',#4812,#957,$);
#1519=PRODUCT_DEFINITION_SHAPE('Placement #65',
'Placement of SOLDER_BALL with respect to ACB0332A_ASM',#1518);
#1527=NEXT_ASSEMBLY_USAGE_OCCURRENCE('66','Next assembly relationship',
'SOLDER_BALL',#4812,#957,$);
#1528=PRODUCT_DEFINITION_SHAPE('Placement #66',
'Placement of SOLDER_BALL with respect to ACB0332A_ASM',#1527);
#1536=NEXT_ASSEMBLY_USAGE_OCCURRENCE('67','Next assembly relationship',
'SOLDER_BALL',#4812,#957,$);
#1537=PRODUCT_DEFINITION_SHAPE('Placement #67',
'Placement of SOLDER_BALL with respect to ACB0332A_ASM',#1536);
#1545=NEXT_ASSEMBLY_USAGE_OCCURRENCE('68','Next assembly relationship',
'SOLDER_BALL',#4812,#957,$);
#1546=PRODUCT_DEFINITION_SHAPE('Placement #68',
'Placement of SOLDER_BALL with respect to ACB0332A_ASM',#1545);
#1554=NEXT_ASSEMBLY_USAGE_OCCURRENCE('69','Next assembly relationship',
'SOLDER_BALL',#4812,#957,$);
#1555=PRODUCT_DEFINITION_SHAPE('Placement #69',
'Placement of SOLDER_BALL with respect to ACB0332A_ASM',#1554);
#1563=NEXT_ASSEMBLY_USAGE_OCCURRENCE('70','Next assembly relationship',
'SOLDER_BALL',#4812,#957,$);
#1564=PRODUCT_DEFINITION_SHAPE('Placement #70',
'Placement of SOLDER_BALL with respect to ACB0332A_ASM',#1563);
#1572=NEXT_ASSEMBLY_USAGE_OCCURRENCE('71','Next assembly relationship',
'SOLDER_BALL',#4812,#957,$);
#1573=PRODUCT_DEFINITION_SHAPE('Placement #71',
'Placement of SOLDER_BALL with respect to ACB0332A_ASM',#1572);
#1581=NEXT_ASSEMBLY_USAGE_OCCURRENCE('72','Next assembly relationship',
'SOLDER_BALL',#4812,#957,$);
#1582=PRODUCT_DEFINITION_SHAPE('Placement #72',
'Placement of SOLDER_BALL with respect to ACB0332A_ASM',#1581);
#1590=NEXT_ASSEMBLY_USAGE_OCCURRENCE('73','Next assembly relationship',
'SOLDER_BALL',#4812,#957,$);
#1591=PRODUCT_DEFINITION_SHAPE('Placement #73',
'Placement of SOLDER_BALL with respect to ACB0332A_ASM',#1590);
#1599=NEXT_ASSEMBLY_USAGE_OCCURRENCE('74','Next assembly relationship',
'SOLDER_BALL',#4812,#957,$);
#1600=PRODUCT_DEFINITION_SHAPE('Placement #74',
'Placement of SOLDER_BALL with respect to ACB0332A_ASM',#1599);
#1608=NEXT_ASSEMBLY_USAGE_OCCURRENCE('75','Next assembly relationship',
'SOLDER_BALL',#4812,#957,$);
#1609=PRODUCT_DEFINITION_SHAPE('Placement #75',
'Placement of SOLDER_BALL with respect to ACB0332A_ASM',#1608);
#1617=NEXT_ASSEMBLY_USAGE_OCCURRENCE('76','Next assembly relationship',
'SOLDER_BALL',#4812,#957,$);
#1618=PRODUCT_DEFINITION_SHAPE('Placement #76',
'Placement of SOLDER_BALL with respect to ACB0332A_ASM',#1617);
#1626=NEXT_ASSEMBLY_USAGE_OCCURRENCE('77','Next assembly relationship',
'SOLDER_BALL',#4812,#957,$);
#1627=PRODUCT_DEFINITION_SHAPE('Placement #77',
'Placement of SOLDER_BALL with respect to ACB0332A_ASM',#1626);
#1635=NEXT_ASSEMBLY_USAGE_OCCURRENCE('78','Next assembly relationship',
'SOLDER_BALL',#4812,#957,$);
#1636=PRODUCT_DEFINITION_SHAPE('Placement #78',
'Placement of SOLDER_BALL with respect to ACB0332A_ASM',#1635);
#1644=NEXT_ASSEMBLY_USAGE_OCCURRENCE('79','Next assembly relationship',
'SOLDER_BALL',#4812,#957,$);
#1645=PRODUCT_DEFINITION_SHAPE('Placement #79',
'Placement of SOLDER_BALL with respect to ACB0332A_ASM',#1644);
#1653=NEXT_ASSEMBLY_USAGE_OCCURRENCE('80','Next assembly relationship',
'SOLDER_BALL',#4812,#957,$);
#1654=PRODUCT_DEFINITION_SHAPE('Placement #80',
'Placement of SOLDER_BALL with respect to ACB0332A_ASM',#1653);
#1662=NEXT_ASSEMBLY_USAGE_OCCURRENCE('81','Next assembly relationship',
'SOLDER_BALL',#4812,#957,$);
#1663=PRODUCT_DEFINITION_SHAPE('Placement #81',
'Placement of SOLDER_BALL with respect to ACB0332A_ASM',#1662);
#1671=NEXT_ASSEMBLY_USAGE_OCCURRENCE('82','Next assembly relationship',
'SOLDER_BALL',#4812,#957,$);
#1672=PRODUCT_DEFINITION_SHAPE('Placement #82',
'Placement of SOLDER_BALL with respect to ACB0332A_ASM',#1671);
#1680=NEXT_ASSEMBLY_USAGE_OCCURRENCE('83','Next assembly relationship',
'SOLDER_BALL',#4812,#957,$);
#1681=PRODUCT_DEFINITION_SHAPE('Placement #83',
'Placement of SOLDER_BALL with respect to ACB0332A_ASM',#1680);
#1689=NEXT_ASSEMBLY_USAGE_OCCURRENCE('84','Next assembly relationship',
'SOLDER_BALL',#4812,#957,$);
#1690=PRODUCT_DEFINITION_SHAPE('Placement #84',
'Placement of SOLDER_BALL with respect to ACB0332A_ASM',#1689);
#1698=NEXT_ASSEMBLY_USAGE_OCCURRENCE('85','Next assembly relationship',
'SOLDER_BALL',#4812,#957,$);
#1699=PRODUCT_DEFINITION_SHAPE('Placement #85',
'Placement of SOLDER_BALL with respect to ACB0332A_ASM',#1698);
#1707=NEXT_ASSEMBLY_USAGE_OCCURRENCE('86','Next assembly relationship',
'SOLDER_BALL',#4812,#957,$);
#1708=PRODUCT_DEFINITION_SHAPE('Placement #86',
'Placement of SOLDER_BALL with respect to ACB0332A_ASM',#1707);
#1716=NEXT_ASSEMBLY_USAGE_OCCURRENCE('87','Next assembly relationship',
'SOLDER_BALL',#4812,#957,$);
#1717=PRODUCT_DEFINITION_SHAPE('Placement #87',
'Placement of SOLDER_BALL with respect to ACB0332A_ASM',#1716);
#1725=NEXT_ASSEMBLY_USAGE_OCCURRENCE('88','Next assembly relationship',
'SOLDER_BALL',#4812,#957,$);
#1726=PRODUCT_DEFINITION_SHAPE('Placement #88',
'Placement of SOLDER_BALL with respect to ACB0332A_ASM',#1725);
#1734=NEXT_ASSEMBLY_USAGE_OCCURRENCE('89','Next assembly relationship',
'SOLDER_BALL',#4812,#957,$);
#1735=PRODUCT_DEFINITION_SHAPE('Placement #89',
'Placement of SOLDER_BALL with respect to ACB0332A_ASM',#1734);
#1743=NEXT_ASSEMBLY_USAGE_OCCURRENCE('90','Next assembly relationship',
'SOLDER_BALL',#4812,#957,$);
#1744=PRODUCT_DEFINITION_SHAPE('Placement #90',
'Placement of SOLDER_BALL with respect to ACB0332A_ASM',#1743);
#1752=NEXT_ASSEMBLY_USAGE_OCCURRENCE('91','Next assembly relationship',
'SOLDER_BALL',#4812,#957,$);
#1753=PRODUCT_DEFINITION_SHAPE('Placement #91',
'Placement of SOLDER_BALL with respect to ACB0332A_ASM',#1752);
#1761=NEXT_ASSEMBLY_USAGE_OCCURRENCE('92','Next assembly relationship',
'SOLDER_BALL',#4812,#957,$);
#1762=PRODUCT_DEFINITION_SHAPE('Placement #92',
'Placement of SOLDER_BALL with respect to ACB0332A_ASM',#1761);
#1770=NEXT_ASSEMBLY_USAGE_OCCURRENCE('93','Next assembly relationship',
'SOLDER_BALL',#4812,#957,$);
#1771=PRODUCT_DEFINITION_SHAPE('Placement #93',
'Placement of SOLDER_BALL with respect to ACB0332A_ASM',#1770);
#1779=NEXT_ASSEMBLY_USAGE_OCCURRENCE('94','Next assembly relationship',
'SOLDER_BALL',#4812,#957,$);
#1780=PRODUCT_DEFINITION_SHAPE('Placement #94',
'Placement of SOLDER_BALL with respect to ACB0332A_ASM',#1779);
#1788=NEXT_ASSEMBLY_USAGE_OCCURRENCE('95','Next assembly relationship',
'SOLDER_BALL',#4812,#957,$);
#1789=PRODUCT_DEFINITION_SHAPE('Placement #95',
'Placement of SOLDER_BALL with respect to ACB0332A_ASM',#1788);
#1797=NEXT_ASSEMBLY_USAGE_OCCURRENCE('96','Next assembly relationship',
'SOLDER_BALL',#4812,#957,$);
#1798=PRODUCT_DEFINITION_SHAPE('Placement #96',
'Placement of SOLDER_BALL with respect to ACB0332A_ASM',#1797);
#1806=NEXT_ASSEMBLY_USAGE_OCCURRENCE('97','Next assembly relationship',
'SOLDER_BALL',#4812,#957,$);
#1807=PRODUCT_DEFINITION_SHAPE('Placement #97',
'Placement of SOLDER_BALL with respect to ACB0332A_ASM',#1806);
#1815=NEXT_ASSEMBLY_USAGE_OCCURRENCE('98','Next assembly relationship',
'SOLDER_BALL',#4812,#957,$);
#1816=PRODUCT_DEFINITION_SHAPE('Placement #98',
'Placement of SOLDER_BALL with respect to ACB0332A_ASM',#1815);
#1824=NEXT_ASSEMBLY_USAGE_OCCURRENCE('99','Next assembly relationship',
'SOLDER_BALL',#4812,#957,$);
#1825=PRODUCT_DEFINITION_SHAPE('Placement #99',
'Placement of SOLDER_BALL with respect to ACB0332A_ASM',#1824);
#1833=NEXT_ASSEMBLY_USAGE_OCCURRENCE('100','Next assembly relationship',
'SOLDER_BALL',#4812,#957,$);
#1834=PRODUCT_DEFINITION_SHAPE('Placement #100',
'Placement of SOLDER_BALL with respect to ACB0332A_ASM',#1833);
#1842=NEXT_ASSEMBLY_USAGE_OCCURRENCE('101','Next assembly relationship',
'SOLDER_BALL',#4812,#957,$);
#1843=PRODUCT_DEFINITION_SHAPE('Placement #101',
'Placement of SOLDER_BALL with respect to ACB0332A_ASM',#1842);
#1851=NEXT_ASSEMBLY_USAGE_OCCURRENCE('102','Next assembly relationship',
'SOLDER_BALL',#4812,#957,$);
#1852=PRODUCT_DEFINITION_SHAPE('Placement #102',
'Placement of SOLDER_BALL with respect to ACB0332A_ASM',#1851);
#1860=NEXT_ASSEMBLY_USAGE_OCCURRENCE('103','Next assembly relationship',
'SOLDER_BALL',#4812,#957,$);
#1861=PRODUCT_DEFINITION_SHAPE('Placement #103',
'Placement of SOLDER_BALL with respect to ACB0332A_ASM',#1860);
#1869=NEXT_ASSEMBLY_USAGE_OCCURRENCE('104','Next assembly relationship',
'SOLDER_BALL',#4812,#957,$);
#1870=PRODUCT_DEFINITION_SHAPE('Placement #104',
'Placement of SOLDER_BALL with respect to ACB0332A_ASM',#1869);
#1878=NEXT_ASSEMBLY_USAGE_OCCURRENCE('105','Next assembly relationship',
'SOLDER_BALL',#4812,#957,$);
#1879=PRODUCT_DEFINITION_SHAPE('Placement #105',
'Placement of SOLDER_BALL with respect to ACB0332A_ASM',#1878);
#1887=NEXT_ASSEMBLY_USAGE_OCCURRENCE('106','Next assembly relationship',
'SOLDER_BALL',#4812,#957,$);
#1888=PRODUCT_DEFINITION_SHAPE('Placement #106',
'Placement of SOLDER_BALL with respect to ACB0332A_ASM',#1887);
#1896=NEXT_ASSEMBLY_USAGE_OCCURRENCE('107','Next assembly relationship',
'SOLDER_BALL',#4812,#957,$);
#1897=PRODUCT_DEFINITION_SHAPE('Placement #107',
'Placement of SOLDER_BALL with respect to ACB0332A_ASM',#1896);
#1905=NEXT_ASSEMBLY_USAGE_OCCURRENCE('108','Next assembly relationship',
'SOLDER_BALL',#4812,#957,$);
#1906=PRODUCT_DEFINITION_SHAPE('Placement #108',
'Placement of SOLDER_BALL with respect to ACB0332A_ASM',#1905);
#1914=NEXT_ASSEMBLY_USAGE_OCCURRENCE('109','Next assembly relationship',
'SOLDER_BALL',#4812,#957,$);
#1915=PRODUCT_DEFINITION_SHAPE('Placement #109',
'Placement of SOLDER_BALL with respect to ACB0332A_ASM',#1914);
#1923=NEXT_ASSEMBLY_USAGE_OCCURRENCE('110','Next assembly relationship',
'SOLDER_BALL',#4812,#957,$);
#1924=PRODUCT_DEFINITION_SHAPE('Placement #110',
'Placement of SOLDER_BALL with respect to ACB0332A_ASM',#1923);
#1932=NEXT_ASSEMBLY_USAGE_OCCURRENCE('111','Next assembly relationship',
'SOLDER_BALL',#4812,#957,$);
#1933=PRODUCT_DEFINITION_SHAPE('Placement #111',
'Placement of SOLDER_BALL with respect to ACB0332A_ASM',#1932);
#1941=NEXT_ASSEMBLY_USAGE_OCCURRENCE('112','Next assembly relationship',
'SOLDER_BALL',#4812,#957,$);
#1942=PRODUCT_DEFINITION_SHAPE('Placement #112',
'Placement of SOLDER_BALL with respect to ACB0332A_ASM',#1941);
#1950=NEXT_ASSEMBLY_USAGE_OCCURRENCE('113','Next assembly relationship',
'SOLDER_BALL',#4812,#957,$);
#1951=PRODUCT_DEFINITION_SHAPE('Placement #113',
'Placement of SOLDER_BALL with respect to ACB0332A_ASM',#1950);
#1959=NEXT_ASSEMBLY_USAGE_OCCURRENCE('114','Next assembly relationship',
'SOLDER_BALL',#4812,#957,$);
#1960=PRODUCT_DEFINITION_SHAPE('Placement #114',
'Placement of SOLDER_BALL with respect to ACB0332A_ASM',#1959);
#1968=NEXT_ASSEMBLY_USAGE_OCCURRENCE('115','Next assembly relationship',
'SOLDER_BALL',#4812,#957,$);
#1969=PRODUCT_DEFINITION_SHAPE('Placement #115',
'Placement of SOLDER_BALL with respect to ACB0332A_ASM',#1968);
#1977=NEXT_ASSEMBLY_USAGE_OCCURRENCE('116','Next assembly relationship',
'SOLDER_BALL',#4812,#957,$);
#1978=PRODUCT_DEFINITION_SHAPE('Placement #116',
'Placement of SOLDER_BALL with respect to ACB0332A_ASM',#1977);
#1986=NEXT_ASSEMBLY_USAGE_OCCURRENCE('117','Next assembly relationship',
'SOLDER_BALL',#4812,#957,$);
#1987=PRODUCT_DEFINITION_SHAPE('Placement #117',
'Placement of SOLDER_BALL with respect to ACB0332A_ASM',#1986);
#1995=NEXT_ASSEMBLY_USAGE_OCCURRENCE('118','Next assembly relationship',
'SOLDER_BALL',#4812,#957,$);
#1996=PRODUCT_DEFINITION_SHAPE('Placement #118',
'Placement of SOLDER_BALL with respect to ACB0332A_ASM',#1995);
#2004=NEXT_ASSEMBLY_USAGE_OCCURRENCE('119','Next assembly relationship',
'SOLDER_BALL',#4812,#957,$);
#2005=PRODUCT_DEFINITION_SHAPE('Placement #119',
'Placement of SOLDER_BALL with respect to ACB0332A_ASM',#2004);
#2013=NEXT_ASSEMBLY_USAGE_OCCURRENCE('120','Next assembly relationship',
'SOLDER_BALL',#4812,#957,$);
#2014=PRODUCT_DEFINITION_SHAPE('Placement #120',
'Placement of SOLDER_BALL with respect to ACB0332A_ASM',#2013);
#2022=NEXT_ASSEMBLY_USAGE_OCCURRENCE('121','Next assembly relationship',
'SOLDER_BALL',#4812,#957,$);
#2023=PRODUCT_DEFINITION_SHAPE('Placement #121',
'Placement of SOLDER_BALL with respect to ACB0332A_ASM',#2022);
#2031=NEXT_ASSEMBLY_USAGE_OCCURRENCE('122','Next assembly relationship',
'SOLDER_BALL',#4812,#957,$);
#2032=PRODUCT_DEFINITION_SHAPE('Placement #122',
'Placement of SOLDER_BALL with respect to ACB0332A_ASM',#2031);
#2040=NEXT_ASSEMBLY_USAGE_OCCURRENCE('123','Next assembly relationship',
'SOLDER_BALL',#4812,#957,$);
#2041=PRODUCT_DEFINITION_SHAPE('Placement #123',
'Placement of SOLDER_BALL with respect to ACB0332A_ASM',#2040);
#2049=NEXT_ASSEMBLY_USAGE_OCCURRENCE('124','Next assembly relationship',
'SOLDER_BALL',#4812,#957,$);
#2050=PRODUCT_DEFINITION_SHAPE('Placement #124',
'Placement of SOLDER_BALL with respect to ACB0332A_ASM',#2049);
#2058=NEXT_ASSEMBLY_USAGE_OCCURRENCE('125','Next assembly relationship',
'SOLDER_BALL',#4812,#957,$);
#2059=PRODUCT_DEFINITION_SHAPE('Placement #125',
'Placement of SOLDER_BALL with respect to ACB0332A_ASM',#2058);
#2067=NEXT_ASSEMBLY_USAGE_OCCURRENCE('126','Next assembly relationship',
'SOLDER_BALL',#4812,#957,$);
#2068=PRODUCT_DEFINITION_SHAPE('Placement #126',
'Placement of SOLDER_BALL with respect to ACB0332A_ASM',#2067);
#2076=NEXT_ASSEMBLY_USAGE_OCCURRENCE('127','Next assembly relationship',
'SOLDER_BALL',#4812,#957,$);
#2077=PRODUCT_DEFINITION_SHAPE('Placement #127',
'Placement of SOLDER_BALL with respect to ACB0332A_ASM',#2076);
#2085=NEXT_ASSEMBLY_USAGE_OCCURRENCE('128','Next assembly relationship',
'SOLDER_BALL',#4812,#957,$);
#2086=PRODUCT_DEFINITION_SHAPE('Placement #128',
'Placement of SOLDER_BALL with respect to ACB0332A_ASM',#2085);
#2094=NEXT_ASSEMBLY_USAGE_OCCURRENCE('129','Next assembly relationship',
'SOLDER_BALL',#4812,#957,$);
#2095=PRODUCT_DEFINITION_SHAPE('Placement #129',
'Placement of SOLDER_BALL with respect to ACB0332A_ASM',#2094);
#2103=NEXT_ASSEMBLY_USAGE_OCCURRENCE('130','Next assembly relationship',
'SOLDER_BALL',#4812,#957,$);
#2104=PRODUCT_DEFINITION_SHAPE('Placement #130',
'Placement of SOLDER_BALL with respect to ACB0332A_ASM',#2103);
#2112=NEXT_ASSEMBLY_USAGE_OCCURRENCE('131','Next assembly relationship',
'SOLDER_BALL',#4812,#957,$);
#2113=PRODUCT_DEFINITION_SHAPE('Placement #131',
'Placement of SOLDER_BALL with respect to ACB0332A_ASM',#2112);
#2121=NEXT_ASSEMBLY_USAGE_OCCURRENCE('132','Next assembly relationship',
'SOLDER_BALL',#4812,#957,$);
#2122=PRODUCT_DEFINITION_SHAPE('Placement #132',
'Placement of SOLDER_BALL with respect to ACB0332A_ASM',#2121);
#2130=NEXT_ASSEMBLY_USAGE_OCCURRENCE('133','Next assembly relationship',
'SOLDER_BALL',#4812,#957,$);
#2131=PRODUCT_DEFINITION_SHAPE('Placement #133',
'Placement of SOLDER_BALL with respect to ACB0332A_ASM',#2130);
#2139=NEXT_ASSEMBLY_USAGE_OCCURRENCE('134','Next assembly relationship',
'SOLDER_BALL',#4812,#957,$);
#2140=PRODUCT_DEFINITION_SHAPE('Placement #134',
'Placement of SOLDER_BALL with respect to ACB0332A_ASM',#2139);
#2148=NEXT_ASSEMBLY_USAGE_OCCURRENCE('135','Next assembly relationship',
'SOLDER_BALL',#4812,#957,$);
#2149=PRODUCT_DEFINITION_SHAPE('Placement #135',
'Placement of SOLDER_BALL with respect to ACB0332A_ASM',#2148);
#2157=NEXT_ASSEMBLY_USAGE_OCCURRENCE('136','Next assembly relationship',
'SOLDER_BALL',#4812,#957,$);
#2158=PRODUCT_DEFINITION_SHAPE('Placement #136',
'Placement of SOLDER_BALL with respect to ACB0332A_ASM',#2157);
#2166=NEXT_ASSEMBLY_USAGE_OCCURRENCE('137','Next assembly relationship',
'SOLDER_BALL',#4812,#957,$);
#2167=PRODUCT_DEFINITION_SHAPE('Placement #137',
'Placement of SOLDER_BALL with respect to ACB0332A_ASM',#2166);
#2175=NEXT_ASSEMBLY_USAGE_OCCURRENCE('138','Next assembly relationship',
'SOLDER_BALL',#4812,#957,$);
#2176=PRODUCT_DEFINITION_SHAPE('Placement #138',
'Placement of SOLDER_BALL with respect to ACB0332A_ASM',#2175);
#2184=NEXT_ASSEMBLY_USAGE_OCCURRENCE('139','Next assembly relationship',
'SOLDER_BALL',#4812,#957,$);
#2185=PRODUCT_DEFINITION_SHAPE('Placement #139',
'Placement of SOLDER_BALL with respect to ACB0332A_ASM',#2184);
#2193=NEXT_ASSEMBLY_USAGE_OCCURRENCE('140','Next assembly relationship',
'SOLDER_BALL',#4812,#957,$);
#2194=PRODUCT_DEFINITION_SHAPE('Placement #140',
'Placement of SOLDER_BALL with respect to ACB0332A_ASM',#2193);
#2202=NEXT_ASSEMBLY_USAGE_OCCURRENCE('141','Next assembly relationship',
'SOLDER_BALL',#4812,#957,$);
#2203=PRODUCT_DEFINITION_SHAPE('Placement #141',
'Placement of SOLDER_BALL with respect to ACB0332A_ASM',#2202);
#2211=NEXT_ASSEMBLY_USAGE_OCCURRENCE('142','Next assembly relationship',
'SOLDER_BALL',#4812,#957,$);
#2212=PRODUCT_DEFINITION_SHAPE('Placement #142',
'Placement of SOLDER_BALL with respect to ACB0332A_ASM',#2211);
#2220=NEXT_ASSEMBLY_USAGE_OCCURRENCE('143','Next assembly relationship',
'SOLDER_BALL',#4812,#957,$);
#2221=PRODUCT_DEFINITION_SHAPE('Placement #143',
'Placement of SOLDER_BALL with respect to ACB0332A_ASM',#2220);
#2229=NEXT_ASSEMBLY_USAGE_OCCURRENCE('144','Next assembly relationship',
'SOLDER_BALL',#4812,#957,$);
#2230=PRODUCT_DEFINITION_SHAPE('Placement #144',
'Placement of SOLDER_BALL with respect to ACB0332A_ASM',#2229);
#2238=NEXT_ASSEMBLY_USAGE_OCCURRENCE('145','Next assembly relationship',
'SOLDER_BALL',#4812,#957,$);
#2239=PRODUCT_DEFINITION_SHAPE('Placement #145',
'Placement of SOLDER_BALL with respect to ACB0332A_ASM',#2238);
#2247=NEXT_ASSEMBLY_USAGE_OCCURRENCE('146','Next assembly relationship',
'SOLDER_BALL',#4812,#957,$);
#2248=PRODUCT_DEFINITION_SHAPE('Placement #146',
'Placement of SOLDER_BALL with respect to ACB0332A_ASM',#2247);
#2256=NEXT_ASSEMBLY_USAGE_OCCURRENCE('147','Next assembly relationship',
'SOLDER_BALL',#4812,#957,$);
#2257=PRODUCT_DEFINITION_SHAPE('Placement #147',
'Placement of SOLDER_BALL with respect to ACB0332A_ASM',#2256);
#2265=NEXT_ASSEMBLY_USAGE_OCCURRENCE('148','Next assembly relationship',
'SOLDER_BALL',#4812,#957,$);
#2266=PRODUCT_DEFINITION_SHAPE('Placement #148',
'Placement of SOLDER_BALL with respect to ACB0332A_ASM',#2265);
#2274=NEXT_ASSEMBLY_USAGE_OCCURRENCE('149','Next assembly relationship',
'SOLDER_BALL',#4812,#957,$);
#2275=PRODUCT_DEFINITION_SHAPE('Placement #149',
'Placement of SOLDER_BALL with respect to ACB0332A_ASM',#2274);
#2283=NEXT_ASSEMBLY_USAGE_OCCURRENCE('150','Next assembly relationship',
'SOLDER_BALL',#4812,#957,$);
#2284=PRODUCT_DEFINITION_SHAPE('Placement #150',
'Placement of SOLDER_BALL with respect to ACB0332A_ASM',#2283);
#2292=NEXT_ASSEMBLY_USAGE_OCCURRENCE('151','Next assembly relationship',
'SOLDER_BALL',#4812,#957,$);
#2293=PRODUCT_DEFINITION_SHAPE('Placement #151',
'Placement of SOLDER_BALL with respect to ACB0332A_ASM',#2292);
#2301=NEXT_ASSEMBLY_USAGE_OCCURRENCE('152','Next assembly relationship',
'SOLDER_BALL',#4812,#957,$);
#2302=PRODUCT_DEFINITION_SHAPE('Placement #152',
'Placement of SOLDER_BALL with respect to ACB0332A_ASM',#2301);
#2310=NEXT_ASSEMBLY_USAGE_OCCURRENCE('153','Next assembly relationship',
'SOLDER_BALL',#4812,#957,$);
#2311=PRODUCT_DEFINITION_SHAPE('Placement #153',
'Placement of SOLDER_BALL with respect to ACB0332A_ASM',#2310);
#2319=NEXT_ASSEMBLY_USAGE_OCCURRENCE('154','Next assembly relationship',
'SOLDER_BALL',#4812,#957,$);
#2320=PRODUCT_DEFINITION_SHAPE('Placement #154',
'Placement of SOLDER_BALL with respect to ACB0332A_ASM',#2319);
#2328=NEXT_ASSEMBLY_USAGE_OCCURRENCE('155','Next assembly relationship',
'SOLDER_BALL',#4812,#957,$);
#2329=PRODUCT_DEFINITION_SHAPE('Placement #155',
'Placement of SOLDER_BALL with respect to ACB0332A_ASM',#2328);
#2337=NEXT_ASSEMBLY_USAGE_OCCURRENCE('156','Next assembly relationship',
'SOLDER_BALL',#4812,#957,$);
#2338=PRODUCT_DEFINITION_SHAPE('Placement #156',
'Placement of SOLDER_BALL with respect to ACB0332A_ASM',#2337);
#2346=NEXT_ASSEMBLY_USAGE_OCCURRENCE('157','Next assembly relationship',
'SOLDER_BALL',#4812,#957,$);
#2347=PRODUCT_DEFINITION_SHAPE('Placement #157',
'Placement of SOLDER_BALL with respect to ACB0332A_ASM',#2346);
#2355=NEXT_ASSEMBLY_USAGE_OCCURRENCE('158','Next assembly relationship',
'SOLDER_BALL',#4812,#957,$);
#2356=PRODUCT_DEFINITION_SHAPE('Placement #158',
'Placement of SOLDER_BALL with respect to ACB0332A_ASM',#2355);
#2364=NEXT_ASSEMBLY_USAGE_OCCURRENCE('159','Next assembly relationship',
'SOLDER_BALL',#4812,#957,$);
#2365=PRODUCT_DEFINITION_SHAPE('Placement #159',
'Placement of SOLDER_BALL with respect to ACB0332A_ASM',#2364);
#2373=NEXT_ASSEMBLY_USAGE_OCCURRENCE('160','Next assembly relationship',
'SOLDER_BALL',#4812,#957,$);
#2374=PRODUCT_DEFINITION_SHAPE('Placement #160',
'Placement of SOLDER_BALL with respect to ACB0332A_ASM',#2373);
#2382=NEXT_ASSEMBLY_USAGE_OCCURRENCE('161','Next assembly relationship',
'SOLDER_BALL',#4812,#957,$);
#2383=PRODUCT_DEFINITION_SHAPE('Placement #161',
'Placement of SOLDER_BALL with respect to ACB0332A_ASM',#2382);
#2391=NEXT_ASSEMBLY_USAGE_OCCURRENCE('162','Next assembly relationship',
'SOLDER_BALL',#4812,#957,$);
#2392=PRODUCT_DEFINITION_SHAPE('Placement #162',
'Placement of SOLDER_BALL with respect to ACB0332A_ASM',#2391);
#2400=NEXT_ASSEMBLY_USAGE_OCCURRENCE('163','Next assembly relationship',
'SOLDER_BALL',#4812,#957,$);
#2401=PRODUCT_DEFINITION_SHAPE('Placement #163',
'Placement of SOLDER_BALL with respect to ACB0332A_ASM',#2400);
#2409=NEXT_ASSEMBLY_USAGE_OCCURRENCE('164','Next assembly relationship',
'SOLDER_BALL',#4812,#957,$);
#2410=PRODUCT_DEFINITION_SHAPE('Placement #164',
'Placement of SOLDER_BALL with respect to ACB0332A_ASM',#2409);
#2418=NEXT_ASSEMBLY_USAGE_OCCURRENCE('165','Next assembly relationship',
'SOLDER_BALL',#4812,#957,$);
#2419=PRODUCT_DEFINITION_SHAPE('Placement #165',
'Placement of SOLDER_BALL with respect to ACB0332A_ASM',#2418);
#2427=NEXT_ASSEMBLY_USAGE_OCCURRENCE('166','Next assembly relationship',
'SOLDER_BALL',#4812,#957,$);
#2428=PRODUCT_DEFINITION_SHAPE('Placement #166',
'Placement of SOLDER_BALL with respect to ACB0332A_ASM',#2427);
#2436=NEXT_ASSEMBLY_USAGE_OCCURRENCE('167','Next assembly relationship',
'SOLDER_BALL',#4812,#957,$);
#2437=PRODUCT_DEFINITION_SHAPE('Placement #167',
'Placement of SOLDER_BALL with respect to ACB0332A_ASM',#2436);
#2445=NEXT_ASSEMBLY_USAGE_OCCURRENCE('168','Next assembly relationship',
'SOLDER_BALL',#4812,#957,$);
#2446=PRODUCT_DEFINITION_SHAPE('Placement #168',
'Placement of SOLDER_BALL with respect to ACB0332A_ASM',#2445);
#2454=NEXT_ASSEMBLY_USAGE_OCCURRENCE('169','Next assembly relationship',
'SOLDER_BALL',#4812,#957,$);
#2455=PRODUCT_DEFINITION_SHAPE('Placement #169',
'Placement of SOLDER_BALL with respect to ACB0332A_ASM',#2454);
#2463=NEXT_ASSEMBLY_USAGE_OCCURRENCE('170','Next assembly relationship',
'SOLDER_BALL',#4812,#957,$);
#2464=PRODUCT_DEFINITION_SHAPE('Placement #170',
'Placement of SOLDER_BALL with respect to ACB0332A_ASM',#2463);
#2472=NEXT_ASSEMBLY_USAGE_OCCURRENCE('171','Next assembly relationship',
'SOLDER_BALL',#4812,#957,$);
#2473=PRODUCT_DEFINITION_SHAPE('Placement #171',
'Placement of SOLDER_BALL with respect to ACB0332A_ASM',#2472);
#2481=NEXT_ASSEMBLY_USAGE_OCCURRENCE('172','Next assembly relationship',
'SOLDER_BALL',#4812,#957,$);
#2482=PRODUCT_DEFINITION_SHAPE('Placement #172',
'Placement of SOLDER_BALL with respect to ACB0332A_ASM',#2481);
#2490=NEXT_ASSEMBLY_USAGE_OCCURRENCE('173','Next assembly relationship',
'SOLDER_BALL',#4812,#957,$);
#2491=PRODUCT_DEFINITION_SHAPE('Placement #173',
'Placement of SOLDER_BALL with respect to ACB0332A_ASM',#2490);
#2499=NEXT_ASSEMBLY_USAGE_OCCURRENCE('174','Next assembly relationship',
'SOLDER_BALL',#4812,#957,$);
#2500=PRODUCT_DEFINITION_SHAPE('Placement #174',
'Placement of SOLDER_BALL with respect to ACB0332A_ASM',#2499);
#2508=NEXT_ASSEMBLY_USAGE_OCCURRENCE('175','Next assembly relationship',
'SOLDER_BALL',#4812,#957,$);
#2509=PRODUCT_DEFINITION_SHAPE('Placement #175',
'Placement of SOLDER_BALL with respect to ACB0332A_ASM',#2508);
#2517=NEXT_ASSEMBLY_USAGE_OCCURRENCE('176','Next assembly relationship',
'SOLDER_BALL',#4812,#957,$);
#2518=PRODUCT_DEFINITION_SHAPE('Placement #176',
'Placement of SOLDER_BALL with respect to ACB0332A_ASM',#2517);
#2526=NEXT_ASSEMBLY_USAGE_OCCURRENCE('177','Next assembly relationship',
'SOLDER_BALL',#4812,#957,$);
#2527=PRODUCT_DEFINITION_SHAPE('Placement #177',
'Placement of SOLDER_BALL with respect to ACB0332A_ASM',#2526);
#2535=NEXT_ASSEMBLY_USAGE_OCCURRENCE('178','Next assembly relationship',
'SOLDER_BALL',#4812,#957,$);
#2536=PRODUCT_DEFINITION_SHAPE('Placement #178',
'Placement of SOLDER_BALL with respect to ACB0332A_ASM',#2535);
#2544=NEXT_ASSEMBLY_USAGE_OCCURRENCE('179','Next assembly relationship',
'SOLDER_BALL',#4812,#957,$);
#2545=PRODUCT_DEFINITION_SHAPE('Placement #179',
'Placement of SOLDER_BALL with respect to ACB0332A_ASM',#2544);
#2553=NEXT_ASSEMBLY_USAGE_OCCURRENCE('180','Next assembly relationship',
'SOLDER_BALL',#4812,#957,$);
#2554=PRODUCT_DEFINITION_SHAPE('Placement #180',
'Placement of SOLDER_BALL with respect to ACB0332A_ASM',#2553);
#2562=NEXT_ASSEMBLY_USAGE_OCCURRENCE('181','Next assembly relationship',
'SOLDER_BALL',#4812,#957,$);
#2563=PRODUCT_DEFINITION_SHAPE('Placement #181',
'Placement of SOLDER_BALL with respect to ACB0332A_ASM',#2562);
#2571=NEXT_ASSEMBLY_USAGE_OCCURRENCE('182','Next assembly relationship',
'SOLDER_BALL',#4812,#957,$);
#2572=PRODUCT_DEFINITION_SHAPE('Placement #182',
'Placement of SOLDER_BALL with respect to ACB0332A_ASM',#2571);
#2580=NEXT_ASSEMBLY_USAGE_OCCURRENCE('183','Next assembly relationship',
'SOLDER_BALL',#4812,#957,$);
#2581=PRODUCT_DEFINITION_SHAPE('Placement #183',
'Placement of SOLDER_BALL with respect to ACB0332A_ASM',#2580);
#2589=NEXT_ASSEMBLY_USAGE_OCCURRENCE('184','Next assembly relationship',
'SOLDER_BALL',#4812,#957,$);
#2590=PRODUCT_DEFINITION_SHAPE('Placement #184',
'Placement of SOLDER_BALL with respect to ACB0332A_ASM',#2589);
#2598=NEXT_ASSEMBLY_USAGE_OCCURRENCE('185','Next assembly relationship',
'SOLDER_BALL',#4812,#957,$);
#2599=PRODUCT_DEFINITION_SHAPE('Placement #185',
'Placement of SOLDER_BALL with respect to ACB0332A_ASM',#2598);
#2607=NEXT_ASSEMBLY_USAGE_OCCURRENCE('186','Next assembly relationship',
'SOLDER_BALL',#4812,#957,$);
#2608=PRODUCT_DEFINITION_SHAPE('Placement #186',
'Placement of SOLDER_BALL with respect to ACB0332A_ASM',#2607);
#2616=NEXT_ASSEMBLY_USAGE_OCCURRENCE('187','Next assembly relationship',
'SOLDER_BALL',#4812,#957,$);
#2617=PRODUCT_DEFINITION_SHAPE('Placement #187',
'Placement of SOLDER_BALL with respect to ACB0332A_ASM',#2616);
#2625=NEXT_ASSEMBLY_USAGE_OCCURRENCE('188','Next assembly relationship',
'SOLDER_BALL',#4812,#957,$);
#2626=PRODUCT_DEFINITION_SHAPE('Placement #188',
'Placement of SOLDER_BALL with respect to ACB0332A_ASM',#2625);
#2634=NEXT_ASSEMBLY_USAGE_OCCURRENCE('189','Next assembly relationship',
'SOLDER_BALL',#4812,#957,$);
#2635=PRODUCT_DEFINITION_SHAPE('Placement #189',
'Placement of SOLDER_BALL with respect to ACB0332A_ASM',#2634);
#2643=NEXT_ASSEMBLY_USAGE_OCCURRENCE('190','Next assembly relationship',
'SOLDER_BALL',#4812,#957,$);
#2644=PRODUCT_DEFINITION_SHAPE('Placement #190',
'Placement of SOLDER_BALL with respect to ACB0332A_ASM',#2643);
#2652=NEXT_ASSEMBLY_USAGE_OCCURRENCE('191','Next assembly relationship',
'SOLDER_BALL',#4812,#957,$);
#2653=PRODUCT_DEFINITION_SHAPE('Placement #191',
'Placement of SOLDER_BALL with respect to ACB0332A_ASM',#2652);
#2661=NEXT_ASSEMBLY_USAGE_OCCURRENCE('192','Next assembly relationship',
'SOLDER_BALL',#4812,#957,$);
#2662=PRODUCT_DEFINITION_SHAPE('Placement #192',
'Placement of SOLDER_BALL with respect to ACB0332A_ASM',#2661);
#2670=NEXT_ASSEMBLY_USAGE_OCCURRENCE('193','Next assembly relationship',
'SOLDER_BALL',#4812,#957,$);
#2671=PRODUCT_DEFINITION_SHAPE('Placement #193',
'Placement of SOLDER_BALL with respect to ACB0332A_ASM',#2670);
#2679=NEXT_ASSEMBLY_USAGE_OCCURRENCE('194','Next assembly relationship',
'SOLDER_BALL',#4812,#957,$);
#2680=PRODUCT_DEFINITION_SHAPE('Placement #194',
'Placement of SOLDER_BALL with respect to ACB0332A_ASM',#2679);
#2688=NEXT_ASSEMBLY_USAGE_OCCURRENCE('195','Next assembly relationship',
'SOLDER_BALL',#4812,#957,$);
#2689=PRODUCT_DEFINITION_SHAPE('Placement #195',
'Placement of SOLDER_BALL with respect to ACB0332A_ASM',#2688);
#2697=NEXT_ASSEMBLY_USAGE_OCCURRENCE('196','Next assembly relationship',
'SOLDER_BALL',#4812,#957,$);
#2698=PRODUCT_DEFINITION_SHAPE('Placement #196',
'Placement of SOLDER_BALL with respect to ACB0332A_ASM',#2697);
#2706=NEXT_ASSEMBLY_USAGE_OCCURRENCE('197','Next assembly relationship',
'SOLDER_BALL',#4812,#957,$);
#2707=PRODUCT_DEFINITION_SHAPE('Placement #197',
'Placement of SOLDER_BALL with respect to ACB0332A_ASM',#2706);
#2715=NEXT_ASSEMBLY_USAGE_OCCURRENCE('198','Next assembly relationship',
'SOLDER_BALL',#4812,#957,$);
#2716=PRODUCT_DEFINITION_SHAPE('Placement #198',
'Placement of SOLDER_BALL with respect to ACB0332A_ASM',#2715);
#2724=NEXT_ASSEMBLY_USAGE_OCCURRENCE('199','Next assembly relationship',
'SOLDER_BALL',#4812,#957,$);
#2725=PRODUCT_DEFINITION_SHAPE('Placement #199',
'Placement of SOLDER_BALL with respect to ACB0332A_ASM',#2724);
#2733=NEXT_ASSEMBLY_USAGE_OCCURRENCE('200','Next assembly relationship',
'SOLDER_BALL',#4812,#957,$);
#2734=PRODUCT_DEFINITION_SHAPE('Placement #200',
'Placement of SOLDER_BALL with respect to ACB0332A_ASM',#2733);
#2742=NEXT_ASSEMBLY_USAGE_OCCURRENCE('201','Next assembly relationship',
'SOLDER_BALL',#4812,#957,$);
#2743=PRODUCT_DEFINITION_SHAPE('Placement #201',
'Placement of SOLDER_BALL with respect to ACB0332A_ASM',#2742);
#2751=NEXT_ASSEMBLY_USAGE_OCCURRENCE('202','Next assembly relationship',
'SOLDER_BALL',#4812,#957,$);
#2752=PRODUCT_DEFINITION_SHAPE('Placement #202',
'Placement of SOLDER_BALL with respect to ACB0332A_ASM',#2751);
#2760=NEXT_ASSEMBLY_USAGE_OCCURRENCE('203','Next assembly relationship',
'SOLDER_BALL',#4812,#957,$);
#2761=PRODUCT_DEFINITION_SHAPE('Placement #203',
'Placement of SOLDER_BALL with respect to ACB0332A_ASM',#2760);
#2769=NEXT_ASSEMBLY_USAGE_OCCURRENCE('204','Next assembly relationship',
'SOLDER_BALL',#4812,#957,$);
#2770=PRODUCT_DEFINITION_SHAPE('Placement #204',
'Placement of SOLDER_BALL with respect to ACB0332A_ASM',#2769);
#2778=NEXT_ASSEMBLY_USAGE_OCCURRENCE('205','Next assembly relationship',
'SOLDER_BALL',#4812,#957,$);
#2779=PRODUCT_DEFINITION_SHAPE('Placement #205',
'Placement of SOLDER_BALL with respect to ACB0332A_ASM',#2778);
#2787=NEXT_ASSEMBLY_USAGE_OCCURRENCE('206','Next assembly relationship',
'SOLDER_BALL',#4812,#957,$);
#2788=PRODUCT_DEFINITION_SHAPE('Placement #206',
'Placement of SOLDER_BALL with respect to ACB0332A_ASM',#2787);
#2796=NEXT_ASSEMBLY_USAGE_OCCURRENCE('207','Next assembly relationship',
'SOLDER_BALL',#4812,#957,$);
#2797=PRODUCT_DEFINITION_SHAPE('Placement #207',
'Placement of SOLDER_BALL with respect to ACB0332A_ASM',#2796);
#2805=NEXT_ASSEMBLY_USAGE_OCCURRENCE('208','Next assembly relationship',
'SOLDER_BALL',#4812,#957,$);
#2806=PRODUCT_DEFINITION_SHAPE('Placement #208',
'Placement of SOLDER_BALL with respect to ACB0332A_ASM',#2805);
#2814=NEXT_ASSEMBLY_USAGE_OCCURRENCE('209','Next assembly relationship',
'SOLDER_BALL',#4812,#957,$);
#2815=PRODUCT_DEFINITION_SHAPE('Placement #209',
'Placement of SOLDER_BALL with respect to ACB0332A_ASM',#2814);
#2823=(LENGTH_UNIT()NAMED_UNIT(*)SI_UNIT(.MILLI.,.METRE.));
#2825=(NAMED_UNIT(*)PLANE_ANGLE_UNIT()SI_UNIT($,.RADIAN.));
#2828=(NAMED_UNIT(*)SI_UNIT($,.STERADIAN.)SOLID_ANGLE_UNIT());
#2834=AXIS2_PLACEMENT_3D('',#2831,#2832,#2833);
#2835=SHAPE_REPRESENTATION('',(#2834),#2830);
#2840=PRODUCT_DEFINITION('design','',#2839,#2836);
#2841=PRODUCT_DEFINITION_SHAPE('','SHAPE FOR PIN1_AREA.',#2840);
#2842=SHAPE_DEFINITION_REPRESENTATION(#2841,#2835);
#2843=NEXT_ASSEMBLY_USAGE_OCCURRENCE('210','Next assembly relationship',
'PIN1_AREA',#4812,#2840,$);
#2844=PRODUCT_DEFINITION_SHAPE('Placement #210',
'Placement of PIN1_AREA with respect to ACB0332A_ASM',#2843);
#2852=NEXT_ASSEMBLY_USAGE_OCCURRENCE('211','Next assembly relationship',
'SOLDER_BALL',#4812,#957,$);
#2853=PRODUCT_DEFINITION_SHAPE('Placement #211',
'Placement of SOLDER_BALL with respect to ACB0332A_ASM',#2852);
#2861=NEXT_ASSEMBLY_USAGE_OCCURRENCE('212','Next assembly relationship',
'SOLDER_BALL',#4812,#957,$);
#2862=PRODUCT_DEFINITION_SHAPE('Placement #212',
'Placement of SOLDER_BALL with respect to ACB0332A_ASM',#2861);
#2870=NEXT_ASSEMBLY_USAGE_OCCURRENCE('213','Next assembly relationship',
'SOLDER_BALL',#4812,#957,$);
#2871=PRODUCT_DEFINITION_SHAPE('Placement #213',
'Placement of SOLDER_BALL with respect to ACB0332A_ASM',#2870);
#2879=NEXT_ASSEMBLY_USAGE_OCCURRENCE('214','Next assembly relationship',
'SOLDER_BALL',#4812,#957,$);
#2880=PRODUCT_DEFINITION_SHAPE('Placement #214',
'Placement of SOLDER_BALL with respect to ACB0332A_ASM',#2879);
#2888=NEXT_ASSEMBLY_USAGE_OCCURRENCE('215','Next assembly relationship',
'SOLDER_BALL',#4812,#957,$);
#2889=PRODUCT_DEFINITION_SHAPE('Placement #215',
'Placement of SOLDER_BALL with respect to ACB0332A_ASM',#2888);
#2897=NEXT_ASSEMBLY_USAGE_OCCURRENCE('216','Next assembly relationship',
'SOLDER_BALL',#4812,#957,$);
#2898=PRODUCT_DEFINITION_SHAPE('Placement #216',
'Placement of SOLDER_BALL with respect to ACB0332A_ASM',#2897);
#2906=NEXT_ASSEMBLY_USAGE_OCCURRENCE('217','Next assembly relationship',
'SOLDER_BALL',#4812,#957,$);
#2907=PRODUCT_DEFINITION_SHAPE('Placement #217',
'Placement of SOLDER_BALL with respect to ACB0332A_ASM',#2906);
#2915=NEXT_ASSEMBLY_USAGE_OCCURRENCE('218','Next assembly relationship',
'SOLDER_BALL',#4812,#957,$);
#2916=PRODUCT_DEFINITION_SHAPE('Placement #218',
'Placement of SOLDER_BALL with respect to ACB0332A_ASM',#2915);
#2924=NEXT_ASSEMBLY_USAGE_OCCURRENCE('219','Next assembly relationship',
'SOLDER_BALL',#4812,#957,$);
#2925=PRODUCT_DEFINITION_SHAPE('Placement #219',
'Placement of SOLDER_BALL with respect to ACB0332A_ASM',#2924);
#2933=NEXT_ASSEMBLY_USAGE_OCCURRENCE('220','Next assembly relationship',
'SOLDER_BALL',#4812,#957,$);
#2934=PRODUCT_DEFINITION_SHAPE('Placement #220',
'Placement of SOLDER_BALL with respect to ACB0332A_ASM',#2933);
#2942=NEXT_ASSEMBLY_USAGE_OCCURRENCE('221','Next assembly relationship',
'SOLDER_BALL',#4812,#957,$);
#2943=PRODUCT_DEFINITION_SHAPE('Placement #221',
'Placement of SOLDER_BALL with respect to ACB0332A_ASM',#2942);
#2951=NEXT_ASSEMBLY_USAGE_OCCURRENCE('222','Next assembly relationship',
'SOLDER_BALL',#4812,#957,$);
#2952=PRODUCT_DEFINITION_SHAPE('Placement #222',
'Placement of SOLDER_BALL with respect to ACB0332A_ASM',#2951);
#2960=NEXT_ASSEMBLY_USAGE_OCCURRENCE('223','Next assembly relationship',
'SOLDER_BALL',#4812,#957,$);
#2961=PRODUCT_DEFINITION_SHAPE('Placement #223',
'Placement of SOLDER_BALL with respect to ACB0332A_ASM',#2960);
#2969=NEXT_ASSEMBLY_USAGE_OCCURRENCE('224','Next assembly relationship',
'SOLDER_BALL',#4812,#957,$);
#2970=PRODUCT_DEFINITION_SHAPE('Placement #224',
'Placement of SOLDER_BALL with respect to ACB0332A_ASM',#2969);
#2978=NEXT_ASSEMBLY_USAGE_OCCURRENCE('225','Next assembly relationship',
'SOLDER_BALL',#4812,#957,$);
#2979=PRODUCT_DEFINITION_SHAPE('Placement #225',
'Placement of SOLDER_BALL with respect to ACB0332A_ASM',#2978);
#2987=NEXT_ASSEMBLY_USAGE_OCCURRENCE('226','Next assembly relationship',
'SOLDER_BALL',#4812,#957,$);
#2988=PRODUCT_DEFINITION_SHAPE('Placement #226',
'Placement of SOLDER_BALL with respect to ACB0332A_ASM',#2987);
#2996=NEXT_ASSEMBLY_USAGE_OCCURRENCE('227','Next assembly relationship',
'SOLDER_BALL',#4812,#957,$);
#2997=PRODUCT_DEFINITION_SHAPE('Placement #227',
'Placement of SOLDER_BALL with respect to ACB0332A_ASM',#2996);
#3005=NEXT_ASSEMBLY_USAGE_OCCURRENCE('228','Next assembly relationship',
'SOLDER_BALL',#4812,#957,$);
#3006=PRODUCT_DEFINITION_SHAPE('Placement #228',
'Placement of SOLDER_BALL with respect to ACB0332A_ASM',#3005);
#3014=NEXT_ASSEMBLY_USAGE_OCCURRENCE('229','Next assembly relationship',
'SOLDER_BALL',#4812,#957,$);
#3015=PRODUCT_DEFINITION_SHAPE('Placement #229',
'Placement of SOLDER_BALL with respect to ACB0332A_ASM',#3014);
#3023=NEXT_ASSEMBLY_USAGE_OCCURRENCE('230','Next assembly relationship',
'SOLDER_BALL',#4812,#957,$);
#3024=PRODUCT_DEFINITION_SHAPE('Placement #230',
'Placement of SOLDER_BALL with respect to ACB0332A_ASM',#3023);
#3032=NEXT_ASSEMBLY_USAGE_OCCURRENCE('231','Next assembly relationship',
'SOLDER_BALL',#4812,#957,$);
#3033=PRODUCT_DEFINITION_SHAPE('Placement #231',
'Placement of SOLDER_BALL with respect to ACB0332A_ASM',#3032);
#3041=NEXT_ASSEMBLY_USAGE_OCCURRENCE('232','Next assembly relationship',
'SOLDER_BALL',#4812,#957,$);
#3042=PRODUCT_DEFINITION_SHAPE('Placement #232',
'Placement of SOLDER_BALL with respect to ACB0332A_ASM',#3041);
#3050=NEXT_ASSEMBLY_USAGE_OCCURRENCE('233','Next assembly relationship',
'SOLDER_BALL',#4812,#957,$);
#3051=PRODUCT_DEFINITION_SHAPE('Placement #233',
'Placement of SOLDER_BALL with respect to ACB0332A_ASM',#3050);
#3059=NEXT_ASSEMBLY_USAGE_OCCURRENCE('234','Next assembly relationship',
'SOLDER_BALL',#4812,#957,$);
#3060=PRODUCT_DEFINITION_SHAPE('Placement #234',
'Placement of SOLDER_BALL with respect to ACB0332A_ASM',#3059);
#3068=NEXT_ASSEMBLY_USAGE_OCCURRENCE('235','Next assembly relationship',
'SOLDER_BALL',#4812,#957,$);
#3069=PRODUCT_DEFINITION_SHAPE('Placement #235',
'Placement of SOLDER_BALL with respect to ACB0332A_ASM',#3068);
#3077=NEXT_ASSEMBLY_USAGE_OCCURRENCE('236','Next assembly relationship',
'SOLDER_BALL',#4812,#957,$);
#3078=PRODUCT_DEFINITION_SHAPE('Placement #236',
'Placement of SOLDER_BALL with respect to ACB0332A_ASM',#3077);
#3086=NEXT_ASSEMBLY_USAGE_OCCURRENCE('237','Next assembly relationship',
'SOLDER_BALL',#4812,#957,$);
#3087=PRODUCT_DEFINITION_SHAPE('Placement #237',
'Placement of SOLDER_BALL with respect to ACB0332A_ASM',#3086);
#3095=NEXT_ASSEMBLY_USAGE_OCCURRENCE('238','Next assembly relationship',
'SOLDER_BALL',#4812,#957,$);
#3096=PRODUCT_DEFINITION_SHAPE('Placement #238',
'Placement of SOLDER_BALL with respect to ACB0332A_ASM',#3095);
#3104=NEXT_ASSEMBLY_USAGE_OCCURRENCE('239','Next assembly relationship',
'SOLDER_BALL',#4812,#957,$);
#3105=PRODUCT_DEFINITION_SHAPE('Placement #239',
'Placement of SOLDER_BALL with respect to ACB0332A_ASM',#3104);
#3113=NEXT_ASSEMBLY_USAGE_OCCURRENCE('240','Next assembly relationship',
'SOLDER_BALL',#4812,#957,$);
#3114=PRODUCT_DEFINITION_SHAPE('Placement #240',
'Placement of SOLDER_BALL with respect to ACB0332A_ASM',#3113);
#3122=NEXT_ASSEMBLY_USAGE_OCCURRENCE('241','Next assembly relationship',
'SOLDER_BALL',#4812,#957,$);
#3123=PRODUCT_DEFINITION_SHAPE('Placement #241',
'Placement of SOLDER_BALL with respect to ACB0332A_ASM',#3122);
#3131=NEXT_ASSEMBLY_USAGE_OCCURRENCE('242','Next assembly relationship',
'SOLDER_BALL',#4812,#957,$);
#3132=PRODUCT_DEFINITION_SHAPE('Placement #242',
'Placement of SOLDER_BALL with respect to ACB0332A_ASM',#3131);
#3140=NEXT_ASSEMBLY_USAGE_OCCURRENCE('243','Next assembly relationship',
'SOLDER_BALL',#4812,#957,$);
#3141=PRODUCT_DEFINITION_SHAPE('Placement #243',
'Placement of SOLDER_BALL with respect to ACB0332A_ASM',#3140);
#3149=NEXT_ASSEMBLY_USAGE_OCCURRENCE('244','Next assembly relationship',
'SOLDER_BALL',#4812,#957,$);
#3150=PRODUCT_DEFINITION_SHAPE('Placement #244',
'Placement of SOLDER_BALL with respect to ACB0332A_ASM',#3149);
#3158=NEXT_ASSEMBLY_USAGE_OCCURRENCE('245','Next assembly relationship',
'SOLDER_BALL',#4812,#957,$);
#3159=PRODUCT_DEFINITION_SHAPE('Placement #245',
'Placement of SOLDER_BALL with respect to ACB0332A_ASM',#3158);
#3167=NEXT_ASSEMBLY_USAGE_OCCURRENCE('246','Next assembly relationship',
'SOLDER_BALL',#4812,#957,$);
#3168=PRODUCT_DEFINITION_SHAPE('Placement #246',
'Placement of SOLDER_BALL with respect to ACB0332A_ASM',#3167);
#3176=NEXT_ASSEMBLY_USAGE_OCCURRENCE('247','Next assembly relationship',
'SOLDER_BALL',#4812,#957,$);
#3177=PRODUCT_DEFINITION_SHAPE('Placement #247',
'Placement of SOLDER_BALL with respect to ACB0332A_ASM',#3176);
#3185=NEXT_ASSEMBLY_USAGE_OCCURRENCE('248','Next assembly relationship',
'SOLDER_BALL',#4812,#957,$);
#3186=PRODUCT_DEFINITION_SHAPE('Placement #248',
'Placement of SOLDER_BALL with respect to ACB0332A_ASM',#3185);
#3194=NEXT_ASSEMBLY_USAGE_OCCURRENCE('249','Next assembly relationship',
'SOLDER_BALL',#4812,#957,$);
#3195=PRODUCT_DEFINITION_SHAPE('Placement #249',
'Placement of SOLDER_BALL with respect to ACB0332A_ASM',#3194);
#3203=NEXT_ASSEMBLY_USAGE_OCCURRENCE('250','Next assembly relationship',
'SOLDER_BALL',#4812,#957,$);
#3204=PRODUCT_DEFINITION_SHAPE('Placement #250',
'Placement of SOLDER_BALL with respect to ACB0332A_ASM',#3203);
#3212=NEXT_ASSEMBLY_USAGE_OCCURRENCE('251','Next assembly relationship',
'SOLDER_BALL',#4812,#957,$);
#3213=PRODUCT_DEFINITION_SHAPE('Placement #251',
'Placement of SOLDER_BALL with respect to ACB0332A_ASM',#3212);
#3221=NEXT_ASSEMBLY_USAGE_OCCURRENCE('252','Next assembly relationship',
'SOLDER_BALL',#4812,#957,$);
#3222=PRODUCT_DEFINITION_SHAPE('Placement #252',
'Placement of SOLDER_BALL with respect to ACB0332A_ASM',#3221);
#3230=NEXT_ASSEMBLY_USAGE_OCCURRENCE('253','Next assembly relationship',
'SOLDER_BALL',#4812,#957,$);
#3231=PRODUCT_DEFINITION_SHAPE('Placement #253',
'Placement of SOLDER_BALL with respect to ACB0332A_ASM',#3230);
#3239=NEXT_ASSEMBLY_USAGE_OCCURRENCE('254','Next assembly relationship',
'SOLDER_BALL',#4812,#957,$);
#3240=PRODUCT_DEFINITION_SHAPE('Placement #254',
'Placement of SOLDER_BALL with respect to ACB0332A_ASM',#3239);
#3248=NEXT_ASSEMBLY_USAGE_OCCURRENCE('255','Next assembly relationship',
'SOLDER_BALL',#4812,#957,$);
#3249=PRODUCT_DEFINITION_SHAPE('Placement #255',
'Placement of SOLDER_BALL with respect to ACB0332A_ASM',#3248);
#3257=NEXT_ASSEMBLY_USAGE_OCCURRENCE('256','Next assembly relationship',
'SOLDER_BALL',#4812,#957,$);
#3258=PRODUCT_DEFINITION_SHAPE('Placement #256',
'Placement of SOLDER_BALL with respect to ACB0332A_ASM',#3257);
#3266=NEXT_ASSEMBLY_USAGE_OCCURRENCE('257','Next assembly relationship',
'SOLDER_BALL',#4812,#957,$);
#3267=PRODUCT_DEFINITION_SHAPE('Placement #257',
'Placement of SOLDER_BALL with respect to ACB0332A_ASM',#3266);
#3275=NEXT_ASSEMBLY_USAGE_OCCURRENCE('258','Next assembly relationship',
'SOLDER_BALL',#4812,#957,$);
#3276=PRODUCT_DEFINITION_SHAPE('Placement #258',
'Placement of SOLDER_BALL with respect to ACB0332A_ASM',#3275);
#3284=NEXT_ASSEMBLY_USAGE_OCCURRENCE('259','Next assembly relationship',
'SOLDER_BALL',#4812,#957,$);
#3285=PRODUCT_DEFINITION_SHAPE('Placement #259',
'Placement of SOLDER_BALL with respect to ACB0332A_ASM',#3284);
#3293=NEXT_ASSEMBLY_USAGE_OCCURRENCE('260','Next assembly relationship',
'SOLDER_BALL',#4812,#957,$);
#3294=PRODUCT_DEFINITION_SHAPE('Placement #260',
'Placement of SOLDER_BALL with respect to ACB0332A_ASM',#3293);
#3302=NEXT_ASSEMBLY_USAGE_OCCURRENCE('261','Next assembly relationship',
'SOLDER_BALL',#4812,#957,$);
#3303=PRODUCT_DEFINITION_SHAPE('Placement #261',
'Placement of SOLDER_BALL with respect to ACB0332A_ASM',#3302);
#3311=NEXT_ASSEMBLY_USAGE_OCCURRENCE('262','Next assembly relationship',
'SOLDER_BALL',#4812,#957,$);
#3312=PRODUCT_DEFINITION_SHAPE('Placement #262',
'Placement of SOLDER_BALL with respect to ACB0332A_ASM',#3311);
#3320=NEXT_ASSEMBLY_USAGE_OCCURRENCE('263','Next assembly relationship',
'SOLDER_BALL',#4812,#957,$);
#3321=PRODUCT_DEFINITION_SHAPE('Placement #263',
'Placement of SOLDER_BALL with respect to ACB0332A_ASM',#3320);
#3329=NEXT_ASSEMBLY_USAGE_OCCURRENCE('264','Next assembly relationship',
'SOLDER_BALL',#4812,#957,$);
#3330=PRODUCT_DEFINITION_SHAPE('Placement #264',
'Placement of SOLDER_BALL with respect to ACB0332A_ASM',#3329);
#3338=NEXT_ASSEMBLY_USAGE_OCCURRENCE('265','Next assembly relationship',
'SOLDER_BALL',#4812,#957,$);
#3339=PRODUCT_DEFINITION_SHAPE('Placement #265',
'Placement of SOLDER_BALL with respect to ACB0332A_ASM',#3338);
#3347=NEXT_ASSEMBLY_USAGE_OCCURRENCE('266','Next assembly relationship',
'SOLDER_BALL',#4812,#957,$);
#3348=PRODUCT_DEFINITION_SHAPE('Placement #266',
'Placement of SOLDER_BALL with respect to ACB0332A_ASM',#3347);
#3356=NEXT_ASSEMBLY_USAGE_OCCURRENCE('267','Next assembly relationship',
'SOLDER_BALL',#4812,#957,$);
#3357=PRODUCT_DEFINITION_SHAPE('Placement #267',
'Placement of SOLDER_BALL with respect to ACB0332A_ASM',#3356);
#3365=NEXT_ASSEMBLY_USAGE_OCCURRENCE('268','Next assembly relationship',
'SOLDER_BALL',#4812,#957,$);
#3366=PRODUCT_DEFINITION_SHAPE('Placement #268',
'Placement of SOLDER_BALL with respect to ACB0332A_ASM',#3365);
#3374=NEXT_ASSEMBLY_USAGE_OCCURRENCE('269','Next assembly relationship',
'SOLDER_BALL',#4812,#957,$);
#3375=PRODUCT_DEFINITION_SHAPE('Placement #269',
'Placement of SOLDER_BALL with respect to ACB0332A_ASM',#3374);
#3383=NEXT_ASSEMBLY_USAGE_OCCURRENCE('270','Next assembly relationship',
'SOLDER_BALL',#4812,#957,$);
#3384=PRODUCT_DEFINITION_SHAPE('Placement #270',
'Placement of SOLDER_BALL with respect to ACB0332A_ASM',#3383);
#3392=NEXT_ASSEMBLY_USAGE_OCCURRENCE('271','Next assembly relationship',
'SOLDER_BALL',#4812,#957,$);
#3393=PRODUCT_DEFINITION_SHAPE('Placement #271',
'Placement of SOLDER_BALL with respect to ACB0332A_ASM',#3392);
#3401=NEXT_ASSEMBLY_USAGE_OCCURRENCE('272','Next assembly relationship',
'SOLDER_BALL',#4812,#957,$);
#3402=PRODUCT_DEFINITION_SHAPE('Placement #272',
'Placement of SOLDER_BALL with respect to ACB0332A_ASM',#3401);
#3410=NEXT_ASSEMBLY_USAGE_OCCURRENCE('273','Next assembly relationship',
'SOLDER_BALL',#4812,#957,$);
#3411=PRODUCT_DEFINITION_SHAPE('Placement #273',
'Placement of SOLDER_BALL with respect to ACB0332A_ASM',#3410);
#3419=NEXT_ASSEMBLY_USAGE_OCCURRENCE('274','Next assembly relationship',
'SOLDER_BALL',#4812,#957,$);
#3420=PRODUCT_DEFINITION_SHAPE('Placement #274',
'Placement of SOLDER_BALL with respect to ACB0332A_ASM',#3419);
#3428=NEXT_ASSEMBLY_USAGE_OCCURRENCE('275','Next assembly relationship',
'SOLDER_BALL',#4812,#957,$);
#3429=PRODUCT_DEFINITION_SHAPE('Placement #275',
'Placement of SOLDER_BALL with respect to ACB0332A_ASM',#3428);
#3437=NEXT_ASSEMBLY_USAGE_OCCURRENCE('276','Next assembly relationship',
'SOLDER_BALL',#4812,#957,$);
#3438=PRODUCT_DEFINITION_SHAPE('Placement #276',
'Placement of SOLDER_BALL with respect to ACB0332A_ASM',#3437);
#3446=NEXT_ASSEMBLY_USAGE_OCCURRENCE('277','Next assembly relationship',
'SOLDER_BALL',#4812,#957,$);
#3447=PRODUCT_DEFINITION_SHAPE('Placement #277',
'Placement of SOLDER_BALL with respect to ACB0332A_ASM',#3446);
#3455=NEXT_ASSEMBLY_USAGE_OCCURRENCE('278','Next assembly relationship',
'SOLDER_BALL',#4812,#957,$);
#3456=PRODUCT_DEFINITION_SHAPE('Placement #278',
'Placement of SOLDER_BALL with respect to ACB0332A_ASM',#3455);
#3464=NEXT_ASSEMBLY_USAGE_OCCURRENCE('279','Next assembly relationship',
'SOLDER_BALL',#4812,#957,$);
#3465=PRODUCT_DEFINITION_SHAPE('Placement #279',
'Placement of SOLDER_BALL with respect to ACB0332A_ASM',#3464);
#3473=NEXT_ASSEMBLY_USAGE_OCCURRENCE('280','Next assembly relationship',
'SOLDER_BALL',#4812,#957,$);
#3474=PRODUCT_DEFINITION_SHAPE('Placement #280',
'Placement of SOLDER_BALL with respect to ACB0332A_ASM',#3473);
#3482=NEXT_ASSEMBLY_USAGE_OCCURRENCE('281','Next assembly relationship',
'SOLDER_BALL',#4812,#957,$);
#3483=PRODUCT_DEFINITION_SHAPE('Placement #281',
'Placement of SOLDER_BALL with respect to ACB0332A_ASM',#3482);
#3491=NEXT_ASSEMBLY_USAGE_OCCURRENCE('282','Next assembly relationship',
'SOLDER_BALL',#4812,#957,$);
#3492=PRODUCT_DEFINITION_SHAPE('Placement #282',
'Placement of SOLDER_BALL with respect to ACB0332A_ASM',#3491);
#3500=NEXT_ASSEMBLY_USAGE_OCCURRENCE('283','Next assembly relationship',
'SOLDER_BALL',#4812,#957,$);
#3501=PRODUCT_DEFINITION_SHAPE('Placement #283',
'Placement of SOLDER_BALL with respect to ACB0332A_ASM',#3500);
#3509=NEXT_ASSEMBLY_USAGE_OCCURRENCE('284','Next assembly relationship',
'SOLDER_BALL',#4812,#957,$);
#3510=PRODUCT_DEFINITION_SHAPE('Placement #284',
'Placement of SOLDER_BALL with respect to ACB0332A_ASM',#3509);
#3518=NEXT_ASSEMBLY_USAGE_OCCURRENCE('285','Next assembly relationship',
'SOLDER_BALL',#4812,#957,$);
#3519=PRODUCT_DEFINITION_SHAPE('Placement #285',
'Placement of SOLDER_BALL with respect to ACB0332A_ASM',#3518);
#3527=NEXT_ASSEMBLY_USAGE_OCCURRENCE('286','Next assembly relationship',
'SOLDER_BALL',#4812,#957,$);
#3528=PRODUCT_DEFINITION_SHAPE('Placement #286',
'Placement of SOLDER_BALL with respect to ACB0332A_ASM',#3527);
#3536=NEXT_ASSEMBLY_USAGE_OCCURRENCE('287','Next assembly relationship',
'SOLDER_BALL',#4812,#957,$);
#3537=PRODUCT_DEFINITION_SHAPE('Placement #287',
'Placement of SOLDER_BALL with respect to ACB0332A_ASM',#3536);
#3545=NEXT_ASSEMBLY_USAGE_OCCURRENCE('288','Next assembly relationship',
'SOLDER_BALL',#4812,#957,$);
#3546=PRODUCT_DEFINITION_SHAPE('Placement #288',
'Placement of SOLDER_BALL with respect to ACB0332A_ASM',#3545);
#3554=NEXT_ASSEMBLY_USAGE_OCCURRENCE('289','Next assembly relationship',
'SOLDER_BALL',#4812,#957,$);
#3555=PRODUCT_DEFINITION_SHAPE('Placement #289',
'Placement of SOLDER_BALL with respect to ACB0332A_ASM',#3554);
#3563=NEXT_ASSEMBLY_USAGE_OCCURRENCE('290','Next assembly relationship',
'SOLDER_BALL',#4812,#957,$);
#3564=PRODUCT_DEFINITION_SHAPE('Placement #290',
'Placement of SOLDER_BALL with respect to ACB0332A_ASM',#3563);
#3572=NEXT_ASSEMBLY_USAGE_OCCURRENCE('291','Next assembly relationship',
'SOLDER_BALL',#4812,#957,$);
#3573=PRODUCT_DEFINITION_SHAPE('Placement #291',
'Placement of SOLDER_BALL with respect to ACB0332A_ASM',#3572);
#3581=NEXT_ASSEMBLY_USAGE_OCCURRENCE('292','Next assembly relationship',
'SOLDER_BALL',#4812,#957,$);
#3582=PRODUCT_DEFINITION_SHAPE('Placement #292',
'Placement of SOLDER_BALL with respect to ACB0332A_ASM',#3581);
#3590=NEXT_ASSEMBLY_USAGE_OCCURRENCE('293','Next assembly relationship',
'SOLDER_BALL',#4812,#957,$);
#3591=PRODUCT_DEFINITION_SHAPE('Placement #293',
'Placement of SOLDER_BALL with respect to ACB0332A_ASM',#3590);
#3599=NEXT_ASSEMBLY_USAGE_OCCURRENCE('294','Next assembly relationship',
'SOLDER_BALL',#4812,#957,$);
#3600=PRODUCT_DEFINITION_SHAPE('Placement #294',
'Placement of SOLDER_BALL with respect to ACB0332A_ASM',#3599);
#3608=NEXT_ASSEMBLY_USAGE_OCCURRENCE('295','Next assembly relationship',
'SOLDER_BALL',#4812,#957,$);
#3609=PRODUCT_DEFINITION_SHAPE('Placement #295',
'Placement of SOLDER_BALL with respect to ACB0332A_ASM',#3608);
#3617=NEXT_ASSEMBLY_USAGE_OCCURRENCE('296','Next assembly relationship',
'SOLDER_BALL',#4812,#957,$);
#3618=PRODUCT_DEFINITION_SHAPE('Placement #296',
'Placement of SOLDER_BALL with respect to ACB0332A_ASM',#3617);
#3626=NEXT_ASSEMBLY_USAGE_OCCURRENCE('297','Next assembly relationship',
'SOLDER_BALL',#4812,#957,$);
#3627=PRODUCT_DEFINITION_SHAPE('Placement #297',
'Placement of SOLDER_BALL with respect to ACB0332A_ASM',#3626);
#3635=NEXT_ASSEMBLY_USAGE_OCCURRENCE('298','Next assembly relationship',
'SOLDER_BALL',#4812,#957,$);
#3636=PRODUCT_DEFINITION_SHAPE('Placement #298',
'Placement of SOLDER_BALL with respect to ACB0332A_ASM',#3635);
#3644=NEXT_ASSEMBLY_USAGE_OCCURRENCE('299','Next assembly relationship',
'SOLDER_BALL',#4812,#957,$);
#3645=PRODUCT_DEFINITION_SHAPE('Placement #299',
'Placement of SOLDER_BALL with respect to ACB0332A_ASM',#3644);
#3653=NEXT_ASSEMBLY_USAGE_OCCURRENCE('300','Next assembly relationship',
'SOLDER_BALL',#4812,#957,$);
#3654=PRODUCT_DEFINITION_SHAPE('Placement #300',
'Placement of SOLDER_BALL with respect to ACB0332A_ASM',#3653);
#3662=NEXT_ASSEMBLY_USAGE_OCCURRENCE('301','Next assembly relationship',
'SOLDER_BALL',#4812,#957,$);
#3663=PRODUCT_DEFINITION_SHAPE('Placement #301',
'Placement of SOLDER_BALL with respect to ACB0332A_ASM',#3662);
#3671=NEXT_ASSEMBLY_USAGE_OCCURRENCE('302','Next assembly relationship',
'SOLDER_BALL',#4812,#957,$);
#3672=PRODUCT_DEFINITION_SHAPE('Placement #302',
'Placement of SOLDER_BALL with respect to ACB0332A_ASM',#3671);
#3680=NEXT_ASSEMBLY_USAGE_OCCURRENCE('303','Next assembly relationship',
'SOLDER_BALL',#4812,#957,$);
#3681=PRODUCT_DEFINITION_SHAPE('Placement #303',
'Placement of SOLDER_BALL with respect to ACB0332A_ASM',#3680);
#3689=NEXT_ASSEMBLY_USAGE_OCCURRENCE('304','Next assembly relationship',
'SOLDER_BALL',#4812,#957,$);
#3690=PRODUCT_DEFINITION_SHAPE('Placement #304',
'Placement of SOLDER_BALL with respect to ACB0332A_ASM',#3689);
#3698=NEXT_ASSEMBLY_USAGE_OCCURRENCE('305','Next assembly relationship',
'SOLDER_BALL',#4812,#957,$);
#3699=PRODUCT_DEFINITION_SHAPE('Placement #305',
'Placement of SOLDER_BALL with respect to ACB0332A_ASM',#3698);
#3707=NEXT_ASSEMBLY_USAGE_OCCURRENCE('306','Next assembly relationship',
'SOLDER_BALL',#4812,#957,$);
#3708=PRODUCT_DEFINITION_SHAPE('Placement #306',
'Placement of SOLDER_BALL with respect to ACB0332A_ASM',#3707);
#3716=NEXT_ASSEMBLY_USAGE_OCCURRENCE('307','Next assembly relationship',
'SOLDER_BALL',#4812,#957,$);
#3717=PRODUCT_DEFINITION_SHAPE('Placement #307',
'Placement of SOLDER_BALL with respect to ACB0332A_ASM',#3716);
#3725=NEXT_ASSEMBLY_USAGE_OCCURRENCE('308','Next assembly relationship',
'SOLDER_BALL',#4812,#957,$);
#3726=PRODUCT_DEFINITION_SHAPE('Placement #308',
'Placement of SOLDER_BALL with respect to ACB0332A_ASM',#3725);
#3734=NEXT_ASSEMBLY_USAGE_OCCURRENCE('309','Next assembly relationship',
'SOLDER_BALL',#4812,#957,$);
#3735=PRODUCT_DEFINITION_SHAPE('Placement #309',
'Placement of SOLDER_BALL with respect to ACB0332A_ASM',#3734);
#3743=NEXT_ASSEMBLY_USAGE_OCCURRENCE('310','Next assembly relationship',
'SOLDER_BALL',#4812,#957,$);
#3744=PRODUCT_DEFINITION_SHAPE('Placement #310',
'Placement of SOLDER_BALL with respect to ACB0332A_ASM',#3743);
#3752=NEXT_ASSEMBLY_USAGE_OCCURRENCE('311','Next assembly relationship',
'SOLDER_BALL',#4812,#957,$);
#3753=PRODUCT_DEFINITION_SHAPE('Placement #311',
'Placement of SOLDER_BALL with respect to ACB0332A_ASM',#3752);
#3761=NEXT_ASSEMBLY_USAGE_OCCURRENCE('312','Next assembly relationship',
'SOLDER_BALL',#4812,#957,$);
#3762=PRODUCT_DEFINITION_SHAPE('Placement #312',
'Placement of SOLDER_BALL with respect to ACB0332A_ASM',#3761);
#3770=NEXT_ASSEMBLY_USAGE_OCCURRENCE('313','Next assembly relationship',
'SOLDER_BALL',#4812,#957,$);
#3771=PRODUCT_DEFINITION_SHAPE('Placement #313',
'Placement of SOLDER_BALL with respect to ACB0332A_ASM',#3770);
#3779=NEXT_ASSEMBLY_USAGE_OCCURRENCE('314','Next assembly relationship',
'SOLDER_BALL',#4812,#957,$);
#3780=PRODUCT_DEFINITION_SHAPE('Placement #314',
'Placement of SOLDER_BALL with respect to ACB0332A_ASM',#3779);
#3788=NEXT_ASSEMBLY_USAGE_OCCURRENCE('315','Next assembly relationship',
'SOLDER_BALL',#4812,#957,$);
#3789=PRODUCT_DEFINITION_SHAPE('Placement #315',
'Placement of SOLDER_BALL with respect to ACB0332A_ASM',#3788);
#3797=NEXT_ASSEMBLY_USAGE_OCCURRENCE('316','Next assembly relationship',
'SOLDER_BALL',#4812,#957,$);
#3798=PRODUCT_DEFINITION_SHAPE('Placement #316',
'Placement of SOLDER_BALL with respect to ACB0332A_ASM',#3797);
#3806=NEXT_ASSEMBLY_USAGE_OCCURRENCE('317','Next assembly relationship',
'SOLDER_BALL',#4812,#957,$);
#3807=PRODUCT_DEFINITION_SHAPE('Placement #317',
'Placement of SOLDER_BALL with respect to ACB0332A_ASM',#3806);
#3815=NEXT_ASSEMBLY_USAGE_OCCURRENCE('318','Next assembly relationship',
'SOLDER_BALL',#4812,#957,$);
#3816=PRODUCT_DEFINITION_SHAPE('Placement #318',
'Placement of SOLDER_BALL with respect to ACB0332A_ASM',#3815);
#3824=NEXT_ASSEMBLY_USAGE_OCCURRENCE('319','Next assembly relationship',
'SOLDER_BALL',#4812,#957,$);
#3825=PRODUCT_DEFINITION_SHAPE('Placement #319',
'Placement of SOLDER_BALL with respect to ACB0332A_ASM',#3824);
#3833=NEXT_ASSEMBLY_USAGE_OCCURRENCE('320','Next assembly relationship',
'SOLDER_BALL',#4812,#957,$);
#3834=PRODUCT_DEFINITION_SHAPE('Placement #320',
'Placement of SOLDER_BALL with respect to ACB0332A_ASM',#3833);
#3842=NEXT_ASSEMBLY_USAGE_OCCURRENCE('321','Next assembly relationship',
'SOLDER_BALL',#4812,#957,$);
#3843=PRODUCT_DEFINITION_SHAPE('Placement #321',
'Placement of SOLDER_BALL with respect to ACB0332A_ASM',#3842);
#3851=NEXT_ASSEMBLY_USAGE_OCCURRENCE('322','Next assembly relationship',
'SOLDER_BALL',#4812,#957,$);
#3852=PRODUCT_DEFINITION_SHAPE('Placement #322',
'Placement of SOLDER_BALL with respect to ACB0332A_ASM',#3851);
#3860=NEXT_ASSEMBLY_USAGE_OCCURRENCE('323','Next assembly relationship',
'SOLDER_BALL',#4812,#957,$);
#3861=PRODUCT_DEFINITION_SHAPE('Placement #323',
'Placement of SOLDER_BALL with respect to ACB0332A_ASM',#3860);
#3869=NEXT_ASSEMBLY_USAGE_OCCURRENCE('324','Next assembly relationship',
'SOLDER_BALL',#4812,#957,$);
#3870=PRODUCT_DEFINITION_SHAPE('Placement #324',
'Placement of SOLDER_BALL with respect to ACB0332A_ASM',#3869);
#3878=NEXT_ASSEMBLY_USAGE_OCCURRENCE('325','Next assembly relationship',
'SOLDER_BALL',#4812,#957,$);
#3879=PRODUCT_DEFINITION_SHAPE('Placement #325',
'Placement of SOLDER_BALL with respect to ACB0332A_ASM',#3878);
#3887=NEXT_ASSEMBLY_USAGE_OCCURRENCE('326','Next assembly relationship',
'SOLDER_BALL',#4812,#957,$);
#3888=PRODUCT_DEFINITION_SHAPE('Placement #326',
'Placement of SOLDER_BALL with respect to ACB0332A_ASM',#3887);
#3896=NEXT_ASSEMBLY_USAGE_OCCURRENCE('327','Next assembly relationship',
'SOLDER_BALL',#4812,#957,$);
#3897=PRODUCT_DEFINITION_SHAPE('Placement #327',
'Placement of SOLDER_BALL with respect to ACB0332A_ASM',#3896);
#3905=NEXT_ASSEMBLY_USAGE_OCCURRENCE('328','Next assembly relationship',
'SOLDER_BALL',#4812,#957,$);
#3906=PRODUCT_DEFINITION_SHAPE('Placement #328',
'Placement of SOLDER_BALL with respect to ACB0332A_ASM',#3905);
#3914=NEXT_ASSEMBLY_USAGE_OCCURRENCE('329','Next assembly relationship',
'SOLDER_BALL',#4812,#957,$);
#3915=PRODUCT_DEFINITION_SHAPE('Placement #329',
'Placement of SOLDER_BALL with respect to ACB0332A_ASM',#3914);
#3923=NEXT_ASSEMBLY_USAGE_OCCURRENCE('330','Next assembly relationship',
'SOLDER_BALL',#4812,#957,$);
#3924=PRODUCT_DEFINITION_SHAPE('Placement #330',
'Placement of SOLDER_BALL with respect to ACB0332A_ASM',#3923);
#3932=NEXT_ASSEMBLY_USAGE_OCCURRENCE('331','Next assembly relationship',
'SOLDER_BALL',#4812,#957,$);
#3933=PRODUCT_DEFINITION_SHAPE('Placement #331',
'Placement of SOLDER_BALL with respect to ACB0332A_ASM',#3932);
#3941=NEXT_ASSEMBLY_USAGE_OCCURRENCE('332','Next assembly relationship',
'SOLDER_BALL',#4812,#957,$);
#3942=PRODUCT_DEFINITION_SHAPE('Placement #332',
'Placement of SOLDER_BALL with respect to ACB0332A_ASM',#3941);
#3950=NEXT_ASSEMBLY_USAGE_OCCURRENCE('333','Next assembly relationship',
'SOLDER_BALL',#4812,#957,$);
#3951=PRODUCT_DEFINITION_SHAPE('Placement #333',
'Placement of SOLDER_BALL with respect to ACB0332A_ASM',#3950);
#3959=NEXT_ASSEMBLY_USAGE_OCCURRENCE('334','Next assembly relationship',
'SOLDER_BALL',#4812,#957,$);
#3960=PRODUCT_DEFINITION_SHAPE('Placement #334',
'Placement of SOLDER_BALL with respect to ACB0332A_ASM',#3959);
#3968=NEXT_ASSEMBLY_USAGE_OCCURRENCE('335','Next assembly relationship',
'SOLDER_BALL',#4812,#957,$);
#3969=PRODUCT_DEFINITION_SHAPE('Placement #335',
'Placement of SOLDER_BALL with respect to ACB0332A_ASM',#3968);
#3977=NEXT_ASSEMBLY_USAGE_OCCURRENCE('336','Next assembly relationship',
'SOLDER_BALL',#4812,#957,$);
#3978=PRODUCT_DEFINITION_SHAPE('Placement #336',
'Placement of SOLDER_BALL with respect to ACB0332A_ASM',#3977);
#3986=NEXT_ASSEMBLY_USAGE_OCCURRENCE('337','Next assembly relationship',
'SOLDER_BALL',#4812,#957,$);
#3987=PRODUCT_DEFINITION_SHAPE('Placement #337',
'Placement of SOLDER_BALL with respect to ACB0332A_ASM',#3986);
#3995=NEXT_ASSEMBLY_USAGE_OCCURRENCE('338','Next assembly relationship',
'SOLDER_BALL',#4812,#957,$);
#3996=PRODUCT_DEFINITION_SHAPE('Placement #338',
'Placement of SOLDER_BALL with respect to ACB0332A_ASM',#3995);
#4004=NEXT_ASSEMBLY_USAGE_OCCURRENCE('339','Next assembly relationship',
'SOLDER_BALL',#4812,#957,$);
#4005=PRODUCT_DEFINITION_SHAPE('Placement #339',
'Placement of SOLDER_BALL with respect to ACB0332A_ASM',#4004);
#4013=NEXT_ASSEMBLY_USAGE_OCCURRENCE('340','Next assembly relationship',
'SOLDER_BALL',#4812,#957,$);
#4014=PRODUCT_DEFINITION_SHAPE('Placement #340',
'Placement of SOLDER_BALL with respect to ACB0332A_ASM',#4013);
#4022=NEXT_ASSEMBLY_USAGE_OCCURRENCE('341','Next assembly relationship',
'SOLDER_BALL',#4812,#957,$);
#4023=PRODUCT_DEFINITION_SHAPE('Placement #341',
'Placement of SOLDER_BALL with respect to ACB0332A_ASM',#4022);
#4031=NEXT_ASSEMBLY_USAGE_OCCURRENCE('342','Next assembly relationship',
'SOLDER_BALL',#4812,#957,$);
#4032=PRODUCT_DEFINITION_SHAPE('Placement #342',
'Placement of SOLDER_BALL with respect to ACB0332A_ASM',#4031);
#4040=NEXT_ASSEMBLY_USAGE_OCCURRENCE('343','Next assembly relationship',
'SOLDER_BALL',#4812,#957,$);
#4041=PRODUCT_DEFINITION_SHAPE('Placement #343',
'Placement of SOLDER_BALL with respect to ACB0332A_ASM',#4040);
#4049=NEXT_ASSEMBLY_USAGE_OCCURRENCE('344','Next assembly relationship',
'SOLDER_BALL',#4812,#957,$);
#4050=PRODUCT_DEFINITION_SHAPE('Placement #344',
'Placement of SOLDER_BALL with respect to ACB0332A_ASM',#4049);
#4058=NEXT_ASSEMBLY_USAGE_OCCURRENCE('345','Next assembly relationship',
'SOLDER_BALL',#4812,#957,$);
#4059=PRODUCT_DEFINITION_SHAPE('Placement #345',
'Placement of SOLDER_BALL with respect to ACB0332A_ASM',#4058);
#4067=NEXT_ASSEMBLY_USAGE_OCCURRENCE('346','Next assembly relationship',
'SOLDER_BALL',#4812,#957,$);
#4068=PRODUCT_DEFINITION_SHAPE('Placement #346',
'Placement of SOLDER_BALL with respect to ACB0332A_ASM',#4067);
#4076=NEXT_ASSEMBLY_USAGE_OCCURRENCE('347','Next assembly relationship',
'SOLDER_BALL',#4812,#957,$);
#4077=PRODUCT_DEFINITION_SHAPE('Placement #347',
'Placement of SOLDER_BALL with respect to ACB0332A_ASM',#4076);
#4085=NEXT_ASSEMBLY_USAGE_OCCURRENCE('348','Next assembly relationship',
'SOLDER_BALL',#4812,#957,$);
#4086=PRODUCT_DEFINITION_SHAPE('Placement #348',
'Placement of SOLDER_BALL with respect to ACB0332A_ASM',#4085);
#4094=NEXT_ASSEMBLY_USAGE_OCCURRENCE('349','Next assembly relationship',
'SOLDER_BALL',#4812,#957,$);
#4095=PRODUCT_DEFINITION_SHAPE('Placement #349',
'Placement of SOLDER_BALL with respect to ACB0332A_ASM',#4094);
#4103=NEXT_ASSEMBLY_USAGE_OCCURRENCE('350','Next assembly relationship',
'SOLDER_BALL',#4812,#957,$);
#4104=PRODUCT_DEFINITION_SHAPE('Placement #350',
'Placement of SOLDER_BALL with respect to ACB0332A_ASM',#4103);
#4112=NEXT_ASSEMBLY_USAGE_OCCURRENCE('351','Next assembly relationship',
'SOLDER_BALL',#4812,#957,$);
#4113=PRODUCT_DEFINITION_SHAPE('Placement #351',
'Placement of SOLDER_BALL with respect to ACB0332A_ASM',#4112);
#4121=NEXT_ASSEMBLY_USAGE_OCCURRENCE('352','Next assembly relationship',
'SOLDER_BALL',#4812,#957,$);
#4122=PRODUCT_DEFINITION_SHAPE('Placement #352',
'Placement of SOLDER_BALL with respect to ACB0332A_ASM',#4121);
#4130=NEXT_ASSEMBLY_USAGE_OCCURRENCE('353','Next assembly relationship',
'SOLDER_BALL',#4812,#957,$);
#4131=PRODUCT_DEFINITION_SHAPE('Placement #353',
'Placement of SOLDER_BALL with respect to ACB0332A_ASM',#4130);
#4139=NEXT_ASSEMBLY_USAGE_OCCURRENCE('354','Next assembly relationship',
'SOLDER_BALL',#4812,#957,$);
#4140=PRODUCT_DEFINITION_SHAPE('Placement #354',
'Placement of SOLDER_BALL with respect to ACB0332A_ASM',#4139);
#4148=NEXT_ASSEMBLY_USAGE_OCCURRENCE('355','Next assembly relationship',
'SOLDER_BALL',#4812,#957,$);
#4149=PRODUCT_DEFINITION_SHAPE('Placement #355',
'Placement of SOLDER_BALL with respect to ACB0332A_ASM',#4148);
#4157=NEXT_ASSEMBLY_USAGE_OCCURRENCE('356','Next assembly relationship',
'SOLDER_BALL',#4812,#957,$);
#4158=PRODUCT_DEFINITION_SHAPE('Placement #356',
'Placement of SOLDER_BALL with respect to ACB0332A_ASM',#4157);
#4166=NEXT_ASSEMBLY_USAGE_OCCURRENCE('357','Next assembly relationship',
'SOLDER_BALL',#4812,#957,$);
#4167=PRODUCT_DEFINITION_SHAPE('Placement #357',
'Placement of SOLDER_BALL with respect to ACB0332A_ASM',#4166);
#4175=NEXT_ASSEMBLY_USAGE_OCCURRENCE('358','Next assembly relationship',
'SOLDER_BALL',#4812,#957,$);
#4176=PRODUCT_DEFINITION_SHAPE('Placement #358',
'Placement of SOLDER_BALL with respect to ACB0332A_ASM',#4175);
#4184=NEXT_ASSEMBLY_USAGE_OCCURRENCE('359','Next assembly relationship',
'SOLDER_BALL',#4812,#957,$);
#4185=PRODUCT_DEFINITION_SHAPE('Placement #359',
'Placement of SOLDER_BALL with respect to ACB0332A_ASM',#4184);
#4193=NEXT_ASSEMBLY_USAGE_OCCURRENCE('360','Next assembly relationship',
'SOLDER_BALL',#4812,#957,$);
#4194=PRODUCT_DEFINITION_SHAPE('Placement #360',
'Placement of SOLDER_BALL with respect to ACB0332A_ASM',#4193);
#4202=NEXT_ASSEMBLY_USAGE_OCCURRENCE('361','Next assembly relationship',
'SOLDER_BALL',#4812,#957,$);
#4203=PRODUCT_DEFINITION_SHAPE('Placement #361',
'Placement of SOLDER_BALL with respect to ACB0332A_ASM',#4202);
#4211=NEXT_ASSEMBLY_USAGE_OCCURRENCE('362','Next assembly relationship',
'SOLDER_BALL',#4812,#957,$);
#4212=PRODUCT_DEFINITION_SHAPE('Placement #362',
'Placement of SOLDER_BALL with respect to ACB0332A_ASM',#4211);
#4220=NEXT_ASSEMBLY_USAGE_OCCURRENCE('363','Next assembly relationship',
'SOLDER_BALL',#4812,#957,$);
#4221=PRODUCT_DEFINITION_SHAPE('Placement #363',
'Placement of SOLDER_BALL with respect to ACB0332A_ASM',#4220);
#4229=NEXT_ASSEMBLY_USAGE_OCCURRENCE('364','Next assembly relationship',
'SOLDER_BALL',#4812,#957,$);
#4230=PRODUCT_DEFINITION_SHAPE('Placement #364',
'Placement of SOLDER_BALL with respect to ACB0332A_ASM',#4229);
#4238=NEXT_ASSEMBLY_USAGE_OCCURRENCE('365','Next assembly relationship',
'SOLDER_BALL',#4812,#957,$);
#4239=PRODUCT_DEFINITION_SHAPE('Placement #365',
'Placement of SOLDER_BALL with respect to ACB0332A_ASM',#4238);
#4247=NEXT_ASSEMBLY_USAGE_OCCURRENCE('366','Next assembly relationship',
'SOLDER_BALL',#4812,#957,$);
#4248=PRODUCT_DEFINITION_SHAPE('Placement #366',
'Placement of SOLDER_BALL with respect to ACB0332A_ASM',#4247);
#4256=NEXT_ASSEMBLY_USAGE_OCCURRENCE('367','Next assembly relationship',
'SOLDER_BALL',#4812,#957,$);
#4257=PRODUCT_DEFINITION_SHAPE('Placement #367',
'Placement of SOLDER_BALL with respect to ACB0332A_ASM',#4256);
#4265=NEXT_ASSEMBLY_USAGE_OCCURRENCE('368','Next assembly relationship',
'SOLDER_BALL',#4812,#957,$);
#4266=PRODUCT_DEFINITION_SHAPE('Placement #368',
'Placement of SOLDER_BALL with respect to ACB0332A_ASM',#4265);
#4274=NEXT_ASSEMBLY_USAGE_OCCURRENCE('369','Next assembly relationship',
'SOLDER_BALL',#4812,#957,$);
#4275=PRODUCT_DEFINITION_SHAPE('Placement #369',
'Placement of SOLDER_BALL with respect to ACB0332A_ASM',#4274);
#4283=NEXT_ASSEMBLY_USAGE_OCCURRENCE('370','Next assembly relationship',
'SOLDER_BALL',#4812,#957,$);
#4284=PRODUCT_DEFINITION_SHAPE('Placement #370',
'Placement of SOLDER_BALL with respect to ACB0332A_ASM',#4283);
#4292=NEXT_ASSEMBLY_USAGE_OCCURRENCE('371','Next assembly relationship',
'SOLDER_BALL',#4812,#957,$);
#4293=PRODUCT_DEFINITION_SHAPE('Placement #371',
'Placement of SOLDER_BALL with respect to ACB0332A_ASM',#4292);
#4301=NEXT_ASSEMBLY_USAGE_OCCURRENCE('372','Next assembly relationship',
'SOLDER_BALL',#4812,#957,$);
#4302=PRODUCT_DEFINITION_SHAPE('Placement #372',
'Placement of SOLDER_BALL with respect to ACB0332A_ASM',#4301);
#4310=NEXT_ASSEMBLY_USAGE_OCCURRENCE('373','Next assembly relationship',
'SOLDER_BALL',#4812,#957,$);
#4311=PRODUCT_DEFINITION_SHAPE('Placement #373',
'Placement of SOLDER_BALL with respect to ACB0332A_ASM',#4310);
#4319=NEXT_ASSEMBLY_USAGE_OCCURRENCE('374','Next assembly relationship',
'SOLDER_BALL',#4812,#957,$);
#4320=PRODUCT_DEFINITION_SHAPE('Placement #374',
'Placement of SOLDER_BALL with respect to ACB0332A_ASM',#4319);
#4328=NEXT_ASSEMBLY_USAGE_OCCURRENCE('375','Next assembly relationship',
'SOLDER_BALL',#4812,#957,$);
#4329=PRODUCT_DEFINITION_SHAPE('Placement #375',
'Placement of SOLDER_BALL with respect to ACB0332A_ASM',#4328);
#4337=NEXT_ASSEMBLY_USAGE_OCCURRENCE('376','Next assembly relationship',
'SOLDER_BALL',#4812,#957,$);
#4338=PRODUCT_DEFINITION_SHAPE('Placement #376',
'Placement of SOLDER_BALL with respect to ACB0332A_ASM',#4337);
#4346=NEXT_ASSEMBLY_USAGE_OCCURRENCE('377','Next assembly relationship',
'SOLDER_BALL',#4812,#957,$);
#4347=PRODUCT_DEFINITION_SHAPE('Placement #377',
'Placement of SOLDER_BALL with respect to ACB0332A_ASM',#4346);
#4355=NEXT_ASSEMBLY_USAGE_OCCURRENCE('378','Next assembly relationship',
'SOLDER_BALL',#4812,#957,$);
#4356=PRODUCT_DEFINITION_SHAPE('Placement #378',
'Placement of SOLDER_BALL with respect to ACB0332A_ASM',#4355);
#4364=NEXT_ASSEMBLY_USAGE_OCCURRENCE('379','Next assembly relationship',
'SOLDER_BALL',#4812,#957,$);
#4365=PRODUCT_DEFINITION_SHAPE('Placement #379',
'Placement of SOLDER_BALL with respect to ACB0332A_ASM',#4364);
#4373=NEXT_ASSEMBLY_USAGE_OCCURRENCE('380','Next assembly relationship',
'SOLDER_BALL',#4812,#957,$);
#4374=PRODUCT_DEFINITION_SHAPE('Placement #380',
'Placement of SOLDER_BALL with respect to ACB0332A_ASM',#4373);
#4382=NEXT_ASSEMBLY_USAGE_OCCURRENCE('381','Next assembly relationship',
'SOLDER_BALL',#4812,#957,$);
#4383=PRODUCT_DEFINITION_SHAPE('Placement #381',
'Placement of SOLDER_BALL with respect to ACB0332A_ASM',#4382);
#4391=NEXT_ASSEMBLY_USAGE_OCCURRENCE('382','Next assembly relationship',
'SOLDER_BALL',#4812,#957,$);
#4392=PRODUCT_DEFINITION_SHAPE('Placement #382',
'Placement of SOLDER_BALL with respect to ACB0332A_ASM',#4391);
#4400=NEXT_ASSEMBLY_USAGE_OCCURRENCE('383','Next assembly relationship',
'SOLDER_BALL',#4812,#957,$);
#4401=PRODUCT_DEFINITION_SHAPE('Placement #383',
'Placement of SOLDER_BALL with respect to ACB0332A_ASM',#4400);
#4409=NEXT_ASSEMBLY_USAGE_OCCURRENCE('384','Next assembly relationship',
'SOLDER_BALL',#4812,#957,$);
#4410=PRODUCT_DEFINITION_SHAPE('Placement #384',
'Placement of SOLDER_BALL with respect to ACB0332A_ASM',#4409);
#4418=NEXT_ASSEMBLY_USAGE_OCCURRENCE('385','Next assembly relationship',
'SOLDER_BALL',#4812,#957,$);
#4419=PRODUCT_DEFINITION_SHAPE('Placement #385',
'Placement of SOLDER_BALL with respect to ACB0332A_ASM',#4418);
#4427=NEXT_ASSEMBLY_USAGE_OCCURRENCE('386','Next assembly relationship',
'SOLDER_BALL',#4812,#957,$);
#4428=PRODUCT_DEFINITION_SHAPE('Placement #386',
'Placement of SOLDER_BALL with respect to ACB0332A_ASM',#4427);
#4436=NEXT_ASSEMBLY_USAGE_OCCURRENCE('387','Next assembly relationship',
'SOLDER_BALL',#4812,#957,$);
#4437=PRODUCT_DEFINITION_SHAPE('Placement #387',
'Placement of SOLDER_BALL with respect to ACB0332A_ASM',#4436);
#4445=NEXT_ASSEMBLY_USAGE_OCCURRENCE('388','Next assembly relationship',
'SOLDER_BALL',#4812,#957,$);
#4446=PRODUCT_DEFINITION_SHAPE('Placement #388',
'Placement of SOLDER_BALL with respect to ACB0332A_ASM',#4445);
#4454=NEXT_ASSEMBLY_USAGE_OCCURRENCE('389','Next assembly relationship',
'SOLDER_BALL',#4812,#957,$);
#4455=PRODUCT_DEFINITION_SHAPE('Placement #389',
'Placement of SOLDER_BALL with respect to ACB0332A_ASM',#4454);
#4463=NEXT_ASSEMBLY_USAGE_OCCURRENCE('390','Next assembly relationship',
'SOLDER_BALL',#4812,#957,$);
#4464=PRODUCT_DEFINITION_SHAPE('Placement #390',
'Placement of SOLDER_BALL with respect to ACB0332A_ASM',#4463);
#4472=NEXT_ASSEMBLY_USAGE_OCCURRENCE('391','Next assembly relationship',
'SOLDER_BALL',#4812,#957,$);
#4473=PRODUCT_DEFINITION_SHAPE('Placement #391',
'Placement of SOLDER_BALL with respect to ACB0332A_ASM',#4472);
#4481=NEXT_ASSEMBLY_USAGE_OCCURRENCE('392','Next assembly relationship',
'SOLDER_BALL',#4812,#957,$);
#4482=PRODUCT_DEFINITION_SHAPE('Placement #392',
'Placement of SOLDER_BALL with respect to ACB0332A_ASM',#4481);
#4490=NEXT_ASSEMBLY_USAGE_OCCURRENCE('393','Next assembly relationship',
'SOLDER_BALL',#4812,#957,$);
#4491=PRODUCT_DEFINITION_SHAPE('Placement #393',
'Placement of SOLDER_BALL with respect to ACB0332A_ASM',#4490);
#4499=NEXT_ASSEMBLY_USAGE_OCCURRENCE('394','Next assembly relationship',
'SOLDER_BALL',#4812,#957,$);
#4500=PRODUCT_DEFINITION_SHAPE('Placement #394',
'Placement of SOLDER_BALL with respect to ACB0332A_ASM',#4499);
#4508=NEXT_ASSEMBLY_USAGE_OCCURRENCE('395','Next assembly relationship',
'SOLDER_BALL',#4812,#957,$);
#4509=PRODUCT_DEFINITION_SHAPE('Placement #395',
'Placement of SOLDER_BALL with respect to ACB0332A_ASM',#4508);
#4517=NEXT_ASSEMBLY_USAGE_OCCURRENCE('396','Next assembly relationship',
'SOLDER_BALL',#4812,#957,$);
#4518=PRODUCT_DEFINITION_SHAPE('Placement #396',
'Placement of SOLDER_BALL with respect to ACB0332A_ASM',#4517);
#4526=NEXT_ASSEMBLY_USAGE_OCCURRENCE('397','Next assembly relationship',
'SOLDER_BALL',#4812,#957,$);
#4527=PRODUCT_DEFINITION_SHAPE('Placement #397',
'Placement of SOLDER_BALL with respect to ACB0332A_ASM',#4526);
#4535=NEXT_ASSEMBLY_USAGE_OCCURRENCE('398','Next assembly relationship',
'SOLDER_BALL',#4812,#957,$);
#4536=PRODUCT_DEFINITION_SHAPE('Placement #398',
'Placement of SOLDER_BALL with respect to ACB0332A_ASM',#4535);
#4544=NEXT_ASSEMBLY_USAGE_OCCURRENCE('399','Next assembly relationship',
'SOLDER_BALL',#4812,#957,$);
#4545=PRODUCT_DEFINITION_SHAPE('Placement #399',
'Placement of SOLDER_BALL with respect to ACB0332A_ASM',#4544);
#4553=NEXT_ASSEMBLY_USAGE_OCCURRENCE('400','Next assembly relationship',
'SOLDER_BALL',#4812,#957,$);
#4554=PRODUCT_DEFINITION_SHAPE('Placement #400',
'Placement of SOLDER_BALL with respect to ACB0332A_ASM',#4553);
#4562=NEXT_ASSEMBLY_USAGE_OCCURRENCE('401','Next assembly relationship',
'SOLDER_BALL',#4812,#957,$);
#4563=PRODUCT_DEFINITION_SHAPE('Placement #401',
'Placement of SOLDER_BALL with respect to ACB0332A_ASM',#4562);
#4571=NEXT_ASSEMBLY_USAGE_OCCURRENCE('402','Next assembly relationship',
'SOLDER_BALL',#4812,#957,$);
#4572=PRODUCT_DEFINITION_SHAPE('Placement #402',
'Placement of SOLDER_BALL with respect to ACB0332A_ASM',#4571);
#4580=NEXT_ASSEMBLY_USAGE_OCCURRENCE('403','Next assembly relationship',
'SOLDER_BALL',#4812,#957,$);
#4581=PRODUCT_DEFINITION_SHAPE('Placement #403',
'Placement of SOLDER_BALL with respect to ACB0332A_ASM',#4580);
#4589=NEXT_ASSEMBLY_USAGE_OCCURRENCE('404','Next assembly relationship',
'SOLDER_BALL',#4812,#957,$);
#4590=PRODUCT_DEFINITION_SHAPE('Placement #404',
'Placement of SOLDER_BALL with respect to ACB0332A_ASM',#4589);
#4598=NEXT_ASSEMBLY_USAGE_OCCURRENCE('405','Next assembly relationship',
'SOLDER_BALL',#4812,#957,$);
#4599=PRODUCT_DEFINITION_SHAPE('Placement #405',
'Placement of SOLDER_BALL with respect to ACB0332A_ASM',#4598);
#4607=NEXT_ASSEMBLY_USAGE_OCCURRENCE('406','Next assembly relationship',
'SOLDER_BALL',#4812,#957,$);
#4608=PRODUCT_DEFINITION_SHAPE('Placement #406',
'Placement of SOLDER_BALL with respect to ACB0332A_ASM',#4607);
#4616=NEXT_ASSEMBLY_USAGE_OCCURRENCE('407','Next assembly relationship',
'SOLDER_BALL',#4812,#957,$);
#4617=PRODUCT_DEFINITION_SHAPE('Placement #407',
'Placement of SOLDER_BALL with respect to ACB0332A_ASM',#4616);
#4625=NEXT_ASSEMBLY_USAGE_OCCURRENCE('408','Next assembly relationship',
'SOLDER_BALL',#4812,#957,$);
#4626=PRODUCT_DEFINITION_SHAPE('Placement #408',
'Placement of SOLDER_BALL with respect to ACB0332A_ASM',#4625);
#4634=NEXT_ASSEMBLY_USAGE_OCCURRENCE('409','Next assembly relationship',
'SOLDER_BALL',#4812,#957,$);
#4635=PRODUCT_DEFINITION_SHAPE('Placement #409',
'Placement of SOLDER_BALL with respect to ACB0332A_ASM',#4634);
#4643=NEXT_ASSEMBLY_USAGE_OCCURRENCE('410','Next assembly relationship',
'SOLDER_BALL',#4812,#957,$);
#4644=PRODUCT_DEFINITION_SHAPE('Placement #410',
'Placement of SOLDER_BALL with respect to ACB0332A_ASM',#4643);
#4652=NEXT_ASSEMBLY_USAGE_OCCURRENCE('411','Next assembly relationship',
'SOLDER_BALL',#4812,#957,$);
#4653=PRODUCT_DEFINITION_SHAPE('Placement #411',
'Placement of SOLDER_BALL with respect to ACB0332A_ASM',#4652);
#4661=NEXT_ASSEMBLY_USAGE_OCCURRENCE('412','Next assembly relationship',
'SOLDER_BALL',#4812,#957,$);
#4662=PRODUCT_DEFINITION_SHAPE('Placement #412',
'Placement of SOLDER_BALL with respect to ACB0332A_ASM',#4661);
#4670=NEXT_ASSEMBLY_USAGE_OCCURRENCE('413','Next assembly relationship',
'SOLDER_BALL',#4812,#957,$);
#4671=PRODUCT_DEFINITION_SHAPE('Placement #413',
'Placement of SOLDER_BALL with respect to ACB0332A_ASM',#4670);
#4679=NEXT_ASSEMBLY_USAGE_OCCURRENCE('414','Next assembly relationship',
'SOLDER_BALL',#4812,#957,$);
#4680=PRODUCT_DEFINITION_SHAPE('Placement #414',
'Placement of SOLDER_BALL with respect to ACB0332A_ASM',#4679);
#4688=NEXT_ASSEMBLY_USAGE_OCCURRENCE('415','Next assembly relationship',
'SOLDER_BALL',#4812,#957,$);
#4689=PRODUCT_DEFINITION_SHAPE('Placement #415',
'Placement of SOLDER_BALL with respect to ACB0332A_ASM',#4688);
#4697=NEXT_ASSEMBLY_USAGE_OCCURRENCE('416','Next assembly relationship',
'SOLDER_BALL',#4812,#957,$);
#4698=PRODUCT_DEFINITION_SHAPE('Placement #416',
'Placement of SOLDER_BALL with respect to ACB0332A_ASM',#4697);
#4706=NEXT_ASSEMBLY_USAGE_OCCURRENCE('417','Next assembly relationship',
'SOLDER_BALL',#4812,#957,$);
#4707=PRODUCT_DEFINITION_SHAPE('Placement #417',
'Placement of SOLDER_BALL with respect to ACB0332A_ASM',#4706);
#4715=NEXT_ASSEMBLY_USAGE_OCCURRENCE('418','Next assembly relationship',
'SOLDER_BALL',#4812,#957,$);
#4716=PRODUCT_DEFINITION_SHAPE('Placement #418',
'Placement of SOLDER_BALL with respect to ACB0332A_ASM',#4715);
#4724=NEXT_ASSEMBLY_USAGE_OCCURRENCE('419','Next assembly relationship',
'SOLDER_BALL',#4812,#957,$);
#4725=PRODUCT_DEFINITION_SHAPE('Placement #419',
'Placement of SOLDER_BALL with respect to ACB0332A_ASM',#4724);
#4733=NEXT_ASSEMBLY_USAGE_OCCURRENCE('420','Next assembly relationship',
'SOLDER_BALL',#4812,#957,$);
#4734=PRODUCT_DEFINITION_SHAPE('Placement #420',
'Placement of SOLDER_BALL with respect to ACB0332A_ASM',#4733);
#4742=NEXT_ASSEMBLY_USAGE_OCCURRENCE('421','Next assembly relationship',
'SOLDER_BALL',#4812,#957,$);
#4743=PRODUCT_DEFINITION_SHAPE('Placement #421',
'Placement of SOLDER_BALL with respect to ACB0332A_ASM',#4742);
#4751=NEXT_ASSEMBLY_USAGE_OCCURRENCE('422','Next assembly relationship',
'SOLDER_BALL',#4812,#957,$);
#4752=PRODUCT_DEFINITION_SHAPE('Placement #422',
'Placement of SOLDER_BALL with respect to ACB0332A_ASM',#4751);
#4760=NEXT_ASSEMBLY_USAGE_OCCURRENCE('423','Next assembly relationship',
'SOLDER_BALL',#4812,#957,$);
#4761=PRODUCT_DEFINITION_SHAPE('Placement #423',
'Placement of SOLDER_BALL with respect to ACB0332A_ASM',#4760);
#4769=NEXT_ASSEMBLY_USAGE_OCCURRENCE('424','Next assembly relationship',
'SOLDER_BALL',#4812,#957,$);
#4770=PRODUCT_DEFINITION_SHAPE('Placement #424',
'Placement of SOLDER_BALL with respect to ACB0332A_ASM',#4769);
#4778=NEXT_ASSEMBLY_USAGE_OCCURRENCE('425','Next assembly relationship',
'SOLDER_BALL',#4812,#957,$);
#4779=PRODUCT_DEFINITION_SHAPE('Placement #425',
'Placement of SOLDER_BALL with respect to ACB0332A_ASM',#4778);
#4787=NEXT_ASSEMBLY_USAGE_OCCURRENCE('426','Next assembly relationship',
'SOLDER_BALL',#4812,#957,$);
#4788=PRODUCT_DEFINITION_SHAPE('Placement #426',
'Placement of SOLDER_BALL with respect to ACB0332A_ASM',#4787);
#4796=(LENGTH_UNIT()NAMED_UNIT(*)SI_UNIT(.MILLI.,.METRE.));
#4798=(NAMED_UNIT(*)PLANE_ANGLE_UNIT()SI_UNIT($,.RADIAN.));
#4801=(NAMED_UNIT(*)SI_UNIT($,.STERADIAN.)SOLID_ANGLE_UNIT());
#4807=AXIS2_PLACEMENT_3D('',#4804,#4805,#4806);
#4812=PRODUCT_DEFINITION('design','',#4811,#2836);
ENDSEC;
END-ISO-10303-21;
