                                                                        S0000001
,,31HOpen CASCADE IGES processor 7.7,13HFilename.iges,                  G0000001
16HOpen CASCADE 7.7,31HOpen CASCADE IGES processor 7.7,32,308,15,308,15,G0000002
,1.,2,2HMM,1,0.01,15H20260515.183713,8.37737E-07,0.892,6HSYSTEM,,11,0,  G0000003
15H20260515.183713,;                                                    G0000004
     402       1       0       0       0       0       0       000000000D0000001
     402       0       0       1       1                    part        D0000002
     402       2       0       0       0       0       0       000020000D0000003
     402       0       0       1       1                               0D0000004
     144       3       0       0       0       0       0       000020000D0000005
     144       0   -1263       1       0                               0D0000006
     120       4       0       0       0       0       9       000010000D0000007
     120       0       0       1       0                               0D0000008
     124       5       0       0       0       0       0       000000000D0000009
     124       0       0       1       0                               0D0000010
     110       6       0       0       0       0       0       000010000D0000011
     110       0       0       1       0                               0D0000012
     110       7       0       0       0       0       0       000010000D0000013
     110       0       0       1       0                               0D0000014
     142       8       0       0       0       0       0       000010500D0000015
     142       0       0       1       0                               0D0000016
     102       9       0       0       0       0       0       000010000D0000017
     102       0       0       1       0                               0D0000018
     110      10       0       0       0       0       0       000010000D0000019
     110       0       0       1       0                               0D0000020
     110      11       0       0       0       0       0       000010000D0000021
     110       0       0       1       0                               0D0000022
     110      12       0       0       0       0       0       000010000D0000023
     110       0       0       2       0                               0D0000024
     110      14       0       0       0       0       0       000010000D0000025
     110       0   -1263       1       0                               0D0000026
     102      15       0       0       0       0       0       000010000D0000027
     102       0       0       1       0                               0D0000028
     100      16       0       0       0       0      31       000010000D0000029
     100       0       0       1       0                               0D0000030
     124      17       0       0       0       0       0       000000000D0000031
     124       0       0       1       0                               0D0000032
     126      18       0       0       0       0       0       000010000D0000033
     126       0       0       2       0                               0D0000034
     100      20       0       0       0       0      37       000010000D0000035
     100       0       0       1       0                               0D0000036
     124      21       0       0       0       0       0       000000000D0000037
     124       0       0       1       0                               0D0000038
     126      22       0       0       0       0       0       000010000D0000039
     126       0       0       2       0                               0D0000040
     144      24       0       0       0       0       0       000020000D0000041
     144       0   -1263       1       0                               0D0000042
     108      25       0       0       0       0       0       000010000D0000043
     108       0       0       1       0                               0D0000044
     142      26       0       0       0       0       0       000010500D0000045
     142       0       0       1       0                               0D0000046
     100      27       0       0       0       0      49       000010000D0000047
     100       0   -1263       1       0                               0D0000048
     124      28       0       0       0       0       0       000000000D0000049
     124       0       0       1       0                               0D0000050
     144      29       0       0       0       0       0       000020000D0000051
     144       0   -1263       1       0                               0D0000052
     108      30       0       0       0       0       0       000010000D0000053
     108       0       0       1       0                               0D0000054
     142      31       0       0       0       0       0       000010500D0000055
     142       0       0       1       0                               0D0000056
     100      32       0       0       0       0      59       000010000D0000057
     100       0   -1263       1       0                               0D0000058
     124      33       0       0       0       0       0       000000000D0000059
     124       0       0       1       0                               0D0000060
     402      34       0       0       0       0       0       000020000D0000061
     402       0       0       1       1                               0D0000062
     144      35       0       0       0       0       0       000020000D0000063
     144       0   -1265       1       0                               0D0000064
     108      36       0       0       0       0       0       000010000D0000065
     108       0       0       1       0                               0D0000066
     142      37       0       0       0       0       0       000010500D0000067
     142       0       0       1       0                               0D0000068
     102      38       0       0       0       0       0       000010000D0000069
     102       0       0       1       0                               0D0000070
     110      39       0       0       0       0       0       000010000D0000071
     110       0       0       1       0                               0D0000072
     110      40       0       0       0       0       0       000010000D0000073
     110       0       0       1       0                               0D0000074
     110      41       0       0       0       0       0       000010000D0000075
     110       0       0       1       0                               0D0000076
     110      42       0       0       0       0       0       000010000D0000077
     110       0       0       1       0                               0D0000078
     144      43       0       0       0       0       0       000020000D0000079
     144       0   -1265       1       0                               0D0000080
     108      44       0       0       0       0       0       000010000D0000081
     108       0       0       1       0                               0D0000082
     142      45       0       0       0       0       0       000010500D0000083
     142       0       0       1       0                               0D0000084
     102      46       0       0       0       0       0       000010000D0000085
     102       0       0       1       0                               0D0000086
     110      47       0       0       0       0       0       000010000D0000087
     110       0       0       1       0                               0D0000088
     110      48       0       0       0       0       0       000010000D0000089
     110       0       0       1       0                               0D0000090
     110      49       0       0       0       0       0       000010000D0000091
     110       0       0       1       0                               0D0000092
     110      50       0       0       0       0       0       000010000D0000093
     110       0   -1265       1       0                               0D0000094
     144      51       0       0       0       0       0       000020000D0000095
     144       0   -1265       1       0                               0D0000096
     108      52       0       0       0       0       0       000010000D0000097
     108       0       0       1       0                               0D0000098
     142      53       0       0       0       0       0       000010500D0000099
     142       0       0       1       0                               0D0000100
     102      54       0       0       0       0       0       000010000D0000101
     102       0       0       1       0                               0D0000102
     110      55       0       0       0       0       0       000010000D0000103
     110       0       0       1       0                               0D0000104
     110      56       0       0       0       0       0       000010000D0000105
     110       0       0       1       0                               0D0000106
     110      57       0       0       0       0       0       000010000D0000107
     110       0       0       1       0                               0D0000108
     110      58       0       0       0       0       0       000010000D0000109
     110       0   -1265       1       0                               0D0000110
     144      59       0       0       0       0       0       000020000D0000111
     144       0   -1265       1       0                               0D0000112
     108      60       0       0       0       0       0       000010000D0000113
     108       0       0       1       0                               0D0000114
     142      61       0       0       0       0       0       000010500D0000115
     142       0       0       1       0                               0D0000116
     102      62       0       0       0       0       0       000010000D0000117
     102       0       0       1       0                               0D0000118
     110      63       0       0       0       0       0       000010000D0000119
     110       0       0       1       0                               0D0000120
     110      64       0       0       0       0       0       000010000D0000121
     110       0   -1265       1       0                               0D0000122
     110      65       0       0       0       0       0       000010000D0000123
     110       0       0       1       0                               0D0000124
     110      66       0       0       0       0       0       000010000D0000125
     110       0   -1265       1       0                               0D0000126
     144      67       0       0       0       0       0       000020000D0000127
     144       0   -1265       1       0                               0D0000128
     108      68       0       0       0       0       0       000010000D0000129
     108       0       0       1       0                               0D0000130
     142      69       0       0       0       0       0       000010500D0000131
     142       0       0       1       0                               0D0000132
     102      70       0       0       0       0       0       000010000D0000133
     102       0       0       1       0                               0D0000134
     110      71       0       0       0       0       0       000010000D0000135
     110       0   -1265       1       0                               0D0000136
     110      72       0       0       0       0       0       000010000D0000137
     110       0   -1265       1       0                               0D0000138
     110      73       0       0       0       0       0       000010000D0000139
     110       0   -1265       1       0                               0D0000140
     110      74       0       0       0       0       0       000010000D0000141
     110       0   -1265       1       0                               0D0000142
     144      75       0       0       0       0       0       000020000D0000143
     144       0   -1265       1       0                               0D0000144
     108      76       0       0       0       0       0       000010000D0000145
     108       0       0       1       0                               0D0000146
     142      77       0       0       0       0       0       000010500D0000147
     142       0       0       1       0                               0D0000148
     102      78       0       0       0       0       0       000010000D0000149
     102       0       0       1       0                               0D0000150
     110      79       0       0       0       0       0       000010000D0000151
     110       0   -1265       1       0                               0D0000152
     110      80       0       0       0       0       0       000010000D0000153
     110       0   -1265       1       0                               0D0000154
     110      81       0       0       0       0       0       000010000D0000155
     110       0   -1265       1       0                               0D0000156
     110      82       0       0       0       0       0       000010000D0000157
     110       0   -1265       1       0                               0D0000158
     402      83       0       0       0       0       0       000020000D0000159
     402       0       0       1       1                               0D0000160
     144      84       0       0       0       0       0       000020000D0000161
     144       0   -1267       1       0                               0D0000162
     108      85       0       0       0       0       0       000010000D0000163
     108       0       0       1       0                               0D0000164
     142      86       0       0       0       0       0       000010500D0000165
     142       0       0       1       0                               0D0000166
     102      87       0       0       0       0       0       000010000D0000167
     102       0       0       1       0                               0D0000168
     110      88       0       0       0       0       0       000010000D0000169
     110       0       0       1       0                               0D0000170
     110      89       0       0       0       0       0       000010000D0000171
     110       0       0       1       0                               0D0000172
     110      90       0       0       0       0       0       000010000D0000173
     110       0       0       1       0                               0D0000174
     110      91       0       0       0       0       0       000010000D0000175
     110       0       0       1       0                               0D0000176
     110      92       0       0       0       0       0       000010000D0000177
     110       0       0       1       0                               0D0000178
     110      93       0       0       0       0       0       000010000D0000179
     110       0       0       1       0                               0D0000180
     144      94       0       0       0       0       0       000020000D0000181
     144       0   -1267       1       0                               0D0000182
     108      95       0       0       0       0       0       000010000D0000183
     108       0       0       1       0                               0D0000184
     142      96       0       0       0       0       0       000010500D0000185
     142       0       0       1       0                               0D0000186
     102      97       0       0       0       0       0       000010000D0000187
     102       0       0       1       0                               0D0000188
     110      98       0       0       0       0       0       000010000D0000189
     110       0       0       1       0                               0D0000190
     110      99       0       0       0       0       0       000010000D0000191
     110       0       0       1       0                               0D0000192
     110     100       0       0       0       0       0       000010000D0000193
     110       0       0       1       0                               0D0000194
     110     101       0       0       0       0       0       000010000D0000195
     110       0       0       1       0                               0D0000196
     110     102       0       0       0       0       0       000010000D0000197
     110       0       0       1       0                               0D0000198
     110     103       0       0       0       0       0       000010000D0000199
     110       0       0       1       0                               0D0000200
     144     104       0       0       0       0       0       000020000D0000201
     144       0   -1267       1       0                               0D0000202
     108     105       0       0       0       0       0       000010000D0000203
     108       0       0       1       0                               0D0000204
     142     106       0       0       0       0       0       000010500D0000205
     142       0       0       1       0                               0D0000206
     102     107       0       0       0       0       0       000010000D0000207
     102       0       0       1       0                               0D0000208
     110     108       0       0       0       0       0       000010000D0000209
     110       0   -1267       1       0                               0D0000210
     110     109       0       0       0       0       0       000010000D0000211
     110       0       0       1       0                               0D0000212
     110     110       0       0       0       0       0       000010000D0000213
     110       0   -1267       1       0                               0D0000214
     110     111       0       0       0       0       0       000010000D0000215
     110       0       0       1       0                               0D0000216
     144     112       0       0       0       0       0       000020000D0000217
     144       0   -1267       1       0                               0D0000218
     108     113       0       0       0       0       0       000010000D0000219
     108       0       0       1       0                               0D0000220
     142     114       0       0       0       0       0       000010500D0000221
     142       0       0       1       0                               0D0000222
     102     115       0       0       0       0       0       000010000D0000223
     102       0       0       1       0                               0D0000224
     110     116       0       0       0       0       0       000010000D0000225
     110       0   -1267       1       0                               0D0000226
     110     117       0       0       0       0       0       000010000D0000227
     110       0       0       1       0                               0D0000228
     110     118       0       0       0       0       0       000010000D0000229
     110       0   -1267       1       0                               0D0000230
     110     119       0       0       0       0       0       000010000D0000231
     110       0       0       1       0                               0D0000232
     144     120       0       0       0       0       0       000020000D0000233
     144       0   -1267       1       0                               0D0000234
     108     121       0       0       0       0       0       000010000D0000235
     108       0       0       1       0                               0D0000236
     142     122       0       0       0       0       0       000010500D0000237
     142       0       0       1       0                               0D0000238
     102     123       0       0       0       0       0       000010000D0000239
     102       0       0       1       0                               0D0000240
     110     124       0       0       0       0       0       000010000D0000241
     110       0       0       1       0                               0D0000242
     110     125       0       0       0       0       0       000010000D0000243
     110       0   -1267       1       0                               0D0000244
     110     126       0       0       0       0       0       000010000D0000245
     110       0   -1267       1       0                               0D0000246
     110     127       0       0       0       0       0       000010000D0000247
     110       0   -1267       1       0                               0D0000248
     144     128       0       0       0       0       0       000020000D0000249
     144       0   -1267       1       0                               0D0000250
     108     129       0       0       0       0       0       000010000D0000251
     108       0       0       1       0                               0D0000252
     142     130       0       0       0       0       0       000010500D0000253
     142       0       0       1       0                               0D0000254
     102     131       0       0       0       0       0       000010000D0000255
     102       0       0       1       0                               0D0000256
     110     132       0       0       0       0       0       000010000D0000257
     110       0       0       1       0                               0D0000258
     110     133       0       0       0       0       0       000010000D0000259
     110       0   -1267       1       0                               0D0000260
     110     134       0       0       0       0       0       000010000D0000261
     110       0   -1267       1       0                               0D0000262
     110     135       0       0       0       0       0       000010000D0000263
     110       0   -1267       1       0                               0D0000264
     144     136       0       0       0       0       0       000020000D0000265
     144       0   -1267       1       0                               0D0000266
     108     137       0       0       0       0       0       000010000D0000267
     108       0       0       1       0                               0D0000268
     142     138       0       0       0       0       0       000010500D0000269
     142       0       0       1       0                               0D0000270
     102     139       0       0       0       0       0       000010000D0000271
     102       0       0       1       0                               0D0000272
     110     140       0       0       0       0       0       000010000D0000273
     110       0   -1267       1       0                               0D0000274
     110     141       0       0       0       0       0       000010000D0000275
     110       0   -1267       1       0                               0D0000276
     110     142       0       0       0       0       0       000010000D0000277
     110       0   -1267       1       0                               0D0000278
     110     143       0       0       0       0       0       000010000D0000279
     110       0   -1267       1       0                               0D0000280
     144     144       0       0       0       0       0       000020000D0000281
     144       0   -1267       1       0                               0D0000282
     108     145       0       0       0       0       0       000010000D0000283
     108       0       0       1       0                               0D0000284
     142     146       0       0       0       0       0       000010500D0000285
     142       0       0       1       0                               0D0000286
     102     147       0       0       0       0       0       000010000D0000287
     102       0       0       1       0                               0D0000288
     110     148       0       0       0       0       0       000010000D0000289
     110       0   -1267       1       0                               0D0000290
     110     149       0       0       0       0       0       000010000D0000291
     110       0   -1267       1       0                               0D0000292
     110     150       0       0       0       0       0       000010000D0000293
     110       0   -1267       1       0                               0D0000294
     110     151       0       0       0       0       0       000010000D0000295
     110       0   -1267       1       0                               0D0000296
     402     152       0       0       0       0       0       000020000D0000297
     402       0       0       1       1                               0D0000298
     144     153       0       0       0       0       0       000020000D0000299
     144       0   -1267       1       0                               0D0000300
     108     154       0       0       0       0       0       000010000D0000301
     108       0       0       1       0                               0D0000302
     142     155       0       0       0       0       0       000010500D0000303
     142       0       0       1       0                               0D0000304
     102     156       0       0       0       0       0       000010000D0000305
     102       0       0       1       0                               0D0000306
     110     157       0       0       0       0       0       000010000D0000307
     110       0       0       1       0                               0D0000308
     110     158       0       0       0       0       0       000010000D0000309
     110       0       0       1       0                               0D0000310
     110     159       0       0       0       0       0       000010000D0000311
     110       0       0       1       0                               0D0000312
     110     160       0       0       0       0       0       000010000D0000313
     110       0       0       1       0                               0D0000314
     110     161       0       0       0       0       0       000010000D0000315
     110       0       0       1       0                               0D0000316
     110     162       0       0       0       0       0       000010000D0000317
     110       0       0       1       0                               0D0000318
     144     163       0       0       0       0       0       000020000D0000319
     144       0   -1267       1       0                               0D0000320
     108     164       0       0       0       0       0       000010000D0000321
     108       0       0       1       0                               0D0000322
     142     165       0       0       0       0       0       000010500D0000323
     142       0       0       1       0                               0D0000324
     102     166       0       0       0       0       0       000010000D0000325
     102       0       0       1       0                               0D0000326
     110     167       0       0       0       0       0       000010000D0000327
     110       0       0       1       0                               0D0000328
     110     168       0       0       0       0       0       000010000D0000329
     110       0       0       1       0                               0D0000330
     110     169       0       0       0       0       0       000010000D0000331
     110       0       0       1       0                               0D0000332
     110     170       0       0       0       0       0       000010000D0000333
     110       0       0       1       0                               0D0000334
     110     171       0       0       0       0       0       000010000D0000335
     110       0       0       1       0                               0D0000336
     110     172       0       0       0       0       0       000010000D0000337
     110       0       0       1       0                               0D0000338
     144     173       0       0       0       0       0       000020000D0000339
     144       0   -1267       1       0                               0D0000340
     108     174       0       0       0       0       0       000010000D0000341
     108       0       0       1       0                               0D0000342
     142     175       0       0       0       0       0       000010500D0000343
     142       0       0       1       0                               0D0000344
     102     176       0       0       0       0       0       000010000D0000345
     102       0       0       1       0                               0D0000346
     110     177       0       0       0       0       0       000010000D0000347
     110       0   -1267       1       0                               0D0000348
     110     178       0       0       0       0       0       000010000D0000349
     110       0       0       1       0                               0D0000350
     110     179       0       0       0       0       0       000010000D0000351
     110       0   -1267       1       0                               0D0000352
     110     180       0       0       0       0       0       000010000D0000353
     110       0       0       1       0                               0D0000354
     144     181       0       0       0       0       0       000020000D0000355
     144       0   -1267       1       0                               0D0000356
     108     182       0       0       0       0       0       000010000D0000357
     108       0       0       1       0                               0D0000358
     142     183       0       0       0       0       0       000010500D0000359
     142       0       0       1       0                               0D0000360
     102     184       0       0       0       0       0       000010000D0000361
     102       0       0       1       0                               0D0000362
     110     185       0       0       0       0       0       000010000D0000363
     110       0   -1267       1       0                               0D0000364
     110     186       0       0       0       0       0       000010000D0000365
     110       0       0       1       0                               0D0000366
     110     187       0       0       0       0       0       000010000D0000367
     110       0   -1267       1       0                               0D0000368
     110     188       0       0       0       0       0       000010000D0000369
     110       0       0       1       0                               0D0000370
     144     189       0       0       0       0       0       000020000D0000371
     144       0   -1267       1       0                               0D0000372
     108     190       0       0       0       0       0       000010000D0000373
     108       0       0       1       0                               0D0000374
     142     191       0       0       0       0       0       000010500D0000375
     142       0       0       1       0                               0D0000376
     102     192       0       0       0       0       0       000010000D0000377
     102       0       0       1       0                               0D0000378
     110     193       0       0       0       0       0       000010000D0000379
     110       0       0       1       0                               0D0000380
     110     194       0       0       0       0       0       000010000D0000381
     110       0   -1267       1       0                               0D0000382
     110     195       0       0       0       0       0       000010000D0000383
     110       0   -1267       1       0                               0D0000384
     110     196       0       0       0       0       0       000010000D0000385
     110       0   -1267       1       0                               0D0000386
     144     197       0       0       0       0       0       000020000D0000387
     144       0   -1267       1       0                               0D0000388
     108     198       0       0       0       0       0       000010000D0000389
     108       0       0       1       0                               0D0000390
     142     199       0       0       0       0       0       000010500D0000391
     142       0       0       1       0                               0D0000392
     102     200       0       0       0       0       0       000010000D0000393
     102       0       0       1       0                               0D0000394
     110     201       0       0       0       0       0       000010000D0000395
     110       0       0       1       0                               0D0000396
     110     202       0       0       0       0       0       000010000D0000397
     110       0   -1267       1       0                               0D0000398
     110     203       0       0       0       0       0       000010000D0000399
     110       0   -1267       1       0                               0D0000400
     110     204       0       0       0       0       0       000010000D0000401
     110       0   -1267       1       0                               0D0000402
     144     205       0       0       0       0       0       000020000D0000403
     144       0   -1267       1       0                               0D0000404
     108     206       0       0       0       0       0       000010000D0000405
     108       0       0       1       0                               0D0000406
     142     207       0       0       0       0       0       000010500D0000407
     142       0       0       1       0                               0D0000408
     102     208       0       0       0       0       0       000010000D0000409
     102       0       0       1       0                               0D0000410
     110     209       0       0       0       0       0       000010000D0000411
     110       0   -1267       1       0                               0D0000412
     110     210       0       0       0       0       0       000010000D0000413
     110       0   -1267       1       0                               0D0000414
     110     211       0       0       0       0       0       000010000D0000415
     110       0   -1267       1       0                               0D0000416
     110     212       0       0       0       0       0       000010000D0000417
     110       0   -1267       1       0                               0D0000418
     144     213       0       0       0       0       0       000020000D0000419
     144       0   -1267       1       0                               0D0000420
     108     214       0       0       0       0       0       000010000D0000421
     108       0       0       1       0                               0D0000422
     142     215       0       0       0       0       0       000010500D0000423
     142       0       0       1       0                               0D0000424
     102     216       0       0       0       0       0       000010000D0000425
     102       0       0       1       0                               0D0000426
     110     217       0       0       0       0       0       000010000D0000427
     110       0   -1267       1       0                               0D0000428
     110     218       0       0       0       0       0       000010000D0000429
     110       0   -1267       1       0                               0D0000430
     110     219       0       0       0       0       0       000010000D0000431
     110       0   -1267       1       0                               0D0000432
     110     220       0       0       0       0       0       000010000D0000433
     110       0   -1267       1       0                               0D0000434
     402     221       0       0       0       0       0       000020000D0000435
     402       0       0       1       1                               0D0000436
     144     222       0       0       0       0       0       000020000D0000437
     144       0   -1267       1       0                               0D0000438
     108     223       0       0       0       0       0       000010000D0000439
     108       0       0       1       0                               0D0000440
     142     224       0       0       0       0       0       000010500D0000441
     142       0       0       1       0                               0D0000442
     102     225       0       0       0       0       0       000010000D0000443
     102       0       0       1       0                               0D0000444
     110     226       0       0       0       0       0       000010000D0000445
     110       0       0       1       0                               0D0000446
     110     227       0       0       0       0       0       000010000D0000447
     110       0       0       1       0                               0D0000448
     110     228       0       0       0       0       0       000010000D0000449
     110       0       0       1       0                               0D0000450
     110     229       0       0       0       0       0       000010000D0000451
     110       0       0       1       0                               0D0000452
     110     230       0       0       0       0       0       000010000D0000453
     110       0       0       1       0                               0D0000454
     110     231       0       0       0       0       0       000010000D0000455
     110       0       0       1       0                               0D0000456
     144     232       0       0       0       0       0       000020000D0000457
     144       0   -1267       1       0                               0D0000458
     108     233       0       0       0       0       0       000010000D0000459
     108       0       0       1       0                               0D0000460
     142     234       0       0       0       0       0       000010500D0000461
     142       0       0       1       0                               0D0000462
     102     235       0       0       0       0       0       000010000D0000463
     102       0       0       1       0                               0D0000464
     110     236       0       0       0       0       0       000010000D0000465
     110       0       0       1       0                               0D0000466
     110     237       0       0       0       0       0       000010000D0000467
     110       0       0       1       0                               0D0000468
     110     238       0       0       0       0       0       000010000D0000469
     110       0       0       1       0                               0D0000470
     110     239       0       0       0       0       0       000010000D0000471
     110       0       0       1       0                               0D0000472
     110     240       0       0       0       0       0       000010000D0000473
     110       0       0       1       0                               0D0000474
     110     241       0       0       0       0       0       000010000D0000475
     110       0       0       1       0                               0D0000476
     144     242       0       0       0       0       0       000020000D0000477
     144       0   -1267       1       0                               0D0000478
     108     243       0       0       0       0       0       000010000D0000479
     108       0       0       1       0                               0D0000480
     142     244       0       0       0       0       0       000010500D0000481
     142       0       0       1       0                               0D0000482
     102     245       0       0       0       0       0       000010000D0000483
     102       0       0       1       0                               0D0000484
     110     246       0       0       0       0       0       000010000D0000485
     110       0   -1267       1       0                               0D0000486
     110     247       0       0       0       0       0       000010000D0000487
     110       0       0       1       0                               0D0000488
     110     248       0       0       0       0       0       000010000D0000489
     110       0   -1267       1       0                               0D0000490
     110     249       0       0       0       0       0       000010000D0000491
     110       0       0       1       0                               0D0000492
     144     250       0       0       0       0       0       000020000D0000493
     144       0   -1267       1       0                               0D0000494
     108     251       0       0       0       0       0       000010000D0000495
     108       0       0       1       0                               0D0000496
     142     252       0       0       0       0       0       000010500D0000497
     142       0       0       1       0                               0D0000498
     102     253       0       0       0       0       0       000010000D0000499
     102       0       0       1       0                               0D0000500
     110     254       0       0       0       0       0       000010000D0000501
     110       0   -1267       1       0                               0D0000502
     110     255       0       0       0       0       0       000010000D0000503
     110       0       0       1       0                               0D0000504
     110     256       0       0       0       0       0       000010000D0000505
     110       0   -1267       1       0                               0D0000506
     110     257       0       0       0       0       0       000010000D0000507
     110       0       0       1       0                               0D0000508
     144     258       0       0       0       0       0       000020000D0000509
     144       0   -1267       1       0                               0D0000510
     108     259       0       0       0       0       0       000010000D0000511
     108       0       0       1       0                               0D0000512
     142     260       0       0       0       0       0       000010500D0000513
     142       0       0       1       0                               0D0000514
     102     261       0       0       0       0       0       000010000D0000515
     102       0       0       1       0                               0D0000516
     110     262       0       0       0       0       0       000010000D0000517
     110       0       0       1       0                               0D0000518
     110     263       0       0       0       0       0       000010000D0000519
     110       0   -1267       1       0                               0D0000520
     110     264       0       0       0       0       0       000010000D0000521
     110       0   -1267       1       0                               0D0000522
     110     265       0       0       0       0       0       000010000D0000523
     110       0   -1267       1       0                               0D0000524
     144     266       0       0       0       0       0       000020000D0000525
     144       0   -1267       1       0                               0D0000526
     108     267       0       0       0       0       0       000010000D0000527
     108       0       0       1       0                               0D0000528
     142     268       0       0       0       0       0       000010500D0000529
     142       0       0       1       0                               0D0000530
     102     269       0       0       0       0       0       000010000D0000531
     102       0       0       1       0                               0D0000532
     110     270       0       0       0       0       0       000010000D0000533
     110       0       0       1       0                               0D0000534
     110     271       0       0       0       0       0       000010000D0000535
     110       0   -1267       1       0                               0D0000536
     110     272       0       0       0       0       0       000010000D0000537
     110       0   -1267       1       0                               0D0000538
     110     273       0       0       0       0       0       000010000D0000539
     110       0   -1267       1       0                               0D0000540
     144     274       0       0       0       0       0       000020000D0000541
     144       0   -1267       1       0                               0D0000542
     108     275       0       0       0       0       0       000010000D0000543
     108       0       0       1       0                               0D0000544
     142     276       0       0       0       0       0       000010500D0000545
     142       0       0       1       0                               0D0000546
     102     277       0       0       0       0       0       000010000D0000547
     102       0       0       1       0                               0D0000548
     110     278       0       0       0       0       0       000010000D0000549
     110       0   -1267       1       0                               0D0000550
     110     279       0       0       0       0       0       000010000D0000551
     110       0   -1267       1       0                               0D0000552
     110     280       0       0       0       0       0       000010000D0000553
     110       0   -1267       1       0                               0D0000554
     110     281       0       0       0       0       0       000010000D0000555
     110       0   -1267       1       0                               0D0000556
     144     282       0       0       0       0       0       000020000D0000557
     144       0   -1267       1       0                               0D0000558
     108     283       0       0       0       0       0       000010000D0000559
     108       0       0       1       0                               0D0000560
     142     284       0       0       0       0       0       000010500D0000561
     142       0       0       1       0                               0D0000562
     102     285       0       0       0       0       0       000010000D0000563
     102       0       0       1       0                               0D0000564
     110     286       0       0       0       0       0       000010000D0000565
     110       0   -1267       1       0                               0D0000566
     110     287       0       0       0       0       0       000010000D0000567
     110       0   -1267       1       0                               0D0000568
     110     288       0       0       0       0       0       000010000D0000569
     110       0   -1267       1       0                               0D0000570
     110     289       0       0       0       0       0       000010000D0000571
     110       0   -1267       1       0                               0D0000572
     402     290       0       0       0       0       0       000020000D0000573
     402       0       0       1       1                               0D0000574
     144     291       0       0       0       0       0       000020000D0000575
     144       0   -1267       1       0                               0D0000576
     108     292       0       0       0       0       0       000010000D0000577
     108       0       0       1       0                               0D0000578
     142     293       0       0       0       0       0       000010500D0000579
     142       0       0       1       0                               0D0000580
     102     294       0       0       0       0       0       000010000D0000581
     102       0       0       1       0                               0D0000582
     110     295       0       0       0       0       0       000010000D0000583
     110       0       0       1       0                               0D0000584
     110     296       0       0       0       0       0       000010000D0000585
     110       0       0       1       0                               0D0000586
     110     297       0       0       0       0       0       000010000D0000587
     110       0       0       1       0                               0D0000588
     110     298       0       0       0       0       0       000010000D0000589
     110       0       0       1       0                               0D0000590
     110     299       0       0       0       0       0       000010000D0000591
     110       0       0       1       0                               0D0000592
     110     300       0       0       0       0       0       000010000D0000593
     110       0       0       1       0                               0D0000594
     144     301       0       0       0       0       0       000020000D0000595
     144       0   -1267       1       0                               0D0000596
     108     302       0       0       0       0       0       000010000D0000597
     108       0       0       1       0                               0D0000598
     142     303       0       0       0       0       0       000010500D0000599
     142       0       0       1       0                               0D0000600
     102     304       0       0       0       0       0       000010000D0000601
     102       0       0       1       0                               0D0000602
     110     305       0       0       0       0       0       000010000D0000603
     110       0       0       1       0                               0D0000604
     110     306       0       0       0       0       0       000010000D0000605
     110       0       0       1       0                               0D0000606
     110     307       0       0       0       0       0       000010000D0000607
     110       0       0       1       0                               0D0000608
     110     308       0       0       0       0       0       000010000D0000609
     110       0       0       1       0                               0D0000610
     110     309       0       0       0       0       0       000010000D0000611
     110       0       0       1       0                               0D0000612
     110     310       0       0       0       0       0       000010000D0000613
     110       0       0       1       0                               0D0000614
     144     311       0       0       0       0       0       000020000D0000615
     144       0   -1267       1       0                               0D0000616
     108     312       0       0       0       0       0       000010000D0000617
     108       0       0       1       0                               0D0000618
     142     313       0       0       0       0       0       000010500D0000619
     142       0       0       1       0                               0D0000620
     102     314       0       0       0       0       0       000010000D0000621
     102       0       0       1       0                               0D0000622
     110     315       0       0       0       0       0       000010000D0000623
     110       0   -1267       1       0                               0D0000624
     110     316       0       0       0       0       0       000010000D0000625
     110       0       0       1       0                               0D0000626
     110     317       0       0       0       0       0       000010000D0000627
     110       0   -1267       1       0                               0D0000628
     110     318       0       0       0       0       0       000010000D0000629
     110       0       0       1       0                               0D0000630
     144     319       0       0       0       0       0       000020000D0000631
     144       0   -1267       1       0                               0D0000632
     108     320       0       0       0       0       0       000010000D0000633
     108       0       0       1       0                               0D0000634
     142     321       0       0       0       0       0       000010500D0000635
     142       0       0       1       0                               0D0000636
     102     322       0       0       0       0       0       000010000D0000637
     102       0       0       1       0                               0D0000638
     110     323       0       0       0       0       0       000010000D0000639
     110       0   -1267       1       0                               0D0000640
     110     324       0       0       0       0       0       000010000D0000641
     110       0       0       1       0                               0D0000642
     110     325       0       0       0       0       0       000010000D0000643
     110       0   -1267       1       0                               0D0000644
     110     326       0       0       0       0       0       000010000D0000645
     110       0       0       1       0                               0D0000646
     144     327       0       0       0       0       0       000020000D0000647
     144       0   -1267       1       0                               0D0000648
     108     328       0       0       0       0       0       000010000D0000649
     108       0       0       1       0                               0D0000650
     142     329       0       0       0       0       0       000010500D0000651
     142       0       0       1       0                               0D0000652
     102     330       0       0       0       0       0       000010000D0000653
     102       0       0       1       0                               0D0000654
     110     331       0       0       0       0       0       000010000D0000655
     110       0       0       1       0                               0D0000656
     110     332       0       0       0       0       0       000010000D0000657
     110       0   -1267       1       0                               0D0000658
     110     333       0       0       0       0       0       000010000D0000659
     110       0   -1267       1       0                               0D0000660
     110     334       0       0       0       0       0       000010000D0000661
     110       0   -1267       1       0                               0D0000662
     144     335       0       0       0       0       0       000020000D0000663
     144       0   -1267       1       0                               0D0000664
     108     336       0       0       0       0       0       000010000D0000665
     108       0       0       1       0                               0D0000666
     142     337       0       0       0       0       0       000010500D0000667
     142       0       0       1       0                               0D0000668
     102     338       0       0       0       0       0       000010000D0000669
     102       0       0       1       0                               0D0000670
     110     339       0       0       0       0       0       000010000D0000671
     110       0       0       1       0                               0D0000672
     110     340       0       0       0       0       0       000010000D0000673
     110       0   -1267       1       0                               0D0000674
     110     341       0       0       0       0       0       000010000D0000675
     110       0   -1267       1       0                               0D0000676
     110     342       0       0       0       0       0       000010000D0000677
     110       0   -1267       1       0                               0D0000678
     144     343       0       0       0       0       0       000020000D0000679
     144       0   -1267       1       0                               0D0000680
     108     344       0       0       0       0       0       000010000D0000681
     108       0       0       1       0                               0D0000682
     142     345       0       0       0       0       0       000010500D0000683
     142       0       0       1       0                               0D0000684
     102     346       0       0       0       0       0       000010000D0000685
     102       0       0       1       0                               0D0000686
     110     347       0       0       0       0       0       000010000D0000687
     110       0   -1267       1       0                               0D0000688
     110     348       0       0       0       0       0       000010000D0000689
     110       0   -1267       1       0                               0D0000690
     110     349       0       0       0       0       0       000010000D0000691
     110       0   -1267       1       0                               0D0000692
     110     350       0       0       0       0       0       000010000D0000693
     110       0   -1267       1       0                               0D0000694
     144     351       0       0       0       0       0       000020000D0000695
     144       0   -1267       1       0                               0D0000696
     108     352       0       0       0       0       0       000010000D0000697
     108       0       0       1       0                               0D0000698
     142     353       0       0       0       0       0       000010500D0000699
     142       0       0       1       0                               0D0000700
     102     354       0       0       0       0       0       000010000D0000701
     102       0       0       1       0                               0D0000702
     110     355       0       0       0       0       0       000010000D0000703
     110       0   -1267       1       0                               0D0000704
     110     356       0       0       0       0       0       000010000D0000705
     110       0   -1267       1       0                               0D0000706
     110     357       0       0       0       0       0       000010000D0000707
     110       0   -1267       1       0                               0D0000708
     110     358       0       0       0       0       0       000010000D0000709
     110       0   -1267       1       0                               0D0000710
     402     359       0       0       0       0       0       000020000D0000711
     402       0       0       1       1                               0D0000712
     144     360       0       0       0       0       0       000020000D0000713
     144       0   -1267       1       0                               0D0000714
     108     361       0       0       0       0       0       000010000D0000715
     108       0       0       1       0                               0D0000716
     142     362       0       0       0       0       0       000010500D0000717
     142       0       0       1       0                               0D0000718
     102     363       0       0       0       0       0       000010000D0000719
     102       0       0       1       0                               0D0000720
     110     364       0       0       0       0       0       000010000D0000721
     110       0       0       1       0                               0D0000722
     110     365       0       0       0       0       0       000010000D0000723
     110       0       0       1       0                               0D0000724
     110     366       0       0       0       0       0       000010000D0000725
     110       0       0       1       0                               0D0000726
     110     367       0       0       0       0       0       000010000D0000727
     110       0       0       1       0                               0D0000728
     110     368       0       0       0       0       0       000010000D0000729
     110       0       0       1       0                               0D0000730
     110     369       0       0       0       0       0       000010000D0000731
     110       0       0       1       0                               0D0000732
     144     370       0       0       0       0       0       000020000D0000733
     144       0   -1267       1       0                               0D0000734
     108     371       0       0       0       0       0       000010000D0000735
     108       0       0       1       0                               0D0000736
     142     372       0       0       0       0       0       000010500D0000737
     142       0       0       1       0                               0D0000738
     102     373       0       0       0       0       0       000010000D0000739
     102       0       0       1       0                               0D0000740
     110     374       0       0       0       0       0       000010000D0000741
     110       0       0       1       0                               0D0000742
     110     375       0       0       0       0       0       000010000D0000743
     110       0       0       1       0                               0D0000744
     110     376       0       0       0       0       0       000010000D0000745
     110       0       0       1       0                               0D0000746
     110     377       0       0       0       0       0       000010000D0000747
     110       0       0       1       0                               0D0000748
     110     378       0       0       0       0       0       000010000D0000749
     110       0       0       1       0                               0D0000750
     110     379       0       0       0       0       0       000010000D0000751
     110       0       0       1       0                               0D0000752
     144     380       0       0       0       0       0       000020000D0000753
     144       0   -1267       1       0                               0D0000754
     108     381       0       0       0       0       0       000010000D0000755
     108       0       0       1       0                               0D0000756
     142     382       0       0       0       0       0       000010500D0000757
     142       0       0       1       0                               0D0000758
     102     383       0       0       0       0       0       000010000D0000759
     102       0       0       1       0                               0D0000760
     110     384       0       0       0       0       0       000010000D0000761
     110       0   -1267       1       0                               0D0000762
     110     385       0       0       0       0       0       000010000D0000763
     110       0       0       1       0                               0D0000764
     110     386       0       0       0       0       0       000010000D0000765
     110       0   -1267       1       0                               0D0000766
     110     387       0       0       0       0       0       000010000D0000767
     110       0       0       1       0                               0D0000768
     144     388       0       0       0       0       0       000020000D0000769
     144       0   -1267       1       0                               0D0000770
     108     389       0       0       0       0       0       000010000D0000771
     108       0       0       1       0                               0D0000772
     142     390       0       0       0       0       0       000010500D0000773
     142       0       0       1       0                               0D0000774
     102     391       0       0       0       0       0       000010000D0000775
     102       0       0       1       0                               0D0000776
     110     392       0       0       0       0       0       000010000D0000777
     110       0   -1267       1       0                               0D0000778
     110     393       0       0       0       0       0       000010000D0000779
     110       0       0       1       0                               0D0000780
     110     394       0       0       0       0       0       000010000D0000781
     110       0   -1267       1       0                               0D0000782
     110     395       0       0       0       0       0       000010000D0000783
     110       0       0       1       0                               0D0000784
     144     396       0       0       0       0       0       000020000D0000785
     144       0   -1267       1       0                               0D0000786
     108     397       0       0       0       0       0       000010000D0000787
     108       0       0       1       0                               0D0000788
     142     398       0       0       0       0       0       000010500D0000789
     142       0       0       1       0                               0D0000790
     102     399       0       0       0       0       0       000010000D0000791
     102       0       0       1       0                               0D0000792
     110     400       0       0       0       0       0       000010000D0000793
     110       0       0       1       0                               0D0000794
     110     401       0       0       0       0       0       000010000D0000795
     110       0   -1267       1       0                               0D0000796
     110     402       0       0       0       0       0       000010000D0000797
     110       0   -1267       1       0                               0D0000798
     110     403       0       0       0       0       0       000010000D0000799
     110       0   -1267       1       0                               0D0000800
     144     404       0       0       0       0       0       000020000D0000801
     144       0   -1267       1       0                               0D0000802
     108     405       0       0       0       0       0       000010000D0000803
     108       0       0       1       0                               0D0000804
     142     406       0       0       0       0       0       000010500D0000805
     142       0       0       1       0                               0D0000806
     102     407       0       0       0       0       0       000010000D0000807
     102       0       0       1       0                               0D0000808
     110     408       0       0       0       0       0       000010000D0000809
     110       0       0       1       0                               0D0000810
     110     409       0       0       0       0       0       000010000D0000811
     110       0   -1267       1       0                               0D0000812
     110     410       0       0       0       0       0       000010000D0000813
     110       0   -1267       1       0                               0D0000814
     110     411       0       0       0       0       0       000010000D0000815
     110       0   -1267       1       0                               0D0000816
     144     412       0       0       0       0       0       000020000D0000817
     144       0   -1267       1       0                               0D0000818
     108     413       0       0       0       0       0       000010000D0000819
     108       0       0       1       0                               0D0000820
     142     414       0       0       0       0       0       000010500D0000821
     142       0       0       1       0                               0D0000822
     102     415       0       0       0       0       0       000010000D0000823
     102       0       0       1       0                               0D0000824
     110     416       0       0       0       0       0       000010000D0000825
     110       0   -1267       1       0                               0D0000826
     110     417       0       0       0       0       0       000010000D0000827
     110       0   -1267       1       0                               0D0000828
     110     418       0       0       0       0       0       000010000D0000829
     110       0   -1267       1       0                               0D0000830
     110     419       0       0       0       0       0       000010000D0000831
     110       0   -1267       1       0                               0D0000832
     144     420       0       0       0       0       0       000020000D0000833
     144       0   -1267       1       0                               0D0000834
     108     421       0       0       0       0       0       000010000D0000835
     108       0       0       1       0                               0D0000836
     142     422       0       0       0       0       0       000010500D0000837
     142       0       0       1       0                               0D0000838
     102     423       0       0       0       0       0       000010000D0000839
     102       0       0       1       0                               0D0000840
     110     424       0       0       0       0       0       000010000D0000841
     110       0   -1267       1       0                               0D0000842
     110     425       0       0       0       0       0       000010000D0000843
     110       0   -1267       1       0                               0D0000844
     110     426       0       0       0       0       0       000010000D0000845
     110       0   -1267       1       0                               0D0000846
     110     427       0       0       0       0       0       000010000D0000847
     110       0   -1267       1       0                               0D0000848
     402     428       0       0       0       0       0       000020000D0000849
     402       0       0       1       1                               0D0000850
     144     429       0       0       0       0       0       000020000D0000851
     144       0   -1267       1       0                               0D0000852
     108     430       0       0       0       0       0       000010000D0000853
     108       0       0       1       0                               0D0000854
     142     431       0       0       0       0       0       000010500D0000855
     142       0       0       1       0                               0D0000856
     102     432       0       0       0       0       0       000010000D0000857
     102       0       0       1       0                               0D0000858
     110     433       0       0       0       0       0       000010000D0000859
     110       0       0       1       0                               0D0000860
     110     434       0       0       0       0       0       000010000D0000861
     110       0       0       1       0                               0D0000862
     110     435       0       0       0       0       0       000010000D0000863
     110       0       0       1       0                               0D0000864
     110     436       0       0       0       0       0       000010000D0000865
     110       0       0       1       0                               0D0000866
     110     437       0       0       0       0       0       000010000D0000867
     110       0       0       1       0                               0D0000868
     110     438       0       0       0       0       0       000010000D0000869
     110       0       0       1       0                               0D0000870
     144     439       0       0       0       0       0       000020000D0000871
     144       0   -1267       1       0                               0D0000872
     108     440       0       0       0       0       0       000010000D0000873
     108       0       0       1       0                               0D0000874
     142     441       0       0       0       0       0       000010500D0000875
     142       0       0       1       0                               0D0000876
     102     442       0       0       0       0       0       000010000D0000877
     102       0       0       1       0                               0D0000878
     110     443       0       0       0       0       0       000010000D0000879
     110       0       0       1       0                               0D0000880
     110     444       0       0       0       0       0       000010000D0000881
     110       0       0       1       0                               0D0000882
     110     445       0       0       0       0       0       000010000D0000883
     110       0       0       1       0                               0D0000884
     110     446       0       0       0       0       0       000010000D0000885
     110       0       0       1       0                               0D0000886
     110     447       0       0       0       0       0       000010000D0000887
     110       0       0       1       0                               0D0000888
     110     448       0       0       0       0       0       000010000D0000889
     110       0       0       1       0                               0D0000890
     144     449       0       0       0       0       0       000020000D0000891
     144       0   -1267       1       0                               0D0000892
     108     450       0       0       0       0       0       000010000D0000893
     108       0       0       1       0                               0D0000894
     142     451       0       0       0       0       0       000010500D0000895
     142       0       0       1       0                               0D0000896
     102     452       0       0       0       0       0       000010000D0000897
     102       0       0       1       0                               0D0000898
     110     453       0       0       0       0       0       000010000D0000899
     110       0   -1267       1       0                               0D0000900
     110     454       0       0       0       0       0       000010000D0000901
     110       0       0       1       0                               0D0000902
     110     455       0       0       0       0       0       000010000D0000903
     110       0   -1267       1       0                               0D0000904
     110     456       0       0       0       0       0       000010000D0000905
     110       0       0       1       0                               0D0000906
     144     457       0       0       0       0       0       000020000D0000907
     144       0   -1267       1       0                               0D0000908
     108     458       0       0       0       0       0       000010000D0000909
     108       0       0       1       0                               0D0000910
     142     459       0       0       0       0       0       000010500D0000911
     142       0       0       1       0                               0D0000912
     102     460       0       0       0       0       0       000010000D0000913
     102       0       0       1       0                               0D0000914
     110     461       0       0       0       0       0       000010000D0000915
     110       0   -1267       1       0                               0D0000916
     110     462       0       0       0       0       0       000010000D0000917
     110       0       0       1       0                               0D0000918
     110     463       0       0       0       0       0       000010000D0000919
     110       0   -1267       1       0                               0D0000920
     110     464       0       0       0       0       0       000010000D0000921
     110       0       0       1       0                               0D0000922
     144     465       0       0       0       0       0       000020000D0000923
     144       0   -1267       1       0                               0D0000924
     108     466       0       0       0       0       0       000010000D0000925
     108       0       0       1       0                               0D0000926
     142     467       0       0       0       0       0       000010500D0000927
     142       0       0       1       0                               0D0000928
     102     468       0       0       0       0       0       000010000D0000929
     102       0       0       1       0                               0D0000930
     110     469       0       0       0       0       0       000010000D0000931
     110       0       0       1       0                               0D0000932
     110     470       0       0       0       0       0       000010000D0000933
     110       0   -1267       1       0                               0D0000934
     110     471       0       0       0       0       0       000010000D0000935
     110       0   -1267       1       0                               0D0000936
     110     472       0       0       0       0       0       000010000D0000937
     110       0   -1267       1       0                               0D0000938
     144     473       0       0       0       0       0       000020000D0000939
     144       0   -1267       1       0                               0D0000940
     108     474       0       0       0       0       0       000010000D0000941
     108       0       0       1       0                               0D0000942
     142     475       0       0       0       0       0       000010500D0000943
     142       0       0       1       0                               0D0000944
     102     476       0       0       0       0       0       000010000D0000945
     102       0       0       1       0                               0D0000946
     110     477       0       0       0       0       0       000010000D0000947
     110       0       0       1       0                               0D0000948
     110     478       0       0       0       0       0       000010000D0000949
     110       0   -1267       1       0                               0D0000950
     110     479       0       0       0       0       0       000010000D0000951
     110       0   -1267       1       0                               0D0000952
     110     480       0       0       0       0       0       000010000D0000953
     110       0   -1267       1       0                               0D0000954
     144     481       0       0       0       0       0       000020000D0000955
     144       0   -1267       1       0                               0D0000956
     108     482       0       0       0       0       0       000010000D0000957
     108       0       0       1       0                               0D0000958
     142     483       0       0       0       0       0       000010500D0000959
     142       0       0       1       0                               0D0000960
     102     484       0       0       0       0       0       000010000D0000961
     102       0       0       1       0                               0D0000962
     110     485       0       0       0       0       0       000010000D0000963
     110       0   -1267       1       0                               0D0000964
     110     486       0       0       0       0       0       000010000D0000965
     110       0   -1267       1       0                               0D0000966
     110     487       0       0       0       0       0       000010000D0000967
     110       0   -1267       1       0                               0D0000968
     110     488       0       0       0       0       0       000010000D0000969
     110       0   -1267       1       0                               0D0000970
     144     489       0       0       0       0       0       000020000D0000971
     144       0   -1267       1       0                               0D0000972
     108     490       0       0       0       0       0       000010000D0000973
     108       0       0       1       0                               0D0000974
     142     491       0       0       0       0       0       000010500D0000975
     142       0       0       1       0                               0D0000976
     102     492       0       0       0       0       0       000010000D0000977
     102       0       0       1       0                               0D0000978
     110     493       0       0       0       0       0       000010000D0000979
     110       0   -1267       1       0                               0D0000980
     110     494       0       0       0       0       0       000010000D0000981
     110       0   -1267       1       0                               0D0000982
     110     495       0       0       0       0       0       000010000D0000983
     110       0   -1267       1       0                               0D0000984
     110     496       0       0       0       0       0       000010000D0000985
     110       0   -1267       1       0                               0D0000986
     402     497       0       0       0       0       0       000020000D0000987
     402       0       0       1       1                               0D0000988
     144     498       0       0       0       0       0       000020000D0000989
     144       0   -1267       1       0                               0D0000990
     108     499       0       0       0       0       0       000010000D0000991
     108       0       0       1       0                               0D0000992
     142     500       0       0       0       0       0       000010500D0000993
     142       0       0       1       0                               0D0000994
     102     501       0       0       0       0       0       000010000D0000995
     102       0       0       1       0                               0D0000996
     110     502       0       0       0       0       0       000010000D0000997
     110       0       0       1       0                               0D0000998
     110     503       0       0       0       0       0       000010000D0000999
     110       0       0       1       0                               0D0001000
     110     504       0       0       0       0       0       000010000D0001001
     110       0       0       1       0                               0D0001002
     110     505       0       0       0       0       0       000010000D0001003
     110       0       0       1       0                               0D0001004
     110     506       0       0       0       0       0       000010000D0001005
     110       0       0       1       0                               0D0001006
     110     507       0       0       0       0       0       000010000D0001007
     110       0       0       1       0                               0D0001008
     144     508       0       0       0       0       0       000020000D0001009
     144       0   -1267       1       0                               0D0001010
     108     509       0       0       0       0       0       000010000D0001011
     108       0       0       1       0                               0D0001012
     142     510       0       0       0       0       0       000010500D0001013
     142       0       0       1       0                               0D0001014
     102     511       0       0       0       0       0       000010000D0001015
     102       0       0       1       0                               0D0001016
     110     512       0       0       0       0       0       000010000D0001017
     110       0       0       1       0                               0D0001018
     110     513       0       0       0       0       0       000010000D0001019
     110       0       0       1       0                               0D0001020
     110     514       0       0       0       0       0       000010000D0001021
     110       0       0       1       0                               0D0001022
     110     515       0       0       0       0       0       000010000D0001023
     110       0       0       1       0                               0D0001024
     110     516       0       0       0       0       0       000010000D0001025
     110       0       0       1       0                               0D0001026
     110     517       0       0       0       0       0       000010000D0001027
     110       0       0       1       0                               0D0001028
     144     518       0       0       0       0       0       000020000D0001029
     144       0   -1267       1       0                               0D0001030
     108     519       0       0       0       0       0       000010000D0001031
     108       0       0       1       0                               0D0001032
     142     520       0       0       0       0       0       000010500D0001033
     142       0       0       1       0                               0D0001034
     102     521       0       0       0       0       0       000010000D0001035
     102       0       0       1       0                               0D0001036
     110     522       0       0       0       0       0       000010000D0001037
     110       0   -1267       1       0                               0D0001038
     110     523       0       0       0       0       0       000010000D0001039
     110       0       0       1       0                               0D0001040
     110     524       0       0       0       0       0       000010000D0001041
     110       0   -1267       1       0                               0D0001042
     110     525       0       0       0       0       0       000010000D0001043
     110       0       0       1       0                               0D0001044
     144     526       0       0       0       0       0       000020000D0001045
     144       0   -1267       1       0                               0D0001046
     108     527       0       0       0       0       0       000010000D0001047
     108       0       0       1       0                               0D0001048
     142     528       0       0       0       0       0       000010500D0001049
     142       0       0       1       0                               0D0001050
     102     529       0       0       0       0       0       000010000D0001051
     102       0       0       1       0                               0D0001052
     110     530       0       0       0       0       0       000010000D0001053
     110       0   -1267       1       0                               0D0001054
     110     531       0       0       0       0       0       000010000D0001055
     110       0       0       1       0                               0D0001056
     110     532       0       0       0       0       0       000010000D0001057
     110       0   -1267       1       0                               0D0001058
     110     533       0       0       0       0       0       000010000D0001059
     110       0       0       1       0                               0D0001060
     144     534       0       0       0       0       0       000020000D0001061
     144       0   -1267       1       0                               0D0001062
     108     535       0       0       0       0       0       000010000D0001063
     108       0       0       1       0                               0D0001064
     142     536       0       0       0       0       0       000010500D0001065
     142       0       0       1       0                               0D0001066
     102     537       0       0       0       0       0       000010000D0001067
     102       0       0       1       0                               0D0001068
     110     538       0       0       0       0       0       000010000D0001069
     110       0       0       1       0                               0D0001070
     110     539       0       0       0       0       0       000010000D0001071
     110       0   -1267       1       0                               0D0001072
     110     540       0       0       0       0       0       000010000D0001073
     110       0   -1267       1       0                               0D0001074
     110     541       0       0       0       0       0       000010000D0001075
     110       0   -1267       1       0                               0D0001076
     144     542       0       0       0       0       0       000020000D0001077
     144       0   -1267       1       0                               0D0001078
     108     543       0       0       0       0       0       000010000D0001079
     108       0       0       1       0                               0D0001080
     142     544       0       0       0       0       0       000010500D0001081
     142       0       0       1       0                               0D0001082
     102     545       0       0       0       0       0       000010000D0001083
     102       0       0       1       0                               0D0001084
     110     546       0       0       0       0       0       000010000D0001085
     110       0       0       1       0                               0D0001086
     110     547       0       0       0       0       0       000010000D0001087
     110       0   -1267       1       0                               0D0001088
     110     548       0       0       0       0       0       000010000D0001089
     110       0   -1267       1       0                               0D0001090
     110     549       0       0       0       0       0       000010000D0001091
     110       0   -1267       1       0                               0D0001092
     144     550       0       0       0       0       0       000020000D0001093
     144       0   -1267       1       0                               0D0001094
     108     551       0       0       0       0       0       000010000D0001095
     108       0       0       1       0                               0D0001096
     142     552       0       0       0       0       0       000010500D0001097
     142       0       0       1       0                               0D0001098
     102     553       0       0       0       0       0       000010000D0001099
     102       0       0       1       0                               0D0001100
     110     554       0       0       0       0       0       000010000D0001101
     110       0   -1267       1       0                               0D0001102
     110     555       0       0       0       0       0       000010000D0001103
     110       0   -1267       1       0                               0D0001104
     110     556       0       0       0       0       0       000010000D0001105
     110       0   -1267       1       0                               0D0001106
     110     557       0       0       0       0       0       000010000D0001107
     110       0   -1267       1       0                               0D0001108
     144     558       0       0       0       0       0       000020000D0001109
     144       0   -1267       1       0                               0D0001110
     108     559       0       0       0       0       0       000010000D0001111
     108       0       0       1       0                               0D0001112
     142     560       0       0       0       0       0       000010500D0001113
     142       0       0       1       0                               0D0001114
     102     561       0       0       0       0       0       000010000D0001115
     102       0       0       1       0                               0D0001116
     110     562       0       0       0       0       0       000010000D0001117
     110       0   -1267       1       0                               0D0001118
     110     563       0       0       0       0       0       000010000D0001119
     110       0   -1267       1       0                               0D0001120
     110     564       0       0       0       0       0       000010000D0001121
     110       0   -1267       1       0                               0D0001122
     110     565       0       0       0       0       0       000010000D0001123
     110       0   -1267       1       0                               0D0001124
     402     566       0       0       0       0       0       000020000D0001125
     402       0       0       1       1                               0D0001126
     144     567       0       0       0       0       0       000020000D0001127
     144       0   -1267       1       0                               0D0001128
     108     568       0       0       0       0       0       000010000D0001129
     108       0       0       1       0                               0D0001130
     142     569       0       0       0       0       0       000010500D0001131
     142       0       0       1       0                               0D0001132
     102     570       0       0       0       0       0       000010000D0001133
     102       0       0       1       0                               0D0001134
     110     571       0       0       0       0       0       000010000D0001135
     110       0       0       1       0                               0D0001136
     110     572       0       0       0       0       0       000010000D0001137
     110       0       0       1       0                               0D0001138
     110     573       0       0       0       0       0       000010000D0001139
     110       0       0       1       0                               0D0001140
     110     574       0       0       0       0       0       000010000D0001141
     110       0       0       1       0                               0D0001142
     110     575       0       0       0       0       0       000010000D0001143
     110       0       0       1       0                               0D0001144
     110     576       0       0       0       0       0       000010000D0001145
     110       0       0       1       0                               0D0001146
     144     577       0       0       0       0       0       000020000D0001147
     144       0   -1267       1       0                               0D0001148
     108     578       0       0       0       0       0       000010000D0001149
     108       0       0       1       0                               0D0001150
     142     579       0       0       0       0       0       000010500D0001151
     142       0       0       1       0                               0D0001152
     102     580       0       0       0       0       0       000010000D0001153
     102       0       0       1       0                               0D0001154
     110     581       0       0       0       0       0       000010000D0001155
     110       0       0       1       0                               0D0001156
     110     582       0       0       0       0       0       000010000D0001157
     110       0       0       1       0                               0D0001158
     110     583       0       0       0       0       0       000010000D0001159
     110       0       0       1       0                               0D0001160
     110     584       0       0       0       0       0       000010000D0001161
     110       0       0       1       0                               0D0001162
     110     585       0       0       0       0       0       000010000D0001163
     110       0       0       1       0                               0D0001164
     110     586       0       0       0       0       0       000010000D0001165
     110       0       0       1       0                               0D0001166
     144     587       0       0       0       0       0       000020000D0001167
     144       0   -1267       1       0                               0D0001168
     108     588       0       0       0       0       0       000010000D0001169
     108       0       0       1       0                               0D0001170
     142     589       0       0       0       0       0       000010500D0001171
     142       0       0       1       0                               0D0001172
     102     590       0       0       0       0       0       000010000D0001173
     102       0       0       1       0                               0D0001174
     110     591       0       0       0       0       0       000010000D0001175
     110       0   -1267       1       0                               0D0001176
     110     592       0       0       0       0       0       000010000D0001177
     110       0       0       1       0                               0D0001178
     110     593       0       0       0       0       0       000010000D0001179
     110       0   -1267       1       0                               0D0001180
     110     594       0       0       0       0       0       000010000D0001181
     110       0       0       1       0                               0D0001182
     144     595       0       0       0       0       0       000020000D0001183
     144       0   -1267       1       0                               0D0001184
     108     596       0       0       0       0       0       000010000D0001185
     108       0       0       1       0                               0D0001186
     142     597       0       0       0       0       0       000010500D0001187
     142       0       0       1       0                               0D0001188
     102     598       0       0       0       0       0       000010000D0001189
     102       0       0       1       0                               0D0001190
     110     599       0       0       0       0       0       000010000D0001191
     110       0   -1267       1       0                               0D0001192
     110     600       0       0       0       0       0       000010000D0001193
     110       0       0       1       0                               0D0001194
     110     601       0       0       0       0       0       000010000D0001195
     110       0   -1267       1       0                               0D0001196
     110     602       0       0       0       0       0       000010000D0001197
     110       0       0       1       0                               0D0001198
     144     603       0       0       0       0       0       000020000D0001199
     144       0   -1267       1       0                               0D0001200
     108     604       0       0       0       0       0       000010000D0001201
     108       0       0       1       0                               0D0001202
     142     605       0       0       0       0       0       000010500D0001203
     142       0       0       1       0                               0D0001204
     102     606       0       0       0       0       0       000010000D0001205
     102       0       0       1       0                               0D0001206
     110     607       0       0       0       0       0       000010000D0001207
     110       0       0       1       0                               0D0001208
     110     608       0       0       0       0       0       000010000D0001209
     110       0   -1267       1       0                               0D0001210
     110     609       0       0       0       0       0       000010000D0001211
     110       0   -1267       1       0                               0D0001212
     110     610       0       0       0       0       0       000010000D0001213
     110       0   -1267       1       0                               0D0001214
     144     611       0       0       0       0       0       000020000D0001215
     144       0   -1267       1       0                               0D0001216
     108     612       0       0       0       0       0       000010000D0001217
     108       0       0       1       0                               0D0001218
     142     613       0       0       0       0       0       000010500D0001219
     142       0       0       1       0                               0D0001220
     102     614       0       0       0       0       0       000010000D0001221
     102       0       0       1       0                               0D0001222
     110     615       0       0       0       0       0       000010000D0001223
     110       0       0       1       0                               0D0001224
     110     616       0       0       0       0       0       000010000D0001225
     110       0   -1267       1       0                               0D0001226
     110     617       0       0       0       0       0       000010000D0001227
     110       0   -1267       1       0                               0D0001228
     110     618       0       0       0       0       0       000010000D0001229
     110       0   -1267       1       0                               0D0001230
     144     619       0       0       0       0       0       000020000D0001231
     144       0   -1267       1       0                               0D0001232
     108     620       0       0       0       0       0       000010000D0001233
     108       0       0       1       0                               0D0001234
     142     621       0       0       0       0       0       000010500D0001235
     142       0       0       1       0                               0D0001236
     102     622       0       0       0       0       0       000010000D0001237
     102       0       0       1       0                               0D0001238
     110     623       0       0       0       0       0       000010000D0001239
     110       0   -1267       1       0                               0D0001240
     110     624       0       0       0       0       0       000010000D0001241
     110       0   -1267       1       0                               0D0001242
     110     625       0       0       0       0       0       000010000D0001243
     110       0   -1267       1       0                               0D0001244
     110     626       0       0       0       0       0       000010000D0001245
     110       0   -1267       1       0                               0D0001246
     144     627       0       0       0       0       0       000020000D0001247
     144       0   -1267       1       0                               0D0001248
     108     628       0       0       0       0       0       000010000D0001249
     108       0       0       1       0                               0D0001250
     142     629       0       0       0       0       0       000010500D0001251
     142       0       0       1       0                               0D0001252
     102     630       0       0       0       0       0       000010000D0001253
     102       0       0       1       0                               0D0001254
     110     631       0       0       0       0       0       000010000D0001255
     110       0   -1267       1       0                               0D0001256
     110     632       0       0       0       0       0       000010000D0001257
     110       0   -1267       1       0                               0D0001258
     110     633       0       0       0       0       0       000010000D0001259
     110       0   -1267       1       0                               0D0001260
     110     634       0       0       0       0       0       000010000D0001261
     110       0   -1267       1       0                               0D0001262
     314     635       0       0       0       0       0       000000200D0001263
     314       0       0       1       0                               0D0001264
     314     636       0       0       0       0       0       000000200D0001265
     314       0       0       1       0                               0D0001266
     314     637       0       0       0       0       0       000000200D0001267
     314       0       0       1       0                               0D0001268
     406     638       0       0       0       0       0       000000000D0001269
     406       0       0       1      15                               0D0001270
402,10,3,61,159,297,435,573,711,849,987,1125,0,1,1269;           0000001P0000001
402,3,5,41,51;                                                   0000003P0000002
144,7,1,0,15;                                                    0000005P0000003
120,11,13,-3.141592654,3.141592654;                              0000007P0000004
124,1.,0.,0.,-0.559,0.,1.,0.,0.6,0.,0.,1.,0.889;                 0000009P0000005
110,0.,0.,1.,0.,0.,0.;                                           0000011P0000006
110,3.4925E-02,0.,0.,3.4925E-02,0.,3.E-03;                       0000013P0000007
142,0,7,17,27,3;                                                 0000015P0000008
102,4,19,21,23,25;                                               0000017P0000009
110,1.,-3.141592654,0.,1.,3.141592654,0.;                        0000019P0000010
110,1.,3.141592654,0.,-2.325245665E-13,3.141592654,0.;           0000021P0000011
110,-2.325245665E-13,3.141592654,0.,-6.975736996E-13,            0000023P0000012
-3.141592654,0.;                                                 0000023P0000013
110,-6.975736996E-13,-3.141592654,0.,1.,-3.141592654,0.;         0000025P0000014
102,4,29,33,35,39;                                               0000027P0000015
100,0.,0.,0.,-3.4925E-02,0.,-3.4925E-02,0.;                      0000029P0000016
124,1.,0.,0.,-0.559,0.,-1.,0.,0.6,0.,0.,-1.,0.892;               0000031P0000017
126,1,1,1,0,1,0,0.,0.,3.E-03,3.E-03,1.,1.,-0.593925,0.6,0.892,   0000033P0000018
-0.593925,0.6,0.889,0.,3.E-03,1.,0.,-0.;                         0000033P0000019
100,0.,0.,0.,-3.4925E-02,0.,-3.4925E-02,0.;                      0000035P0000020
124,1.,0.,-0.,-0.559,0.,1.,0.,0.6,0.,0.,1.,0.889;                0000037P0000021
126,1,1,1,0,1,0,0.,0.,3.E-03,3.E-03,1.,1.,-0.593925,0.6,0.889,   0000039P0000022
-0.593925,0.6,0.892,0.,3.E-03,-1.,0.,-0.;                        0000039P0000023
144,43,1,0,45;                                                   0000041P0000024
108,-0.,-0.,-1.,-0.889,0,-0.559,0.6,0.889,0.;                    0000043P0000025
142,0,43,0,47,2;                                                 0000045P0000026
100,0.,0.,0.,-3.4925E-02,0.,-3.4925E-02,0.;                      0000047P0000027
124,1.,0.,0.,-0.559,0.,-1.,0.,0.6,0.,0.,-1.,0.889;               0000049P0000028
144,53,1,0,55;                                                   0000051P0000029
108,0.,0.,1.,0.892,0,-0.559,0.6,0.892,0.;                        0000053P0000030
142,0,53,0,57,2;                                                 0000055P0000031
100,0.,0.,0.,-3.4925E-02,0.,-3.4925E-02,0.;                      0000057P0000032
124,1.,0.,0.,-0.559,0.,1.,0.,0.6,0.,0.,1.,0.892;                 0000059P0000033
402,6,63,79,95,111,127,143;                                      0000061P0000034
144,65,1,0,67;                                                   0000063P0000035
108,0.,-1.,0.,0.8,0,-0.698,-0.8,5.1E-02,0.;                      0000065P0000036
142,0,65,0,69,2;                                                 0000067P0000037
102,4,71,73,75,77;                                               0000069P0000038
110,-0.698,-0.8,5.1E-02,0.698,-0.8,5.1E-02;                      0000071P0000039
110,0.698,-0.8,5.1E-02,0.698,-0.8,0.889;                         0000073P0000040
110,0.698,-0.8,0.889,-0.698,-0.8,0.889;                          0000075P0000041
110,-0.698,-0.8,0.889,-0.698,-0.8,5.1E-02;                       0000077P0000042
144,81,1,0,83;                                                   0000079P0000043
108,1.,0.,0.,0.698,0,0.698,-0.8,5.1E-02,0.;                      0000081P0000044
142,0,81,0,85,2;                                                 0000083P0000045
102,4,87,89,91,93;                                               0000085P0000046
110,0.698,-0.8,5.1E-02,0.698,0.8,5.1E-02;                        0000087P0000047
110,0.698,0.8,5.1E-02,0.698,0.8,0.889;                           0000089P0000048
110,0.698,0.8,0.889,0.698,-0.8,0.889;                            0000091P0000049
110,0.698,-0.8,0.889,0.698,-0.8,5.1E-02;                         0000093P0000050
144,97,1,0,99;                                                   0000095P0000051
108,0.,1.,0.,0.8,0,0.698,0.8,5.1E-02,0.;                         0000097P0000052
142,0,97,0,101,2;                                                0000099P0000053
102,4,103,105,107,109;                                           0000101P0000054
110,0.698,0.8,5.1E-02,-0.698,0.8,5.1E-02;                        0000103P0000055
110,-0.698,0.8,5.1E-02,-0.698,0.8,0.889;                         0000105P0000056
110,-0.698,0.8,0.889,0.698,0.8,0.889;                            0000107P0000057
110,0.698,0.8,0.889,0.698,0.8,5.1E-02;                           0000109P0000058
144,113,1,0,115;                                                 0000111P0000059
108,-1.,0.,0.,0.698,0,-0.698,0.8,5.1E-02,0.;                     0000113P0000060
142,0,113,0,117,2;                                               0000115P0000061
102,4,119,121,123,125;                                           0000117P0000062
110,-0.698,0.8,5.1E-02,-0.698,-0.8,5.1E-02;                      0000119P0000063
110,-0.698,-0.8,5.1E-02,-0.698,-0.8,0.889;                       0000121P0000064
110,-0.698,-0.8,0.889,-0.698,0.8,0.889;                          0000123P0000065
110,-0.698,0.8,0.889,-0.698,0.8,5.1E-02;                         0000125P0000066
144,129,1,0,131;                                                 0000127P0000067
108,0.,0.,-1.,-5.1E-02,0,-0.698,0.8,5.1E-02,0.;                  0000129P0000068
142,0,129,0,133,2;                                               0000131P0000069
102,4,135,137,139,141;                                           0000133P0000070
110,-0.698,0.8,5.1E-02,0.698,0.8,5.1E-02;                        0000135P0000071
110,0.698,0.8,5.1E-02,0.698,-0.8,5.1E-02;                        0000137P0000072
110,0.698,-0.8,5.1E-02,-0.698,-0.8,5.1E-02;                      0000139P0000073
110,-0.698,-0.8,5.1E-02,-0.698,0.8,5.1E-02;                      0000141P0000074
144,145,1,0,147;                                                 0000143P0000075
108,0.,0.,1.,0.889,0,-0.698,-0.8,0.889,0.;                       0000145P0000076
142,0,145,0,149,2;                                               0000147P0000077
102,4,151,153,155,157;                                           0000149P0000078
110,-0.698,-0.8,0.889,0.698,-0.8,0.889;                          0000151P0000079
110,0.698,-0.8,0.889,0.698,0.8,0.889;                            0000153P0000080
110,0.698,0.8,0.889,-0.698,0.8,0.889;                            0000155P0000081
110,-0.698,0.8,0.889,-0.698,-0.8,0.889;                          0000157P0000082
402,8,161,181,201,217,233,249,265,281;                           0000159P0000083
144,163,1,0,165;                                                 0000161P0000084
108,0.,1.,0.,0.727,0,0.699,0.727,0.,0.;                          0000163P0000085
142,0,163,0,167,2;                                               0000165P0000086
102,6,169,171,173,175,177,179;                                   0000167P0000087
110,0.699,0.727,0.,0.191,0.727,0.;                               0000169P0000088
110,0.191,0.727,0.,0.191,0.727,5.1E-02;                          0000171P0000089
110,0.191,0.727,5.1E-02,0.698,0.727,5.1E-02;                     0000173P0000090
110,0.698,0.727,5.1E-02,0.698,0.727,0.444;                       0000175P0000091
110,0.698,0.727,0.444,0.699,0.727,0.444;                         0000177P0000092
110,0.699,0.727,0.444,0.699,0.727,0.;                            0000179P0000093
144,183,1,0,185;                                                 0000181P0000094
108,0.,-1.,0.,-0.473,0,0.191,0.473,0.,0.;                        0000183P0000095
142,0,183,0,187,2;                                               0000185P0000096
102,6,189,191,193,195,197,199;                                   0000187P0000097
110,0.191,0.473,0.,0.699,0.473,0.;                               0000189P0000098
110,0.699,0.473,0.,0.699,0.473,0.444;                            0000191P0000099
110,0.699,0.473,0.444,0.698,0.473,0.444;                         0000193P0000100
110,0.698,0.473,0.444,0.698,0.473,5.1E-02;                       0000195P0000101
110,0.698,0.473,5.1E-02,0.191,0.473,5.1E-02;                     0000197P0000102
110,0.191,0.473,5.1E-02,0.191,0.473,0.;                          0000199P0000103
144,203,1,0,205;                                                 0000201P0000104
108,0.,0.,1.,0.444,0,0.699,0.727,0.444,0.;                       0000203P0000105
142,0,203,0,207,2;                                               0000205P0000106
102,4,209,211,213,215;                                           0000207P0000107
110,0.699,0.727,0.444,0.698,0.727,0.444;                         0000209P0000108
110,0.698,0.727,0.444,0.698,0.473,0.444;                         0000211P0000109
110,0.698,0.473,0.444,0.699,0.473,0.444;                         0000213P0000110
110,0.699,0.473,0.444,0.699,0.727,0.444;                         0000215P0000111
144,219,1,0,221;                                                 0000217P0000112
108,0.,0.,1.,5.1E-02,0,0.698,0.727,5.1E-02,0.;                   0000219P0000113
142,0,219,0,223,2;                                               0000221P0000114
102,4,225,227,229,231;                                           0000223P0000115
110,0.698,0.727,5.1E-02,0.191,0.727,5.1E-02;                     0000225P0000116
110,0.191,0.727,5.1E-02,0.191,0.473,5.1E-02;                     0000227P0000117
110,0.191,0.473,5.1E-02,0.698,0.473,5.1E-02;                     0000229P0000118
110,0.698,0.473,5.1E-02,0.698,0.727,5.1E-02;                     0000231P0000119
144,235,1,0,237;                                                 0000233P0000120
108,1.,0.,0.,0.699,0,0.699,0.473,0.,0.;                          0000235P0000121
142,0,235,0,239,2;                                               0000237P0000122
102,4,241,243,245,247;                                           0000239P0000123
110,0.699,0.473,0.,0.699,0.727,0.;                               0000241P0000124
110,0.699,0.727,0.,0.699,0.727,0.444;                            0000243P0000125
110,0.699,0.727,0.444,0.699,0.473,0.444;                         0000245P0000126
110,0.699,0.473,0.444,0.699,0.473,0.;                            0000247P0000127
144,251,1,0,253;                                                 0000249P0000128
108,-1.,0.,0.,-0.191,0,0.191,0.727,0.,0.;                        0000251P0000129
142,0,251,0,255,2;                                               0000253P0000130
102,4,257,259,261,263;                                           0000255P0000131
110,0.191,0.727,0.,0.191,0.473,0.;                               0000257P0000132
110,0.191,0.473,0.,0.191,0.473,5.1E-02;                          0000259P0000133
110,0.191,0.473,5.1E-02,0.191,0.727,5.1E-02;                     0000261P0000134
110,0.191,0.727,5.1E-02,0.191,0.727,0.;                          0000263P0000135
144,267,1,0,269;                                                 0000265P0000136
108,-1.,0.,0.,-0.698,0,0.698,0.727,5.1E-02,0.;                   0000267P0000137
142,0,267,0,271,2;                                               0000269P0000138
102,4,273,275,277,279;                                           0000271P0000139
110,0.698,0.727,5.1E-02,0.698,0.473,5.1E-02;                     0000273P0000140
110,0.698,0.473,5.1E-02,0.698,0.473,0.444;                       0000275P0000141
110,0.698,0.473,0.444,0.698,0.727,0.444;                         0000277P0000142
110,0.698,0.727,0.444,0.698,0.727,5.1E-02;                       0000279P0000143
144,283,1,0,285;                                                 0000281P0000144
108,0.,0.,-1.,0.,0,0.699,0.473,0.,0.;                            0000283P0000145
142,0,283,0,287,2;                                               0000285P0000146
102,4,289,291,293,295;                                           0000287P0000147
110,0.699,0.473,0.,0.191,0.473,0.;                               0000289P0000148
110,0.191,0.473,0.,0.191,0.727,0.;                               0000291P0000149
110,0.191,0.727,0.,0.699,0.727,0.;                               0000293P0000150
110,0.699,0.727,0.,0.699,0.473,0.;                               0000295P0000151
402,8,299,319,339,355,371,387,403,419;                           0000297P0000152
144,301,1,0,303;                                                 0000299P0000153
108,0.,1.,0.,0.327,0,0.699,0.327,0.,0.;                          0000301P0000154
142,0,301,0,305,2;                                               0000303P0000155
102,6,307,309,311,313,315,317;                                   0000305P0000156
110,0.699,0.327,0.,0.191,0.327,0.;                               0000307P0000157
110,0.191,0.327,0.,0.191,0.327,5.1E-02;                          0000309P0000158
110,0.191,0.327,5.1E-02,0.698,0.327,5.1E-02;                     0000311P0000159
110,0.698,0.327,5.1E-02,0.698,0.327,0.444;                       0000313P0000160
110,0.698,0.327,0.444,0.699,0.327,0.444;                         0000315P0000161
110,0.699,0.327,0.444,0.699,0.327,0.;                            0000317P0000162
144,321,1,0,323;                                                 0000319P0000163
108,0.,-1.,0.,-7.3E-02,0,0.191,7.3E-02,0.,0.;                    0000321P0000164
142,0,321,0,325,2;                                               0000323P0000165
102,6,327,329,331,333,335,337;                                   0000325P0000166
110,0.191,7.3E-02,0.,0.699,7.3E-02,0.;                           0000327P0000167
110,0.699,7.3E-02,0.,0.699,7.3E-02,0.444;                        0000329P0000168
110,0.699,7.3E-02,0.444,0.698,7.3E-02,0.444;                     0000331P0000169
110,0.698,7.3E-02,0.444,0.698,7.3E-02,5.1E-02;                   0000333P0000170
110,0.698,7.3E-02,5.1E-02,0.191,7.3E-02,5.1E-02;                 0000335P0000171
110,0.191,7.3E-02,5.1E-02,0.191,7.3E-02,0.;                      0000337P0000172
144,341,1,0,343;                                                 0000339P0000173
108,0.,0.,1.,0.444,0,0.699,0.327,0.444,0.;                       0000341P0000174
142,0,341,0,345,2;                                               0000343P0000175
102,4,347,349,351,353;                                           0000345P0000176
110,0.699,0.327,0.444,0.698,0.327,0.444;                         0000347P0000177
110,0.698,0.327,0.444,0.698,7.3E-02,0.444;                       0000349P0000178
110,0.698,7.3E-02,0.444,0.699,7.3E-02,0.444;                     0000351P0000179
110,0.699,7.3E-02,0.444,0.699,0.327,0.444;                       0000353P0000180
144,357,1,0,359;                                                 0000355P0000181
108,0.,0.,1.,5.1E-02,0,0.698,0.327,5.1E-02,0.;                   0000357P0000182
142,0,357,0,361,2;                                               0000359P0000183
102,4,363,365,367,369;                                           0000361P0000184
110,0.698,0.327,5.1E-02,0.191,0.327,5.1E-02;                     0000363P0000185
110,0.191,0.327,5.1E-02,0.191,7.3E-02,5.1E-02;                   0000365P0000186
110,0.191,7.3E-02,5.1E-02,0.698,7.3E-02,5.1E-02;                 0000367P0000187
110,0.698,7.3E-02,5.1E-02,0.698,0.327,5.1E-02;                   0000369P0000188
144,373,1,0,375;                                                 0000371P0000189
108,1.,0.,0.,0.699,0,0.699,7.3E-02,0.,0.;                        0000373P0000190
142,0,373,0,377,2;                                               0000375P0000191
102,4,379,381,383,385;                                           0000377P0000192
110,0.699,7.3E-02,0.,0.699,0.327,0.;                             0000379P0000193
110,0.699,0.327,0.,0.699,0.327,0.444;                            0000381P0000194
110,0.699,0.327,0.444,0.699,7.3E-02,0.444;                       0000383P0000195
110,0.699,7.3E-02,0.444,0.699,7.3E-02,0.;                        0000385P0000196
144,389,1,0,391;                                                 0000387P0000197
108,-1.,0.,0.,-0.191,0,0.191,0.327,0.,0.;                        0000389P0000198
142,0,389,0,393,2;                                               0000391P0000199
102,4,395,397,399,401;                                           0000393P0000200
110,0.191,0.327,0.,0.191,7.3E-02,0.;                             0000395P0000201
110,0.191,7.3E-02,0.,0.191,7.3E-02,5.1E-02;                      0000397P0000202
110,0.191,7.3E-02,5.1E-02,0.191,0.327,5.1E-02;                   0000399P0000203
110,0.191,0.327,5.1E-02,0.191,0.327,0.;                          0000401P0000204
144,405,1,0,407;                                                 0000403P0000205
108,-1.,0.,0.,-0.698,0,0.698,0.327,5.1E-02,0.;                   0000405P0000206
142,0,405,0,409,2;                                               0000407P0000207
102,4,411,413,415,417;                                           0000409P0000208
110,0.698,0.327,5.1E-02,0.698,7.3E-02,5.1E-02;                   0000411P0000209
110,0.698,7.3E-02,5.1E-02,0.698,7.3E-02,0.444;                   0000413P0000210
110,0.698,7.3E-02,0.444,0.698,0.327,0.444;                       0000415P0000211
110,0.698,0.327,0.444,0.698,0.327,5.1E-02;                       0000417P0000212
144,421,1,0,423;                                                 0000419P0000213
108,0.,0.,-1.,0.,0,0.699,7.3E-02,0.,0.;                          0000421P0000214
142,0,421,0,425,2;                                               0000423P0000215
102,4,427,429,431,433;                                           0000425P0000216
110,0.699,7.3E-02,0.,0.191,7.3E-02,0.;                           0000427P0000217
110,0.191,7.3E-02,0.,0.191,0.327,0.;                             0000429P0000218
110,0.191,0.327,0.,0.699,0.327,0.;                               0000431P0000219
110,0.699,0.327,0.,0.699,7.3E-02,0.;                             0000433P0000220
402,8,437,457,477,493,509,525,541,557;                           0000435P0000221
144,439,1,0,441;                                                 0000437P0000222
108,0.,1.,0.,-7.3E-02,0,0.699,-7.3E-02,0.,0.;                    0000439P0000223
142,0,439,0,443,2;                                               0000441P0000224
102,6,445,447,449,451,453,455;                                   0000443P0000225
110,0.699,-7.3E-02,0.,0.191,-7.3E-02,0.;                         0000445P0000226
110,0.191,-7.3E-02,0.,0.191,-7.3E-02,5.1E-02;                    0000447P0000227
110,0.191,-7.3E-02,5.1E-02,0.698,-7.3E-02,5.1E-02;               0000449P0000228
110,0.698,-7.3E-02,5.1E-02,0.698,-7.3E-02,0.444;                 0000451P0000229
110,0.698,-7.3E-02,0.444,0.699,-7.3E-02,0.444;                   0000453P0000230
110,0.699,-7.3E-02,0.444,0.699,-7.3E-02,0.;                      0000455P0000231
144,459,1,0,461;                                                 0000457P0000232
108,0.,-1.,0.,0.327,0,0.191,-0.327,0.,0.;                        0000459P0000233
142,0,459,0,463,2;                                               0000461P0000234
102,6,465,467,469,471,473,475;                                   0000463P0000235
110,0.191,-0.327,0.,0.699,-0.327,0.;                             0000465P0000236
110,0.699,-0.327,0.,0.699,-0.327,0.444;                          0000467P0000237
110,0.699,-0.327,0.444,0.698,-0.327,0.444;                       0000469P0000238
110,0.698,-0.327,0.444,0.698,-0.327,5.1E-02;                     0000471P0000239
110,0.698,-0.327,5.1E-02,0.191,-0.327,5.1E-02;                   0000473P0000240
110,0.191,-0.327,5.1E-02,0.191,-0.327,0.;                        0000475P0000241
144,479,1,0,481;                                                 0000477P0000242
108,0.,0.,1.,0.444,0,0.699,-7.3E-02,0.444,0.;                    0000479P0000243
142,0,479,0,483,2;                                               0000481P0000244
102,4,485,487,489,491;                                           0000483P0000245
110,0.699,-7.3E-02,0.444,0.698,-7.3E-02,0.444;                   0000485P0000246
110,0.698,-7.3E-02,0.444,0.698,-0.327,0.444;                     0000487P0000247
110,0.698,-0.327,0.444,0.699,-0.327,0.444;                       0000489P0000248
110,0.699,-0.327,0.444,0.699,-7.3E-02,0.444;                     0000491P0000249
144,495,1,0,497;                                                 0000493P0000250
108,0.,0.,1.,5.1E-02,0,0.698,-7.3E-02,5.1E-02,0.;                0000495P0000251
142,0,495,0,499,2;                                               0000497P0000252
102,4,501,503,505,507;                                           0000499P0000253
110,0.698,-7.3E-02,5.1E-02,0.191,-7.3E-02,5.1E-02;               0000501P0000254
110,0.191,-7.3E-02,5.1E-02,0.191,-0.327,5.1E-02;                 0000503P0000255
110,0.191,-0.327,5.1E-02,0.698,-0.327,5.1E-02;                   0000505P0000256
110,0.698,-0.327,5.1E-02,0.698,-7.3E-02,5.1E-02;                 0000507P0000257
144,511,1,0,513;                                                 0000509P0000258
108,1.,0.,0.,0.699,0,0.699,-0.327,0.,0.;                         0000511P0000259
142,0,511,0,515,2;                                               0000513P0000260
102,4,517,519,521,523;                                           0000515P0000261
110,0.699,-0.327,0.,0.699,-7.3E-02,0.;                           0000517P0000262
110,0.699,-7.3E-02,0.,0.699,-7.3E-02,0.444;                      0000519P0000263
110,0.699,-7.3E-02,0.444,0.699,-0.327,0.444;                     0000521P0000264
110,0.699,-0.327,0.444,0.699,-0.327,0.;                          0000523P0000265
144,527,1,0,529;                                                 0000525P0000266
108,-1.,0.,0.,-0.191,0,0.191,-7.3E-02,0.,0.;                     0000527P0000267
142,0,527,0,531,2;                                               0000529P0000268
102,4,533,535,537,539;                                           0000531P0000269
110,0.191,-7.3E-02,0.,0.191,-0.327,0.;                           0000533P0000270
110,0.191,-0.327,0.,0.191,-0.327,5.1E-02;                        0000535P0000271
110,0.191,-0.327,5.1E-02,0.191,-7.3E-02,5.1E-02;                 0000537P0000272
110,0.191,-7.3E-02,5.1E-02,0.191,-7.3E-02,0.;                    0000539P0000273
144,543,1,0,545;                                                 0000541P0000274
108,-1.,0.,0.,-0.698,0,0.698,-7.3E-02,5.1E-02,0.;                0000543P0000275
142,0,543,0,547,2;                                               0000545P0000276
102,4,549,551,553,555;                                           0000547P0000277
110,0.698,-7.3E-02,5.1E-02,0.698,-0.327,5.1E-02;                 0000549P0000278
110,0.698,-0.327,5.1E-02,0.698,-0.327,0.444;                     0000551P0000279
110,0.698,-0.327,0.444,0.698,-7.3E-02,0.444;                     0000553P0000280
110,0.698,-7.3E-02,0.444,0.698,-7.3E-02,5.1E-02;                 0000555P0000281
144,559,1,0,561;                                                 0000557P0000282
108,0.,0.,-1.,0.,0,0.699,-0.327,0.,0.;                           0000559P0000283
142,0,559,0,563,2;                                               0000561P0000284
102,4,565,567,569,571;                                           0000563P0000285
110,0.699,-0.327,0.,0.191,-0.327,0.;                             0000565P0000286
110,0.191,-0.327,0.,0.191,-7.3E-02,0.;                           0000567P0000287
110,0.191,-7.3E-02,0.,0.699,-7.3E-02,0.;                         0000569P0000288
110,0.699,-7.3E-02,0.,0.699,-0.327,0.;                           0000571P0000289
402,8,575,595,615,631,647,663,679,695;                           0000573P0000290
144,577,1,0,579;                                                 0000575P0000291
108,0.,1.,0.,-0.473,0,0.699,-0.473,0.,0.;                        0000577P0000292
142,0,577,0,581,2;                                               0000579P0000293
102,6,583,585,587,589,591,593;                                   0000581P0000294
110,0.699,-0.473,0.,0.191,-0.473,0.;                             0000583P0000295
110,0.191,-0.473,0.,0.191,-0.473,5.1E-02;                        0000585P0000296
110,0.191,-0.473,5.1E-02,0.698,-0.473,5.1E-02;                   0000587P0000297
110,0.698,-0.473,5.1E-02,0.698,-0.473,0.444;                     0000589P0000298
110,0.698,-0.473,0.444,0.699,-0.473,0.444;                       0000591P0000299
110,0.699,-0.473,0.444,0.699,-0.473,0.;                          0000593P0000300
144,597,1,0,599;                                                 0000595P0000301
108,0.,-1.,0.,0.727,0,0.191,-0.727,0.,0.;                        0000597P0000302
142,0,597,0,601,2;                                               0000599P0000303
102,6,603,605,607,609,611,613;                                   0000601P0000304
110,0.191,-0.727,0.,0.699,-0.727,0.;                             0000603P0000305
110,0.699,-0.727,0.,0.699,-0.727,0.444;                          0000605P0000306
110,0.699,-0.727,0.444,0.698,-0.727,0.444;                       0000607P0000307
110,0.698,-0.727,0.444,0.698,-0.727,5.1E-02;                     0000609P0000308
110,0.698,-0.727,5.1E-02,0.191,-0.727,5.1E-02;                   0000611P0000309
110,0.191,-0.727,5.1E-02,0.191,-0.727,0.;                        0000613P0000310
144,617,1,0,619;                                                 0000615P0000311
108,0.,0.,1.,0.444,0,0.699,-0.473,0.444,0.;                      0000617P0000312
142,0,617,0,621,2;                                               0000619P0000313
102,4,623,625,627,629;                                           0000621P0000314
110,0.699,-0.473,0.444,0.698,-0.473,0.444;                       0000623P0000315
110,0.698,-0.473,0.444,0.698,-0.727,0.444;                       0000625P0000316
110,0.698,-0.727,0.444,0.699,-0.727,0.444;                       0000627P0000317
110,0.699,-0.727,0.444,0.699,-0.473,0.444;                       0000629P0000318
144,633,1,0,635;                                                 0000631P0000319
108,0.,0.,1.,5.1E-02,0,0.698,-0.473,5.1E-02,0.;                  0000633P0000320
142,0,633,0,637,2;                                               0000635P0000321
102,4,639,641,643,645;                                           0000637P0000322
110,0.698,-0.473,5.1E-02,0.191,-0.473,5.1E-02;                   0000639P0000323
110,0.191,-0.473,5.1E-02,0.191,-0.727,5.1E-02;                   0000641P0000324
110,0.191,-0.727,5.1E-02,0.698,-0.727,5.1E-02;                   0000643P0000325
110,0.698,-0.727,5.1E-02,0.698,-0.473,5.1E-02;                   0000645P0000326
144,649,1,0,651;                                                 0000647P0000327
108,1.,0.,0.,0.699,0,0.699,-0.727,0.,0.;                         0000649P0000328
142,0,649,0,653,2;                                               0000651P0000329
102,4,655,657,659,661;                                           0000653P0000330
110,0.699,-0.727,0.,0.699,-0.473,0.;                             0000655P0000331
110,0.699,-0.473,0.,0.699,-0.473,0.444;                          0000657P0000332
110,0.699,-0.473,0.444,0.699,-0.727,0.444;                       0000659P0000333
110,0.699,-0.727,0.444,0.699,-0.727,0.;                          0000661P0000334
144,665,1,0,667;                                                 0000663P0000335
108,-1.,0.,0.,-0.191,0,0.191,-0.473,0.,0.;                       0000665P0000336
142,0,665,0,669,2;                                               0000667P0000337
102,4,671,673,675,677;                                           0000669P0000338
110,0.191,-0.473,0.,0.191,-0.727,0.;                             0000671P0000339
110,0.191,-0.727,0.,0.191,-0.727,5.1E-02;                        0000673P0000340
110,0.191,-0.727,5.1E-02,0.191,-0.473,5.1E-02;                   0000675P0000341
110,0.191,-0.473,5.1E-02,0.191,-0.473,0.;                        0000677P0000342
144,681,1,0,683;                                                 0000679P0000343
108,-1.,0.,0.,-0.698,0,0.698,-0.473,5.1E-02,0.;                  0000681P0000344
142,0,681,0,685,2;                                               0000683P0000345
102,4,687,689,691,693;                                           0000685P0000346
110,0.698,-0.473,5.1E-02,0.698,-0.727,5.1E-02;                   0000687P0000347
110,0.698,-0.727,5.1E-02,0.698,-0.727,0.444;                     0000689P0000348
110,0.698,-0.727,0.444,0.698,-0.473,0.444;                       0000691P0000349
110,0.698,-0.473,0.444,0.698,-0.473,5.1E-02;                     0000693P0000350
144,697,1,0,699;                                                 0000695P0000351
108,0.,0.,-1.,0.,0,0.699,-0.727,0.,0.;                           0000697P0000352
142,0,697,0,701,2;                                               0000699P0000353
102,4,703,705,707,709;                                           0000701P0000354
110,0.699,-0.727,0.,0.191,-0.727,0.;                             0000703P0000355
110,0.191,-0.727,0.,0.191,-0.473,0.;                             0000705P0000356
110,0.191,-0.473,0.,0.699,-0.473,0.;                             0000707P0000357
110,0.699,-0.473,0.,0.699,-0.727,0.;                             0000709P0000358
402,8,713,733,753,769,785,801,817,833;                           0000711P0000359
144,715,1,0,717;                                                 0000713P0000360
108,0.,-1.,0.,0.727,0,-0.699,-0.727,0.,0.;                       0000715P0000361
142,0,715,0,719,2;                                               0000717P0000362
102,6,721,723,725,727,729,731;                                   0000719P0000363
110,-0.699,-0.727,0.,-0.191,-0.727,0.;                           0000721P0000364
110,-0.191,-0.727,0.,-0.191,-0.727,5.1E-02;                      0000723P0000365
110,-0.191,-0.727,5.1E-02,-0.698,-0.727,5.1E-02;                 0000725P0000366
110,-0.698,-0.727,5.1E-02,-0.698,-0.727,0.444;                   0000727P0000367
110,-0.698,-0.727,0.444,-0.699,-0.727,0.444;                     0000729P0000368
110,-0.699,-0.727,0.444,-0.699,-0.727,0.;                        0000731P0000369
144,735,1,0,737;                                                 0000733P0000370
108,0.,1.,0.,-0.473,0,-0.191,-0.473,0.,0.;                       0000735P0000371
142,0,735,0,739,2;                                               0000737P0000372
102,6,741,743,745,747,749,751;                                   0000739P0000373
110,-0.191,-0.473,0.,-0.699,-0.473,0.;                           0000741P0000374
110,-0.699,-0.473,0.,-0.699,-0.473,0.444;                        0000743P0000375
110,-0.699,-0.473,0.444,-0.698,-0.473,0.444;                     0000745P0000376
110,-0.698,-0.473,0.444,-0.698,-0.473,5.1E-02;                   0000747P0000377
110,-0.698,-0.473,5.1E-02,-0.191,-0.473,5.1E-02;                 0000749P0000378
110,-0.191,-0.473,5.1E-02,-0.191,-0.473,0.;                      0000751P0000379
144,755,1,0,757;                                                 0000753P0000380
108,0.,0.,1.,0.444,0,-0.699,-0.727,0.444,0.;                     0000755P0000381
142,0,755,0,759,2;                                               0000757P0000382
102,4,761,763,765,767;                                           0000759P0000383
110,-0.699,-0.727,0.444,-0.698,-0.727,0.444;                     0000761P0000384
110,-0.698,-0.727,0.444,-0.698,-0.473,0.444;                     0000763P0000385
110,-0.698,-0.473,0.444,-0.699,-0.473,0.444;                     0000765P0000386
110,-0.699,-0.473,0.444,-0.699,-0.727,0.444;                     0000767P0000387
144,771,1,0,773;                                                 0000769P0000388
108,0.,0.,1.,5.1E-02,0,-0.698,-0.727,5.1E-02,0.;                 0000771P0000389
142,0,771,0,775,2;                                               0000773P0000390
102,4,777,779,781,783;                                           0000775P0000391
110,-0.698,-0.727,5.1E-02,-0.191,-0.727,5.1E-02;                 0000777P0000392
110,-0.191,-0.727,5.1E-02,-0.191,-0.473,5.1E-02;                 0000779P0000393
110,-0.191,-0.473,5.1E-02,-0.698,-0.473,5.1E-02;                 0000781P0000394
110,-0.698,-0.473,5.1E-02,-0.698,-0.727,5.1E-02;                 0000783P0000395
144,787,1,0,789;                                                 0000785P0000396
108,-1.,0.,0.,0.699,0,-0.699,-0.473,0.,0.;                       0000787P0000397
142,0,787,0,791,2;                                               0000789P0000398
102,4,793,795,797,799;                                           0000791P0000399
110,-0.699,-0.473,0.,-0.699,-0.727,0.;                           0000793P0000400
110,-0.699,-0.727,0.,-0.699,-0.727,0.444;                        0000795P0000401
110,-0.699,-0.727,0.444,-0.699,-0.473,0.444;                     0000797P0000402
110,-0.699,-0.473,0.444,-0.699,-0.473,0.;                        0000799P0000403
144,803,1,0,805;                                                 0000801P0000404
108,1.,0.,0.,-0.191,0,-0.191,-0.727,0.,0.;                       0000803P0000405
142,0,803,0,807,2;                                               0000805P0000406
102,4,809,811,813,815;                                           0000807P0000407
110,-0.191,-0.727,0.,-0.191,-0.473,0.;                           0000809P0000408
110,-0.191,-0.473,0.,-0.191,-0.473,5.1E-02;                      0000811P0000409
110,-0.191,-0.473,5.1E-02,-0.191,-0.727,5.1E-02;                 0000813P0000410
110,-0.191,-0.727,5.1E-02,-0.191,-0.727,0.;                      0000815P0000411
144,819,1,0,821;                                                 0000817P0000412
108,1.,0.,0.,-0.698,0,-0.698,-0.727,5.1E-02,0.;                  0000819P0000413
142,0,819,0,823,2;                                               0000821P0000414
102,4,825,827,829,831;                                           0000823P0000415
110,-0.698,-0.727,5.1E-02,-0.698,-0.473,5.1E-02;                 0000825P0000416
110,-0.698,-0.473,5.1E-02,-0.698,-0.473,0.444;                   0000827P0000417
110,-0.698,-0.473,0.444,-0.698,-0.727,0.444;                     0000829P0000418
110,-0.698,-0.727,0.444,-0.698,-0.727,5.1E-02;                   0000831P0000419
144,835,1,0,837;                                                 0000833P0000420
108,0.,0.,-1.,-0.,0,-0.699,-0.473,0.,0.;                         0000835P0000421
142,0,835,0,839,2;                                               0000837P0000422
102,4,841,843,845,847;                                           0000839P0000423
110,-0.699,-0.473,0.,-0.191,-0.473,0.;                           0000841P0000424
110,-0.191,-0.473,0.,-0.191,-0.727,0.;                           0000843P0000425
110,-0.191,-0.727,0.,-0.699,-0.727,0.;                           0000845P0000426
110,-0.699,-0.727,0.,-0.699,-0.473,0.;                           0000847P0000427
402,8,851,871,891,907,923,939,955,971;                           0000849P0000428
144,853,1,0,855;                                                 0000851P0000429
108,0.,-1.,0.,0.327,0,-0.699,-0.327,0.,0.;                       0000853P0000430
142,0,853,0,857,2;                                               0000855P0000431
102,6,859,861,863,865,867,869;                                   0000857P0000432
110,-0.699,-0.327,0.,-0.191,-0.327,0.;                           0000859P0000433
110,-0.191,-0.327,0.,-0.191,-0.327,5.1E-02;                      0000861P0000434
110,-0.191,-0.327,5.1E-02,-0.698,-0.327,5.1E-02;                 0000863P0000435
110,-0.698,-0.327,5.1E-02,-0.698,-0.327,0.444;                   0000865P0000436
110,-0.698,-0.327,0.444,-0.699,-0.327,0.444;                     0000867P0000437
110,-0.699,-0.327,0.444,-0.699,-0.327,0.;                        0000869P0000438
144,873,1,0,875;                                                 0000871P0000439
108,0.,1.,0.,-7.3E-02,0,-0.191,-7.3E-02,0.,0.;                   0000873P0000440
142,0,873,0,877,2;                                               0000875P0000441
102,6,879,881,883,885,887,889;                                   0000877P0000442
110,-0.191,-7.3E-02,0.,-0.699,-7.3E-02,0.;                       0000879P0000443
110,-0.699,-7.3E-02,0.,-0.699,-7.3E-02,0.444;                    0000881P0000444
110,-0.699,-7.3E-02,0.444,-0.698,-7.3E-02,0.444;                 0000883P0000445
110,-0.698,-7.3E-02,0.444,-0.698,-7.3E-02,5.1E-02;               0000885P0000446
110,-0.698,-7.3E-02,5.1E-02,-0.191,-7.3E-02,5.1E-02;             0000887P0000447
110,-0.191,-7.3E-02,5.1E-02,-0.191,-7.3E-02,0.;                  0000889P0000448
144,893,1,0,895;                                                 0000891P0000449
108,0.,0.,1.,0.444,0,-0.699,-0.327,0.444,0.;                     0000893P0000450
142,0,893,0,897,2;                                               0000895P0000451
102,4,899,901,903,905;                                           0000897P0000452
110,-0.699,-0.327,0.444,-0.698,-0.327,0.444;                     0000899P0000453
110,-0.698,-0.327,0.444,-0.698,-7.3E-02,0.444;                   0000901P0000454
110,-0.698,-7.3E-02,0.444,-0.699,-7.3E-02,0.444;                 0000903P0000455
110,-0.699,-7.3E-02,0.444,-0.699,-0.327,0.444;                   0000905P0000456
144,909,1,0,911;                                                 0000907P0000457
108,0.,0.,1.,5.1E-02,0,-0.698,-0.327,5.1E-02,0.;                 0000909P0000458
142,0,909,0,913,2;                                               0000911P0000459
102,4,915,917,919,921;                                           0000913P0000460
110,-0.698,-0.327,5.1E-02,-0.191,-0.327,5.1E-02;                 0000915P0000461
110,-0.191,-0.327,5.1E-02,-0.191,-7.3E-02,5.1E-02;               0000917P0000462
110,-0.191,-7.3E-02,5.1E-02,-0.698,-7.3E-02,5.1E-02;             0000919P0000463
110,-0.698,-7.3E-02,5.1E-02,-0.698,-0.327,5.1E-02;               0000921P0000464
144,925,1,0,927;                                                 0000923P0000465
108,-1.,0.,0.,0.699,0,-0.699,-7.3E-02,0.,0.;                     0000925P0000466
142,0,925,0,929,2;                                               0000927P0000467
102,4,931,933,935,937;                                           0000929P0000468
110,-0.699,-7.3E-02,0.,-0.699,-0.327,0.;                         0000931P0000469
110,-0.699,-0.327,0.,-0.699,-0.327,0.444;                        0000933P0000470
110,-0.699,-0.327,0.444,-0.699,-7.3E-02,0.444;                   0000935P0000471
110,-0.699,-7.3E-02,0.444,-0.699,-7.3E-02,0.;                    0000937P0000472
144,941,1,0,943;                                                 0000939P0000473
108,1.,0.,0.,-0.191,0,-0.191,-0.327,0.,0.;                       0000941P0000474
142,0,941,0,945,2;                                               0000943P0000475
102,4,947,949,951,953;                                           0000945P0000476
110,-0.191,-0.327,0.,-0.191,-7.3E-02,0.;                         0000947P0000477
110,-0.191,-7.3E-02,0.,-0.191,-7.3E-02,5.1E-02;                  0000949P0000478
110,-0.191,-7.3E-02,5.1E-02,-0.191,-0.327,5.1E-02;               0000951P0000479
110,-0.191,-0.327,5.1E-02,-0.191,-0.327,0.;                      0000953P0000480
144,957,1,0,959;                                                 0000955P0000481
108,1.,0.,0.,-0.698,0,-0.698,-0.327,5.1E-02,0.;                  0000957P0000482
142,0,957,0,961,2;                                               0000959P0000483
102,4,963,965,967,969;                                           0000961P0000484
110,-0.698,-0.327,5.1E-02,-0.698,-7.3E-02,5.1E-02;               0000963P0000485
110,-0.698,-7.3E-02,5.1E-02,-0.698,-7.3E-02,0.444;               0000965P0000486
110,-0.698,-7.3E-02,0.444,-0.698,-0.327,0.444;                   0000967P0000487
110,-0.698,-0.327,0.444,-0.698,-0.327,5.1E-02;                   0000969P0000488
144,973,1,0,975;                                                 0000971P0000489
108,0.,0.,-1.,-0.,0,-0.699,-7.3E-02,0.,0.;                       0000973P0000490
142,0,973,0,977,2;                                               0000975P0000491
102,4,979,981,983,985;                                           0000977P0000492
110,-0.699,-7.3E-02,0.,-0.191,-7.3E-02,0.;                       0000979P0000493
110,-0.191,-7.3E-02,0.,-0.191,-0.327,0.;                         0000981P0000494
110,-0.191,-0.327,0.,-0.699,-0.327,0.;                           0000983P0000495
110,-0.699,-0.327,0.,-0.699,-7.3E-02,0.;                         0000985P0000496
402,8,989,1009,1029,1045,1061,1077,1093,1109;                    0000987P0000497
144,991,1,0,993;                                                 0000989P0000498
108,0.,-1.,0.,-7.3E-02,0,-0.699,7.3E-02,0.,0.;                   0000991P0000499
142,0,991,0,995,2;                                               0000993P0000500
102,6,997,999,1001,1003,1005,1007;                               0000995P0000501
110,-0.699,7.3E-02,0.,-0.191,7.3E-02,0.;                         0000997P0000502
110,-0.191,7.3E-02,0.,-0.191,7.3E-02,5.1E-02;                    0000999P0000503
110,-0.191,7.3E-02,5.1E-02,-0.698,7.3E-02,5.1E-02;               0001001P0000504
110,-0.698,7.3E-02,5.1E-02,-0.698,7.3E-02,0.444;                 0001003P0000505
110,-0.698,7.3E-02,0.444,-0.699,7.3E-02,0.444;                   0001005P0000506
110,-0.699,7.3E-02,0.444,-0.699,7.3E-02,0.;                      0001007P0000507
144,1011,1,0,1013;                                               0001009P0000508
108,0.,1.,0.,0.327,0,-0.191,0.327,0.,0.;                         0001011P0000509
142,0,1011,0,1015,2;                                             0001013P0000510
102,6,1017,1019,1021,1023,1025,1027;                             0001015P0000511
110,-0.191,0.327,0.,-0.699,0.327,0.;                             0001017P0000512
110,-0.699,0.327,0.,-0.699,0.327,0.444;                          0001019P0000513
110,-0.699,0.327,0.444,-0.698,0.327,0.444;                       0001021P0000514
110,-0.698,0.327,0.444,-0.698,0.327,5.1E-02;                     0001023P0000515
110,-0.698,0.327,5.1E-02,-0.191,0.327,5.1E-02;                   0001025P0000516
110,-0.191,0.327,5.1E-02,-0.191,0.327,0.;                        0001027P0000517
144,1031,1,0,1033;                                               0001029P0000518
108,0.,0.,1.,0.444,0,-0.699,7.3E-02,0.444,0.;                    0001031P0000519
142,0,1031,0,1035,2;                                             0001033P0000520
102,4,1037,1039,1041,1043;                                       0001035P0000521
110,-0.699,7.3E-02,0.444,-0.698,7.3E-02,0.444;                   0001037P0000522
110,-0.698,7.3E-02,0.444,-0.698,0.327,0.444;                     0001039P0000523
110,-0.698,0.327,0.444,-0.699,0.327,0.444;                       0001041P0000524
110,-0.699,0.327,0.444,-0.699,7.3E-02,0.444;                     0001043P0000525
144,1047,1,0,1049;                                               0001045P0000526
108,0.,0.,1.,5.1E-02,0,-0.698,7.3E-02,5.1E-02,0.;                0001047P0000527
142,0,1047,0,1051,2;                                             0001049P0000528
102,4,1053,1055,1057,1059;                                       0001051P0000529
110,-0.698,7.3E-02,5.1E-02,-0.191,7.3E-02,5.1E-02;               0001053P0000530
110,-0.191,7.3E-02,5.1E-02,-0.191,0.327,5.1E-02;                 0001055P0000531
110,-0.191,0.327,5.1E-02,-0.698,0.327,5.1E-02;                   0001057P0000532
110,-0.698,0.327,5.1E-02,-0.698,7.3E-02,5.1E-02;                 0001059P0000533
144,1063,1,0,1065;                                               0001061P0000534
108,-1.,0.,0.,0.699,0,-0.699,0.327,0.,0.;                        0001063P0000535
142,0,1063,0,1067,2;                                             0001065P0000536
102,4,1069,1071,1073,1075;                                       0001067P0000537
110,-0.699,0.327,0.,-0.699,7.3E-02,0.;                           0001069P0000538
110,-0.699,7.3E-02,0.,-0.699,7.3E-02,0.444;                      0001071P0000539
110,-0.699,7.3E-02,0.444,-0.699,0.327,0.444;                     0001073P0000540
110,-0.699,0.327,0.444,-0.699,0.327,0.;                          0001075P0000541
144,1079,1,0,1081;                                               0001077P0000542
108,1.,0.,0.,-0.191,0,-0.191,7.3E-02,0.,0.;                      0001079P0000543
142,0,1079,0,1083,2;                                             0001081P0000544
102,4,1085,1087,1089,1091;                                       0001083P0000545
110,-0.191,7.3E-02,0.,-0.191,0.327,0.;                           0001085P0000546
110,-0.191,0.327,0.,-0.191,0.327,5.1E-02;                        0001087P0000547
110,-0.191,0.327,5.1E-02,-0.191,7.3E-02,5.1E-02;                 0001089P0000548
110,-0.191,7.3E-02,5.1E-02,-0.191,7.3E-02,0.;                    0001091P0000549
144,1095,1,0,1097;                                               0001093P0000550
108,1.,0.,0.,-0.698,0,-0.698,7.3E-02,5.1E-02,0.;                 0001095P0000551
142,0,1095,0,1099,2;                                             0001097P0000552
102,4,1101,1103,1105,1107;                                       0001099P0000553
110,-0.698,7.3E-02,5.1E-02,-0.698,0.327,5.1E-02;                 0001101P0000554
110,-0.698,0.327,5.1E-02,-0.698,0.327,0.444;                     0001103P0000555
110,-0.698,0.327,0.444,-0.698,7.3E-02,0.444;                     0001105P0000556
110,-0.698,7.3E-02,0.444,-0.698,7.3E-02,5.1E-02;                 0001107P0000557
144,1111,1,0,1113;                                               0001109P0000558
108,0.,0.,-1.,0.,0,-0.699,0.327,0.,0.;                           0001111P0000559
142,0,1111,0,1115,2;                                             0001113P0000560
102,4,1117,1119,1121,1123;                                       0001115P0000561
110,-0.699,0.327,0.,-0.191,0.327,0.;                             0001117P0000562
110,-0.191,0.327,0.,-0.191,7.3E-02,0.;                           0001119P0000563
110,-0.191,7.3E-02,0.,-0.699,7.3E-02,0.;                         0001121P0000564
110,-0.699,7.3E-02,0.,-0.699,0.327,0.;                           0001123P0000565
402,8,1127,1147,1167,1183,1199,1215,1231,1247;                   0001125P0000566
144,1129,1,0,1131;                                               0001127P0000567
108,0.,-1.,0.,-0.473,0,-0.699,0.473,0.,0.;                       0001129P0000568
142,0,1129,0,1133,2;                                             0001131P0000569
102,6,1135,1137,1139,1141,1143,1145;                             0001133P0000570
110,-0.699,0.473,0.,-0.191,0.473,0.;                             0001135P0000571
110,-0.191,0.473,0.,-0.191,0.473,5.1E-02;                        0001137P0000572
110,-0.191,0.473,5.1E-02,-0.698,0.473,5.1E-02;                   0001139P0000573
110,-0.698,0.473,5.1E-02,-0.698,0.473,0.444;                     0001141P0000574
110,-0.698,0.473,0.444,-0.699,0.473,0.444;                       0001143P0000575
110,-0.699,0.473,0.444,-0.699,0.473,0.;                          0001145P0000576
144,1149,1,0,1151;                                               0001147P0000577
108,0.,1.,0.,0.727,0,-0.191,0.727,0.,0.;                         0001149P0000578
142,0,1149,0,1153,2;                                             0001151P0000579
102,6,1155,1157,1159,1161,1163,1165;                             0001153P0000580
110,-0.191,0.727,0.,-0.699,0.727,0.;                             0001155P0000581
110,-0.699,0.727,0.,-0.699,0.727,0.444;                          0001157P0000582
110,-0.699,0.727,0.444,-0.698,0.727,0.444;                       0001159P0000583
110,-0.698,0.727,0.444,-0.698,0.727,5.1E-02;                     0001161P0000584
110,-0.698,0.727,5.1E-02,-0.191,0.727,5.1E-02;                   0001163P0000585
110,-0.191,0.727,5.1E-02,-0.191,0.727,0.;                        0001165P0000586
144,1169,1,0,1171;                                               0001167P0000587
108,0.,0.,1.,0.444,0,-0.699,0.473,0.444,0.;                      0001169P0000588
142,0,1169,0,1173,2;                                             0001171P0000589
102,4,1175,1177,1179,1181;                                       0001173P0000590
110,-0.699,0.473,0.444,-0.698,0.473,0.444;                       0001175P0000591
110,-0.698,0.473,0.444,-0.698,0.727,0.444;                       0001177P0000592
110,-0.698,0.727,0.444,-0.699,0.727,0.444;                       0001179P0000593
110,-0.699,0.727,0.444,-0.699,0.473,0.444;                       0001181P0000594
144,1185,1,0,1187;                                               0001183P0000595
108,0.,0.,1.,5.1E-02,0,-0.698,0.473,5.1E-02,0.;                  0001185P0000596
142,0,1185,0,1189,2;                                             0001187P0000597
102,4,1191,1193,1195,1197;                                       0001189P0000598
110,-0.698,0.473,5.1E-02,-0.191,0.473,5.1E-02;                   0001191P0000599
110,-0.191,0.473,5.1E-02,-0.191,0.727,5.1E-02;                   0001193P0000600
110,-0.191,0.727,5.1E-02,-0.698,0.727,5.1E-02;                   0001195P0000601
110,-0.698,0.727,5.1E-02,-0.698,0.473,5.1E-02;                   0001197P0000602
144,1201,1,0,1203;                                               0001199P0000603
108,-1.,0.,0.,0.699,0,-0.699,0.727,0.,0.;                        0001201P0000604
142,0,1201,0,1205,2;                                             0001203P0000605
102,4,1207,1209,1211,1213;                                       0001205P0000606
110,-0.699,0.727,0.,-0.699,0.473,0.;                             0001207P0000607
110,-0.699,0.473,0.,-0.699,0.473,0.444;                          0001209P0000608
110,-0.699,0.473,0.444,-0.699,0.727,0.444;                       0001211P0000609
110,-0.699,0.727,0.444,-0.699,0.727,0.;                          0001213P0000610
144,1217,1,0,1219;                                               0001215P0000611
108,1.,0.,0.,-0.191,0,-0.191,0.473,0.,0.;                        0001217P0000612
142,0,1217,0,1221,2;                                             0001219P0000613
102,4,1223,1225,1227,1229;                                       0001221P0000614
110,-0.191,0.473,0.,-0.191,0.727,0.;                             0001223P0000615
110,-0.191,0.727,0.,-0.191,0.727,5.1E-02;                        0001225P0000616
110,-0.191,0.727,5.1E-02,-0.191,0.473,5.1E-02;                   0001227P0000617
110,-0.191,0.473,5.1E-02,-0.191,0.473,0.;                        0001229P0000618
144,1233,1,0,1235;                                               0001231P0000619
108,1.,0.,0.,-0.698,0,-0.698,0.473,5.1E-02,0.;                   0001233P0000620
142,0,1233,0,1237,2;                                             0001235P0000621
102,4,1239,1241,1243,1245;                                       0001237P0000622
110,-0.698,0.473,5.1E-02,-0.698,0.727,5.1E-02;                   0001239P0000623
110,-0.698,0.727,5.1E-02,-0.698,0.727,0.444;                     0001241P0000624
110,-0.698,0.727,0.444,-0.698,0.473,0.444;                       0001243P0000625
110,-0.698,0.473,0.444,-0.698,0.473,5.1E-02;                     0001245P0000626
144,1249,1,0,1251;                                               0001247P0000627
108,0.,0.,-1.,0.,0,-0.699,0.727,0.,0.;                           0001249P0000628
142,0,1249,0,1253,2;                                             0001251P0000629
102,4,1255,1257,1259,1261;                                       0001253P0000630
110,-0.699,0.727,0.,-0.191,0.727,0.;                             0001255P0000631
110,-0.191,0.727,0.,-0.191,0.473,0.;                             0001257P0000632
110,-0.191,0.473,0.,-0.699,0.473,0.;                             0001259P0000633
110,-0.699,0.473,0.,-0.699,0.727,0.;                             0001261P0000634
314,58.799999754,58.799999754,58.799999754,6HGRAY59;             0001263P0000635
314,19.600000521,19.600000521,19.600000521,6HGRAY20;             0001265P0000636
314,72.499999117,72.499999117,72.499999117,6HGRAY72;             0001267P0000637
406,1,4Hpart;                                                    0001269P0000638
S      1G      4D   1270P    638                                        T0000001
