                                                                        S0000001
,,31HOpen CASCADE IGES processor 7.7,13HFilename.iges,                  G0000001
16HOpen CASCADE 7.7,31HOpen CASCADE IGES processor 7.7,32,308,15,308,15,G0000002
,1.,2,2HMM,1,0.01,15H20260401.172423,5.84718E-07,1.450231,6HSYSTEM,,11, G0000003
0,15H20260401.172423,;                                                  G0000004
     402       1       0       0       0       0       0       000000000D0000001
     402       0       0       1       1                DBV0005A        D0000002
     402       2       0       0       0       0       0       000020000D0000003
     402       0       0       3       1                       D        D0000004
     144       5       0       0       0       0       0       000020000D0000005
     144       0   -3169       1       0                               0D0000006
     108       6       0       0       0       0       0       000010000D0000007
     108       0       0       1       0                               0D0000008
     142       7       0       0       0       0       0       000010500D0000009
     142       0       0       1       0                               0D0000010
     102       8       0       0       0       0       0       000010000D0000011
     102       0       0       1       0                               0D0000012
     110       9       0       0       0       0       0       000010000D0000013
     110       0       0       1       0                               0D0000014
     110      10       0       0       0       0       0       000010000D0000015
     110       0       0       1       0                               0D0000016
     110      11       0       0       0       0       0       000010000D0000017
     110       0       0       1       0                               0D0000018
     110      12       0       0       0       0       0       000010000D0000019
     110       0       0       1       0                               0D0000020
     144      13       0       0       0       0       0       000020000D0000021
     144       0   -3169       1       0                               0D0000022
     120      14       0       0       0       0      25       000010000D0000023
     120       0       0       1       0                               0D0000024
     124      15       0       0       0       0       0       000000000D0000025
     124       0       0       1       0                               0D0000026
     110      16       0       0       0       0       0       000010000D0000027
     110       0       0       1       0                               0D0000028
     110      17       0       0       0       0       0       000010000D0000029
     110       0       0       1       0                               0D0000030
     142      18       0       0       0       0       0       000010500D0000031
     142       0       0       1       0                               0D0000032
     102      19       0       0       0       0       0       000010000D0000033
     102       0       0       1       0                               0D0000034
     110      20       0       0       0       0       0       000010000D0000035
     110       0       0       1       0                               0D0000036
     110      21       0       0       0       0       0       000010000D0000037
     110       0       0       1       0                               0D0000038
     110      22       0       0       0       0       0       000010000D0000039
     110       0       0       1       0                               0D0000040
     110      23       0       0       0       0       0       000010000D0000041
     110       0       0       1       0                               0D0000042
     102      24       0       0       0       0       0       000010000D0000043
     102       0       0       1       0                               0D0000044
     100      25       0       0       0       0      47       000010000D0000045
     100       0       0       1       0                               0D0000046
     124      26       0       0       0       0       0       000000000D0000047
     124       0       0       1       0                               0D0000048
     110      27       0       0       0       0       0       000010000D0000049
     110       0       0       2       0                               0D0000050
     100      29       0       0       0       0      53       000010000D0000051
     100       0       0       2       0                               0D0000052
     124      31       0       0       0       0       0       000000000D0000053
     124       0       0       2       0                               0D0000054
     110      33       0       0       0       0       0       000010000D0000055
     110       0       0       1       0                               0D0000056
     144      34       0       0       0       0       0       000020000D0000057
     144       0   -3169       1       0                               0D0000058
     120      35       0       0       0       0      61       000010000D0000059
     120       0       0       1       0                               0D0000060
     124      36       0       0       0       0       0       000000000D0000061
     124       0       0       3       0                               0D0000062
     110      39       0       0       0       0       0       000010000D0000063
     110       0       0       1       0                               0D0000064
     100      40       0       0       0       0      67       000010000D0000065
     100       0       0       2       0                               0D0000066
     124      42       0       0       0       0       0       000000000D0000067
     124       0       0       1       0                               0D0000068
     142      43       0       0       0       0       0       000010500D0000069
     142       0       0       1       0                               0D0000070
     102      44       0       0       0       0       0       000010000D0000071
     102       0       0       1       0                               0D0000072
     110      45       0       0       0       0       0       000010000D0000073
     110       0       0       1       0                               0D0000074
     126      46       0       0       0       0       0       000010000D0000075
     126       0       0      20       0                               0D0000076
     126      66       0       0       0       0       0       000010000D0000077
     126       0       0      20       0                               0D0000078
     102      86       0       0       0       0       0       000010000D0000079
     102       0       0       1       0                               0D0000080
     100      87       0       0       0       0      83       000010000D0000081
     100       0       0       1       0                               0D0000082
     124      88       0       0       0       0       0       000000000D0000083
     124       0       0       3       0                               0D0000084
     100      91       0       0       0       0      87       000010000D0000085
     100       0       0       1       0                               0D0000086
     124      92       0       0       0       0       0       000000000D0000087
     124       0       0       1       0                               0D0000088
     100      93       0       0       0       0      91       000010000D0000089
     100       0       0       2       0                               0D0000090
     124      95       0       0       0       0       0       000000000D0000091
     124       0       0       2       0                               0D0000092
     144      97       0       0       0       0       0       000020000D0000093
     144       0   -3169       1       0                               0D0000094
     120      98       0       0       0       0      97       000010000D0000095
     120       0       0       1       0                               0D0000096
     124      99       0       0       0       0       0       000000000D0000097
     124       0       0       2       0                               0D0000098
     110     101       0       0       0       0       0       000010000D0000099
     110       0       0       1       0                               0D0000100
     110     102       0       0       0       0       0       000010000D0000101
     110       0       0       1       0                               0D0000102
     142     103       0       0       0       0       0       000010500D0000103
     142       0       0       1       0                               0D0000104
     102     104       0       0       0       0       0       000010000D0000105
     102       0       0       1       0                               0D0000106
     110     105       0       0       0       0       0       000010000D0000107
     110       0       0       1       0                               0D0000108
     110     106       0       0       0       0       0       000010000D0000109
     110       0       0       1       0                               0D0000110
     110     107       0       0       0       0       0       000010000D0000111
     110       0       0       1       0                               0D0000112
     110     108       0       0       0       0       0       000010000D0000113
     110       0       0       1       0                               0D0000114
     102     109       0       0       0       0       0       000010000D0000115
     102       0       0       1       0                               0D0000116
     100     110       0       0       0       0     119       000010000D0000117
     100       0       0       1       0                               0D0000118
     124     111       0       0       0       0       0       000000000D0000119
     124       0       0       2       0                               0D0000120
     110     113       0       0       0       0       0       000010000D0000121
     110       0       0       2       0                               0D0000122
     100     115       0       0       0       0     125       000010000D0000123
     100       0       0       2       0                               0D0000124
     124     117       0       0       0       0       0       000000000D0000125
     124       0       0       2       0                               0D0000126
     110     119       0       0       0       0       0       000010000D0000127
     110       0       0       1       0                               0D0000128
     144     120       0       0       0       0       0       000020000D0000129
     144       0   -3169       1       0                               0D0000130
     120     121       0       0       0       0     133       000010000D0000131
     120       0       0       1       0                               0D0000132
     124     122       0       0       0       0       0       000000000D0000133
     124       0       0       2       0                               0D0000134
     110     124       0       0       0       0       0       000010000D0000135
     110       0       0       1       0                               0D0000136
     100     125       0       0       0       0     139       000010000D0000137
     100       0       0       2       0                               0D0000138
     124     127       0       0       0       0       0       000000000D0000139
     124       0       0       1       0                               0D0000140
     142     128       0       0       0       0       0       000010500D0000141
     142       0       0       1       0                               0D0000142
     102     129       0       0       0       0       0       000010000D0000143
     102       0       0       1       0                               0D0000144
     110     130       0       0       0       0       0       000010000D0000145
     110       0       0       1       0                               0D0000146
     126     131       0       0       0       0       0       000010000D0000147
     126       0       0      20       0                               0D0000148
     126     151       0       0       0       0       0       000010000D0000149
     126       0       0      20       0                               0D0000150
     102     171       0       0       0       0       0       000010000D0000151
     102       0       0       1       0                               0D0000152
     100     172       0       0       0       0     155       000010000D0000153
     100       0       0       2       0                               0D0000154
     124     174       0       0       0       0       0       000000000D0000155
     124       0       0       2       0                               0D0000156
     100     176       0       0       0       0     159       000010000D0000157
     100       0       0       2       0                               0D0000158
     124     178       0       0       0       0       0       000000000D0000159
     124       0       0       3       0                               0D0000160
     100     181       0       0       0       0     163       000010000D0000161
     100       0       0       1       0                               0D0000162
     124     182       0       0       0       0       0       000000000D0000163
     124       0       0       2       0                               0D0000164
     144     184       0       0       0       0       0       000020000D0000165
     144       0   -3169       1       0                               0D0000166
     120     185       0       0       0       0     169       000010000D0000167
     120       0       0       1       0                               0D0000168
     124     186       0       0       0       0       0       000000000D0000169
     124       0       0       2       0                               0D0000170
     110     188       0       0       0       0       0       000010000D0000171
     110       0       0       1       0                               0D0000172
     110     189       0       0       0       0       0       000010000D0000173
     110       0       0       1       0                               0D0000174
     142     190       0       0       0       0       0       000010500D0000175
     142       0       0       1       0                               0D0000176
     102     191       0       0       0       0       0       000010000D0000177
     102       0       0       1       0                               0D0000178
     110     192       0       0       0       0       0       000010000D0000179
     110       0       0       1       0                               0D0000180
     110     193       0       0       0       0       0       000010000D0000181
     110       0       0       1       0                               0D0000182
     110     194       0       0       0       0       0       000010000D0000183
     110       0       0       1       0                               0D0000184
     110     195       0       0       0       0       0       000010000D0000185
     110       0       0       1       0                               0D0000186
     102     196       0       0       0       0       0       000010000D0000187
     102       0       0       1       0                               0D0000188
     100     197       0       0       0       0     191       000010000D0000189
     100       0       0       1       0                               0D0000190
     124     198       0       0       0       0       0       000000000D0000191
     124       0       0       2       0                               0D0000192
     110     200       0       0       0       0       0       000010000D0000193
     110       0       0       2       0                               0D0000194
     100     202       0       0       0       0     197       000010000D0000195
     100       0       0       2       0                               0D0000196
     124     204       0       0       0       0       0       000000000D0000197
     124       0       0       2       0                               0D0000198
     110     206       0       0       0       0       0       000010000D0000199
     110       0       0       1       0                               0D0000200
     144     207       0       0       0       0       0       000020000D0000201
     144       0   -3169       1       0                               0D0000202
     120     208       0       0       0       0     205       000010000D0000203
     120       0       0       1       0                               0D0000204
     124     209       0       0       0       0       0       000000000D0000205
     124       0       0       2       0                               0D0000206
     110     211       0       0       0       0       0       000010000D0000207
     110       0       0       1       0                               0D0000208
     100     212       0       0       0       0     211       000010000D0000209
     100       0       0       2       0                               0D0000210
     124     214       0       0       0       0       0       000000000D0000211
     124       0       0       1       0                               0D0000212
     142     215       0       0       0       0       0       000010500D0000213
     142       0       0       1       0                               0D0000214
     102     216       0       0       0       0       0       000010000D0000215
     102       0       0       1       0                               0D0000216
     110     217       0       0       0       0       0       000010000D0000217
     110       0       0       1       0                               0D0000218
     126     218       0       0       0       0       0       000010000D0000219
     126       0       0      20       0                               0D0000220
     126     238       0       0       0       0       0       000010000D0000221
     126       0       0      20       0                               0D0000222
     102     258       0       0       0       0       0       000010000D0000223
     102       0       0       1       0                               0D0000224
     100     259       0       0       0       0     227       000010000D0000225
     100       0       0       1       0                               0D0000226
     124     260       0       0       0       0       0       000000000D0000227
     124       0       0       2       0                               0D0000228
     100     262       0       0       0       0     231       000010000D0000229
     100       0       0       2       0                               0D0000230
     124     264       0       0       0       0       0       000000000D0000231
     124       0       0       2       0                               0D0000232
     100     266       0       0       0       0     235       000010000D0000233
     100       0       0       1       0                               0D0000234
     124     267       0       0       0       0       0       000000000D0000235
     124       0       0       3       0                               0D0000236
     144     270       0       0       0       0       0       000020000D0000237
     144       0   -3169       1       0                               0D0000238
     120     271       0       0       0       0     241       000010000D0000239
     120       0       0       1       0                               0D0000240
     124     272       0       0       0       0       0       000000000D0000241
     124       0       0       3       0                               0D0000242
     110     275       0       0       0       0       0       000010000D0000243
     110       0       0       1       0                               0D0000244
     110     276       0       0       0       0       0       000010000D0000245
     110       0       0       1       0                               0D0000246
     142     277       0       0       0       0       0       000010500D0000247
     142       0       0       1       0                               0D0000248
     102     278       0       0       0       0       0       000010000D0000249
     102       0       0       1       0                               0D0000250
     110     279       0       0       0       0       0       000010000D0000251
     110       0       0       2       0                               0D0000252
     110     281       0       0       0       0       0       000010000D0000253
     110       0       0       1       0                               0D0000254
     126     282       0       0       0       0       0       000010000D0000255
     126       0       0      35       0                               0D0000256
     110     317       0       0       0       0       0       000010000D0000257
     110       0       0       1       0                               0D0000258
     102     318       0       0       0       0       0       000010000D0000259
     102       0       0       1       0                               0D0000260
     100     319       0       0       0       0     263       000010000D0000261
     100       0       0       1       0                               0D0000262
     124     320       0       0       0       0       0       000000000D0000263
     124       0       0       3       0                               0D0000264
     110     323       0       0       0       0       0       000010000D0000265
     110       0       0       2       0                               0D0000266
     126     325       0       0       0       0       0       000010000D0000267
     126       0       0       9       0                               0D0000268
     110     334       0       0       0       0       0       000010000D0000269
     110       0       0       2       0                               0D0000270
     144     336       0       0       0       0       0       000020000D0000271
     144       0   -3169       1       0                               0D0000272
     108     337       0       0       0       0       0       000010000D0000273
     108       0       0       1       0                               0D0000274
     142     338       0       0       0       0       0       000010500D0000275
     142       0       0       1       0                               0D0000276
     102     339       0       0       0       0       0       000010000D0000277
     102       0       0       1       0                               0D0000278
     126     340       0       0       0       0       0       000010000D0000279
     126       0       0       3       0                               0D0000280
     110     343       0       0       0       0       0       000010000D0000281
     110       0       0       2       0                               0D0000282
     110     345       0       0       0       0       0       000010000D0000283
     110       0       0       2       0                               0D0000284
     110     347       0       0       0       0       0       000010000D0000285
     110       0       0       2       0                               0D0000286
     126     349       0       0       0       0       0       000010000D0000287
     126       0       0       3       0                               0D0000288
     110     352       0       0       0       0       0       000010000D0000289
     110       0       0       1       0                               0D0000290
     144     353       0       0       0       0       0       000020000D0000291
     144       0   -3169       1       0                               0D0000292
     108     354       0       0       0       0       0       000010000D0000293
     108       0       0       1       0                               0D0000294
     142     355       0       0       0       0       0       000010500D0000295
     142       0       0       1       0                               0D0000296
     102     356       0       0       0       0       0       000010000D0000297
     102       0       0       1       0                               0D0000298
     110     357       0       0       0       0       0       000010000D0000299
     110       0       0       1       0                               0D0000300
     110     358       0       0       0       0       0       000010000D0000301
     110       0       0       1       0                               0D0000302
     110     359       0       0       0       0       0       000010000D0000303
     110       0       0       1       0                               0D0000304
     110     360       0       0       0       0       0       000010000D0000305
     110       0       0       1       0                               0D0000306
     144     361       0       0       0       0       0       000020000D0000307
     144       0   -3169       1       0                               0D0000308
     120     362       0       0       0       0     311       000010000D0000309
     120       0       0       1       0                               0D0000310
     124     363       0       0       0       0       0       000000000D0000311
     124       0       0       1       0                               0D0000312
     110     364       0       0       0       0       0       000010000D0000313
     110       0       0       1       0                               0D0000314
     110     365       0       0       0       0       0       000010000D0000315
     110       0       0       1       0                               0D0000316
     142     366       0       0       0       0       0       000010500D0000317
     142       0       0       1       0                               0D0000318
     102     367       0       0       0       0       0       000010000D0000319
     102       0       0       1       0                               0D0000320
     126     368       0       0       0       0       0       000010000D0000321
     126       0       0       2       0                               0D0000322
     126     370       0       0       0       0       0       000010000D0000323
     126       0       0      36       0                               0D0000324
     126     406       0       0       0       0       0       000010000D0000325
     126       0       0       2       0                               0D0000326
     110     408       0       0       0       0       0       000010000D0000327
     110       0       0       1       0                               0D0000328
     126     409       0       0       0       0       0       000010000D0000329
     126       0       0       2       0                               0D0000330
     126     411       0       0       0       0       0       000010000D0000331
     126       0       0      35       0                               0D0000332
     126     446       0       0       0       0       0       000010000D0000333
     126       0       0       2       0                               0D0000334
     110     448       0       0       0       0       0       000010000D0000335
     110       0       0       1       0                               0D0000336
     102     449       0       0       0       0       0       000010000D0000337
     102       0       0       1       0                               0D0000338
     126     450       0       0       0       0       0       000010000D0000339
     126       0       0       3       0                               0D0000340
     126     453       0       0       0       0       0       000010000D0000341
     126       0       0       9       0                               0D0000342
     126     462       0       0       0       0       0       000010000D0000343
     126       0       0       3       0                               0D0000344
     110     465       0       0       0       0       0       000010000D0000345
     110       0       0       1       0                               0D0000346
     126     466       0       0       0       0       0       000010000D0000347
     126       0       0       3       0                               0D0000348
     126     469       0       0       0       0       0       000010000D0000349
     126       0       0       9       0                               0D0000350
     126     478       0       0       0       0       0       000010000D0000351
     126       0       0       3       0                               0D0000352
     110     481       0       0       0       0       0       000010000D0000353
     110       0       0       1       0                               0D0000354
     144     482       0       0       0       0       0       000020000D0000355
     144       0   -3169       1       0                               0D0000356
     108     483       0       0       0       0       0       000010000D0000357
     108       0       0       1       0                               0D0000358
     142     484       0       0       0       0       0       000010500D0000359
     142       0       0       1       0                               0D0000360
     102     485       0       0       0       0       0       000010000D0000361
     102       0       0       1       0                               0D0000362
     110     486       0       0       0       0       0       000010000D0000363
     110       0       0       1       0                               0D0000364
     110     487       0       0       0       0       0       000010000D0000365
     110       0       0       1       0                               0D0000366
     110     488       0       0       0       0       0       000010000D0000367
     110       0       0       1       0                               0D0000368
     110     489       0       0       0       0       0       000010000D0000369
     110       0       0       1       0                               0D0000370
     144     490       0       0       0       0       0       000020000D0000371
     144       0   -3169       1       0                               0D0000372
     108     491       0       0       0       0       0       000010000D0000373
     108       0       0       1       0                               0D0000374
     142     492       0       0       0       0       0       000010500D0000375
     142       0       0       1       0                               0D0000376
     102     493       0       0       0       0       0       000010000D0000377
     102       0       0       1       0                               0D0000378
     126     494       0       0       0       0       0       000010000D0000379
     126       0       0       3       0                               0D0000380
     110     497       0       0       0       0       0       000010000D0000381
     110       0       0       2       0                               0D0000382
     110     499       0       0       0       0       0       000010000D0000383
     110       0       0       2       0                               0D0000384
     110     501       0       0       0       0       0       000010000D0000385
     110       0       0       2       0                               0D0000386
     126     503       0       0       0       0       0       000010000D0000387
     126       0       0       3       0                               0D0000388
     110     506       0       0       0       0       0       000010000D0000389
     110       0       0       1       0                               0D0000390
     144     507       0       0       0       0       0       000020000D0000391
     144       0   -3169       1       0                               0D0000392
     120     508       0       0       0       0     395       000010000D0000393
     120       0       0       1       0                               0D0000394
     124     509       0       0       0       0       0       000000000D0000395
     124       0       0       3       0                               0D0000396
     110     512       0       0       0       0       0       000010000D0000397
     110       0       0       1       0                               0D0000398
     110     513       0       0       0       0       0       000010000D0000399
     110       0       0       1       0                               0D0000400
     142     514       0       0       0       0       0       000010500D0000401
     142       0       0       1       0                               0D0000402
     102     515       0       0       0       0       0       000010000D0000403
     102       0       0       1       0                               0D0000404
     110     516       0       0       0       0       0       000010000D0000405
     110       0       0       2       0                               0D0000406
     110     518       0       0       0       0       0       000010000D0000407
     110       0       0       1       0                               0D0000408
     126     519       0       0       0       0       0       000010000D0000409
     126       0       0      35       0                               0D0000410
     110     554       0       0       0       0       0       000010000D0000411
     110       0       0       1       0                               0D0000412
     102     555       0       0       0       0       0       000010000D0000413
     102       0       0       1       0                               0D0000414
     100     556       0       0       0       0     417       000010000D0000415
     100       0       0       2       0                               0D0000416
     124     558       0       0       0       0       0       000000000D0000417
     124       0       0       3       0                               0D0000418
     110     561       0       0       0       0       0       000010000D0000419
     110       0       0       2       0                               0D0000420
     126     563       0       0       0       0       0       000010000D0000421
     126       0       0       9       0                               0D0000422
     110     572       0       0       0       0       0       000010000D0000423
     110       0       0       2       0                               0D0000424
     144     574       0       0       0       0       0       000020000D0000425
     144       0   -3169       1       0                               0D0000426
     120     575       0       0       0       0     429       000010000D0000427
     120       0       0       1       0                               0D0000428
     124     576       0       0       0       0       0       000000000D0000429
     124       0       0       3       0                               0D0000430
     110     579       0       0       0       0       0       000010000D0000431
     110       0       0       1       0                               0D0000432
     100     580       0       0       0       0     435       000010000D0000433
     100       0       0       2       0                               0D0000434
     124     582       0       0       0       0       0       000000000D0000435
     124       0       0       1       0                               0D0000436
     142     583       0       0       0       0       0       000010500D0000437
     142       0       0       1       0                               0D0000438
     102     584       0       0       0       0       0       000010000D0000439
     102       0       0       1       0                               0D0000440
     110     585       0       0       0       0       0       000010000D0000441
     110       0       0       1       0                               0D0000442
     126     586       0       0       0       0       0       000010000D0000443
     126       0       0      20       0                               0D0000444
     126     606       0       0       0       0       0       000010000D0000445
     126       0       0      20       0                               0D0000446
     102     626       0       0       0       0       0       000010000D0000447
     102       0       0       1       0                               0D0000448
     100     627       0       0       0       0     451       000010000D0000449
     100       0       0       2       0                               0D0000450
     124     629       0       0       0       0       0       000000000D0000451
     124       0       0       3       0                               0D0000452
     100     632       0       0       0       0     455       000010000D0000453
     100       0       0       1       0                               0D0000454
     124     633       0       0       0       0       0       000000000D0000455
     124       0       0       1       0                               0D0000456
     100     634       0       0       0       0     459       000010000D0000457
     100       0       0       2       0                               0D0000458
     124     636       0       0       0       0       0       000000000D0000459
     124       0       0       2       0                               0D0000460
     144     638       0       0       0       0       0       000020000D0000461
     144       0   -3169       1       0                               0D0000462
     120     639       0       0       0       0     465       000010000D0000463
     120       0       0       1       0                               0D0000464
     124     640       0       0       0       0       0       000000000D0000465
     124       0       0       1       0                               0D0000466
     110     641       0       0       0       0       0       000010000D0000467
     110       0       0       1       0                               0D0000468
     110     642       0       0       0       0       0       000010000D0000469
     110       0       0       1       0                               0D0000470
     142     643       0       0       0       0       0       000010500D0000471
     142       0       0       1       0                               0D0000472
     102     644       0       0       0       0       0       000010000D0000473
     102       0       0       1       0                               0D0000474
     110     645       0       0       0       0       0       000010000D0000475
     110       0       0       1       0                               0D0000476
     110     646       0       0       0       0       0       000010000D0000477
     110       0       0       1       0                               0D0000478
     110     647       0       0       0       0       0       000010000D0000479
     110       0       0       1       0                               0D0000480
     110     648       0       0       0       0       0       000010000D0000481
     110       0       0       1       0                               0D0000482
     102     649       0       0       0       0       0       000010000D0000483
     102       0       0       1       0                               0D0000484
     100     650       0       0       0       0     487       000010000D0000485
     100       0       0       1       0                               0D0000486
     124     651       0       0       0       0       0       000000000D0000487
     124       0       0       1       0                               0D0000488
     110     652       0       0       0       0       0       000010000D0000489
     110       0       0       2       0                               0D0000490
     100     654       0       0       0       0     493       000010000D0000491
     100       0       0       2       0                               0D0000492
     124     656       0       0       0       0       0       000000000D0000493
     124       0       0       2       0                               0D0000494
     110     658       0       0       0       0       0       000010000D0000495
     110       0       0       1       0                               0D0000496
     144     659       0       0       0       0       0       000020000D0000497
     144       0   -3169       1       0                               0D0000498
     120     660       0       0       0       0     501       000010000D0000499
     120       0       0       1       0                               0D0000500
     124     661       0       0       0       0       0       000000000D0000501
     124       0       0       3       0                               0D0000502
     110     664       0       0       0       0       0       000010000D0000503
     110       0       0       1       0                               0D0000504
     110     665       0       0       0       0       0       000010000D0000505
     110       0       0       1       0                               0D0000506
     142     666       0       0       0       0       0       000010500D0000507
     142       0       0       1       0                               0D0000508
     102     667       0       0       0       0       0       000010000D0000509
     102       0       0       1       0                               0D0000510
     110     668       0       0       0       0       0       000010000D0000511
     110       0       0       2       0                               0D0000512
     110     670       0       0       0       0       0       000010000D0000513
     110       0       0       1       0                               0D0000514
     126     671       0       0       0       0       0       000010000D0000515
     126       0       0      35       0                               0D0000516
     110     706       0       0       0       0       0       000010000D0000517
     110       0       0       1       0                               0D0000518
     102     707       0       0       0       0       0       000010000D0000519
     102       0       0       1       0                               0D0000520
     100     708       0       0       0       0     523       000010000D0000521
     100       0       0       1       0                               0D0000522
     124     709       0       0       0       0       0       000000000D0000523
     124       0       0       3       0                               0D0000524
     110     712       0       0       0       0       0       000010000D0000525
     110       0       0       2       0                               0D0000526
     126     714       0       0       0       0       0       000010000D0000527
     126       0       0       9       0                               0D0000528
     110     723       0       0       0       0       0       000010000D0000529
     110       0       0       2       0                               0D0000530
     144     725       0       0       0       0       0       000020000D0000531
     144       0   -3169       1       0                               0D0000532
     108     726       0       0       0       0       0       000010000D0000533
     108       0       0       1       0                               0D0000534
     142     727       0       0       0       0       0       000010500D0000535
     142       0       0       1       0                               0D0000536
     102     728       0       0       0       0       0       000010000D0000537
     102       0       0       1       0                               0D0000538
     126     729       0       0       0       0       0       000010000D0000539
     126       0       0       4       0                               0D0000540
     110     733       0       0       0       0       0       000010000D0000541
     110       0       0       2       0                               0D0000542
     110     735       0       0       0       0       0       000010000D0000543
     110       0       0       2       0                               0D0000544
     110     737       0       0       0       0       0       000010000D0000545
     110       0       0       2       0                               0D0000546
     126     739       0       0       0       0       0       000010000D0000547
     126       0       0       3       0                               0D0000548
     110     742       0       0       0       0       0       000010000D0000549
     110       0       0       1       0                               0D0000550
     144     743       0       0       0       0       0       000020000D0000551
     144       0   -3169       1       0                               0D0000552
     108     744       0       0       0       0       0       000010000D0000553
     108       0       0       1       0                               0D0000554
     142     745       0       0       0       0       0       000010500D0000555
     142       0       0       1       0                               0D0000556
     102     746       0       0       0       0       0       000010000D0000557
     102       0       0       1       0                               0D0000558
     110     747       0       0       0       0       0       000010000D0000559
     110       0       0       1       0                               0D0000560
     110     748       0       0       0       0       0       000010000D0000561
     110       0       0       1       0                               0D0000562
     110     749       0       0       0       0       0       000010000D0000563
     110       0       0       1       0                               0D0000564
     110     750       0       0       0       0       0       000010000D0000565
     110       0       0       1       0                               0D0000566
     144     751       0       0       0       0       0       000020000D0000567
     144       0   -3169       1       0                               0D0000568
     120     752       0       0       0       0     571       000010000D0000569
     120       0       0       1       0                               0D0000570
     124     753       0       0       0       0       0       000000000D0000571
     124       0       0       1       0                               0D0000572
     110     754       0       0       0       0       0       000010000D0000573
     110       0       0       1       0                               0D0000574
     110     755       0       0       0       0       0       000010000D0000575
     110       0       0       1       0                               0D0000576
     142     756       0       0       0       0       0       000010500D0000577
     142       0       0       1       0                               0D0000578
     102     757       0       0       0       0       0       000010000D0000579
     102       0       0       1       0                               0D0000580
     126     758       0       0       0       0       0       000010000D0000581
     126       0       0       2       0                               0D0000582
     126     760       0       0       0       0       0       000010000D0000583
     126       0       0      36       0                               0D0000584
     126     796       0       0       0       0       0       000010000D0000585
     126       0       0       2       0                               0D0000586
     110     798       0       0       0       0       0       000010000D0000587
     110       0       0       1       0                               0D0000588
     126     799       0       0       0       0       0       000010000D0000589
     126       0       0       2       0                               0D0000590
     126     801       0       0       0       0       0       000010000D0000591
     126       0       0      35       0                               0D0000592
     126     836       0       0       0       0       0       000010000D0000593
     126       0       0       2       0                               0D0000594
     110     838       0       0       0       0       0       000010000D0000595
     110       0       0       1       0                               0D0000596
     102     839       0       0       0       0       0       000010000D0000597
     102       0       0       1       0                               0D0000598
     126     840       0       0       0       0       0       000010000D0000599
     126       0       0       4       0                               0D0000600
     126     844       0       0       0       0       0       000010000D0000601
     126       0       0       9       0                               0D0000602
     126     853       0       0       0       0       0       000010000D0000603
     126       0       0       4       0                               0D0000604
     110     857       0       0       0       0       0       000010000D0000605
     110       0       0       1       0                               0D0000606
     126     858       0       0       0       0       0       000010000D0000607
     126       0       0       4       0                               0D0000608
     126     862       0       0       0       0       0       000010000D0000609
     126       0       0       9       0                               0D0000610
     126     871       0       0       0       0       0       000010000D0000611
     126       0       0       4       0                               0D0000612
     110     875       0       0       0       0       0       000010000D0000613
     110       0       0       1       0                               0D0000614
     144     876       0       0       0       0       0       000020000D0000615
     144       0   -3169       1       0                               0D0000616
     108     877       0       0       0       0       0       000010000D0000617
     108       0       0       1       0                               0D0000618
     142     878       0       0       0       0       0       000010500D0000619
     142       0       0       1       0                               0D0000620
     102     879       0       0       0       0       0       000010000D0000621
     102       0       0       1       0                               0D0000622
     110     880       0       0       0       0       0       000010000D0000623
     110       0       0       1       0                               0D0000624
     110     881       0       0       0       0       0       000010000D0000625
     110       0       0       1       0                               0D0000626
     110     882       0       0       0       0       0       000010000D0000627
     110       0       0       1       0                               0D0000628
     110     883       0       0       0       0       0       000010000D0000629
     110       0       0       1       0                               0D0000630
     144     884       0       0       0       0       0       000020000D0000631
     144       0   -3169       1       0                               0D0000632
     108     885       0       0       0       0       0       000010000D0000633
     108       0       0       1       0                               0D0000634
     142     886       0       0       0       0       0       000010500D0000635
     142       0       0       1       0                               0D0000636
     102     887       0       0       0       0       0       000010000D0000637
     102       0       0       1       0                               0D0000638
     126     888       0       0       0       0       0       000010000D0000639
     126       0       0       3       0                               0D0000640
     110     891       0       0       0       0       0       000010000D0000641
     110       0       0       2       0                               0D0000642
     110     893       0       0       0       0       0       000010000D0000643
     110       0       0       2       0                               0D0000644
     110     895       0       0       0       0       0       000010000D0000645
     110       0       0       2       0                               0D0000646
     126     897       0       0       0       0       0       000010000D0000647
     126       0       0       4       0                               0D0000648
     110     901       0       0       0       0       0       000010000D0000649
     110       0       0       1       0                               0D0000650
     144     902       0       0       0       0       0       000020000D0000651
     144       0   -3169       1       0                               0D0000652
     120     903       0       0       0       0     655       000010000D0000653
     120       0       0       1       0                               0D0000654
     124     904       0       0       0       0       0       000000000D0000655
     124       0       0       3       0                               0D0000656
     110     907       0       0       0       0       0       000010000D0000657
     110       0       0       1       0                               0D0000658
     110     908       0       0       0       0       0       000010000D0000659
     110       0       0       1       0                               0D0000660
     142     909       0       0       0       0       0       000010500D0000661
     142       0       0       1       0                               0D0000662
     102     910       0       0       0       0       0       000010000D0000663
     102       0       0       1       0                               0D0000664
     110     911       0       0       0       0       0       000010000D0000665
     110       0       0       2       0                               0D0000666
     110     913       0       0       0       0       0       000010000D0000667
     110       0       0       1       0                               0D0000668
     126     914       0       0       0       0       0       000010000D0000669
     126       0       0      35       0                               0D0000670
     110     949       0       0       0       0       0       000010000D0000671
     110       0       0       1       0                               0D0000672
     102     950       0       0       0       0       0       000010000D0000673
     102       0       0       1       0                               0D0000674
     100     951       0       0       0       0     677       000010000D0000675
     100       0       0       2       0                               0D0000676
     124     953       0       0       0       0       0       000000000D0000677
     124       0       0       3       0                               0D0000678
     110     956       0       0       0       0       0       000010000D0000679
     110       0       0       2       0                               0D0000680
     126     958       0       0       0       0       0       000010000D0000681
     126       0       0       9       0                               0D0000682
     110     967       0       0       0       0       0       000010000D0000683
     110       0       0       2       0                               0D0000684
     144     969       0       0       0       0       0       000020000D0000685
     144       0   -3169       1       0                               0D0000686
     120     970       0       0       0       0     689       000010000D0000687
     120       0       0       1       0                               0D0000688
     124     971       0       0       0       0       0       000000000D0000689
     124       0       0       1       0                               0D0000690
     110     972       0       0       0       0       0       000010000D0000691
     110       0       0       1       0                               0D0000692
     110     973       0       0       0       0       0       000010000D0000693
     110       0       0       1       0                               0D0000694
     142     974       0       0       0       0       0       000010500D0000695
     142       0       0       1       0                               0D0000696
     102     975       0       0       0       0       0       000010000D0000697
     102       0       0       1       0                               0D0000698
     126     976       0       0       0       0       0       000010000D0000699
     126       0       0       2       0                               0D0000700
     126     978       0       0       0       0       0       000010000D0000701
     126       0       0      36       0                               0D0000702
     126    1014       0       0       0       0       0       000010000D0000703
     126       0       0       2       0                               0D0000704
     110    1016       0       0       0       0       0       000010000D0000705
     110       0       0       1       0                               0D0000706
     126    1017       0       0       0       0       0       000010000D0000707
     126       0       0       2       0                               0D0000708
     126    1019       0       0       0       0       0       000010000D0000709
     126       0       0      35       0                               0D0000710
     126    1054       0       0       0       0       0       000010000D0000711
     126       0       0       2       0                               0D0000712
     110    1056       0       0       0       0       0       000010000D0000713
     110       0       0       1       0                               0D0000714
     102    1057       0       0       0       0       0       000010000D0000715
     102       0       0       1       0                               0D0000716
     126    1058       0       0       0       0       0       000010000D0000717
     126       0       0       3       0                               0D0000718
     126    1061       0       0       0       0       0       000010000D0000719
     126       0       0       9       0                               0D0000720
     126    1070       0       0       0       0       0       000010000D0000721
     126       0       0       3       0                               0D0000722
     110    1073       0       0       0       0       0       000010000D0000723
     110       0       0       1       0                               0D0000724
     126    1074       0       0       0       0       0       000010000D0000725
     126       0       0       3       0                               0D0000726
     126    1077       0       0       0       0       0       000010000D0000727
     126       0       0       9       0                               0D0000728
     126    1086       0       0       0       0       0       000010000D0000729
     126       0       0       3       0                               0D0000730
     110    1089       0       0       0       0       0       000010000D0000731
     110       0       0       1       0                               0D0000732
     144    1090       0       0       0       0       0       000020000D0000733
     144       0   -3169       1       0                               0D0000734
     108    1091       0       0       0       0       0       000010000D0000735
     108       0       0       1       0                               0D0000736
     142    1092       0       0       0       0       0       000010500D0000737
     142       0       0       1       0                               0D0000738
     102    1093       0       0       0       0       0       000010000D0000739
     102       0       0       1       0                               0D0000740
     126    1094       0       0       0       0       0       000010000D0000741
     126       0       0       3       0                               0D0000742
     110    1097       0       0       0       0       0       000010000D0000743
     110       0       0       2       0                               0D0000744
     110    1099       0       0       0       0       0       000010000D0000745
     110       0       0       2       0                               0D0000746
     110    1101       0       0       0       0       0       000010000D0000747
     110       0       0       2       0                               0D0000748
     126    1103       0       0       0       0       0       000010000D0000749
     126       0       0       3       0                               0D0000750
     110    1106       0       0       0       0       0       000010000D0000751
     110       0       0       1       0                               0D0000752
     144    1107       0       0       0       0       0       000020000D0000753
     144       0   -3169       1       0                               0D0000754
     120    1108       0       0       0       0     757       000010000D0000755
     120       0       0       1       0                               0D0000756
     124    1109       0       0       0       0       0       000000000D0000757
     124       0       0       3       0                               0D0000758
     110    1112       0       0       0       0       0       000010000D0000759
     110       0       0       1       0                               0D0000760
     110    1113       0       0       0       0       0       000010000D0000761
     110       0       0       1       0                               0D0000762
     142    1114       0       0       0       0       0       000010500D0000763
     142       0       0       1       0                               0D0000764
     102    1115       0       0       0       0       0       000010000D0000765
     102       0       0       1       0                               0D0000766
     110    1116       0       0       0       0       0       000010000D0000767
     110       0       0       2       0                               0D0000768
     110    1118       0       0       0       0       0       000010000D0000769
     110       0       0       1       0                               0D0000770
     126    1119       0       0       0       0       0       000010000D0000771
     126       0       0      35       0                               0D0000772
     110    1154       0       0       0       0       0       000010000D0000773
     110       0       0       1       0                               0D0000774
     102    1155       0       0       0       0       0       000010000D0000775
     102       0       0       1       0                               0D0000776
     100    1156       0       0       0       0     779       000010000D0000777
     100       0       0       2       0                               0D0000778
     124    1158       0       0       0       0       0       000000000D0000779
     124       0       0       3       0                               0D0000780
     110    1161       0       0       0       0       0       000010000D0000781
     110       0       0       2       0                               0D0000782
     126    1163       0       0       0       0       0       000010000D0000783
     126       0       0       9       0                               0D0000784
     110    1172       0       0       0       0       0       000010000D0000785
     110       0       0       2       0                               0D0000786
     144    1174       0       0       0       0       0       000020000D0000787
     144       0   -3169       1       0                               0D0000788
     108    1175       0       0       0       0       0       000010000D0000789
     108       0       0       2       0                               0D0000790
     142    1177       0       0       0       0       0       000010500D0000791
     142       0       0       1       0                               0D0000792
     102    1178       0       0       0       0       0       000010000D0000793
     102       0       0       1       0                               0D0000794
     126    1179       0       0       0       0       0       000010000D0000795
     126       0       0       3       0                               0D0000796
     110    1182       0       0       0       0       0       000010000D0000797
     110       0       0       2       0                               0D0000798
     110    1184       0       0       0       0       0       000010000D0000799
     110       0       0       2       0                               0D0000800
     110    1186       0       0       0       0       0       000010000D0000801
     110       0       0       2       0                               0D0000802
     126    1188       0       0       0       0       0       000010000D0000803
     126       0       0       4       0                               0D0000804
     110    1192       0       0       0       0       0       000010000D0000805
     110       0       0       1       0                               0D0000806
     144    1193       0       0       0       0       0       000020000D0000807
     144       0   -3169       1       0                               0D0000808
     120    1194       0       0       0       0     811       000010000D0000809
     120       0       0       1       0                               0D0000810
     124    1195       0       0       0       0       0       000000000D0000811
     124       0       0       1       0                               0D0000812
     110    1196       0       0       0       0       0       000010000D0000813
     110       0       0       1       0                               0D0000814
     110    1197       0       0       0       0       0       000010000D0000815
     110       0       0       1       0                               0D0000816
     142    1198       0       0       0       0       0       000010500D0000817
     142       0       0       1       0                               0D0000818
     102    1199       0       0       0       0       0       000010000D0000819
     102       0       0       1       0                               0D0000820
     126    1200       0       0       0       0       0       000010000D0000821
     126       0       0       2       0                               0D0000822
     126    1202       0       0       0       0       0       000010000D0000823
     126       0       0      36       0                               0D0000824
     126    1238       0       0       0       0       0       000010000D0000825
     126       0       0       2       0                               0D0000826
     110    1240       0       0       0       0       0       000010000D0000827
     110       0       0       1       0                               0D0000828
     126    1241       0       0       0       0       0       000010000D0000829
     126       0       0       2       0                               0D0000830
     126    1243       0       0       0       0       0       000010000D0000831
     126       0       0      35       0                               0D0000832
     126    1278       0       0       0       0       0       000010000D0000833
     126       0       0       2       0                               0D0000834
     110    1280       0       0       0       0       0       000010000D0000835
     110       0       0       1       0                               0D0000836
     102    1281       0       0       0       0       0       000010000D0000837
     102       0       0       1       0                               0D0000838
     126    1282       0       0       0       0       0       000010000D0000839
     126       0       0       3       0                               0D0000840
     126    1285       0       0       0       0       0       000010000D0000841
     126       0       0       9       0                               0D0000842
     126    1294       0       0       0       0       0       000010000D0000843
     126       0       0       4       0                               0D0000844
     110    1298       0       0       0       0       0       000010000D0000845
     110       0       0       1       0                               0D0000846
     126    1299       0       0       0       0       0       000010000D0000847
     126       0       0       3       0                               0D0000848
     126    1302       0       0       0       0       0       000010000D0000849
     126       0       0       9       0                               0D0000850
     126    1311       0       0       0       0       0       000010000D0000851
     126       0       0       4       0                               0D0000852
     110    1315       0       0       0       0       0       000010000D0000853
     110       0       0       1       0                               0D0000854
     144    1316       0       0       0       0       0       000020000D0000855
     144       0   -3169       1       0                               0D0000856
     108    1317       0       0       0       0       0       000010000D0000857
     108       0       0       2       0                               0D0000858
     142    1319       0       0       0       0       0       000010500D0000859
     142       0       0       1       0                               0D0000860
     102    1320       0       0       0       0       0       000010000D0000861
     102       0       0       1       0                               0D0000862
     126    1321       0       0       0       0       0       000010000D0000863
     126       0       0       3       0                               0D0000864
     110    1324       0       0       0       0       0       000010000D0000865
     110       0       0       2       0                               0D0000866
     110    1326       0       0       0       0       0       000010000D0000867
     110       0       0       2       0                               0D0000868
     110    1328       0       0       0       0       0       000010000D0000869
     110       0       0       2       0                               0D0000870
     126    1330       0       0       0       0       0       000010000D0000871
     126       0       0       4       0                               0D0000872
     110    1334       0       0       0       0       0       000010000D0000873
     110       0       0       1       0                               0D0000874
     144    1335       0       0       0       0       0       000020000D0000875
     144       0   -3169       1       0                               0D0000876
     120    1336       0       0       0       0     879       000010000D0000877
     120       0       0       1       0                               0D0000878
     124    1337       0       0       0       0       0       000000000D0000879
     124       0       0       3       0                               0D0000880
     110    1340       0       0       0       0       0       000010000D0000881
     110       0       0       1       0                               0D0000882
     110    1341       0       0       0       0       0       000010000D0000883
     110       0       0       1       0                               0D0000884
     142    1342       0       0       0       0       0       000010500D0000885
     142       0       0       1       0                               0D0000886
     102    1343       0       0       0       0       0       000010000D0000887
     102       0       0       1       0                               0D0000888
     110    1344       0       0       0       0       0       000010000D0000889
     110       0       0       2       0                               0D0000890
     110    1346       0       0       0       0       0       000010000D0000891
     110       0       0       1       0                               0D0000892
     126    1347       0       0       0       0       0       000010000D0000893
     126       0       0      35       0                               0D0000894
     110    1382       0       0       0       0       0       000010000D0000895
     110       0       0       1       0                               0D0000896
     102    1383       0       0       0       0       0       000010000D0000897
     102       0       0       1       0                               0D0000898
     100    1384       0       0       0       0     901       000010000D0000899
     100       0       0       2       0                               0D0000900
     124    1386       0       0       0       0       0       000000000D0000901
     124       0       0       3       0                               0D0000902
     110    1389       0       0       0       0       0       000010000D0000903
     110       0       0       2       0                               0D0000904
     126    1391       0       0       0       0       0       000010000D0000905
     126       0       0       9       0                               0D0000906
     110    1400       0       0       0       0       0       000010000D0000907
     110       0       0       2       0                               0D0000908
     144    1402       0       0       0       0       0       000020000D0000909
     144       0   -3169       1       0                               0D0000910
     108    1403       0       0       0       0       0       000010000D0000911
     108       0       0       2       0                               0D0000912
     142    1405       0       0       0       0       0       000010500D0000913
     142       0       0       1       0                               0D0000914
     102    1406       0       0       0       0       0       000010000D0000915
     102       0       0       1       0                               0D0000916
     126    1407       0       0       0       0       0       000010000D0000917
     126       0       0       4       0                               0D0000918
     110    1411       0       0       0       0       0       000010000D0000919
     110       0       0       2       0                               0D0000920
     110    1413       0       0       0       0       0       000010000D0000921
     110       0       0       2       0                               0D0000922
     110    1415       0       0       0       0       0       000010000D0000923
     110       0       0       2       0                               0D0000924
     126    1417       0       0       0       0       0       000010000D0000925
     126       0       0       3       0                               0D0000926
     110    1420       0       0       0       0       0       000010000D0000927
     110       0       0       1       0                               0D0000928
     144    1421       0       0       0       0       0       000020000D0000929
     144       0   -3169       1       0                               0D0000930
     120    1422       0       0       0       0     933       000010000D0000931
     120       0       0       1       0                               0D0000932
     124    1423       0       0       0       0       0       000000000D0000933
     124       0       0       3       0                               0D0000934
     110    1426       0       0       0       0       0       000010000D0000935
     110       0       0       1       0                               0D0000936
     110    1427       0       0       0       0       0       000010000D0000937
     110       0       0       1       0                               0D0000938
     142    1428       0       0       0       0       0       000010500D0000939
     142       0       0       1       0                               0D0000940
     102    1429       0       0       0       0       0       000010000D0000941
     102       0       0       1       0                               0D0000942
     110    1430       0       0       0       0       0       000010000D0000943
     110       0       0       2       0                               0D0000944
     110    1432       0       0       0       0       0       000010000D0000945
     110       0       0       1       0                               0D0000946
     126    1433       0       0       0       0       0       000010000D0000947
     126       0       0      35       0                               0D0000948
     110    1468       0       0       0       0       0       000010000D0000949
     110       0       0       1       0                               0D0000950
     102    1469       0       0       0       0       0       000010000D0000951
     102       0       0       1       0                               0D0000952
     100    1470       0       0       0       0     955       000010000D0000953
     100       0       0       1       0                               0D0000954
     124    1471       0       0       0       0       0       000000000D0000955
     124       0       0       3       0                               0D0000956
     110    1474       0       0       0       0       0       000010000D0000957
     110       0       0       2       0                               0D0000958
     126    1476       0       0       0       0       0       000010000D0000959
     126       0       0       9       0                               0D0000960
     110    1485       0       0       0       0       0       000010000D0000961
     110       0       0       2       0                               0D0000962
     144    1487       0       0       0       0       0       000020000D0000963
     144       0   -3169       1       0                               0D0000964
     120    1488       0       0       0       0     967       000010000D0000965
     120       0       0       1       0                               0D0000966
     124    1489       0       0       0       0       0       000000000D0000967
     124       0       0       2       0                               0D0000968
     110    1491       0       0       0       0       0       000010000D0000969
     110       0       0       1       0                               0D0000970
     100    1492       0       0       0       0     973       000010000D0000971
     100       0       0       2       0                               0D0000972
     124    1494       0       0       0       0       0       000000000D0000973
     124       0       0       1       0                               0D0000974
     142    1495       0       0       0       0       0       000010500D0000975
     142       0       0       1       0                               0D0000976
     102    1496       0       0       0       0       0       000010000D0000977
     102       0       0       1       0                               0D0000978
     110    1497       0       0       0       0       0       000010000D0000979
     110       0       0       1       0                               0D0000980
     126    1498       0       0       0       0       0       000010000D0000981
     126       0       0      20       0                               0D0000982
     126    1518       0       0       0       0       0       000010000D0000983
     126       0       0      20       0                               0D0000984
     102    1538       0       0       0       0       0       000010000D0000985
     102       0       0       1       0                               0D0000986
     100    1539       0       0       0       0     989       000010000D0000987
     100       0       0       2       0                               0D0000988
     124    1541       0       0       0       0       0       000000000D0000989
     124       0       0       2       0                               0D0000990
     100    1543       0       0       0       0     993       000010000D0000991
     100       0       0       1       0                               0D0000992
     124    1544       0       0       0       0       0       000000000D0000993
     124       0       0       3       0                               0D0000994
     100    1547       0       0       0       0     997       000010000D0000995
     100       0       0       1       0                               0D0000996
     124    1548       0       0       0       0       0       000000000D0000997
     124       0       0       1       0                               0D0000998
     144    1549       0       0       0       0       0       000020000D0000999
     144       0   -3169       1       0                               0D0001000
     120    1550       0       0       0       0    1003       000010000D0001001
     120       0       0       1       0                               0D0001002
     124    1551       0       0       0       0       0       000000000D0001003
     124       0       0       2       0                               0D0001004
     110    1553       0       0       0       0       0       000010000D0001005
     110       0       0       1       0                               0D0001006
     110    1554       0       0       0       0       0       000010000D0001007
     110       0       0       1       0                               0D0001008
     142    1555       0       0       0       0       0       000010500D0001009
     142       0       0       1       0                               0D0001010
     102    1556       0       0       0       0       0       000010000D0001011
     102       0       0       1       0                               0D0001012
     110    1557       0       0       0       0       0       000010000D0001013
     110       0       0       1       0                               0D0001014
     110    1558       0       0       0       0       0       000010000D0001015
     110       0       0       1       0                               0D0001016
     110    1559       0       0       0       0       0       000010000D0001017
     110       0       0       1       0                               0D0001018
     110    1560       0       0       0       0       0       000010000D0001019
     110       0       0       1       0                               0D0001020
     102    1561       0       0       0       0       0       000010000D0001021
     102       0       0       1       0                               0D0001022
     100    1562       0       0       0       0    1025       000010000D0001023
     100       0       0       1       0                               0D0001024
     124    1563       0       0       0       0       0       000000000D0001025
     124       0       0       2       0                               0D0001026
     110    1565       0       0       0       0       0       000010000D0001027
     110       0       0       2       0                               0D0001028
     100    1567       0       0       0       0    1031       000010000D0001029
     100       0       0       1       0                               0D0001030
     124    1568       0       0       0       0       0       000000000D0001031
     124       0       0       2       0                               0D0001032
     110    1570       0       0       0       0       0       000010000D0001033
     110       0       0       2       0                               0D0001034
     144    1572       0       0       0       0       0       000020000D0001035
     144       0   -3169       1       0                               0D0001036
     108    1573       0       0       0       0       0       000010000D0001037
     108       0       0       1       0                               0D0001038
     142    1574       0       0       0       0       0       000010500D0001039
     142       0       0       1       0                               0D0001040
     102    1575       0       0       0       0       0       000010000D0001041
     102       0       0       1       0                               0D0001042
     110    1576       0       0       0       0       0       000010000D0001043
     110       0       0       2       0                               0D0001044
     110    1578       0       0       0       0       0       000010000D0001045
     110       0       0       1       0                               0D0001046
     110    1579       0       0       0       0       0       000010000D0001047
     110       0       0       1       0                               0D0001048
     110    1580       0       0       0       0       0       000010000D0001049
     110       0       0       2       0                               0D0001050
     144    1582       0       0       0       0       0       000020000D0001051
     144       0   -3169       1       0                               0D0001052
     120    1583       0       0       0       0    1055       000010000D0001053
     120       0       0       1       0                               0D0001054
     124    1584       0       0       0       0       0       000000000D0001055
     124       0       0       1       0                               0D0001056
     110    1585       0       0       0       0       0       000010000D0001057
     110       0       0       1       0                               0D0001058
     110    1586       0       0       0       0       0       000010000D0001059
     110       0       0       1       0                               0D0001060
     142    1587       0       0       0       0       0       000010500D0001061
     142       0       0       1       0                               0D0001062
     102    1588       0       0       0       0       0       000010000D0001063
     102       0       0       1       0                               0D0001064
     110    1589       0       0       0       0       0       000010000D0001065
     110       0       0       1       0                               0D0001066
     110    1590       0       0       0       0       0       000010000D0001067
     110       0       0       1       0                               0D0001068
     110    1591       0       0       0       0       0       000010000D0001069
     110       0       0       1       0                               0D0001070
     110    1592       0       0       0       0       0       000010000D0001071
     110       0       0       1       0                               0D0001072
     102    1593       0       0       0       0       0       000010000D0001073
     102       0       0       1       0                               0D0001074
     100    1594       0       0       0       0    1077       000010000D0001075
     100       0       0       1       0                               0D0001076
     124    1595       0       0       0       0       0       000000000D0001077
     124       0       0       1       0                               0D0001078
     110    1596       0       0       0       0       0       000010000D0001079
     110       0       0       2       0                               0D0001080
     100    1598       0       0       0       0    1083       000010000D0001081
     100       0       0       2       0                               0D0001082
     124    1600       0       0       0       0       0       000000000D0001083
     124       0       0       2       0                               0D0001084
     110    1602       0       0       0       0       0       000010000D0001085
     110       0       0       1       0                               0D0001086
     144    1603       0       0       0       0       0       000020000D0001087
     144       0   -3169       1       0                               0D0001088
     120    1604       0       0       0       0    1091       000010000D0001089
     120       0       0       1       0                               0D0001090
     124    1605       0       0       0       0       0       000000000D0001091
     124       0       0       2       0                               0D0001092
     110    1607       0       0       0       0       0       000010000D0001093
     110       0       0       1       0                               0D0001094
     100    1608       0       0       0       0    1097       000010000D0001095
     100       0       0       2       0                               0D0001096
     124    1610       0       0       0       0       0       000000000D0001097
     124       0       0       1       0                               0D0001098
     142    1611       0       0       0       0       0       000010500D0001099
     142       0       0       1       0                               0D0001100
     102    1612       0       0       0       0       0       000010000D0001101
     102       0       0       1       0                               0D0001102
     110    1613       0       0       0       0       0       000010000D0001103
     110       0       0       1       0                               0D0001104
     126    1614       0       0       0       0       0       000010000D0001105
     126       0       0      20       0                               0D0001106
     126    1634       0       0       0       0       0       000010000D0001107
     126       0       0      20       0                               0D0001108
     102    1654       0       0       0       0       0       000010000D0001109
     102       0       0       1       0                               0D0001110
     100    1655       0       0       0       0    1113       000010000D0001111
     100       0       0       1       0                               0D0001112
     124    1656       0       0       0       0       0       000000000D0001113
     124       0       0       2       0                               0D0001114
     100    1658       0       0       0       0    1117       000010000D0001115
     100       0       0       2       0                               0D0001116
     124    1660       0       0       0       0       0       000000000D0001117
     124       0       0       3       0                               0D0001118
     100    1663       0       0       0       0    1121       000010000D0001119
     100       0       0       1       0                               0D0001120
     124    1664       0       0       0       0       0       000000000D0001121
     124       0       0       1       0                               0D0001122
     144    1665       0       0       0       0       0       000020000D0001123
     144       0   -3169       1       0                               0D0001124
     120    1666       0       0       0       0    1127       000010000D0001125
     120       0       0       1       0                               0D0001126
     124    1667       0       0       0       0       0       000000000D0001127
     124       0       0       1       0                               0D0001128
     110    1668       0       0       0       0       0       000010000D0001129
     110       0       0       1       0                               0D0001130
     110    1669       0       0       0       0       0       000010000D0001131
     110       0       0       1       0                               0D0001132
     142    1670       0       0       0       0       0       000010500D0001133
     142       0       0       1       0                               0D0001134
     102    1671       0       0       0       0       0       000010000D0001135
     102       0       0       1       0                               0D0001136
     110    1672       0       0       0       0       0       000010000D0001137
     110       0       0       1       0                               0D0001138
     110    1673       0       0       0       0       0       000010000D0001139
     110       0       0       1       0                               0D0001140
     110    1674       0       0       0       0       0       000010000D0001141
     110       0       0       1       0                               0D0001142
     110    1675       0       0       0       0       0       000010000D0001143
     110       0       0       1       0                               0D0001144
     102    1676       0       0       0       0       0       000010000D0001145
     102       0       0       1       0                               0D0001146
     100    1677       0       0       0       0    1149       000010000D0001147
     100       0       0       1       0                               0D0001148
     124    1678       0       0       0       0       0       000000000D0001149
     124       0       0       1       0                               0D0001150
     110    1679       0       0       0       0       0       000010000D0001151
     110       0       0       2       0                               0D0001152
     100    1681       0       0       0       0    1155       000010000D0001153
     100       0       0       1       0                               0D0001154
     124    1682       0       0       0       0       0       000000000D0001155
     124       0       0       2       0                               0D0001156
     110    1684       0       0       0       0       0       000010000D0001157
     110       0       0       1       0                               0D0001158
     144    1685       0       0       0       0       0       000020000D0001159
     144       0   -3169       1       0                               0D0001160
     120    1686       0       0       0       0    1163       000010000D0001161
     120       0       0       1       0                               0D0001162
     124    1687       0       0       0       0       0       000000000D0001163
     124       0       0       2       0                               0D0001164
     110    1689       0       0       0       0       0       000010000D0001165
     110       0       0       1       0                               0D0001166
     100    1690       0       0       0       0    1169       000010000D0001167
     100       0       0       2       0                               0D0001168
     124    1692       0       0       0       0       0       000000000D0001169
     124       0       0       1       0                               0D0001170
     142    1693       0       0       0       0       0       000010500D0001171
     142       0       0       1       0                               0D0001172
     102    1694       0       0       0       0       0       000010000D0001173
     102       0       0       1       0                               0D0001174
     110    1695       0       0       0       0       0       000010000D0001175
     110       0       0       1       0                               0D0001176
     126    1696       0       0       0       0       0       000010000D0001177
     126       0       0      20       0                               0D0001178
     126    1716       0       0       0       0       0       000010000D0001179
     126       0       0      20       0                               0D0001180
     102    1736       0       0       0       0       0       000010000D0001181
     102       0       0       1       0                               0D0001182
     100    1737       0       0       0       0    1185       000010000D0001183
     100       0       0       2       0                               0D0001184
     124    1739       0       0       0       0       0       000000000D0001185
     124       0       0       2       0                               0D0001186
     100    1741       0       0       0       0    1189       000010000D0001187
     100       0       0       1       0                               0D0001188
     124    1742       0       0       0       0       0       000000000D0001189
     124       0       0       3       0                               0D0001190
     100    1745       0       0       0       0    1193       000010000D0001191
     100       0       0       1       0                               0D0001192
     124    1746       0       0       0       0       0       000000000D0001193
     124       0       0       2       0                               0D0001194
     144    1748       0       0       0       0       0       000020000D0001195
     144       0   -3169       1       0                               0D0001196
     120    1749       0       0       0       0    1199       000010000D0001197
     120       0       0       1       0                               0D0001198
     124    1750       0       0       0       0       0       000000000D0001199
     124       0       0       3       0                               0D0001200
     110    1753       0       0       0       0       0       000010000D0001201
     110       0       0       1       0                               0D0001202
     110    1754       0       0       0       0       0       000010000D0001203
     110       0       0       1       0                               0D0001204
     142    1755       0       0       0       0       0       000010500D0001205
     142       0       0       1       0                               0D0001206
     102    1756       0       0       0       0       0       000010000D0001207
     102       0       0       1       0                               0D0001208
     110    1757       0       0       0       0       0       000010000D0001209
     110       0       0       2       0                               0D0001210
     110    1759       0       0       0       0       0       000010000D0001211
     110       0       0       1       0                               0D0001212
     126    1760       0       0       0       0       0       000010000D0001213
     126       0       0      35       0                               0D0001214
     110    1795       0       0       0       0       0       000010000D0001215
     110       0       0       1       0                               0D0001216
     102    1796       0       0       0       0       0       000010000D0001217
     102       0       0       1       0                               0D0001218
     100    1797       0       0       0       0    1221       000010000D0001219
     100       0       0       1       0                               0D0001220
     124    1798       0       0       0       0       0       000000000D0001221
     124       0       0       3       0                               0D0001222
     110    1801       0       0       0       0       0       000010000D0001223
     110       0       0       2       0                               0D0001224
     126    1803       0       0       0       0       0       000010000D0001225
     126       0       0       9       0                               0D0001226
     110    1812       0       0       0       0       0       000010000D0001227
     110       0       0       2       0                               0D0001228
     144    1814       0       0       0       0       0       000020000D0001229
     144       0   -3169       1       0                               0D0001230
     120    1815       0       0       0       0    1233       000010000D0001231
     120       0       0       1       0                               0D0001232
     124    1816       0       0       0       0       0       000000000D0001233
     124       0       0       1       0                               0D0001234
     110    1817       0       0       0       0       0       000010000D0001235
     110       0       0       1       0                               0D0001236
     110    1818       0       0       0       0       0       000010000D0001237
     110       0       0       1       0                               0D0001238
     142    1819       0       0       0       0       0       000010500D0001239
     142       0       0       1       0                               0D0001240
     102    1820       0       0       0       0       0       000010000D0001241
     102       0       0       1       0                               0D0001242
     110    1821       0       0       0       0       0       000010000D0001243
     110       0       0       1       0                               0D0001244
     110    1822       0       0       0       0       0       000010000D0001245
     110       0       0       1       0                               0D0001246
     110    1823       0       0       0       0       0       000010000D0001247
     110       0       0       1       0                               0D0001248
     110    1824       0       0       0       0       0       000010000D0001249
     110       0       0       1       0                               0D0001250
     102    1825       0       0       0       0       0       000010000D0001251
     102       0       0       1       0                               0D0001252
     100    1826       0       0       0       0    1255       000010000D0001253
     100       0       0       1       0                               0D0001254
     124    1827       0       0       0       0       0       000000000D0001255
     124       0       0       1       0                               0D0001256
     110    1828       0       0       0       0       0       000010000D0001257
     110       0       0       2       0                               0D0001258
     100    1830       0       0       0       0    1261       000010000D0001259
     100       0       0       2       0                               0D0001260
     124    1832       0       0       0       0       0       000000000D0001261
     124       0       0       2       0                               0D0001262
     110    1834       0       0       0       0       0       000010000D0001263
     110       0       0       2       0                               0D0001264
     144    1836       0       0       0       0       0       000020000D0001265
     144       0   -3169       1       0                               0D0001266
     120    1837       0       0       0       0    1269       000010000D0001267
     120       0       0       1       0                               0D0001268
     124    1838       0       0       0       0       0       000000000D0001269
     124       0       0       2       0                               0D0001270
     110    1840       0       0       0       0       0       000010000D0001271
     110       0       0       1       0                               0D0001272
     100    1841       0       0       0       0    1275       000010000D0001273
     100       0       0       2       0                               0D0001274
     124    1843       0       0       0       0       0       000000000D0001275
     124       0       0       1       0                               0D0001276
     142    1844       0       0       0       0       0       000010500D0001277
     142       0       0       1       0                               0D0001278
     102    1845       0       0       0       0       0       000010000D0001279
     102       0       0       1       0                               0D0001280
     110    1846       0       0       0       0       0       000010000D0001281
     110       0       0       1       0                               0D0001282
     126    1847       0       0       0       0       0       000010000D0001283
     126       0       0      20       0                               0D0001284
     126    1867       0       0       0       0       0       000010000D0001285
     126       0       0      20       0                               0D0001286
     102    1887       0       0       0       0       0       000010000D0001287
     102       0       0       1       0                               0D0001288
     100    1888       0       0       0       0    1291       000010000D0001289
     100       0       0       1       0                               0D0001290
     124    1889       0       0       0       0       0       000000000D0001291
     124       0       0       2       0                               0D0001292
     100    1891       0       0       0       0    1295       000010000D0001293
     100       0       0       1       0                               0D0001294
     124    1892       0       0       0       0       0       000000000D0001295
     124       0       0       2       0                               0D0001296
     100    1894       0       0       0       0    1299       000010000D0001297
     100       0       0       2       0                               0D0001298
     124    1896       0       0       0       0       0       000000000D0001299
     124       0       0       3       0                               0D0001300
     402    1899       0       0       0       0       0       000020000D0001301
     402       0       0       2       1                LEAD-SOT        D0001302
     144    1901       0       0       0       0       0       000020000D0001303
     144       0       8       1       0                               0D0001304
     108    1902       0       0       0       0       0       000010000D0001305
     108       0       0       1       0                               0D0001306
     142    1903       0       0       0       0       0       000010500D0001307
     142       0       0       1       0                               0D0001308
     102    1904       0       0       0       0       0       000010000D0001309
     102       0       0       2       0                               0D0001310
     100    1906       0       0       0       0    1313       000010000D0001311
     100       0       0       1       0                               0D0001312
     124    1907       0       0       0       0       0       000000000D0001313
     124       0       0       2       0                               0D0001314
     110    1909       0       0       0       0       0       000010000D0001315
     110       0       0       1       0                               0D0001316
     110    1910       0       0       0       0       0       000010000D0001317
     110       0       0       1       0                               0D0001318
     110    1911       0       0       0       0       0       000010000D0001319
     110       0       0       1       0                               0D0001320
     100    1912       0       0       0       0    1323       000010000D0001321
     100       0       0       2       0                               0D0001322
     124    1914       0       0       0       0       0       000000000D0001323
     124       0       0       2       0                               0D0001324
     110    1916       0       0       0       0       0       000010000D0001325
     110       0       0       1       0                               0D0001326
     100    1917       0       0       0       0    1329       000010000D0001327
     100       0       0       1       0                               0D0001328
     124    1918       0       0       0       0       0       000000000D0001329
     124       0       0       2       0                               0D0001330
     110    1920       0       0       0       0       0       000010000D0001331
     110       0       0       1       0                               0D0001332
     110    1921       0       0       0       0       0       000010000D0001333
     110       0       0       1       0                               0D0001334
     110    1922       0       0       0       0       0       000010000D0001335
     110       0       0       1       0                               0D0001336
     100    1923       0       0       0       0    1339       000010000D0001337
     100       0       0       1       0                               0D0001338
     124    1924       0       0       0       0       0       000000000D0001339
     124       0       0       1       0                               0D0001340
     110    1925       0       0       0       0       0       000010000D0001341
     110       0       0       1       0                               0D0001342
     144    1926       0       0       0       0       0       000020000D0001343
     144       0       8       1       0                               0D0001344
     108    1927       0       0       0       0       0       000010000D0001345
     108       0       0       2       0                               0D0001346
     142    1929       0       0       0       0       0       000010500D0001347
     142       0       0       1       0                               0D0001348
     102    1930       0       0       0       0       0       000010000D0001349
     102       0       0       1       0                               0D0001350
     110    1931       0       0       0       0       0       000010000D0001351
     110       0       0       1       0                               0D0001352
     110    1932       0       0       0       0       0       000010000D0001353
     110       0       0       1       0                               0D0001354
     110    1933       0       0       0       0       0       000010000D0001355
     110       0       0       1       0                               0D0001356
     110    1934       0       0       0       0       0       000010000D0001357
     110       0       0       1       0                               0D0001358
     144    1935       0       0       0       0       0       000020000D0001359
     144       0       8       1       0                               0D0001360
     108    1936       0       0       0       0       0       000010000D0001361
     108       0       0       1       0                               0D0001362
     142    1937       0       0       0       0       0       000010500D0001363
     142       0       0       1       0                               0D0001364
     102    1938       0       0       0       0       0       000010000D0001365
     102       0       0       2       0                               0D0001366
     100    1940       0       0       0       0    1369       000010000D0001367
     100       0       0       2       0                               0D0001368
     124    1942       0       0       0       0       0       000000000D0001369
     124       0       0       2       0                               0D0001370
     110    1944       0       0       0       0       0       000010000D0001371
     110       0       0       1       0                               0D0001372
     110    1945       0       0       0       0       0       000010000D0001373
     110       0       0       1       0                               0D0001374
     110    1946       0       0       0       0       0       000010000D0001375
     110       0       0       1       0                               0D0001376
     100    1947       0       0       0       0    1379       000010000D0001377
     100       0       0       2       0                               0D0001378
     124    1949       0       0       0       0       0       000000000D0001379
     124       0       0       2       0                               0D0001380
     110    1951       0       0       0       0       0       000010000D0001381
     110       0       0       1       0                               0D0001382
     100    1952       0       0       0       0    1385       000010000D0001383
     100       0       0       1       0                               0D0001384
     124    1953       0       0       0       0       0       000000000D0001385
     124       0       0       1       0                               0D0001386
     110    1954       0       0       0       0       0       000010000D0001387
     110       0       0       1       0                               0D0001388
     110    1955       0       0       0       0       0       000010000D0001389
     110       0       0       1       0                               0D0001390
     110    1956       0       0       0       0       0       000010000D0001391
     110       0       0       1       0                               0D0001392
     100    1957       0       0       0       0    1395       000010000D0001393
     100       0       0       2       0                               0D0001394
     124    1959       0       0       0       0       0       000000000D0001395
     124       0       0       2       0                               0D0001396
     110    1961       0       0       0       0       0       000010000D0001397
     110       0       0       1       0                               0D0001398
     144    1962       0       0       0       0       0       000020000D0001399
     144       0       8       1       0                               0D0001400
     108    1963       0       0       0       0       0       000010000D0001401
     108       0       0       2       0                               0D0001402
     142    1965       0       0       0       0       0       000010500D0001403
     142       0       0       1       0                               0D0001404
     102    1966       0       0       0       0       0       000010000D0001405
     102       0       0       1       0                               0D0001406
     110    1967       0       0       0       0       0       000010000D0001407
     110       0       0       1       0                               0D0001408
     110    1968       0       0       0       0       0       000010000D0001409
     110       0       0       1       0                               0D0001410
     110    1969       0       0       0       0       0       000010000D0001411
     110       0       0       1       0                               0D0001412
     110    1970       0       0       0       0       0       000010000D0001413
     110       0       0       1       0                               0D0001414
     144    1971       0       0       0       0       0       000020000D0001415
     144       0       8       1       0                               0D0001416
     120    1972       0       0       0       0    1419       000010000D0001417
     120       0       0       1       0                               0D0001418
     124    1973       0       0       0       0       0       000000000D0001419
     124       0       0       2       0                               0D0001420
     110    1975       0       0       0       0       0       000010000D0001421
     110       0       0       1       0                               0D0001422
     110    1976       0       0       0       0       0       000010000D0001423
     110       0       0       1       0                               0D0001424
     142    1977       0       0       0       0       0       000010500D0001425
     142       0       0       1       0                               0D0001426
     102    1978       0       0       0       0       0       000010000D0001427
     102       0       0       1       0                               0D0001428
     110    1979       0       0       0       0       0       000010000D0001429
     110       0       0       1       0                               0D0001430
     110    1980       0       0       0       0       0       000010000D0001431
     110       0       0       1       0                               0D0001432
     110    1981       0       0       0       0       0       000010000D0001433
     110       0       0       1       0                               0D0001434
     110    1982       0       0       0       0       0       000010000D0001435
     110       0       0       1       0                               0D0001436
     102    1983       0       0       0       0       0       000010000D0001437
     102       0       0       1       0                               0D0001438
     100    1984       0       0       0       0    1441       000010000D0001439
     100       0       0       1       0                               0D0001440
     124    1985       0       0       0       0       0       000000000D0001441
     124       0       0       2       0                               0D0001442
     110    1987       0       0       0       0       0       000010000D0001443
     110       0       0       1       0                               0D0001444
     100    1988       0       0       0       0    1447       000010000D0001445
     100       0       0       2       0                               0D0001446
     124    1990       0       0       0       0       0       000000000D0001447
     124       0       0       2       0                               0D0001448
     110    1992       0       0       0       0       0       000010000D0001449
     110       0       0       1       0                               0D0001450
     144    1993       0       0       0       0       0       000020000D0001451
     144       0       8       1       0                               0D0001452
     108    1994       0       0       0       0       0       000010000D0001453
     108       0       0       1       0                               0D0001454
     142    1995       0       0       0       0       0       000010500D0001455
     142       0       0       1       0                               0D0001456
     102    1996       0       0       0       0       0       000010000D0001457
     102       0       0       1       0                               0D0001458
     110    1997       0       0       0       0       0       000010000D0001459
     110       0       0       1       0                               0D0001460
     110    1998       0       0       0       0       0       000010000D0001461
     110       0       0       1       0                               0D0001462
     110    1999       0       0       0       0       0       000010000D0001463
     110       0       0       1       0                               0D0001464
     110    2000       0       0       0       0       0       000010000D0001465
     110       0       0       1       0                               0D0001466
     144    2001       0       0       0       0       0       000020000D0001467
     144       0       8       1       0                               0D0001468
     108    2002       0       0       0       0       0       000010000D0001469
     108       0       0       1       0                               0D0001470
     142    2003       0       0       0       0       0       000010500D0001471
     142       0       0       1       0                               0D0001472
     102    2004       0       0       0       0       0       000010000D0001473
     102       0       0       1       0                               0D0001474
     110    2005       0       0       0       0       0       000010000D0001475
     110       0       0       1       0                               0D0001476
     110    2006       0       0       0       0       0       000010000D0001477
     110       0       0       1       0                               0D0001478
     110    2007       0       0       0       0       0       000010000D0001479
     110       0       0       1       0                               0D0001480
     110    2008       0       0       0       0       0       000010000D0001481
     110       0       0       1       0                               0D0001482
     144    2009       0       0       0       0       0       000020000D0001483
     144       0       8       1       0                               0D0001484
     108    2010       0       0       0       0       0       000010000D0001485
     108       0       0       1       0                               0D0001486
     142    2011       0       0       0       0       0       000010500D0001487
     142       0       0       1       0                               0D0001488
     102    2012       0       0       0       0       0       000010000D0001489
     102       0       0       1       0                               0D0001490
     110    2013       0       0       0       0       0       000010000D0001491
     110       0       0       1       0                               0D0001492
     110    2014       0       0       0       0       0       000010000D0001493
     110       0       0       1       0                               0D0001494
     110    2015       0       0       0       0       0       000010000D0001495
     110       0       0       1       0                               0D0001496
     110    2016       0       0       0       0       0       000010000D0001497
     110       0       0       1       0                               0D0001498
     144    2017       0       0       0       0       0       000020000D0001499
     144       0       8       1       0                               0D0001500
     120    2018       0       0       0       0    1503       000010000D0001501
     120       0       0       1       0                               0D0001502
     124    2019       0       0       0       0       0       000000000D0001503
     124       0       0       1       1                               0D0001504
     110    2020       0       0       0       0       0       000010000D0001505
     110       0       0       1       0                               0D0001506
     110    2021       0       0       0       0       0       000010000D0001507
     110       0       0       1       0                               0D0001508
     142    2022       0       0       0       0       0       000010500D0001509
     142       0       0       1       0                               0D0001510
     102    2023       0       0       0       0       0       000010000D0001511
     102       0       0       1       0                               0D0001512
     110    2024       0       0       0       0       0       000010000D0001513
     110       0       0       1       0                               0D0001514
     110    2025       0       0       0       0       0       000010000D0001515
     110       0       0       1       0                               0D0001516
     110    2026       0       0       0       0       0       000010000D0001517
     110       0       0       2       0                               0D0001518
     110    2028       0       0       0       0       0       000010000D0001519
     110       0       0       1       0                               0D0001520
     102    2029       0       0       0       0       0       000010000D0001521
     102       0       0       1       0                               0D0001522
     100    2030       0       0       0       0    1525       000010000D0001523
     100       0       0       1       0                               0D0001524
     124    2031       0       0       0       0       0       000000000D0001525
     124       0       0       1       0                               0D0001526
     110    2032       0       0       0       0       0       000010000D0001527
     110       0       0       1       0                               0D0001528
     100    2033       0       0       0       0    1531       000010000D0001529
     100       0       0       1       0                               0D0001530
     124    2034       0       0       0       0       0       000000000D0001531
     124       0       0       1       0                               0D0001532
     110    2035       0       0       0       0       0       000010000D0001533
     110       0       0       1       0                               0D0001534
     144    2036       0       0       0       0       0       000020000D0001535
     144       0       8       1       0                               0D0001536
     120    2037       0       0       0       0    1539       000010000D0001537
     120       0       0       1       0                               0D0001538
     124    2038       0       0       0       0       0       000000000D0001539
     124       0       0       2       1                               0D0001540
     110    2040       0       0       0       0       0       000010000D0001541
     110       0       0       1       0                               0D0001542
     110    2041       0       0       0       0       0       000010000D0001543
     110       0       0       1       0                               0D0001544
     142    2042       0       0       0       0       0       000010500D0001545
     142       0       0       1       0                               0D0001546
     102    2043       0       0       0       0       0       000010000D0001547
     102       0       0       1       0                               0D0001548
     110    2044       0       0       0       0       0       000010000D0001549
     110       0       0       1       0                               0D0001550
     110    2045       0       0       0       0       0       000010000D0001551
     110       0       0       1       0                               0D0001552
     110    2046       0       0       0       0       0       000010000D0001553
     110       0       0       2       0                               0D0001554
     110    2048       0       0       0       0       0       000010000D0001555
     110       0       0       1       0                               0D0001556
     102    2049       0       0       0       0       0       000010000D0001557
     102       0       0       1       0                               0D0001558
     100    2050       0       0       0       0    1561       000010000D0001559
     100       0       0       2       0                               0D0001560
     124    2052       0       0       0       0       0       000000000D0001561
     124       0       0       2       0                               0D0001562
     110    2054       0       0       0       0       0       000010000D0001563
     110       0       0       1       0                               0D0001564
     100    2055       0       0       0       0    1567       000010000D0001565
     100       0       0       2       0                               0D0001566
     124    2057       0       0       0       0       0       000000000D0001567
     124       0       0       2       0                               0D0001568
     110    2059       0       0       0       0       0       000010000D0001569
     110       0       0       2       0                               0D0001570
     144    2061       0       0       0       0       0       000020000D0001571
     144       0       8       1       0                               0D0001572
     108    2062       0       0       0       0       0       000010000D0001573
     108       0       0       2       0                               0D0001574
     142    2064       0       0       0       0       0       000010500D0001575
     142       0       0       1       0                               0D0001576
     102    2065       0       0       0       0       0       000010000D0001577
     102       0       0       1       0                               0D0001578
     110    2066       0       0       0       0       0       000010000D0001579
     110       0       0       1       0                               0D0001580
     110    2067       0       0       0       0       0       000010000D0001581
     110       0       0       1       0                               0D0001582
     110    2068       0       0       0       0       0       000010000D0001583
     110       0       0       2       0                               0D0001584
     110    2070       0       0       0       0       0       000010000D0001585
     110       0       0       1       0                               0D0001586
     144    2071       0       0       0       0       0       000020000D0001587
     144       0       8       1       0                               0D0001588
     108    2072       0       0       0       0       0       000010000D0001589
     108       0       0       2       0                               0D0001590
     142    2074       0       0       0       0       0       000010500D0001591
     142       0       0       1       0                               0D0001592
     102    2075       0       0       0       0       0       000010000D0001593
     102       0       0       1       0                               0D0001594
     110    2076       0       0       0       0       0       000010000D0001595
     110       0       0       1       0                               0D0001596
     110    2077       0       0       0       0       0       000010000D0001597
     110       0       0       1       0                               0D0001598
     110    2078       0       0       0       0       0       000010000D0001599
     110       0       0       1       0                               0D0001600
     110    2079       0       0       0       0       0       000010000D0001601
     110       0       0       1       0                               0D0001602
     144    2080       0       0       0       0       0       000020000D0001603
     144       0       8       1       0                               0D0001604
     108    2081       0       0       0       0       0       000010000D0001605
     108       0       0       2       0                               0D0001606
     142    2083       0       0       0       0       0       000010500D0001607
     142       0       0       1       0                               0D0001608
     102    2084       0       0       0       0       0       000010000D0001609
     102       0       0       1       0                               0D0001610
     110    2085       0       0       0       0       0       000010000D0001611
     110       0       0       2       0                               0D0001612
     110    2087       0       0       0       0       0       000010000D0001613
     110       0       0       1       0                               0D0001614
     110    2088       0       0       0       0       0       000010000D0001615
     110       0       0       1       0                               0D0001616
     110    2089       0       0       0       0       0       000010000D0001617
     110       0       0       1       0                               0D0001618
     144    2090       0       0       0       0       0       000020000D0001619
     144       0       8       1       0                               0D0001620
     120    2091       0       0       0       0    1623       000010000D0001621
     120       0       0       1       0                               0D0001622
     124    2092       0       0       0       0       0       000000000D0001623
     124       0       0       2       0                               0D0001624
     110    2094       0       0       0       0       0       000010000D0001625
     110       0       0       1       0                               0D0001626
     110    2095       0       0       0       0       0       000010000D0001627
     110       0       0       1       0                               0D0001628
     142    2096       0       0       0       0       0       000010500D0001629
     142       0       0       1       0                               0D0001630
     102    2097       0       0       0       0       0       000010000D0001631
     102       0       0       1       0                               0D0001632
     110    2098       0       0       0       0       0       000010000D0001633
     110       0       0       1       0                               0D0001634
     110    2099       0       0       0       0       0       000010000D0001635
     110       0       0       1       0                               0D0001636
     110    2100       0       0       0       0       0       000010000D0001637
     110       0       0       1       0                               0D0001638
     110    2101       0       0       0       0       0       000010000D0001639
     110       0       0       1       0                               0D0001640
     102    2102       0       0       0       0       0       000010000D0001641
     102       0       0       1       0                               0D0001642
     100    2103       0       0       0       0    1645       000010000D0001643
     100       0       0       1       0                               0D0001644
     124    2104       0       0       0       0       0       000000000D0001645
     124       0       0       2       0                               0D0001646
     110    2106       0       0       0       0       0       000010000D0001647
     110       0       0       2       0                               0D0001648
     100    2108       0       0       0       0    1651       000010000D0001649
     100       0       0       2       0                               0D0001650
     124    2110       0       0       0       0       0       000000000D0001651
     124       0       0       2       0                               0D0001652
     110    2112       0       0       0       0       0       000010000D0001653
     110       0       0       1       0                               0D0001654
     402    2113       0       0       0       0       0       000020000D0001655
     402       0       0       2       1                LEAD-SOT        D0001656
     144    2115       0       0       0       0       0       000020000D0001657
     144       0       8       1       0                               0D0001658
     108    2116       0       0       0       0       0       000010000D0001659
     108       0       0       1       0                               0D0001660
     142    2117       0       0       0       0       0       000010500D0001661
     142       0       0       1       0                               0D0001662
     102    2118       0       0       0       0       0       000010000D0001663
     102       0       0       2       0                               0D0001664
     100    2120       0       0       0       0    1667       000010000D0001665
     100       0       0       1       0                               0D0001666
     124    2121       0       0       0       0       0       000000000D0001667
     124       0       0       2       0                               0D0001668
     110    2123       0       0       0       0       0       000010000D0001669
     110       0       0       1       0                               0D0001670
     110    2124       0       0       0       0       0       000010000D0001671
     110       0       0       1       0                               0D0001672
     110    2125       0       0       0       0       0       000010000D0001673
     110       0       0       1       0                               0D0001674
     100    2126       0       0       0       0    1677       000010000D0001675
     100       0       0       2       0                               0D0001676
     124    2128       0       0       0       0       0       000000000D0001677
     124       0       0       2       0                               0D0001678
     110    2130       0       0       0       0       0       000010000D0001679
     110       0       0       1       0                               0D0001680
     100    2131       0       0       0       0    1683       000010000D0001681
     100       0       0       1       0                               0D0001682
     124    2132       0       0       0       0       0       000000000D0001683
     124       0       0       2       0                               0D0001684
     110    2134       0       0       0       0       0       000010000D0001685
     110       0       0       1       0                               0D0001686
     110    2135       0       0       0       0       0       000010000D0001687
     110       0       0       1       0                               0D0001688
     110    2136       0       0       0       0       0       000010000D0001689
     110       0       0       1       0                               0D0001690
     100    2137       0       0       0       0    1693       000010000D0001691
     100       0       0       1       0                               0D0001692
     124    2138       0       0       0       0       0       000000000D0001693
     124       0       0       1       0                               0D0001694
     110    2139       0       0       0       0       0       000010000D0001695
     110       0       0       1       0                               0D0001696
     144    2140       0       0       0       0       0       000020000D0001697
     144       0       8       1       0                               0D0001698
     108    2141       0       0       0       0       0       000010000D0001699
     108       0       0       2       0                               0D0001700
     142    2143       0       0       0       0       0       000010500D0001701
     142       0       0       1       0                               0D0001702
     102    2144       0       0       0       0       0       000010000D0001703
     102       0       0       1       0                               0D0001704
     110    2145       0       0       0       0       0       000010000D0001705
     110       0       0       1       0                               0D0001706
     110    2146       0       0       0       0       0       000010000D0001707
     110       0       0       1       0                               0D0001708
     110    2147       0       0       0       0       0       000010000D0001709
     110       0       0       1       0                               0D0001710
     110    2148       0       0       0       0       0       000010000D0001711
     110       0       0       1       0                               0D0001712
     144    2149       0       0       0       0       0       000020000D0001713
     144       0       8       1       0                               0D0001714
     108    2150       0       0       0       0       0       000010000D0001715
     108       0       0       1       0                               0D0001716
     142    2151       0       0       0       0       0       000010500D0001717
     142       0       0       1       0                               0D0001718
     102    2152       0       0       0       0       0       000010000D0001719
     102       0       0       2       0                               0D0001720
     100    2154       0       0       0       0    1723       000010000D0001721
     100       0       0       2       0                               0D0001722
     124    2156       0       0       0       0       0       000000000D0001723
     124       0       0       2       0                               0D0001724
     110    2158       0       0       0       0       0       000010000D0001725
     110       0       0       1       0                               0D0001726
     110    2159       0       0       0       0       0       000010000D0001727
     110       0       0       1       0                               0D0001728
     110    2160       0       0       0       0       0       000010000D0001729
     110       0       0       1       0                               0D0001730
     100    2161       0       0       0       0    1733       000010000D0001731
     100       0       0       2       0                               0D0001732
     124    2163       0       0       0       0       0       000000000D0001733
     124       0       0       2       0                               0D0001734
     110    2165       0       0       0       0       0       000010000D0001735
     110       0       0       1       0                               0D0001736
     100    2166       0       0       0       0    1739       000010000D0001737
     100       0       0       1       0                               0D0001738
     124    2167       0       0       0       0       0       000000000D0001739
     124       0       0       1       0                               0D0001740
     110    2168       0       0       0       0       0       000010000D0001741
     110       0       0       1       0                               0D0001742
     110    2169       0       0       0       0       0       000010000D0001743
     110       0       0       1       0                               0D0001744
     110    2170       0       0       0       0       0       000010000D0001745
     110       0       0       1       0                               0D0001746
     100    2171       0       0       0       0    1749       000010000D0001747
     100       0       0       2       0                               0D0001748
     124    2173       0       0       0       0       0       000000000D0001749
     124       0       0       2       0                               0D0001750
     110    2175       0       0       0       0       0       000010000D0001751
     110       0       0       1       0                               0D0001752
     144    2176       0       0       0       0       0       000020000D0001753
     144       0       8       1       0                               0D0001754
     108    2177       0       0       0       0       0       000010000D0001755
     108       0       0       2       0                               0D0001756
     142    2179       0       0       0       0       0       000010500D0001757
     142       0       0       1       0                               0D0001758
     102    2180       0       0       0       0       0       000010000D0001759
     102       0       0       1       0                               0D0001760
     110    2181       0       0       0       0       0       000010000D0001761
     110       0       0       1       0                               0D0001762
     110    2182       0       0       0       0       0       000010000D0001763
     110       0       0       1       0                               0D0001764
     110    2183       0       0       0       0       0       000010000D0001765
     110       0       0       1       0                               0D0001766
     110    2184       0       0       0       0       0       000010000D0001767
     110       0       0       1       0                               0D0001768
     144    2185       0       0       0       0       0       000020000D0001769
     144       0       8       1       0                               0D0001770
     120    2186       0       0       0       0    1773       000010000D0001771
     120       0       0       1       0                               0D0001772
     124    2187       0       0       0       0       0       000000000D0001773
     124       0       0       2       0                               0D0001774
     110    2189       0       0       0       0       0       000010000D0001775
     110       0       0       1       0                               0D0001776
     110    2190       0       0       0       0       0       000010000D0001777
     110       0       0       1       0                               0D0001778
     142    2191       0       0       0       0       0       000010500D0001779
     142       0       0       1       0                               0D0001780
     102    2192       0       0       0       0       0       000010000D0001781
     102       0       0       1       0                               0D0001782
     110    2193       0       0       0       0       0       000010000D0001783
     110       0       0       1       0                               0D0001784
     110    2194       0       0       0       0       0       000010000D0001785
     110       0       0       1       0                               0D0001786
     110    2195       0       0       0       0       0       000010000D0001787
     110       0       0       1       0                               0D0001788
     110    2196       0       0       0       0       0       000010000D0001789
     110       0       0       1       0                               0D0001790
     102    2197       0       0       0       0       0       000010000D0001791
     102       0       0       1       0                               0D0001792
     100    2198       0       0       0       0    1795       000010000D0001793
     100       0       0       1       0                               0D0001794
     124    2199       0       0       0       0       0       000000000D0001795
     124       0       0       2       0                               0D0001796
     110    2201       0       0       0       0       0       000010000D0001797
     110       0       0       1       0                               0D0001798
     100    2202       0       0       0       0    1801       000010000D0001799
     100       0       0       2       0                               0D0001800
     124    2204       0       0       0       0       0       000000000D0001801
     124       0       0       2       0                               0D0001802
     110    2206       0       0       0       0       0       000010000D0001803
     110       0       0       1       0                               0D0001804
     144    2207       0       0       0       0       0       000020000D0001805
     144       0       8       1       0                               0D0001806
     108    2208       0       0       0       0       0       000010000D0001807
     108       0       0       1       0                               0D0001808
     142    2209       0       0       0       0       0       000010500D0001809
     142       0       0       1       0                               0D0001810
     102    2210       0       0       0       0       0       000010000D0001811
     102       0       0       1       0                               0D0001812
     110    2211       0       0       0       0       0       000010000D0001813
     110       0       0       1       0                               0D0001814
     110    2212       0       0       0       0       0       000010000D0001815
     110       0       0       1       0                               0D0001816
     110    2213       0       0       0       0       0       000010000D0001817
     110       0       0       1       0                               0D0001818
     110    2214       0       0       0       0       0       000010000D0001819
     110       0       0       1       0                               0D0001820
     144    2215       0       0       0       0       0       000020000D0001821
     144       0       8       1       0                               0D0001822
     108    2216       0       0       0       0       0       000010000D0001823
     108       0       0       1       0                               0D0001824
     142    2217       0       0       0       0       0       000010500D0001825
     142       0       0       1       0                               0D0001826
     102    2218       0       0       0       0       0       000010000D0001827
     102       0       0       1       0                               0D0001828
     110    2219       0       0       0       0       0       000010000D0001829
     110       0       0       1       0                               0D0001830
     110    2220       0       0       0       0       0       000010000D0001831
     110       0       0       1       0                               0D0001832
     110    2221       0       0       0       0       0       000010000D0001833
     110       0       0       1       0                               0D0001834
     110    2222       0       0       0       0       0       000010000D0001835
     110       0       0       1       0                               0D0001836
     144    2223       0       0       0       0       0       000020000D0001837
     144       0       8       1       0                               0D0001838
     108    2224       0       0       0       0       0       000010000D0001839
     108       0       0       1       0                               0D0001840
     142    2225       0       0       0       0       0       000010500D0001841
     142       0       0       1       0                               0D0001842
     102    2226       0       0       0       0       0       000010000D0001843
     102       0       0       1       0                               0D0001844
     110    2227       0       0       0       0       0       000010000D0001845
     110       0       0       1       0                               0D0001846
     110    2228       0       0       0       0       0       000010000D0001847
     110       0       0       1       0                               0D0001848
     110    2229       0       0       0       0       0       000010000D0001849
     110       0       0       1       0                               0D0001850
     110    2230       0       0       0       0       0       000010000D0001851
     110       0       0       1       0                               0D0001852
     144    2231       0       0       0       0       0       000020000D0001853
     144       0       8       1       0                               0D0001854
     120    2232       0       0       0       0    1857       000010000D0001855
     120       0       0       1       0                               0D0001856
     124    2233       0       0       0       0       0       000000000D0001857
     124       0       0       1       1                               0D0001858
     110    2234       0       0       0       0       0       000010000D0001859
     110       0       0       1       0                               0D0001860
     110    2235       0       0       0       0       0       000010000D0001861
     110       0       0       1       0                               0D0001862
     142    2236       0       0       0       0       0       000010500D0001863
     142       0       0       1       0                               0D0001864
     102    2237       0       0       0       0       0       000010000D0001865
     102       0       0       1       0                               0D0001866
     110    2238       0       0       0       0       0       000010000D0001867
     110       0       0       1       0                               0D0001868
     110    2239       0       0       0       0       0       000010000D0001869
     110       0       0       1       0                               0D0001870
     110    2240       0       0       0       0       0       000010000D0001871
     110       0       0       2       0                               0D0001872
     110    2242       0       0       0       0       0       000010000D0001873
     110       0       0       1       0                               0D0001874
     102    2243       0       0       0       0       0       000010000D0001875
     102       0       0       1       0                               0D0001876
     100    2244       0       0       0       0    1879       000010000D0001877
     100       0       0       1       0                               0D0001878
     124    2245       0       0       0       0       0       000000000D0001879
     124       0       0       1       0                               0D0001880
     110    2246       0       0       0       0       0       000010000D0001881
     110       0       0       1       0                               0D0001882
     100    2247       0       0       0       0    1885       000010000D0001883
     100       0       0       1       0                               0D0001884
     124    2248       0       0       0       0       0       000000000D0001885
     124       0       0       1       0                               0D0001886
     110    2249       0       0       0       0       0       000010000D0001887
     110       0       0       1       0                               0D0001888
     144    2250       0       0       0       0       0       000020000D0001889
     144       0       8       1       0                               0D0001890
     120    2251       0       0       0       0    1893       000010000D0001891
     120       0       0       1       0                               0D0001892
     124    2252       0       0       0       0       0       000000000D0001893
     124       0       0       2       1                               0D0001894
     110    2254       0       0       0       0       0       000010000D0001895
     110       0       0       1       0                               0D0001896
     110    2255       0       0       0       0       0       000010000D0001897
     110       0       0       1       0                               0D0001898
     142    2256       0       0       0       0       0       000010500D0001899
     142       0       0       1       0                               0D0001900
     102    2257       0       0       0       0       0       000010000D0001901
     102       0       0       1       0                               0D0001902
     110    2258       0       0       0       0       0       000010000D0001903
     110       0       0       1       0                               0D0001904
     110    2259       0       0       0       0       0       000010000D0001905
     110       0       0       1       0                               0D0001906
     110    2260       0       0       0       0       0       000010000D0001907
     110       0       0       2       0                               0D0001908
     110    2262       0       0       0       0       0       000010000D0001909
     110       0       0       1       0                               0D0001910
     102    2263       0       0       0       0       0       000010000D0001911
     102       0       0       1       0                               0D0001912
     100    2264       0       0       0       0    1915       000010000D0001913
     100       0       0       2       0                               0D0001914
     124    2266       0       0       0       0       0       000000000D0001915
     124       0       0       2       0                               0D0001916
     110    2268       0       0       0       0       0       000010000D0001917
     110       0       0       1       0                               0D0001918
     100    2269       0       0       0       0    1921       000010000D0001919
     100       0       0       2       0                               0D0001920
     124    2271       0       0       0       0       0       000000000D0001921
     124       0       0       2       0                               0D0001922
     110    2273       0       0       0       0       0       000010000D0001923
     110       0       0       1       0                               0D0001924
     144    2274       0       0       0       0       0       000020000D0001925
     144       0       8       1       0                               0D0001926
     108    2275       0       0       0       0       0       000010000D0001927
     108       0       0       2       0                               0D0001928
     142    2277       0       0       0       0       0       000010500D0001929
     142       0       0       1       0                               0D0001930
     102    2278       0       0       0       0       0       000010000D0001931
     102       0       0       1       0                               0D0001932
     110    2279       0       0       0       0       0       000010000D0001933
     110       0       0       1       0                               0D0001934
     110    2280       0       0       0       0       0       000010000D0001935
     110       0       0       1       0                               0D0001936
     110    2281       0       0       0       0       0       000010000D0001937
     110       0       0       1       0                               0D0001938
     110    2282       0       0       0       0       0       000010000D0001939
     110       0       0       1       0                               0D0001940
     144    2283       0       0       0       0       0       000020000D0001941
     144       0       8       1       0                               0D0001942
     108    2284       0       0       0       0       0       000010000D0001943
     108       0       0       2       0                               0D0001944
     142    2286       0       0       0       0       0       000010500D0001945
     142       0       0       1       0                               0D0001946
     102    2287       0       0       0       0       0       000010000D0001947
     102       0       0       1       0                               0D0001948
     110    2288       0       0       0       0       0       000010000D0001949
     110       0       0       1       0                               0D0001950
     110    2289       0       0       0       0       0       000010000D0001951
     110       0       0       1       0                               0D0001952
     110    2290       0       0       0       0       0       000010000D0001953
     110       0       0       1       0                               0D0001954
     110    2291       0       0       0       0       0       000010000D0001955
     110       0       0       1       0                               0D0001956
     144    2292       0       0       0       0       0       000020000D0001957
     144       0       8       1       0                               0D0001958
     108    2293       0       0       0       0       0       000010000D0001959
     108       0       0       2       0                               0D0001960
     142    2295       0       0       0       0       0       000010500D0001961
     142       0       0       1       0                               0D0001962
     102    2296       0       0       0       0       0       000010000D0001963
     102       0       0       1       0                               0D0001964
     110    2297       0       0       0       0       0       000010000D0001965
     110       0       0       2       0                               0D0001966
     110    2299       0       0       0       0       0       000010000D0001967
     110       0       0       1       0                               0D0001968
     110    2300       0       0       0       0       0       000010000D0001969
     110       0       0       1       0                               0D0001970
     110    2301       0       0       0       0       0       000010000D0001971
     110       0       0       1       0                               0D0001972
     144    2302       0       0       0       0       0       000020000D0001973
     144       0       8       1       0                               0D0001974
     120    2303       0       0       0       0    1977       000010000D0001975
     120       0       0       1       0                               0D0001976
     124    2304       0       0       0       0       0       000000000D0001977
     124       0       0       2       0                               0D0001978
     110    2306       0       0       0       0       0       000010000D0001979
     110       0       0       1       0                               0D0001980
     110    2307       0       0       0       0       0       000010000D0001981
     110       0       0       1       0                               0D0001982
     142    2308       0       0       0       0       0       000010500D0001983
     142       0       0       1       0                               0D0001984
     102    2309       0       0       0       0       0       000010000D0001985
     102       0       0       1       0                               0D0001986
     110    2310       0       0       0       0       0       000010000D0001987
     110       0       0       1       0                               0D0001988
     110    2311       0       0       0       0       0       000010000D0001989
     110       0       0       1       0                               0D0001990
     110    2312       0       0       0       0       0       000010000D0001991
     110       0       0       1       0                               0D0001992
     110    2313       0       0       0       0       0       000010000D0001993
     110       0       0       1       0                               0D0001994
     102    2314       0       0       0       0       0       000010000D0001995
     102       0       0       1       0                               0D0001996
     100    2315       0       0       0       0    1999       000010000D0001997
     100       0       0       1       0                               0D0001998
     124    2316       0       0       0       0       0       000000000D0001999
     124       0       0       2       0                               0D0002000
     110    2318       0       0       0       0       0       000010000D0002001
     110       0       0       2       0                               0D0002002
     100    2320       0       0       0       0    2005       000010000D0002003
     100       0       0       2       0                               0D0002004
     124    2322       0       0       0       0       0       000000000D0002005
     124       0       0       2       0                               0D0002006
     110    2324       0       0       0       0       0       000010000D0002007
     110       0       0       1       0                               0D0002008
     402    2325       0       0       0       0       0       000020000D0002009
     402       0       0       2       1                LEAD-SOT        D0002010
     144    2327       0       0       0       0       0       000020000D0002011
     144       0       8       1       0                               0D0002012
     108    2328       0       0       0       0       0       000010000D0002013
     108       0       0       1       0                               0D0002014
     142    2329       0       0       0       0       0       000010500D0002015
     142       0       0       1       0                               0D0002016
     102    2330       0       0       0       0       0       000010000D0002017
     102       0       0       2       0                               0D0002018
     100    2332       0       0       0       0    2021       000010000D0002019
     100       0       0       1       0                               0D0002020
     124    2333       0       0       0       0       0       000000000D0002021
     124       0       0       2       0                               0D0002022
     110    2335       0       0       0       0       0       000010000D0002023
     110       0       0       1       0                               0D0002024
     110    2336       0       0       0       0       0       000010000D0002025
     110       0       0       1       0                               0D0002026
     110    2337       0       0       0       0       0       000010000D0002027
     110       0       0       1       0                               0D0002028
     100    2338       0       0       0       0    2031       000010000D0002029
     100       0       0       2       0                               0D0002030
     124    2340       0       0       0       0       0       000000000D0002031
     124       0       0       2       0                               0D0002032
     110    2342       0       0       0       0       0       000010000D0002033
     110       0       0       1       0                               0D0002034
     100    2343       0       0       0       0    2037       000010000D0002035
     100       0       0       1       0                               0D0002036
     124    2344       0       0       0       0       0       000000000D0002037
     124       0       0       2       0                               0D0002038
     110    2346       0       0       0       0       0       000010000D0002039
     110       0       0       1       0                               0D0002040
     110    2347       0       0       0       0       0       000010000D0002041
     110       0       0       1       0                               0D0002042
     110    2348       0       0       0       0       0       000010000D0002043
     110       0       0       1       0                               0D0002044
     100    2349       0       0       0       0    2047       000010000D0002045
     100       0       0       1       0                               0D0002046
     124    2350       0       0       0       0       0       000000000D0002047
     124       0       0       1       0                               0D0002048
     110    2351       0       0       0       0       0       000010000D0002049
     110       0       0       1       0                               0D0002050
     144    2352       0       0       0       0       0       000020000D0002051
     144       0       8       1       0                               0D0002052
     108    2353       0       0       0       0       0       000010000D0002053
     108       0       0       2       0                               0D0002054
     142    2355       0       0       0       0       0       000010500D0002055
     142       0       0       1       0                               0D0002056
     102    2356       0       0       0       0       0       000010000D0002057
     102       0       0       1       0                               0D0002058
     110    2357       0       0       0       0       0       000010000D0002059
     110       0       0       1       0                               0D0002060
     110    2358       0       0       0       0       0       000010000D0002061
     110       0       0       1       0                               0D0002062
     110    2359       0       0       0       0       0       000010000D0002063
     110       0       0       1       0                               0D0002064
     110    2360       0       0       0       0       0       000010000D0002065
     110       0       0       1       0                               0D0002066
     144    2361       0       0       0       0       0       000020000D0002067
     144       0       8       1       0                               0D0002068
     108    2362       0       0       0       0       0       000010000D0002069
     108       0       0       1       0                               0D0002070
     142    2363       0       0       0       0       0       000010500D0002071
     142       0       0       1       0                               0D0002072
     102    2364       0       0       0       0       0       000010000D0002073
     102       0       0       2       0                               0D0002074
     100    2366       0       0       0       0    2077       000010000D0002075
     100       0       0       2       0                               0D0002076
     124    2368       0       0       0       0       0       000000000D0002077
     124       0       0       2       0                               0D0002078
     110    2370       0       0       0       0       0       000010000D0002079
     110       0       0       1       0                               0D0002080
     110    2371       0       0       0       0       0       000010000D0002081
     110       0       0       1       0                               0D0002082
     110    2372       0       0       0       0       0       000010000D0002083
     110       0       0       1       0                               0D0002084
     100    2373       0       0       0       0    2087       000010000D0002085
     100       0       0       2       0                               0D0002086
     124    2375       0       0       0       0       0       000000000D0002087
     124       0       0       2       0                               0D0002088
     110    2377       0       0       0       0       0       000010000D0002089
     110       0       0       1       0                               0D0002090
     100    2378       0       0       0       0    2093       000010000D0002091
     100       0       0       1       0                               0D0002092
     124    2379       0       0       0       0       0       000000000D0002093
     124       0       0       1       0                               0D0002094
     110    2380       0       0       0       0       0       000010000D0002095
     110       0       0       1       0                               0D0002096
     110    2381       0       0       0       0       0       000010000D0002097
     110       0       0       1       0                               0D0002098
     110    2382       0       0       0       0       0       000010000D0002099
     110       0       0       1       0                               0D0002100
     100    2383       0       0       0       0    2103       000010000D0002101
     100       0       0       2       0                               0D0002102
     124    2385       0       0       0       0       0       000000000D0002103
     124       0       0       2       0                               0D0002104
     110    2387       0       0       0       0       0       000010000D0002105
     110       0       0       1       0                               0D0002106
     144    2388       0       0       0       0       0       000020000D0002107
     144       0       8       1       0                               0D0002108
     108    2389       0       0       0       0       0       000010000D0002109
     108       0       0       2       0                               0D0002110
     142    2391       0       0       0       0       0       000010500D0002111
     142       0       0       1       0                               0D0002112
     102    2392       0       0       0       0       0       000010000D0002113
     102       0       0       1       0                               0D0002114
     110    2393       0       0       0       0       0       000010000D0002115
     110       0       0       1       0                               0D0002116
     110    2394       0       0       0       0       0       000010000D0002117
     110       0       0       1       0                               0D0002118
     110    2395       0       0       0       0       0       000010000D0002119
     110       0       0       1       0                               0D0002120
     110    2396       0       0       0       0       0       000010000D0002121
     110       0       0       1       0                               0D0002122
     144    2397       0       0       0       0       0       000020000D0002123
     144       0       8       1       0                               0D0002124
     120    2398       0       0       0       0    2127       000010000D0002125
     120       0       0       1       0                               0D0002126
     124    2399       0       0       0       0       0       000000000D0002127
     124       0       0       2       0                               0D0002128
     110    2401       0       0       0       0       0       000010000D0002129
     110       0       0       1       0                               0D0002130
     110    2402       0       0       0       0       0       000010000D0002131
     110       0       0       1       0                               0D0002132
     142    2403       0       0       0       0       0       000010500D0002133
     142       0       0       1       0                               0D0002134
     102    2404       0       0       0       0       0       000010000D0002135
     102       0       0       1       0                               0D0002136
     110    2405       0       0       0       0       0       000010000D0002137
     110       0       0       1       0                               0D0002138
     110    2406       0       0       0       0       0       000010000D0002139
     110       0       0       1       0                               0D0002140
     110    2407       0       0       0       0       0       000010000D0002141
     110       0       0       1       0                               0D0002142
     110    2408       0       0       0       0       0       000010000D0002143
     110       0       0       1       0                               0D0002144
     102    2409       0       0       0       0       0       000010000D0002145
     102       0       0       1       0                               0D0002146
     100    2410       0       0       0       0    2149       000010000D0002147
     100       0       0       1       0                               0D0002148
     124    2411       0       0       0       0       0       000000000D0002149
     124       0       0       2       0                               0D0002150
     110    2413       0       0       0       0       0       000010000D0002151
     110       0       0       1       0                               0D0002152
     100    2414       0       0       0       0    2155       000010000D0002153
     100       0       0       2       0                               0D0002154
     124    2416       0       0       0       0       0       000000000D0002155
     124       0       0       2       0                               0D0002156
     110    2418       0       0       0       0       0       000010000D0002157
     110       0       0       1       0                               0D0002158
     144    2419       0       0       0       0       0       000020000D0002159
     144       0       8       1       0                               0D0002160
     108    2420       0       0       0       0       0       000010000D0002161
     108       0       0       1       0                               0D0002162
     142    2421       0       0       0       0       0       000010500D0002163
     142       0       0       1       0                               0D0002164
     102    2422       0       0       0       0       0       000010000D0002165
     102       0       0       1       0                               0D0002166
     110    2423       0       0       0       0       0       000010000D0002167
     110       0       0       1       0                               0D0002168
     110    2424       0       0       0       0       0       000010000D0002169
     110       0       0       1       0                               0D0002170
     110    2425       0       0       0       0       0       000010000D0002171
     110       0       0       1       0                               0D0002172
     110    2426       0       0       0       0       0       000010000D0002173
     110       0       0       1       0                               0D0002174
     144    2427       0       0       0       0       0       000020000D0002175
     144       0       8       1       0                               0D0002176
     108    2428       0       0       0       0       0       000010000D0002177
     108       0       0       1       0                               0D0002178
     142    2429       0       0       0       0       0       000010500D0002179
     142       0       0       1       0                               0D0002180
     102    2430       0       0       0       0       0       000010000D0002181
     102       0       0       1       0                               0D0002182
     110    2431       0       0       0       0       0       000010000D0002183
     110       0       0       1       0                               0D0002184
     110    2432       0       0       0       0       0       000010000D0002185
     110       0       0       1       0                               0D0002186
     110    2433       0       0       0       0       0       000010000D0002187
     110       0       0       1       0                               0D0002188
     110    2434       0       0       0       0       0       000010000D0002189
     110       0       0       1       0                               0D0002190
     144    2435       0       0       0       0       0       000020000D0002191
     144       0       8       1       0                               0D0002192
     108    2436       0       0       0       0       0       000010000D0002193
     108       0       0       1       0                               0D0002194
     142    2437       0       0       0       0       0       000010500D0002195
     142       0       0       1       0                               0D0002196
     102    2438       0       0       0       0       0       000010000D0002197
     102       0       0       1       0                               0D0002198
     110    2439       0       0       0       0       0       000010000D0002199
     110       0       0       1       0                               0D0002200
     110    2440       0       0       0       0       0       000010000D0002201
     110       0       0       1       0                               0D0002202
     110    2441       0       0       0       0       0       000010000D0002203
     110       0       0       1       0                               0D0002204
     110    2442       0       0       0       0       0       000010000D0002205
     110       0       0       1       0                               0D0002206
     144    2443       0       0       0       0       0       000020000D0002207
     144       0       8       1       0                               0D0002208
     120    2444       0       0       0       0    2211       000010000D0002209
     120       0       0       1       0                               0D0002210
     124    2445       0       0       0       0       0       000000000D0002211
     124       0       0       1       1                               0D0002212
     110    2446       0       0       0       0       0       000010000D0002213
     110       0       0       1       0                               0D0002214
     110    2447       0       0       0       0       0       000010000D0002215
     110       0       0       1       0                               0D0002216
     142    2448       0       0       0       0       0       000010500D0002217
     142       0       0       1       0                               0D0002218
     102    2449       0       0       0       0       0       000010000D0002219
     102       0       0       1       0                               0D0002220
     110    2450       0       0       0       0       0       000010000D0002221
     110       0       0       1       0                               0D0002222
     110    2451       0       0       0       0       0       000010000D0002223
     110       0       0       1       0                               0D0002224
     110    2452       0       0       0       0       0       000010000D0002225
     110       0       0       2       0                               0D0002226
     110    2454       0       0       0       0       0       000010000D0002227
     110       0       0       1       0                               0D0002228
     102    2455       0       0       0       0       0       000010000D0002229
     102       0       0       1       0                               0D0002230
     100    2456       0       0       0       0    2233       000010000D0002231
     100       0       0       1       0                               0D0002232
     124    2457       0       0       0       0       0       000000000D0002233
     124       0       0       1       0                               0D0002234
     110    2458       0       0       0       0       0       000010000D0002235
     110       0       0       1       0                               0D0002236
     100    2459       0       0       0       0    2239       000010000D0002237
     100       0       0       1       0                               0D0002238
     124    2460       0       0       0       0       0       000000000D0002239
     124       0       0       1       0                               0D0002240
     110    2461       0       0       0       0       0       000010000D0002241
     110       0       0       1       0                               0D0002242
     144    2462       0       0       0       0       0       000020000D0002243
     144       0       8       1       0                               0D0002244
     120    2463       0       0       0       0    2247       000010000D0002245
     120       0       0       1       0                               0D0002246
     124    2464       0       0       0       0       0       000000000D0002247
     124       0       0       2       1                               0D0002248
     110    2466       0       0       0       0       0       000010000D0002249
     110       0       0       1       0                               0D0002250
     110    2467       0       0       0       0       0       000010000D0002251
     110       0       0       1       0                               0D0002252
     142    2468       0       0       0       0       0       000010500D0002253
     142       0       0       1       0                               0D0002254
     102    2469       0       0       0       0       0       000010000D0002255
     102       0       0       1       0                               0D0002256
     110    2470       0       0       0       0       0       000010000D0002257
     110       0       0       1       0                               0D0002258
     110    2471       0       0       0       0       0       000010000D0002259
     110       0       0       1       0                               0D0002260
     110    2472       0       0       0       0       0       000010000D0002261
     110       0       0       2       0                               0D0002262
     110    2474       0       0       0       0       0       000010000D0002263
     110       0       0       1       0                               0D0002264
     102    2475       0       0       0       0       0       000010000D0002265
     102       0       0       1       0                               0D0002266
     100    2476       0       0       0       0    2269       000010000D0002267
     100       0       0       2       0                               0D0002268
     124    2478       0       0       0       0       0       000000000D0002269
     124       0       0       2       0                               0D0002270
     110    2480       0       0       0       0       0       000010000D0002271
     110       0       0       1       0                               0D0002272
     100    2481       0       0       0       0    2275       000010000D0002273
     100       0       0       2       0                               0D0002274
     124    2483       0       0       0       0       0       000000000D0002275
     124       0       0       2       0                               0D0002276
     110    2485       0       0       0       0       0       000010000D0002277
     110       0       0       1       0                               0D0002278
     144    2486       0       0       0       0       0       000020000D0002279
     144       0       8       1       0                               0D0002280
     108    2487       0       0       0       0       0       000010000D0002281
     108       0       0       2       0                               0D0002282
     142    2489       0       0       0       0       0       000010500D0002283
     142       0       0       1       0                               0D0002284
     102    2490       0       0       0       0       0       000010000D0002285
     102       0       0       1       0                               0D0002286
     110    2491       0       0       0       0       0       000010000D0002287
     110       0       0       1       0                               0D0002288
     110    2492       0       0       0       0       0       000010000D0002289
     110       0       0       1       0                               0D0002290
     110    2493       0       0       0       0       0       000010000D0002291
     110       0       0       1       0                               0D0002292
     110    2494       0       0       0       0       0       000010000D0002293
     110       0       0       1       0                               0D0002294
     144    2495       0       0       0       0       0       000020000D0002295
     144       0       8       1       0                               0D0002296
     108    2496       0       0       0       0       0       000010000D0002297
     108       0       0       2       0                               0D0002298
     142    2498       0       0       0       0       0       000010500D0002299
     142       0       0       1       0                               0D0002300
     102    2499       0       0       0       0       0       000010000D0002301
     102       0       0       1       0                               0D0002302
     110    2500       0       0       0       0       0       000010000D0002303
     110       0       0       1       0                               0D0002304
     110    2501       0       0       0       0       0       000010000D0002305
     110       0       0       1       0                               0D0002306
     110    2502       0       0       0       0       0       000010000D0002307
     110       0       0       1       0                               0D0002308
     110    2503       0       0       0       0       0       000010000D0002309
     110       0       0       1       0                               0D0002310
     144    2504       0       0       0       0       0       000020000D0002311
     144       0       8       1       0                               0D0002312
     108    2505       0       0       0       0       0       000010000D0002313
     108       0       0       2       0                               0D0002314
     142    2507       0       0       0       0       0       000010500D0002315
     142       0       0       1       0                               0D0002316
     102    2508       0       0       0       0       0       000010000D0002317
     102       0       0       1       0                               0D0002318
     110    2509       0       0       0       0       0       000010000D0002319
     110       0       0       2       0                               0D0002320
     110    2511       0       0       0       0       0       000010000D0002321
     110       0       0       1       0                               0D0002322
     110    2512       0       0       0       0       0       000010000D0002323
     110       0       0       1       0                               0D0002324
     110    2513       0       0       0       0       0       000010000D0002325
     110       0       0       1       0                               0D0002326
     144    2514       0       0       0       0       0       000020000D0002327
     144       0       8       1       0                               0D0002328
     120    2515       0       0       0       0    2331       000010000D0002329
     120       0       0       1       0                               0D0002330
     124    2516       0       0       0       0       0       000000000D0002331
     124       0       0       2       0                               0D0002332
     110    2518       0       0       0       0       0       000010000D0002333
     110       0       0       1       0                               0D0002334
     110    2519       0       0       0       0       0       000010000D0002335
     110       0       0       1       0                               0D0002336
     142    2520       0       0       0       0       0       000010500D0002337
     142       0       0       1       0                               0D0002338
     102    2521       0       0       0       0       0       000010000D0002339
     102       0       0       1       0                               0D0002340
     110    2522       0       0       0       0       0       000010000D0002341
     110       0       0       1       0                               0D0002342
     110    2523       0       0       0       0       0       000010000D0002343
     110       0       0       1       0                               0D0002344
     110    2524       0       0       0       0       0       000010000D0002345
     110       0       0       1       0                               0D0002346
     110    2525       0       0       0       0       0       000010000D0002347
     110       0       0       1       0                               0D0002348
     102    2526       0       0       0       0       0       000010000D0002349
     102       0       0       1       0                               0D0002350
     100    2527       0       0       0       0    2353       000010000D0002351
     100       0       0       1       0                               0D0002352
     124    2528       0       0       0       0       0       000000000D0002353
     124       0       0       2       0                               0D0002354
     110    2530       0       0       0       0       0       000010000D0002355
     110       0       0       2       0                               0D0002356
     100    2532       0       0       0       0    2359       000010000D0002357
     100       0       0       2       0                               0D0002358
     124    2534       0       0       0       0       0       000000000D0002359
     124       0       0       2       0                               0D0002360
     110    2536       0       0       0       0       0       000010000D0002361
     110       0       0       1       0                               0D0002362
     402    2537       0       0       0       0       0       000020000D0002363
     402       0       0       2       1                LEAD-SOT        D0002364
     144    2539       0       0       0       0       0       000020000D0002365
     144       0       8       1       0                               0D0002366
     108    2540       0       0       0       0       0       000010000D0002367
     108       0       0       1       0                               0D0002368
     142    2541       0       0       0       0       0       000010500D0002369
     142       0       0       1       0                               0D0002370
     102    2542       0       0       0       0       0       000010000D0002371
     102       0       0       2       0                               0D0002372
     100    2544       0       0       0       0    2375       000010000D0002373
     100       0       0       1       0                               0D0002374
     124    2545       0       0       0       0       0       000000000D0002375
     124       0       0       2       0                               0D0002376
     110    2547       0       0       0       0       0       000010000D0002377
     110       0       0       1       0                               0D0002378
     110    2548       0       0       0       0       0       000010000D0002379
     110       0       0       1       0                               0D0002380
     110    2549       0       0       0       0       0       000010000D0002381
     110       0       0       1       0                               0D0002382
     100    2550       0       0       0       0    2385       000010000D0002383
     100       0       0       2       0                               0D0002384
     124    2552       0       0       0       0       0       000000000D0002385
     124       0       0       2       0                               0D0002386
     110    2554       0       0       0       0       0       000010000D0002387
     110       0       0       1       0                               0D0002388
     100    2555       0       0       0       0    2391       000010000D0002389
     100       0       0       1       0                               0D0002390
     124    2556       0       0       0       0       0       000000000D0002391
     124       0       0       2       0                               0D0002392
     110    2558       0       0       0       0       0       000010000D0002393
     110       0       0       1       0                               0D0002394
     110    2559       0       0       0       0       0       000010000D0002395
     110       0       0       1       0                               0D0002396
     110    2560       0       0       0       0       0       000010000D0002397
     110       0       0       1       0                               0D0002398
     100    2561       0       0       0       0    2401       000010000D0002399
     100       0       0       1       0                               0D0002400
     124    2562       0       0       0       0       0       000000000D0002401
     124       0       0       1       0                               0D0002402
     110    2563       0       0       0       0       0       000010000D0002403
     110       0       0       1       0                               0D0002404
     144    2564       0       0       0       0       0       000020000D0002405
     144       0       8       1       0                               0D0002406
     108    2565       0       0       0       0       0       000010000D0002407
     108       0       0       2       0                               0D0002408
     142    2567       0       0       0       0       0       000010500D0002409
     142       0       0       1       0                               0D0002410
     102    2568       0       0       0       0       0       000010000D0002411
     102       0       0       1       0                               0D0002412
     110    2569       0       0       0       0       0       000010000D0002413
     110       0       0       1       0                               0D0002414
     110    2570       0       0       0       0       0       000010000D0002415
     110       0       0       1       0                               0D0002416
     110    2571       0       0       0       0       0       000010000D0002417
     110       0       0       1       0                               0D0002418
     110    2572       0       0       0       0       0       000010000D0002419
     110       0       0       1       0                               0D0002420
     144    2573       0       0       0       0       0       000020000D0002421
     144       0       8       1       0                               0D0002422
     108    2574       0       0       0       0       0       000010000D0002423
     108       0       0       1       0                               0D0002424
     142    2575       0       0       0       0       0       000010500D0002425
     142       0       0       1       0                               0D0002426
     102    2576       0       0       0       0       0       000010000D0002427
     102       0       0       2       0                               0D0002428
     100    2578       0       0       0       0    2431       000010000D0002429
     100       0       0       2       0                               0D0002430
     124    2580       0       0       0       0       0       000000000D0002431
     124       0       0       2       0                               0D0002432
     110    2582       0       0       0       0       0       000010000D0002433
     110       0       0       1       0                               0D0002434
     110    2583       0       0       0       0       0       000010000D0002435
     110       0       0       1       0                               0D0002436
     110    2584       0       0       0       0       0       000010000D0002437
     110       0       0       1       0                               0D0002438
     100    2585       0       0       0       0    2441       000010000D0002439
     100       0       0       2       0                               0D0002440
     124    2587       0       0       0       0       0       000000000D0002441
     124       0       0       2       0                               0D0002442
     110    2589       0       0       0       0       0       000010000D0002443
     110       0       0       1       0                               0D0002444
     100    2590       0       0       0       0    2447       000010000D0002445
     100       0       0       1       0                               0D0002446
     124    2591       0       0       0       0       0       000000000D0002447
     124       0       0       1       0                               0D0002448
     110    2592       0       0       0       0       0       000010000D0002449
     110       0       0       1       0                               0D0002450
     110    2593       0       0       0       0       0       000010000D0002451
     110       0       0       1       0                               0D0002452
     110    2594       0       0       0       0       0       000010000D0002453
     110       0       0       1       0                               0D0002454
     100    2595       0       0       0       0    2457       000010000D0002455
     100       0       0       2       0                               0D0002456
     124    2597       0       0       0       0       0       000000000D0002457
     124       0       0       2       0                               0D0002458
     110    2599       0       0       0       0       0       000010000D0002459
     110       0       0       1       0                               0D0002460
     144    2600       0       0       0       0       0       000020000D0002461
     144       0       8       1       0                               0D0002462
     108    2601       0       0       0       0       0       000010000D0002463
     108       0       0       2       0                               0D0002464
     142    2603       0       0       0       0       0       000010500D0002465
     142       0       0       1       0                               0D0002466
     102    2604       0       0       0       0       0       000010000D0002467
     102       0       0       1       0                               0D0002468
     110    2605       0       0       0       0       0       000010000D0002469
     110       0       0       1       0                               0D0002470
     110    2606       0       0       0       0       0       000010000D0002471
     110       0       0       1       0                               0D0002472
     110    2607       0       0       0       0       0       000010000D0002473
     110       0       0       1       0                               0D0002474
     110    2608       0       0       0       0       0       000010000D0002475
     110       0       0       1       0                               0D0002476
     144    2609       0       0       0       0       0       000020000D0002477
     144       0       8       1       0                               0D0002478
     120    2610       0       0       0       0    2481       000010000D0002479
     120       0       0       1       0                               0D0002480
     124    2611       0       0       0       0       0       000000000D0002481
     124       0       0       2       0                               0D0002482
     110    2613       0       0       0       0       0       000010000D0002483
     110       0       0       1       0                               0D0002484
     110    2614       0       0       0       0       0       000010000D0002485
     110       0       0       1       0                               0D0002486
     142    2615       0       0       0       0       0       000010500D0002487
     142       0       0       1       0                               0D0002488
     102    2616       0       0       0       0       0       000010000D0002489
     102       0       0       1       0                               0D0002490
     110    2617       0       0       0       0       0       000010000D0002491
     110       0       0       1       0                               0D0002492
     110    2618       0       0       0       0       0       000010000D0002493
     110       0       0       1       0                               0D0002494
     110    2619       0       0       0       0       0       000010000D0002495
     110       0       0       1       0                               0D0002496
     110    2620       0       0       0       0       0       000010000D0002497
     110       0       0       1       0                               0D0002498
     102    2621       0       0       0       0       0       000010000D0002499
     102       0       0       1       0                               0D0002500
     100    2622       0       0       0       0    2503       000010000D0002501
     100       0       0       1       0                               0D0002502
     124    2623       0       0       0       0       0       000000000D0002503
     124       0       0       2       0                               0D0002504
     110    2625       0       0       0       0       0       000010000D0002505
     110       0       0       1       0                               0D0002506
     100    2626       0       0       0       0    2509       000010000D0002507
     100       0       0       2       0                               0D0002508
     124    2628       0       0       0       0       0       000000000D0002509
     124       0       0       2       0                               0D0002510
     110    2630       0       0       0       0       0       000010000D0002511
     110       0       0       1       0                               0D0002512
     144    2631       0       0       0       0       0       000020000D0002513
     144       0       8       1       0                               0D0002514
     108    2632       0       0       0       0       0       000010000D0002515
     108       0       0       1       0                               0D0002516
     142    2633       0       0       0       0       0       000010500D0002517
     142       0       0       1       0                               0D0002518
     102    2634       0       0       0       0       0       000010000D0002519
     102       0       0       1       0                               0D0002520
     110    2635       0       0       0       0       0       000010000D0002521
     110       0       0       1       0                               0D0002522
     110    2636       0       0       0       0       0       000010000D0002523
     110       0       0       1       0                               0D0002524
     110    2637       0       0       0       0       0       000010000D0002525
     110       0       0       1       0                               0D0002526
     110    2638       0       0       0       0       0       000010000D0002527
     110       0       0       1       0                               0D0002528
     144    2639       0       0       0       0       0       000020000D0002529
     144       0       8       1       0                               0D0002530
     108    2640       0       0       0       0       0       000010000D0002531
     108       0       0       1       0                               0D0002532
     142    2641       0       0       0       0       0       000010500D0002533
     142       0       0       1       0                               0D0002534
     102    2642       0       0       0       0       0       000010000D0002535
     102       0       0       1       0                               0D0002536
     110    2643       0       0       0       0       0       000010000D0002537
     110       0       0       1       0                               0D0002538
     110    2644       0       0       0       0       0       000010000D0002539
     110       0       0       1       0                               0D0002540
     110    2645       0       0       0       0       0       000010000D0002541
     110       0       0       1       0                               0D0002542
     110    2646       0       0       0       0       0       000010000D0002543
     110       0       0       1       0                               0D0002544
     144    2647       0       0       0       0       0       000020000D0002545
     144       0       8       1       0                               0D0002546
     108    2648       0       0       0       0       0       000010000D0002547
     108       0       0       1       0                               0D0002548
     142    2649       0       0       0       0       0       000010500D0002549
     142       0       0       1       0                               0D0002550
     102    2650       0       0       0       0       0       000010000D0002551
     102       0       0       1       0                               0D0002552
     110    2651       0       0       0       0       0       000010000D0002553
     110       0       0       1       0                               0D0002554
     110    2652       0       0       0       0       0       000010000D0002555
     110       0       0       1       0                               0D0002556
     110    2653       0       0       0       0       0       000010000D0002557
     110       0       0       1       0                               0D0002558
     110    2654       0       0       0       0       0       000010000D0002559
     110       0       0       1       0                               0D0002560
     144    2655       0       0       0       0       0       000020000D0002561
     144       0       8       1       0                               0D0002562
     120    2656       0       0       0       0    2565       000010000D0002563
     120       0       0       1       0                               0D0002564
     124    2657       0       0       0       0       0       000000000D0002565
     124       0       0       1       1                               0D0002566
     110    2658       0       0       0       0       0       000010000D0002567
     110       0       0       1       0                               0D0002568
     110    2659       0       0       0       0       0       000010000D0002569
     110       0       0       1       0                               0D0002570
     142    2660       0       0       0       0       0       000010500D0002571
     142       0       0       1       0                               0D0002572
     102    2661       0       0       0       0       0       000010000D0002573
     102       0       0       1       0                               0D0002574
     110    2662       0       0       0       0       0       000010000D0002575
     110       0       0       1       0                               0D0002576
     110    2663       0       0       0       0       0       000010000D0002577
     110       0       0       1       0                               0D0002578
     110    2664       0       0       0       0       0       000010000D0002579
     110       0       0       2       0                               0D0002580
     110    2666       0       0       0       0       0       000010000D0002581
     110       0       0       1       0                               0D0002582
     102    2667       0       0       0       0       0       000010000D0002583
     102       0       0       1       0                               0D0002584
     100    2668       0       0       0       0    2587       000010000D0002585
     100       0       0       1       0                               0D0002586
     124    2669       0       0       0       0       0       000000000D0002587
     124       0       0       1       0                               0D0002588
     110    2670       0       0       0       0       0       000010000D0002589
     110       0       0       1       0                               0D0002590
     100    2671       0       0       0       0    2593       000010000D0002591
     100       0       0       1       0                               0D0002592
     124    2672       0       0       0       0       0       000000000D0002593
     124       0       0       1       0                               0D0002594
     110    2673       0       0       0       0       0       000010000D0002595
     110       0       0       1       0                               0D0002596
     144    2674       0       0       0       0       0       000020000D0002597
     144       0       8       1       0                               0D0002598
     120    2675       0       0       0       0    2601       000010000D0002599
     120       0       0       1       0                               0D0002600
     124    2676       0       0       0       0       0       000000000D0002601
     124       0       0       2       1                               0D0002602
     110    2678       0       0       0       0       0       000010000D0002603
     110       0       0       1       0                               0D0002604
     110    2679       0       0       0       0       0       000010000D0002605
     110       0       0       1       0                               0D0002606
     142    2680       0       0       0       0       0       000010500D0002607
     142       0       0       1       0                               0D0002608
     102    2681       0       0       0       0       0       000010000D0002609
     102       0       0       1       0                               0D0002610
     110    2682       0       0       0       0       0       000010000D0002611
     110       0       0       1       0                               0D0002612
     110    2683       0       0       0       0       0       000010000D0002613
     110       0       0       1       0                               0D0002614
     110    2684       0       0       0       0       0       000010000D0002615
     110       0       0       2       0                               0D0002616
     110    2686       0       0       0       0       0       000010000D0002617
     110       0       0       1       0                               0D0002618
     102    2687       0       0       0       0       0       000010000D0002619
     102       0       0       1       0                               0D0002620
     100    2688       0       0       0       0    2623       000010000D0002621
     100       0       0       2       0                               0D0002622
     124    2690       0       0       0       0       0       000000000D0002623
     124       0       0       2       0                               0D0002624
     110    2692       0       0       0       0       0       000010000D0002625
     110       0       0       1       0                               0D0002626
     100    2693       0       0       0       0    2629       000010000D0002627
     100       0       0       2       0                               0D0002628
     124    2695       0       0       0       0       0       000000000D0002629
     124       0       0       2       0                               0D0002630
     110    2697       0       0       0       0       0       000010000D0002631
     110       0       0       1       0                               0D0002632
     144    2698       0       0       0       0       0       000020000D0002633
     144       0       8       1       0                               0D0002634
     108    2699       0       0       0       0       0       000010000D0002635
     108       0       0       2       0                               0D0002636
     142    2701       0       0       0       0       0       000010500D0002637
     142       0       0       1       0                               0D0002638
     102    2702       0       0       0       0       0       000010000D0002639
     102       0       0       1       0                               0D0002640
     110    2703       0       0       0       0       0       000010000D0002641
     110       0       0       1       0                               0D0002642
     110    2704       0       0       0       0       0       000010000D0002643
     110       0       0       1       0                               0D0002644
     110    2705       0       0       0       0       0       000010000D0002645
     110       0       0       1       0                               0D0002646
     110    2706       0       0       0       0       0       000010000D0002647
     110       0       0       1       0                               0D0002648
     144    2707       0       0       0       0       0       000020000D0002649
     144       0       8       1       0                               0D0002650
     108    2708       0       0       0       0       0       000010000D0002651
     108       0       0       2       0                               0D0002652
     142    2710       0       0       0       0       0       000010500D0002653
     142       0       0       1       0                               0D0002654
     102    2711       0       0       0       0       0       000010000D0002655
     102       0       0       1       0                               0D0002656
     110    2712       0       0       0       0       0       000010000D0002657
     110       0       0       1       0                               0D0002658
     110    2713       0       0       0       0       0       000010000D0002659
     110       0       0       1       0                               0D0002660
     110    2714       0       0       0       0       0       000010000D0002661
     110       0       0       1       0                               0D0002662
     110    2715       0       0       0       0       0       000010000D0002663
     110       0       0       1       0                               0D0002664
     144    2716       0       0       0       0       0       000020000D0002665
     144       0       8       1       0                               0D0002666
     108    2717       0       0       0       0       0       000010000D0002667
     108       0       0       2       0                               0D0002668
     142    2719       0       0       0       0       0       000010500D0002669
     142       0       0       1       0                               0D0002670
     102    2720       0       0       0       0       0       000010000D0002671
     102       0       0       1       0                               0D0002672
     110    2721       0       0       0       0       0       000010000D0002673
     110       0       0       2       0                               0D0002674
     110    2723       0       0       0       0       0       000010000D0002675
     110       0       0       1       0                               0D0002676
     110    2724       0       0       0       0       0       000010000D0002677
     110       0       0       1       0                               0D0002678
     110    2725       0       0       0       0       0       000010000D0002679
     110       0       0       1       0                               0D0002680
     144    2726       0       0       0       0       0       000020000D0002681
     144       0       8       1       0                               0D0002682
     120    2727       0       0       0       0    2685       000010000D0002683
     120       0       0       1       0                               0D0002684
     124    2728       0       0       0       0       0       000000000D0002685
     124       0       0       2       0                               0D0002686
     110    2730       0       0       0       0       0       000010000D0002687
     110       0       0       1       0                               0D0002688
     110    2731       0       0       0       0       0       000010000D0002689
     110       0       0       1       0                               0D0002690
     142    2732       0       0       0       0       0       000010500D0002691
     142       0       0       1       0                               0D0002692
     102    2733       0       0       0       0       0       000010000D0002693
     102       0       0       1       0                               0D0002694
     110    2734       0       0       0       0       0       000010000D0002695
     110       0       0       1       0                               0D0002696
     110    2735       0       0       0       0       0       000010000D0002697
     110       0       0       1       0                               0D0002698
     110    2736       0       0       0       0       0       000010000D0002699
     110       0       0       1       0                               0D0002700
     110    2737       0       0       0       0       0       000010000D0002701
     110       0       0       1       0                               0D0002702
     102    2738       0       0       0       0       0       000010000D0002703
     102       0       0       1       0                               0D0002704
     100    2739       0       0       0       0    2707       000010000D0002705
     100       0       0       1       0                               0D0002706
     124    2740       0       0       0       0       0       000000000D0002707
     124       0       0       2       0                               0D0002708
     110    2742       0       0       0       0       0       000010000D0002709
     110       0       0       2       0                               0D0002710
     100    2744       0       0       0       0    2713       000010000D0002711
     100       0       0       2       0                               0D0002712
     124    2746       0       0       0       0       0       000000000D0002713
     124       0       0       2       0                               0D0002714
     110    2748       0       0       0       0       0       000010000D0002715
     110       0       0       1       0                               0D0002716
     402    2749       0       0       0       0       0       000020000D0002717
     402       0       0       2       1                LEAD-SOT        D0002718
     144    2751       0       0       0       0       0       000020000D0002719
     144       0       8       1       0                               0D0002720
     108    2752       0       0       0       0       0       000010000D0002721
     108       0       0       1       0                               0D0002722
     142    2753       0       0       0       0       0       000010500D0002723
     142       0       0       1       0                               0D0002724
     102    2754       0       0       0       0       0       000010000D0002725
     102       0       0       2       0                               0D0002726
     100    2756       0       0       0       0    2729       000010000D0002727
     100       0       0       1       0                               0D0002728
     124    2757       0       0       0       0       0       000000000D0002729
     124       0       0       2       0                               0D0002730
     110    2759       0       0       0       0       0       000010000D0002731
     110       0       0       1       0                               0D0002732
     110    2760       0       0       0       0       0       000010000D0002733
     110       0       0       1       0                               0D0002734
     110    2761       0       0       0       0       0       000010000D0002735
     110       0       0       1       0                               0D0002736
     100    2762       0       0       0       0    2739       000010000D0002737
     100       0       0       2       0                               0D0002738
     124    2764       0       0       0       0       0       000000000D0002739
     124       0       0       2       0                               0D0002740
     110    2766       0       0       0       0       0       000010000D0002741
     110       0       0       1       0                               0D0002742
     100    2767       0       0       0       0    2745       000010000D0002743
     100       0       0       1       0                               0D0002744
     124    2768       0       0       0       0       0       000000000D0002745
     124       0       0       2       0                               0D0002746
     110    2770       0       0       0       0       0       000010000D0002747
     110       0       0       1       0                               0D0002748
     110    2771       0       0       0       0       0       000010000D0002749
     110       0       0       1       0                               0D0002750
     110    2772       0       0       0       0       0       000010000D0002751
     110       0       0       1       0                               0D0002752
     100    2773       0       0       0       0    2755       000010000D0002753
     100       0       0       1       0                               0D0002754
     124    2774       0       0       0       0       0       000000000D0002755
     124       0       0       1       0                               0D0002756
     110    2775       0       0       0       0       0       000010000D0002757
     110       0       0       1       0                               0D0002758
     144    2776       0       0       0       0       0       000020000D0002759
     144       0       8       1       0                               0D0002760
     108    2777       0       0       0       0       0       000010000D0002761
     108       0       0       2       0                               0D0002762
     142    2779       0       0       0       0       0       000010500D0002763
     142       0       0       1       0                               0D0002764
     102    2780       0       0       0       0       0       000010000D0002765
     102       0       0       1       0                               0D0002766
     110    2781       0       0       0       0       0       000010000D0002767
     110       0       0       1       0                               0D0002768
     110    2782       0       0       0       0       0       000010000D0002769
     110       0       0       1       0                               0D0002770
     110    2783       0       0       0       0       0       000010000D0002771
     110       0       0       1       0                               0D0002772
     110    2784       0       0       0       0       0       000010000D0002773
     110       0       0       1       0                               0D0002774
     144    2785       0       0       0       0       0       000020000D0002775
     144       0       8       1       0                               0D0002776
     108    2786       0       0       0       0       0       000010000D0002777
     108       0       0       1       0                               0D0002778
     142    2787       0       0       0       0       0       000010500D0002779
     142       0       0       1       0                               0D0002780
     102    2788       0       0       0       0       0       000010000D0002781
     102       0       0       2       0                               0D0002782
     100    2790       0       0       0       0    2785       000010000D0002783
     100       0       0       2       0                               0D0002784
     124    2792       0       0       0       0       0       000000000D0002785
     124       0       0       2       0                               0D0002786
     110    2794       0       0       0       0       0       000010000D0002787
     110       0       0       1       0                               0D0002788
     110    2795       0       0       0       0       0       000010000D0002789
     110       0       0       1       0                               0D0002790
     110    2796       0       0       0       0       0       000010000D0002791
     110       0       0       1       0                               0D0002792
     100    2797       0       0       0       0    2795       000010000D0002793
     100       0       0       2       0                               0D0002794
     124    2799       0       0       0       0       0       000000000D0002795
     124       0       0       2       0                               0D0002796
     110    2801       0       0       0       0       0       000010000D0002797
     110       0       0       1       0                               0D0002798
     100    2802       0       0       0       0    2801       000010000D0002799
     100       0       0       1       0                               0D0002800
     124    2803       0       0       0       0       0       000000000D0002801
     124       0       0       1       0                               0D0002802
     110    2804       0       0       0       0       0       000010000D0002803
     110       0       0       1       0                               0D0002804
     110    2805       0       0       0       0       0       000010000D0002805
     110       0       0       1       0                               0D0002806
     110    2806       0       0       0       0       0       000010000D0002807
     110       0       0       1       0                               0D0002808
     100    2807       0       0       0       0    2811       000010000D0002809
     100       0       0       2       0                               0D0002810
     124    2809       0       0       0       0       0       000000000D0002811
     124       0       0       2       0                               0D0002812
     110    2811       0       0       0       0       0       000010000D0002813
     110       0       0       1       0                               0D0002814
     144    2812       0       0       0       0       0       000020000D0002815
     144       0       8       1       0                               0D0002816
     108    2813       0       0       0       0       0       000010000D0002817
     108       0       0       2       0                               0D0002818
     142    2815       0       0       0       0       0       000010500D0002819
     142       0       0       1       0                               0D0002820
     102    2816       0       0       0       0       0       000010000D0002821
     102       0       0       1       0                               0D0002822
     110    2817       0       0       0       0       0       000010000D0002823
     110       0       0       1       0                               0D0002824
     110    2818       0       0       0       0       0       000010000D0002825
     110       0       0       1       0                               0D0002826
     110    2819       0       0       0       0       0       000010000D0002827
     110       0       0       1       0                               0D0002828
     110    2820       0       0       0       0       0       000010000D0002829
     110       0       0       1       0                               0D0002830
     144    2821       0       0       0       0       0       000020000D0002831
     144       0       8       1       0                               0D0002832
     120    2822       0       0       0       0    2835       000010000D0002833
     120       0       0       1       0                               0D0002834
     124    2823       0       0       0       0       0       000000000D0002835
     124       0       0       2       0                               0D0002836
     110    2825       0       0       0       0       0       000010000D0002837
     110       0       0       1       0                               0D0002838
     110    2826       0       0       0       0       0       000010000D0002839
     110       0       0       1       0                               0D0002840
     142    2827       0       0       0       0       0       000010500D0002841
     142       0       0       1       0                               0D0002842
     102    2828       0       0       0       0       0       000010000D0002843
     102       0       0       1       0                               0D0002844
     110    2829       0       0       0       0       0       000010000D0002845
     110       0       0       1       0                               0D0002846
     110    2830       0       0       0       0       0       000010000D0002847
     110       0       0       1       0                               0D0002848
     110    2831       0       0       0       0       0       000010000D0002849
     110       0       0       1       0                               0D0002850
     110    2832       0       0       0       0       0       000010000D0002851
     110       0       0       1       0                               0D0002852
     102    2833       0       0       0       0       0       000010000D0002853
     102       0       0       1       0                               0D0002854
     100    2834       0       0       0       0    2857       000010000D0002855
     100       0       0       1       0                               0D0002856
     124    2835       0       0       0       0       0       000000000D0002857
     124       0       0       2       0                               0D0002858
     110    2837       0       0       0       0       0       000010000D0002859
     110       0       0       1       0                               0D0002860
     100    2838       0       0       0       0    2863       000010000D0002861
     100       0       0       2       0                               0D0002862
     124    2840       0       0       0       0       0       000000000D0002863
     124       0       0       2       0                               0D0002864
     110    2842       0       0       0       0       0       000010000D0002865
     110       0       0       1       0                               0D0002866
     144    2843       0       0       0       0       0       000020000D0002867
     144       0       8       1       0                               0D0002868
     108    2844       0       0       0       0       0       000010000D0002869
     108       0       0       1       0                               0D0002870
     142    2845       0       0       0       0       0       000010500D0002871
     142       0       0       1       0                               0D0002872
     102    2846       0       0       0       0       0       000010000D0002873
     102       0       0       1       0                               0D0002874
     110    2847       0       0       0       0       0       000010000D0002875
     110       0       0       1       0                               0D0002876
     110    2848       0       0       0       0       0       000010000D0002877
     110       0       0       1       0                               0D0002878
     110    2849       0       0       0       0       0       000010000D0002879
     110       0       0       1       0                               0D0002880
     110    2850       0       0       0       0       0       000010000D0002881
     110       0       0       1       0                               0D0002882
     144    2851       0       0       0       0       0       000020000D0002883
     144       0       8       1       0                               0D0002884
     108    2852       0       0       0       0       0       000010000D0002885
     108       0       0       1       0                               0D0002886
     142    2853       0       0       0       0       0       000010500D0002887
     142       0       0       1       0                               0D0002888
     102    2854       0       0       0       0       0       000010000D0002889
     102       0       0       1       0                               0D0002890
     110    2855       0       0       0       0       0       000010000D0002891
     110       0       0       1       0                               0D0002892
     110    2856       0       0       0       0       0       000010000D0002893
     110       0       0       1       0                               0D0002894
     110    2857       0       0       0       0       0       000010000D0002895
     110       0       0       1       0                               0D0002896
     110    2858       0       0       0       0       0       000010000D0002897
     110       0       0       1       0                               0D0002898
     144    2859       0       0       0       0       0       000020000D0002899
     144       0       8       1       0                               0D0002900
     108    2860       0       0       0       0       0       000010000D0002901
     108       0       0       1       0                               0D0002902
     142    2861       0       0       0       0       0       000010500D0002903
     142       0       0       1       0                               0D0002904
     102    2862       0       0       0       0       0       000010000D0002905
     102       0       0       1       0                               0D0002906
     110    2863       0       0       0       0       0       000010000D0002907
     110       0       0       1       0                               0D0002908
     110    2864       0       0       0       0       0       000010000D0002909
     110       0       0       1       0                               0D0002910
     110    2865       0       0       0       0       0       000010000D0002911
     110       0       0       1       0                               0D0002912
     110    2866       0       0       0       0       0       000010000D0002913
     110       0       0       1       0                               0D0002914
     144    2867       0       0       0       0       0       000020000D0002915
     144       0       8       1       0                               0D0002916
     120    2868       0       0       0       0    2919       000010000D0002917
     120       0       0       1       0                               0D0002918
     124    2869       0       0       0       0       0       000000000D0002919
     124       0       0       1       1                               0D0002920
     110    2870       0       0       0       0       0       000010000D0002921
     110       0       0       1       0                               0D0002922
     110    2871       0       0       0       0       0       000010000D0002923
     110       0       0       1       0                               0D0002924
     142    2872       0       0       0       0       0       000010500D0002925
     142       0       0       1       0                               0D0002926
     102    2873       0       0       0       0       0       000010000D0002927
     102       0       0       1       0                               0D0002928
     110    2874       0       0       0       0       0       000010000D0002929
     110       0       0       1       0                               0D0002930
     110    2875       0       0       0       0       0       000010000D0002931
     110       0       0       1       0                               0D0002932
     110    2876       0       0       0       0       0       000010000D0002933
     110       0       0       2       0                               0D0002934
     110    2878       0       0       0       0       0       000010000D0002935
     110       0       0       1       0                               0D0002936
     102    2879       0       0       0       0       0       000010000D0002937
     102       0       0       1       0                               0D0002938
     100    2880       0       0       0       0    2941       000010000D0002939
     100       0       0       1       0                               0D0002940
     124    2881       0       0       0       0       0       000000000D0002941
     124       0       0       1       0                               0D0002942
     110    2882       0       0       0       0       0       000010000D0002943
     110       0       0       1       0                               0D0002944
     100    2883       0       0       0       0    2947       000010000D0002945
     100       0       0       1       0                               0D0002946
     124    2884       0       0       0       0       0       000000000D0002947
     124       0       0       1       0                               0D0002948
     110    2885       0       0       0       0       0       000010000D0002949
     110       0       0       1       0                               0D0002950
     144    2886       0       0       0       0       0       000020000D0002951
     144       0       8       1       0                               0D0002952
     120    2887       0       0       0       0    2955       000010000D0002953
     120       0       0       1       0                               0D0002954
     124    2888       0       0       0       0       0       000000000D0002955
     124       0       0       2       1                               0D0002956
     110    2890       0       0       0       0       0       000010000D0002957
     110       0       0       1       0                               0D0002958
     110    2891       0       0       0       0       0       000010000D0002959
     110       0       0       1       0                               0D0002960
     142    2892       0       0       0       0       0       000010500D0002961
     142       0       0       1       0                               0D0002962
     102    2893       0       0       0       0       0       000010000D0002963
     102       0       0       1       0                               0D0002964
     110    2894       0       0       0       0       0       000010000D0002965
     110       0       0       1       0                               0D0002966
     110    2895       0       0       0       0       0       000010000D0002967
     110       0       0       1       0                               0D0002968
     110    2896       0       0       0       0       0       000010000D0002969
     110       0       0       2       0                               0D0002970
     110    2898       0       0       0       0       0       000010000D0002971
     110       0       0       1       0                               0D0002972
     102    2899       0       0       0       0       0       000010000D0002973
     102       0       0       1       0                               0D0002974
     100    2900       0       0       0       0    2977       000010000D0002975
     100       0       0       2       0                               0D0002976
     124    2902       0       0       0       0       0       000000000D0002977
     124       0       0       2       0                               0D0002978
     110    2904       0       0       0       0       0       000010000D0002979
     110       0       0       1       0                               0D0002980
     100    2905       0       0       0       0    2983       000010000D0002981
     100       0       0       2       0                               0D0002982
     124    2907       0       0       0       0       0       000000000D0002983
     124       0       0       2       0                               0D0002984
     110    2909       0       0       0       0       0       000010000D0002985
     110       0       0       1       0                               0D0002986
     144    2910       0       0       0       0       0       000020000D0002987
     144       0       8       1       0                               0D0002988
     108    2911       0       0       0       0       0       000010000D0002989
     108       0       0       2       0                               0D0002990
     142    2913       0       0       0       0       0       000010500D0002991
     142       0       0       1       0                               0D0002992
     102    2914       0       0       0       0       0       000010000D0002993
     102       0       0       1       0                               0D0002994
     110    2915       0       0       0       0       0       000010000D0002995
     110       0       0       1       0                               0D0002996
     110    2916       0       0       0       0       0       000010000D0002997
     110       0       0       1       0                               0D0002998
     110    2917       0       0       0       0       0       000010000D0002999
     110       0       0       1       0                               0D0003000
     110    2918       0       0       0       0       0       000010000D0003001
     110       0       0       1       0                               0D0003002
     144    2919       0       0       0       0       0       000020000D0003003
     144       0       8       1       0                               0D0003004
     108    2920       0       0       0       0       0       000010000D0003005
     108       0       0       2       0                               0D0003006
     142    2922       0       0       0       0       0       000010500D0003007
     142       0       0       1       0                               0D0003008
     102    2923       0       0       0       0       0       000010000D0003009
     102       0       0       1       0                               0D0003010
     110    2924       0       0       0       0       0       000010000D0003011
     110       0       0       1       0                               0D0003012
     110    2925       0       0       0       0       0       000010000D0003013
     110       0       0       1       0                               0D0003014
     110    2926       0       0       0       0       0       000010000D0003015
     110       0       0       1       0                               0D0003016
     110    2927       0       0       0       0       0       000010000D0003017
     110       0       0       1       0                               0D0003018
     144    2928       0       0       0       0       0       000020000D0003019
     144       0       8       1       0                               0D0003020
     108    2929       0       0       0       0       0       000010000D0003021
     108       0       0       2       0                               0D0003022
     142    2931       0       0       0       0       0       000010500D0003023
     142       0       0       1       0                               0D0003024
     102    2932       0       0       0       0       0       000010000D0003025
     102       0       0       1       0                               0D0003026
     110    2933       0       0       0       0       0       000010000D0003027
     110       0       0       2       0                               0D0003028
     110    2935       0       0       0       0       0       000010000D0003029
     110       0       0       1       0                               0D0003030
     110    2936       0       0       0       0       0       000010000D0003031
     110       0       0       1       0                               0D0003032
     110    2937       0       0       0       0       0       000010000D0003033
     110       0       0       1       0                               0D0003034
     144    2938       0       0       0       0       0       000020000D0003035
     144       0       8       1       0                               0D0003036
     120    2939       0       0       0       0    3039       000010000D0003037
     120       0       0       1       0                               0D0003038
     124    2940       0       0       0       0       0       000000000D0003039
     124       0       0       2       0                               0D0003040
     110    2942       0       0       0       0       0       000010000D0003041
     110       0       0       1       0                               0D0003042
     110    2943       0       0       0       0       0       000010000D0003043
     110       0       0       1       0                               0D0003044
     142    2944       0       0       0       0       0       000010500D0003045
     142       0       0       1       0                               0D0003046
     102    2945       0       0       0       0       0       000010000D0003047
     102       0       0       1       0                               0D0003048
     110    2946       0       0       0       0       0       000010000D0003049
     110       0       0       1       0                               0D0003050
     110    2947       0       0       0       0       0       000010000D0003051
     110       0       0       1       0                               0D0003052
     110    2948       0       0       0       0       0       000010000D0003053
     110       0       0       1       0                               0D0003054
     110    2949       0       0       0       0       0       000010000D0003055
     110       0       0       1       0                               0D0003056
     102    2950       0       0       0       0       0       000010000D0003057
     102       0       0       1       0                               0D0003058
     100    2951       0       0       0       0    3061       000010000D0003059
     100       0       0       1       0                               0D0003060
     124    2952       0       0       0       0       0       000000000D0003061
     124       0       0       2       0                               0D0003062
     110    2954       0       0       0       0       0       000010000D0003063
     110       0       0       2       0                               0D0003064
     100    2956       0       0       0       0    3067       000010000D0003065
     100       0       0       2       0                               0D0003066
     124    2958       0       0       0       0       0       000000000D0003067
     124       0       0       2       0                               0D0003068
     110    2960       0       0       0       0       0       000010000D0003069
     110       0       0       1       0                               0D0003070
     402    2961       0       0       0       0       0       000020000D0003071
     402       0       0       1       1                LEAD-DUM        D0003072
     144    2962       0       0       0       0       0       000020000D0003073
     144       0       8       1       0                               0D0003074
     108    2963       0       0       0       0       0       000010000D0003075
     108       0       0       1       0                               0D0003076
     142    2964       0       0       0       0       0       000010500D0003077
     142       0       0       1       0                               0D0003078
     102    2965       0       0       0       0       0       000010000D0003079
     102       0       0       1       0                               0D0003080
     110    2966       0       0       0       0       0       000010000D0003081
     110       0       0       1       0                               0D0003082
     110    2967       0       0       0       0       0       000010000D0003083
     110       0       0       1       0                               0D0003084
     110    2968       0       0       0       0       0       000010000D0003085
     110       0       0       1       0                               0D0003086
     110    2969       0       0       0       0       0       000010000D0003087
     110       0       0       1       0                               0D0003088
     144    2970       0       0       0       0       0       000020000D0003089
     144       0       8       1       0                               0D0003090
     108    2971       0       0       0       0       0       000010000D0003091
     108       0       0       1       0                               0D0003092
     142    2972       0       0       0       0       0       000010500D0003093
     142       0       0       1       0                               0D0003094
     102    2973       0       0       0       0       0       000010000D0003095
     102       0       0       1       0                               0D0003096
     110    2974       0       0       0       0       0       000010000D0003097
     110       0       0       1       0                               0D0003098
     110    2975       0       0       0       0       0       000010000D0003099
     110       0       0       1       0                               0D0003100
     110    2976       0       0       0       0       0       000010000D0003101
     110       0       0       1       0                               0D0003102
     110    2977       0       0       0       0       0       000010000D0003103
     110       0       0       1       0                               0D0003104
     144    2978       0       0       0       0       0       000020000D0003105
     144       0       8       1       0                               0D0003106
     108    2979       0       0       0       0       0       000010000D0003107
     108       0       0       1       0                               0D0003108
     142    2980       0       0       0       0       0       000010500D0003109
     142       0       0       1       0                               0D0003110
     102    2981       0       0       0       0       0       000010000D0003111
     102       0       0       1       0                               0D0003112
     110    2982       0       0       0       0       0       000010000D0003113
     110       0       0       1       0                               0D0003114
     110    2983       0       0       0       0       0       000010000D0003115
     110       0       0       1       0                               0D0003116
     110    2984       0       0       0       0       0       000010000D0003117
     110       0       0       1       0                               0D0003118
     110    2985       0       0       0       0       0       000010000D0003119
     110       0       0       1       0                               0D0003120
     144    2986       0       0       0       0       0       000020000D0003121
     144       0       8       1       0                               0D0003122
     108    2987       0       0       0       0       0       000010000D0003123
     108       0       0       1       0                               0D0003124
     142    2988       0       0       0       0       0       000010500D0003125
     142       0       0       1       0                               0D0003126
     102    2989       0       0       0       0       0       000010000D0003127
     102       0       0       1       0                               0D0003128
     110    2990       0       0       0       0       0       000010000D0003129
     110       0       0       1       0                               0D0003130
     110    2991       0       0       0       0       0       000010000D0003131
     110       0       0       1       0                               0D0003132
     110    2992       0       0       0       0       0       000010000D0003133
     110       0       0       1       0                               0D0003134
     110    2993       0       0       0       0       0       000010000D0003135
     110       0       0       1       0                               0D0003136
     144    2994       0       0       0       0       0       000020000D0003137
     144       0       8       1       0                               0D0003138
     108    2995       0       0       0       0       0       000010000D0003139
     108       0       0       1       0                               0D0003140
     142    2996       0       0       0       0       0       000010500D0003141
     142       0       0       1       0                               0D0003142
     102    2997       0       0       0       0       0       000010000D0003143
     102       0       0       1       0                               0D0003144
     110    2998       0       0       0       0       0       000010000D0003145
     110       0       0       1       0                               0D0003146
     110    2999       0       0       0       0       0       000010000D0003147
     110       0       0       1       0                               0D0003148
     110    3000       0       0       0       0       0       000010000D0003149
     110       0       0       1       0                               0D0003150
     110    3001       0       0       0       0       0       000010000D0003151
     110       0       0       1       0                               0D0003152
     144    3002       0       0       0       0       0       000020000D0003153
     144       0       8       1       0                               0D0003154
     108    3003       0       0       0       0       0       000010000D0003155
     108       0       0       1       0                               0D0003156
     142    3004       0       0       0       0       0       000010500D0003157
     142       0       0       1       0                               0D0003158
     102    3005       0       0       0       0       0       000010000D0003159
     102       0       0       1       0                               0D0003160
     110    3006       0       0       0       0       0       000010000D0003161
     110       0       0       1       0                               0D0003162
     110    3007       0       0       0       0       0       000010000D0003163
     110       0       0       1       0                               0D0003164
     110    3008       0       0       0       0       0       000010000D0003165
     110       0       0       1       0                               0D0003166
     110    3009       0       0       0       0       0       000010000D0003167
     110       0       0       1       0                               0D0003168
     314    3010       0       0       0       0       0       000000200D0003169
     314       0       0       1       0                               0D0003170
     406    3011       0       0       0       0       0       000000000D0003171
     406       0       0       1      15                               0D0003172
     406    3012       0       0       0       0       0       000000000D0003173
     406       0       0       1      15                               0D0003174
     406    3013       0       0       0       0       0       000000000D0003175
     406       0       0       1      15                               0D0003176
     406    3014       0       0       0       0       0       000000000D0003177
     406       0       0       1      15                               0D0003178
     406    3015       0       0       0       0       0       000000000D0003179
     406       0       0       1      15                               0D0003180
     406    3016       0       0       0       0       0       000000000D0003181
     406       0       0       1      15                               0D0003182
     406    3017       0       0       0       0       0       000000000D0003183
     406       0       0       1      15                               0D0003184
     406    3018       0       0       0       0       0       000000000D0003185
     406       0       0       1      15                               0D0003186
402,7,3,1301,1655,2009,2363,2717,3071,0,1,3179;                  0000001P0000001
402,42,5,21,57,93,129,165,201,237,271,291,307,355,371,391,425,   0000003P0000002
461,497,531,551,567,615,631,651,685,733,753,787,807,855,875,909, 0000003P0000003
929,963,999,1035,1051,1087,1123,1159,1195,1229,1265,0,1,3185;    0000003P0000004
144,7,1,0,9;                                                     0000005P0000005
108,0.,0.,1.,1.2,0,0.,0.,1.2,0.;                                 0000007P0000006
142,0,7,0,11,2;                                                  0000009P0000007
102,4,13,15,17,19;                                               0000011P0000008
110,-0.695748567,1.345748567,1.2,-0.695748567,-1.345748567,1.2;  0000013P0000009
110,-0.695748567,-1.345748567,1.2,0.695748567,-1.345748567,1.2;  0000015P0000010
110,0.695748567,-1.345748567,1.2,0.695748567,1.345748567,1.2;    0000017P0000011
110,0.695748567,1.345748567,1.2,-0.695748567,1.345748567,1.2;    0000019P0000012
144,23,1,0,31;                                                   0000021P0000013
120,27,29,4.834562028,6.283185307;                               0000023P0000014
124,0.,0.,-1.,0.771380583,0.,1.,0.,1.345748567,1.,0.,0.,1.1238;  0000025P0000015
110,0.,0.,1.,0.,0.,0.;                                           0000027P0000016
110,7.62E-02,0.,7.563201676E-02,7.62E-02,0.,1.46712915;          0000029P0000017
142,0,23,33,43,3;                                                0000031P0000018
102,4,35,37,39,41;                                               0000033P0000019
110,0.,6.283185307,0.,-2.311603639E-16,4.834562028,0.;           0000035P0000020
110,-2.311603639E-16,4.834562028,0.,1.,4.834562028,0.;           0000037P0000021
110,1.,4.834562028,0.,1.,6.283185307,0.;                         0000039P0000022
110,1.,6.283185307,0.,0.,6.283185307,0.;                         0000041P0000023
102,4,45,49,51,55;                                               0000043P0000024
100,0.,0.,0.,7.62E-02,0.,9.286443968E-03,7.563201676E-02;        0000045P0000025
124,0.,0.,-1.,0.695748567,0.,1.,0.,1.345748567,1.,0.,0.,1.1238;  0000047P0000026
110,0.695748567,1.421380583,1.133086444,-0.695748567,            0000049P0000027
1.421380583,1.133086444;                                         0000049P0000028
100,0.,0.,0.,7.62E-02,2.220446049E-16,9.286443967E-03,           0000051P0000029
7.563201676E-02;                                                 0000051P0000030
124,0.,0.,1.,-0.695748567,0.992546152,-0.121869343,0.,           0000053P0000031
1.345748567,0.121869343,0.992546152,0.,1.1238;                   0000053P0000032
110,-0.695748567,1.345748567,1.2,0.695748567,1.345748567,1.2;    0000055P0000033
144,59,1,0,69;                                                   0000057P0000034
120,63,65,4.884318241,6.283185307;                               0000059P0000035
124,-0.696681578,0.120974291,0.707106781,-0.695748567,           0000061P0000036
0.696681578,-0.120974291,0.707106781,1.345748567,0.171083483,    0000061P0000037
0.985256536,0.,1.1238;                                           0000061P0000038
110,0.,0.,1.,0.,0.,0.;                                           0000063P0000039
100,0.,0.,0.,5.428018995E-02,-5.347991192E-02,5.428018995E-02,   0000065P0000040
5.347991192E-02;                                                 0000065P0000041
124,1.,0.,0.,0.,0.,0.,-1.,0.,0.,1.,-0.,0.;                       0000067P0000042
142,0,59,71,79,3;                                                0000069P0000043
102,3,73,75,77;                                                  0000071P0000044
110,0.777971822,6.283185307,0.,-0.777971822,6.283185307,0.;      0000073P0000045
126,24,3,1,0,1,0,0.,0.,0.,0.,6.584651269E-02,0.131693025,        0000075P0000046
0.197539538,0.263386051,0.329232563,0.395079076,0.460925589,     0000075P0000047
0.526772102,0.592618614,0.658465127,0.72431164,0.790158152,      0000075P0000048
0.856004665,0.921851178,0.98769769,1.053544203,1.119390716,      0000075P0000049
1.185237228,1.251083741,1.316930254,1.382776766,1.448623279,     0000075P0000050
1.448623279,1.448623279,1.448623279,1.,1.,1.,1.,1.,1.,1.,1.,1.,  0000075P0000051
1.,1.,1.,1.,1.,1.,1.,1.,1.,1.,1.,1.,1.,1.,1.,1.,-0.777971822,    0000075P0000052
6.283185307,0.,-0.775320746,6.252588351,0.,-0.768599299,         0000075P0000053
6.191915135,0.,-0.754478757,6.102987835,0.,-0.73652302,          0000075P0000054
6.016718712,0.,-0.714992451,5.933490147,0.,-0.690166382,         0000075P0000055
5.853553208,0.,-0.6623361,5.777023142,0.,-0.631792149,           0000075P0000056
5.703903678,0.,-0.598816504,5.634108808,0.,-0.563676818,         0000075P0000057
5.56748583,0.,-0.526623109,5.503835542,0.,-0.487886239,          0000075P0000058
5.442929077,0.,-0.447677747,5.384521003,0.,-0.406190606,         0000075P0000059
5.328358987,0.,-0.363600574,5.274190515,0.,-0.320067876,         0000075P0000060
5.221767236,0.,-0.27573906,5.170847464,0.,-0.230748887,          0000075P0000061
5.121197319,0.,-0.185222206,5.072590875,0.,-0.139275781,         0000075P0000062
5.02480958,0.,-9.30199635E-02,4.977641296,0.,-4.656059692E-02,   0000075P0000063
4.930878665,0.,-1.552001788E-02,4.899838586,0.,-3.10610885E-16,  0000075P0000064
4.884318241,0.,0.,1.448623279,0.,0.,1.;                          0000075P0000065
126,24,3,1,0,1,0,0.,0.,0.,0.,6.584651269E-02,0.131693025,        0000077P0000066
0.197539538,0.263386051,0.329232563,0.395079076,0.460925589,     0000077P0000067
0.526772102,0.592618614,0.658465127,0.72431164,0.790158152,      0000077P0000068
0.856004665,0.921851178,0.98769769,1.053544203,1.119390716,      0000077P0000069
1.185237228,1.251083741,1.316930254,1.382776766,1.448623279,     0000077P0000070
1.448623279,1.448623279,1.448623279,1.,1.,1.,1.,1.,1.,1.,1.,1.,  0000077P0000071
1.,1.,1.,1.,1.,1.,1.,1.,1.,1.,1.,1.,1.,1.,1.,1.,-3.10610885E-16, 0000077P0000072
4.884318241,0.,1.552001788E-02,4.899838586,0.,4.656059692E-02,   0000077P0000073
4.930878665,0.,9.30199635E-02,4.977641296,0.,0.139275781,        0000077P0000074
5.02480958,0.,0.185222206,5.072590875,0.,0.230748887,            0000077P0000075
5.121197319,0.,0.27573906,5.170847464,0.,0.320067876,            0000077P0000076
5.221767236,0.,0.363600574,5.274190515,0.,0.406190606,           0000077P0000077
5.328358987,0.,0.447677747,5.384521003,0.,0.487886239,           0000077P0000078
5.442929077,0.,0.526623109,5.503835542,0.,0.563676818,           0000077P0000079
5.56748583,0.,0.598816504,5.634108808,0.,0.631792149,            0000077P0000080
5.703903678,0.,0.6623361,5.777023142,0.,0.690166382,5.853553208, 0000077P0000081
0.,0.714992451,5.933490147,0.,0.73652302,6.016718712,0.,         0000077P0000082
0.754478757,6.102987835,0.,0.768599299,6.191915135,0.,           0000077P0000083
0.775320746,6.252588351,0.,0.777971822,6.283185307,0.,0.,        0000077P0000084
1.448623279,0.,0.,1.;                                            0000077P0000085
102,3,81,85,89;                                                  0000079P0000086
100,0.,0.,0.,1.131732829E-03,-7.619159521E-02,7.62E-02,0.;       0000081P0000087
124,-0.992546152,-1.474305743E-02,0.120974291,-0.695748567,      0000083P0000088
-1.067895772E-14,-0.992655641,-0.120974291,1.345748567,          0000083P0000089
0.121869343,-0.120072567,0.985256536,1.1238;                     0000083P0000090
100,0.,0.,0.,9.286443968E-03,-7.563201676E-02,7.62E-02,0.;       0000085P0000091
124,0.,1.,0.,-0.695748567,0.,0.,1.,1.345748567,1.,0.,0.,1.1238;  0000087P0000092
100,0.,0.,0.,9.286443967E-03,-7.563201676E-02,7.62E-02,          0000089P0000093
-2.220446049E-16;                                                0000089P0000094
124,0.,0.,-1.,-0.695748567,0.992546152,0.121869343,0.,           0000091P0000095
1.345748567,0.121869343,-0.992546152,0.,1.1238;                  0000091P0000096
144,95,1,0,103;                                                  0000093P0000097
120,99,101,4.834562028,6.283185307;                              0000095P0000098
124,0.,-1.,0.,-0.695748567,0.,0.,-1.,1.421380583,1.,0.,0.,       0000097P0000099
1.1238;                                                          0000097P0000100
110,0.,0.,1.,0.,0.,0.;                                           0000099P0000101
110,7.62E-02,0.,7.563201675E-02,7.62E-02,0.,2.76712915;          0000101P0000102
142,0,95,105,115,3;                                              0000103P0000103
102,4,107,109,111,113;                                           0000105P0000104
110,0.,6.283185307,0.,-1.195093169E-16,4.834562028,0.;           0000107P0000105
110,-1.195093169E-16,4.834562028,0.,1.,4.834562028,0.;           0000109P0000106
110,1.,4.834562028,0.,1.,6.283185307,0.;                         0000111P0000107
110,1.,6.283185307,0.,0.,6.283185307,0.;                         0000113P0000108
102,4,117,121,123,127;                                           0000115P0000109
100,0.,0.,0.,7.62E-02,0.,9.286443968E-03,7.563201676E-02;        0000117P0000110
124,0.,-1.,0.,-0.695748567,0.,0.,-1.,1.345748567,1.,0.,0.,       0000119P0000111
1.1238;                                                          0000119P0000112
110,-0.771380583,1.345748567,1.133086444,-0.771380583,           0000121P0000113
-1.345748567,1.133086444;                                        0000121P0000114
100,0.,0.,0.,7.62E-02,2.220446049E-16,9.286443967E-03,           0000123P0000115
7.563201676E-02;                                                 0000123P0000116
124,-0.992546152,0.121869343,0.,-0.695748567,0.,0.,1.,           0000125P0000117
-1.345748567,0.121869343,0.992546152,0.,1.1238;                  0000125P0000118
110,-0.695748567,-1.345748567,1.2,-0.695748567,1.345748567,1.2;  0000127P0000119
144,131,1,0,141;                                                 0000129P0000120
120,135,137,4.804091261,6.283185307;                             0000131P0000121
124,-0.662620048,0.,0.748955721,-0.695748567,0.,-1.,0.,          0000133P0000122
-1.345748567,0.748955721,0.,0.662620048,1.1238;                  0000133P0000123
110,0.,0.,1.,0.,0.,0.;                                           0000135P0000124
100,0.,0.,0.,5.707042592E-02,-5.049164767E-02,5.707020433E-02,   0000137P0000125
5.049189814E-02;                                                 0000137P0000126
124,1.,0.,0.,0.,0.,0.,-1.,0.,0.,1.,-0.,0.;                       0000139P0000127
142,0,131,143,151,3;                                             0000141P0000128
102,3,145,147,149;                                               0000143P0000129
110,0.72431164,6.283185307,0.,-0.72431164,6.283185307,0.;        0000145P0000130
126,24,3,1,0,1,0,0.,0.,0.,0.,7.072471108E-02,0.141449422,        0000147P0000131
0.212174133,0.282898844,0.353623555,0.424348267,0.495072978,     0000147P0000132
0.565797689,0.6365224,0.707247111,0.777971822,0.848696533,       0000147P0000133
0.919421244,0.990145955,1.060870666,1.131595377,1.202320088,     0000147P0000134
1.2730448,1.343769511,1.414494222,1.485218933,1.555943644,       0000147P0000135
1.555943644,1.555943644,1.555943644,1.,1.,1.,1.,1.,1.,1.,1.,1.,  0000147P0000136
1.,1.,1.,1.,1.,1.,1.,1.,1.,1.,1.,1.,1.,1.,1.,1.,-0.72431164,     0000147P0000137
6.283185307,0.,-0.721463941,6.251929013,0.,-0.714298472,         0000147P0000138
6.189928441,0.,-0.699369425,6.098953293,0.,-0.680472176,         0000147P0000139
6.010546345,0.,-0.657877917,5.925065162,0.,-0.631877581,         0000147P0000140
5.842741917,0.,-0.602774877,5.763678779,0.,-0.570873479,         0000147P0000141
5.687870716,0.,-0.53646911,5.615225861,0.,-0.499843694,          0000147P0000142
5.545587138,0.,-0.461261981,5.478751298,0.,-0.420969978,         0000147P0000143
5.414484826,0.,-0.379194779,5.352536379,0.,-0.336145359,         0000147P0000144
5.29264597,0.,-0.292013999,5.234551357,0.,-0.246978091,          0000147P0000145
5.177992161,0.,-0.201202147,5.122712195,0.,-0.154839886,         0000147P0000146
5.068460476,0.,-0.108036342,5.014991244,0.,-6.092993506E-02,     0000147P0000147
4.962063318,0.,-1.365454508E-02,4.909438944,0.,3.365860061E-02,  0000147P0000148
4.856882476,0.,6.513852322E-02,4.82173312,0.,8.084109467E-02,    0000147P0000149
4.804091261,0.,0.,1.555943644,0.,0.,1.;                          0000147P0000150
126,24,3,1,0,1,0,0.,0.,0.,0.,6.584651269E-02,0.131693025,        0000149P0000151
0.197539538,0.263386051,0.329232563,0.395079076,0.460925589,     0000149P0000152
0.526772102,0.592618614,0.658465127,0.72431164,0.790158152,      0000149P0000153
0.856004665,0.921851178,0.98769769,1.053544203,1.119390716,      0000149P0000154
1.185237228,1.251083741,1.316930254,1.382776766,1.448623279,     0000149P0000155
1.448623279,1.448623279,1.448623279,1.,1.,1.,1.,1.,1.,1.,1.,1.,  0000149P0000156
1.,1.,1.,1.,1.,1.,1.,1.,1.,1.,1.,1.,1.,1.,1.,1.,8.084109467E-02, 0000149P0000157
4.804091261,0.,9.53233765E-02,4.820638101,0.,0.124223118,        0000149P0000158
4.853847413,0.,0.16726379,4.904201848,0.,0.209883017,            0000149P0000159
4.955289095,0.,0.251961403,5.007305799,0.,0.293373245,           0000149P0000160
5.060451832,0.,0.333984573,5.114930408,0.,0.373651899,           0000149P0000161
5.170947089,0.,0.412220856,5.228708034,0.,0.449525023,           0000149P0000162
5.28841708,0.,0.485384998,5.350271417,0.,0.519607863,            0000149P0000163
5.414455556,0.,0.551987234,5.481133342,0.,0.582304131,           0000149P0000164
5.550437878,0.,0.610328915,5.622459454,0.,0.635824569,           0000149P0000165
5.697231907,0.,0.658551548,5.774718348,0.,0.67827425,            0000149P0000166
5.854797807,0.,0.694769234,5.937254708,0.,0.707834056,           0000149P0000167
6.021774223,0.,0.71729891,6.107943595,0.,0.723029399,            0000149P0000168
6.195269301,0.,0.724316028,6.253876084,0.,0.72431164,            0000149P0000169
6.283185307,0.,0.,1.448623279,0.,0.,1.;                          0000149P0000170
102,3,153,157,161;                                               0000151P0000171
100,0.,0.,0.,9.286443967E-03,-7.563201676E-02,7.62E-02,          0000153P0000172
-2.220446049E-16;                                                0000153P0000173
124,-0.992546152,-0.121869343,-0.,-0.695748567,0.,0.,-1.,        0000155P0000174
-1.345748567,0.121869343,-0.992546152,0.,1.1238;                 0000155P0000175
100,0.,0.,0.,1.131732829E-03,-7.619159521E-02,7.62E-02,          0000157P0000176
1.110223025E-16;                                                 0000157P0000177
124,1.067895772E-14,0.992655641,0.120974291,-0.695748567,        0000159P0000178
-0.992546152,-1.474305743E-02,0.120974291,-1.345748567,          0000159P0000179
0.121869343,-0.120072567,0.985256536,1.1238;                     0000159P0000180
100,0.,0.,0.,9.286443968E-03,-7.563201676E-02,7.62E-02,0.;       0000161P0000181
124,0.,0.,-1.,-0.695748567,0.,1.,0.,-1.345748567,1.,0.,0.,       0000163P0000182
1.1238;                                                          0000163P0000183
144,167,1,0,175;                                                 0000165P0000184
120,171,173,4.834562028,6.283185307;                             0000167P0000185
124,0.,0.,1.,-0.763164632,0.,-1.,0.,-1.345748567,1.,0.,0.,       0000169P0000186
1.1238;                                                          0000169P0000187
110,0.,0.,1.,0.,0.,0.;                                           0000171P0000188
110,7.62E-02,0.,6.741606516E-02,7.62E-02,0.,1.458913198;         0000173P0000189
142,0,167,177,187,3;                                             0000175P0000190
102,4,179,181,183,185;                                           0000177P0000191
110,0.,6.283185307,0.,-2.311603639E-16,4.834562028,0.;           0000179P0000192
110,-2.311603639E-16,4.834562028,0.,1.,4.834562028,0.;           0000181P0000193
110,1.,4.834562028,0.,1.,6.283185307,0.;                         0000183P0000194
110,1.,6.283185307,0.,0.,6.283185307,0.;                         0000185P0000195
102,4,189,193,195,199;                                           0000187P0000196
100,0.,0.,0.,7.62E-02,0.,9.286443968E-03,7.563201676E-02;        0000189P0000197
124,0.,0.,1.,-0.695748567,0.,-1.,0.,-1.345748567,1.,0.,0.,       0000191P0000198
1.1238;                                                          0000191P0000199
110,-0.695748567,-1.421380583,1.133086444,0.695748567,           0000193P0000200
-1.421380583,1.133086444;                                        0000193P0000201
100,0.,0.,0.,7.62E-02,2.220446049E-16,9.286443967E-03,           0000195P0000202
7.563201676E-02;                                                 0000195P0000203
124,0.,0.,-1.,0.695748567,-0.992546152,0.121869343,0.,           0000197P0000204
-1.345748567,0.121869343,0.992546152,0.,1.1238;                  0000197P0000205
110,0.695748567,-1.345748567,1.2,-0.695748567,-1.345748567,1.2;  0000199P0000206
144,203,1,0,213;                                                 0000201P0000207
120,207,209,4.804091261,6.283185307;                             0000203P0000208
124,0.662620048,0.,0.748955721,0.695748567,0.,-1.,-0.,           0000205P0000209
-1.345748567,0.748955721,0.,-0.662620048,1.1238;                 0000205P0000210
110,0.,0.,1.,0.,0.,0.;                                           0000207P0000211
100,0.,0.,0.,5.707020433E-02,-5.049189814E-02,5.707042592E-02,   0000209P0000212
5.049164767E-02;                                                 0000209P0000213
124,1.,0.,0.,0.,0.,0.,-1.,0.,0.,1.,-0.,0.;                       0000211P0000214
142,0,203,215,223,3;                                             0000213P0000215
102,3,217,219,221;                                               0000215P0000216
110,0.72431164,6.283185307,0.,-0.72431164,6.283185307,0.;        0000217P0000217
126,24,3,1,0,1,0,0.,0.,0.,0.,6.584651269E-02,0.131693025,        0000219P0000218
0.197539538,0.263386051,0.329232563,0.395079076,0.460925589,     0000219P0000219
0.526772102,0.592618614,0.658465127,0.72431164,0.790158152,      0000219P0000220
0.856004665,0.921851178,0.98769769,1.053544203,1.119390716,      0000219P0000221
1.185237228,1.251083741,1.316930254,1.382776766,1.448623279,     0000219P0000222
1.448623279,1.448623279,1.448623279,1.,1.,1.,1.,1.,1.,1.,1.,1.,  0000219P0000223
1.,1.,1.,1.,1.,1.,1.,1.,1.,1.,1.,1.,1.,1.,1.,1.,-0.72431164,     0000219P0000224
6.283185307,0.,-0.724316028,6.253876084,0.,-0.723029399,         0000219P0000225
6.195269301,0.,-0.71729891,6.107943595,0.,-0.707834056,          0000219P0000226
6.021774223,0.,-0.694769234,5.937254708,0.,-0.67827425,          0000219P0000227
5.854797807,0.,-0.658551548,5.774718348,0.,-0.635824569,         0000219P0000228
5.697231907,0.,-0.610328915,5.622459454,0.,-0.582304131,         0000219P0000229
5.550437878,0.,-0.551987234,5.481133342,0.,-0.519607863,         0000219P0000230
5.414455556,0.,-0.485384998,5.350271417,0.,-0.449525023,         0000219P0000231
5.28841708,0.,-0.412220856,5.228708034,0.,-0.373651899,          0000219P0000232
5.170947089,0.,-0.333984573,5.114930408,0.,-0.293373245,         0000219P0000233
5.060451832,0.,-0.251961403,5.007305799,0.,-0.209883017,         0000219P0000234
4.955289095,0.,-0.16726379,4.904201848,0.,-0.124223118,          0000219P0000235
4.853847413,0.,-9.53233765E-02,4.820638101,0.,-8.084109467E-02,  0000219P0000236
4.804091261,0.,0.,1.448623279,0.,0.,1.;                          0000219P0000237
126,24,3,1,0,1,0,0.,0.,0.,0.,7.072471108E-02,0.141449422,        0000221P0000238
0.212174133,0.282898844,0.353623555,0.424348267,0.495072978,     0000221P0000239
0.565797689,0.6365224,0.707247111,0.777971822,0.848696533,       0000221P0000240
0.919421244,0.990145955,1.060870666,1.131595377,1.202320088,     0000221P0000241
1.2730448,1.343769511,1.414494222,1.485218933,1.555943644,       0000221P0000242
1.555943644,1.555943644,1.555943644,1.,1.,1.,1.,1.,1.,1.,1.,1.,  0000221P0000243
1.,1.,1.,1.,1.,1.,1.,1.,1.,1.,1.,1.,1.,1.,1.,1.,                 0000221P0000244
-8.084109467E-02,4.804091261,0.,-6.513852322E-02,4.82173312,0.,  0000221P0000245
-3.365860061E-02,4.856882476,0.,1.365454508E-02,4.909438944,0.,  0000221P0000246
6.092993506E-02,4.962063318,0.,0.108036342,5.014991244,0.,       0000221P0000247
0.154839886,5.068460476,0.,0.201202147,5.122712195,0.,           0000221P0000248
0.246978091,5.177992161,0.,0.292013999,5.234551357,0.,           0000221P0000249
0.336145359,5.29264597,0.,0.379194779,5.352536379,0.,            0000221P0000250
0.420969978,5.414484826,0.,0.461261981,5.478751298,0.,           0000221P0000251
0.499843694,5.545587138,0.,0.53646911,5.615225861,0.,            0000221P0000252
0.570873479,5.687870716,0.,0.602774877,5.763678779,0.,           0000221P0000253
0.631877581,5.842741917,0.,0.657877917,5.925065162,0.,           0000221P0000254
0.680472176,6.010546345,0.,0.699369425,6.098953293,0.,           0000221P0000255
0.714298472,6.189928441,0.,0.721463941,6.251929013,0.,           0000221P0000256
0.72431164,6.283185307,0.,0.,1.555943644,0.,0.,1.;               0000221P0000257
102,3,225,229,233;                                               0000223P0000258
100,0.,0.,0.,9.286443968E-03,-7.563201676E-02,7.62E-02,0.;       0000225P0000259
124,0.,-1.,0.,0.695748567,0.,0.,-1.,-1.345748567,1.,0.,-0.,      0000227P0000260
1.1238;                                                          0000227P0000261
100,0.,0.,0.,9.286443967E-03,-7.563201676E-02,7.62E-02,          0000229P0000262
-2.220446049E-16;                                                0000229P0000263
124,0.,0.,1.,0.695748567,-0.992546152,-0.121869343,-0.,          0000231P0000264
-1.345748567,0.121869343,-0.992546152,0.,1.1238;                 0000231P0000265
100,0.,0.,0.,1.131732829E-03,-7.619159521E-02,7.62E-02,0.;       0000233P0000266
124,0.992546152,1.474305743E-02,-0.120974291,0.695748567,        0000235P0000267
1.067895772E-14,0.992655641,0.120974291,-1.345748567,            0000235P0000268
0.121869343,-0.120072567,0.985256536,1.1238;                     0000235P0000269
144,239,1,0,247;                                                 0000237P0000270
120,243,245,4.727241663,6.283185307;                             0000239P0000271
124,0.992546152,-1.474305743E-02,0.120974291,0.724367983,        0000241P0000272
1.068416189E-14,-0.992655641,-0.120974291,-1.374367983,          0000241P0000273
0.121869343,0.120072567,-0.985256536,0.890713556;                0000241P0000274
110,0.,0.,1.,0.,0.,0.;                                           0000243P0000275
110,7.62E-02,0.,-0.23657437,7.62E-02,0.,1.872996287E-03;         0000245P0000276
142,0,239,249,259,3;                                             0000247P0000277
102,4,251,253,255,257;                                           0000249P0000278
110,1.352582728E-13,6.283185307,0.,1.339257635E-13,4.727241663,  0000251P0000279
0.;                                                              0000251P0000280
110,-1.665334537E-15,4.727241663,0.,0.99207219,4.727241663,0.;   0000253P0000281
126,46,3,1,0,1,0,0.,0.,0.,0.,2.272727273E-02,4.545454545E-02,    0000255P0000282
6.818181818E-02,9.090909091E-02,0.113636364,0.136363636,         0000255P0000283
0.159090909,0.181818182,0.204545455,0.227272727,0.25,            0000255P0000284
0.272727273,0.295454545,0.318181818,0.340909091,0.363636364,     0000255P0000285
0.386363636,0.409090909,0.431818182,0.454545455,0.477272727,0.5, 0000255P0000286
0.522727273,0.545454545,0.568181818,0.590909091,0.613636364,     0000255P0000287
0.636363636,0.659090909,0.681818182,0.704545455,0.727272727,     0000255P0000288
0.75,0.772727273,0.795454545,0.818181818,0.840909091,            0000255P0000289
0.863636364,0.886363636,0.909090909,0.931818182,0.954545455,     0000255P0000290
0.977272727,1.,1.,1.,1.,1.,1.,1.,1.,1.,1.,1.,1.,1.,1.,1.,1.,1.,  0000255P0000291
1.,1.,1.,1.,1.,1.,1.,1.,1.,1.,1.,1.,1.,1.,1.,1.,1.,1.,1.,1.,1.,  0000255P0000292
1.,1.,1.,1.,1.,1.,1.,1.,1.,1.,1.,1.,1.,0.99207219,4.727241663,   0000255P0000293
0.,0.992300734,4.739066019,0.,0.992749446,4.762710666,0.,        0000255P0000294
0.993396677,4.79816433,0.,0.994017363,4.833603852,0.,            0000255P0000295
0.994610793,4.869027445,0.,0.995176258,4.904433032,0.,           0000255P0000296
0.995713047,4.939818289,0.,0.99622046,4.975181272,0.,            0000255P0000297
0.996697752,5.010519348,0.,0.997144434,5.045836624,0.,           0000255P0000298
0.997560134,5.081139754,0.,0.997944452,5.116434358,0.,           0000255P0000299
0.998296997,5.151726072,0.,0.998617373,5.187020518,0.,           0000255P0000300
0.99890519,5.222323256,0.,0.999160041,5.257640905,0.,            0000255P0000301
0.999381588,5.292977288,0.,0.999569639,5.328328955,0.,           0000255P0000302
0.999723977,5.363693131,0.,0.999844394,5.399066572,0.,           0000255P0000303
0.999930678,5.434446192,0.,0.999982617,5.46982923,0.,1.,         0000255P0000304
5.505213485,0.,0.999982617,5.540597741,0.,0.999930678,           0000255P0000305
5.575980779,0.,0.999844394,5.611360398,0.,0.999723977,           0000255P0000306
5.646733839,0.,0.999569639,5.682098016,0.,0.999381588,           0000255P0000307
5.717449683,0.,0.999160041,5.752786066,0.,0.99890519,            0000255P0000308
5.788103714,0.,0.998617373,5.823406453,0.,0.998296997,           0000255P0000309
5.858700898,0.,0.997944452,5.893992612,0.,0.997560134,           0000255P0000310
5.929287217,0.,0.997144434,5.964590347,0.,0.996697752,           0000255P0000311
5.999907622,0.,0.99622046,6.035245698,0.,0.995713047,            0000255P0000312
6.070608682,0.,0.995176258,6.105993939,0.,0.994610793,           0000255P0000313
6.141399525,0.,0.994017363,6.176823119,0.,0.993396677,           0000255P0000314
6.212262641,0.,0.992749446,6.247716305,0.,0.992300734,           0000255P0000315
6.271360951,0.,0.99207219,6.283185307,0.,0.,1.,0.,0.,1.;         0000255P0000316
110,0.99207219,6.283185307,0.,-2.220446049E-16,6.283185307,0.;   0000257P0000317
102,4,261,265,267,269;                                           0000259P0000318
100,0.,0.,0.,7.62E-02,0.,1.131732829E-03,7.619159521E-02;        0000261P0000319
124,0.992546152,-1.474305743E-02,0.120974291,0.695748567,        0000263P0000320
1.068416189E-14,-0.992655641,-0.120974291,-1.345748567,          0000263P0000321
0.121869343,0.120072567,-0.985256536,1.1238;                     0000263P0000322
110,0.695748567,-1.421380583,1.133086444,0.724365882,            0000265P0000323
-1.449997899,0.900017113;                                        0000265P0000324
126,8,3,1,0,1,0,0.,0.,0.,0.,0.166666667,0.333333333,0.5,         0000267P0000325
0.666666667,0.833333333,1.,1.,1.,1.,1.,1.,1.,1.,1.,1.,1.,1.,1.,  0000267P0000326
0.724365882,-1.449997899,0.900017113,0.730973188,-1.44994883,    0000267P0000327
0.900416748,0.744157178,-1.448118773,0.901108615,0.762480761,    0000267P0000328
-1.440443593,0.90175749,0.778291216,-1.428291216,0.9019804,      0000267P0000329
0.790443593,-1.412480761,0.90175749,0.798118773,-1.394157178,    0000267P0000330
0.901108615,0.79994883,-1.380973188,0.900416748,0.799997899,     0000267P0000331
-1.374365882,0.900017113,0.,1.,-6.071133334E-02,6.071133334E-02, 0000267P0000332
0.996307316;                                                     0000267P0000333
110,0.799997899,-1.374365882,0.900017113,0.771380583,            0000269P0000334
-1.345748567,1.133086444;                                        0000269P0000335
144,273,1,0,275;                                                 0000271P0000336
108,0.992546152,0.,0.121869343,0.90371933,0,0.8,-1.45,0.9,0.;    0000273P0000337
142,0,273,0,277,2;                                               0000275P0000338
102,6,279,281,283,285,287,289;                                   0000277P0000339
126,3,3,0,0,1,0,0.,0.,0.,0.,1.,1.,1.,1.,1.,1.,1.,1.,0.8,1.3738,  0000279P0000340
0.9,0.8,1.373988802,0.9,0.799999298,1.374177429,0.900005715,     0000279P0000341
0.799997899,1.374365882,0.900017113,0.,1.,0.,0.,1.;              0000279P0000342
110,0.799997899,1.374365882,0.900017113,0.771380583,1.345748567, 0000281P0000343
1.133086444;                                                     0000281P0000344
110,0.771380583,1.345748567,1.133086444,0.771380583,             0000283P0000345
-1.345748567,1.133086444;                                        0000283P0000346
110,0.771380583,-1.345748567,1.133086444,0.799997899,            0000285P0000347
-1.374365882,0.900017113;                                        0000285P0000348
126,3,3,0,0,1,0,0.,0.,0.,0.,1.,1.,1.,1.,1.,1.,1.,1.,0.799997899, 0000287P0000349
-1.374365882,0.900017113,0.799999298,-1.374177429,0.900005715,   0000287P0000350
0.8,-1.373988802,0.9,0.8,-1.3738,0.9,0.,1.,0.,0.,1.;             0000287P0000351
110,0.8,-1.3738,0.9,0.8,1.3738,0.9;                              0000289P0000352
144,293,1,0,295;                                                 0000291P0000353
108,1.,0.,0.,0.8,0,0.8,-1.45,0.9,0.;                             0000293P0000354
142,0,293,0,297,2;                                               0000295P0000355
102,4,299,301,303,305;                                           0000297P0000356
110,0.8,-1.3738,0.9,0.8,-1.3738,0.75;                            0000299P0000357
110,0.8,-1.3738,0.75,0.8,1.3738,0.75;                            0000301P0000358
110,0.8,1.3738,0.75,0.8,1.3738,0.9;                              0000303P0000359
110,0.8,1.3738,0.9,0.8,-1.3738,0.9;                              0000305P0000360
144,309,1,0,317;                                                 0000307P0000361
120,313,315,4.71238898,6.283185307;                              0000309P0000362
124,0.,1.,0.,0.7238,1.,0.,0.,1.3738,0.,0.,-1.,0.9;               0000311P0000363
110,0.,0.,1.,0.,0.,0.;                                           0000313P0000364
110,7.62E-02,0.,-1.907478598E-03,7.62E-02,0.,0.151907479;        0000315P0000365
142,0,309,319,337,3;                                             0000317P0000366
102,8,321,323,325,327,329,331,333,335;                           0000319P0000367
126,1,1,1,0,1,0,0.,0.,1.,1.,1.,1.,1.240112556E-02,6.283185307,   0000321P0000368
0.,1.228986776E-02,6.275758966,0.,0.,1.,0.,0.,1.;                0000321P0000369
126,46,3,1,0,1,0,0.,0.,0.,0.,2.272727273E-02,4.545454545E-02,    0000323P0000370
6.818181818E-02,9.090909091E-02,0.113636364,0.136363636,         0000323P0000371
0.159090909,0.181818182,0.204545455,0.227272727,0.25,            0000323P0000372
0.272727273,0.295454545,0.318181818,0.340909091,0.363636364,     0000323P0000373
0.386363636,0.409090909,0.431818182,0.454545455,0.477272727,0.5, 0000323P0000374
0.522727273,0.545454545,0.568181818,0.590909091,0.613636364,     0000323P0000375
0.636363636,0.659090909,0.681818182,0.704545455,0.727272727,     0000323P0000376
0.75,0.772727273,0.795454545,0.818181818,0.840909091,            0000323P0000377
0.863636364,0.886363636,0.909090909,0.931818182,0.954545455,     0000323P0000378
0.977272727,1.,1.,1.,1.,1.,1.,1.,1.,1.,1.,1.,1.,1.,1.,1.,1.,1.,  0000323P0000379
1.,1.,1.,1.,1.,1.,1.,1.,1.,1.,1.,1.,1.,1.,1.,1.,1.,1.,1.,1.,1.,  0000323P0000380
1.,1.,1.,1.,1.,1.,1.,1.,1.,1.,1.,1.,1.,1.228986776E-02,          0000323P0000381
6.275758966,0.,1.193557393E-02,6.26393461,0.,1.123997044E-02,    0000323P0000382
6.240289963,0.,1.023661762E-02,6.204836299,0.,9.274416995E-03,   0000323P0000383
6.169396777,0.,8.354468694E-03,6.133973184,0.,7.477871568E-03,   0000323P0000384
6.098567597,0.,6.645729212E-03,6.06318234,0.,5.859127521E-03,    0000323P0000385
6.027819357,0.,5.119218456E-03,5.992481281,0.,4.426762443E-03,   0000323P0000386
5.957164005,0.,3.782334766E-03,5.921860875,0.,3.186555582E-03,   0000323P0000387
5.886566271,0.,2.640032565E-03,5.851274557,0.,2.143378459E-03,   0000323P0000388
5.815980111,0.,1.697198205E-03,5.780677373,0.,1.302122885E-03,   0000323P0000389
5.745359724,0.,9.586763357E-04,5.710023341,0.,6.67155705E-04,    0000323P0000390
5.674671674,0.,4.278963911E-04,5.639307498,0.,2.41223543E-04,    0000323P0000391
5.603934057,0.,1.07465056E-04,5.568554437,0.,2.694808918E-05,    0000323P0000392
5.533171399,0.,-1.133787169E-15,5.497787144,0.,2.694808918E-05,  0000323P0000393
5.462402888,0.,1.07465056E-04,5.42701985,0.,2.41223543E-04,      0000323P0000394
5.391640231,0.,4.278963911E-04,5.35626679,0.,6.67155705E-04,     0000323P0000395
5.320902613,0.,9.586763357E-04,5.285550946,0.,1.302122885E-03,   0000323P0000396
5.250214564,0.,1.697198205E-03,5.214896915,0.,2.143378459E-03,   0000323P0000397
5.179594177,0.,2.640032565E-03,5.144299731,0.,3.186555582E-03,   0000323P0000398
5.109008017,0.,3.782334766E-03,5.073713412,0.,4.426762443E-03,   0000323P0000399
5.038410282,0.,5.119218456E-03,5.003093007,0.,5.859127521E-03,   0000323P0000400
4.967754931,0.,6.645729212E-03,4.932391947,0.,7.477871568E-03,   0000323P0000401
4.89700669,0.,8.354468694E-03,4.861601104,0.,9.274416995E-03,    0000323P0000402
4.82617751,0.,1.023661762E-02,4.790737988,0.,1.123997044E-02,    0000323P0000403
4.755284324,0.,1.193557393E-02,4.731639678,0.,1.228986776E-02,   0000323P0000404
4.719815322,0.,0.,1.,0.,0.,1.;                                   0000323P0000405
126,1,1,1,0,1,0,0.,0.,1.,1.,1.,1.,1.228986776E-02,4.719815322,   0000325P0000406
0.,1.240112556E-02,4.71238898,0.,0.,1.,0.,0.,1.;                 0000325P0000407
110,1.240112556E-02,4.71238898,0.,0.987598874,4.71238898,0.;     0000327P0000408
126,1,1,1,0,1,0,0.,0.,1.,1.,1.,1.,0.987598874,4.71238898,0.,     0000329P0000409
0.987710132,4.719815322,0.,0.,1.,0.,0.,1.;                       0000329P0000410
126,46,3,1,0,1,0,0.,0.,0.,0.,2.272727273E-02,4.545454545E-02,    0000331P0000411
6.818181818E-02,9.090909091E-02,0.113636364,0.136363636,         0000331P0000412
0.159090909,0.181818182,0.204545455,0.227272727,0.25,            0000331P0000413
0.272727273,0.295454545,0.318181818,0.340909091,0.363636364,     0000331P0000414
0.386363636,0.409090909,0.431818182,0.454545455,0.477272727,0.5, 0000331P0000415
0.522727273,0.545454545,0.568181818,0.590909091,0.613636364,     0000331P0000416
0.636363636,0.659090909,0.681818182,0.704545455,0.727272727,     0000331P0000417
0.75,0.772727273,0.795454545,0.818181818,0.840909091,            0000331P0000418
0.863636364,0.886363636,0.909090909,0.931818182,0.954545455,     0000331P0000419
0.977272727,1.,1.,1.,1.,1.,1.,1.,1.,1.,1.,1.,1.,1.,1.,1.,1.,1.,  0000331P0000420
1.,1.,1.,1.,1.,1.,1.,1.,1.,1.,1.,1.,1.,1.,1.,1.,1.,1.,1.,1.,1.,  0000331P0000421
1.,1.,1.,1.,1.,1.,1.,1.,1.,1.,1.,1.,1.,0.987710132,4.719815322,  0000331P0000422
0.,0.988064426,4.731639678,0.,0.98876003,4.755284324,0.,         0000331P0000423
0.989763382,4.790737988,0.,0.990725583,4.82617751,0.,            0000331P0000424
0.991645531,4.861601104,0.,0.992522128,4.89700669,0.,            0000331P0000425
0.993354271,4.932391947,0.,0.994140872,4.967754931,0.,           0000331P0000426
0.994880782,5.003093007,0.,0.995573238,5.038410282,0.,           0000331P0000427
0.996217665,5.073713412,0.,0.996813444,5.109008017,0.,           0000331P0000428
0.997359967,5.144299731,0.,0.997856622,5.179594177,0.,           0000331P0000429
0.998302802,5.214896915,0.,0.998697877,5.250214564,0.,           0000331P0000430
0.999041324,5.285550946,0.,0.999332844,5.320902613,0.,           0000331P0000431
0.999572104,5.35626679,0.,0.999758776,5.391640231,0.,            0000331P0000432
0.999892535,5.42701985,0.,0.999973052,5.462402888,0.,1.,         0000331P0000433
5.497787144,0.,0.999973052,5.533171399,0.,0.999892535,           0000331P0000434
5.568554437,0.,0.999758776,5.603934057,0.,0.999572104,           0000331P0000435
5.639307498,0.,0.999332844,5.674671674,0.,0.999041324,           0000331P0000436
5.710023341,0.,0.998697877,5.745359724,0.,0.998302802,           0000331P0000437
5.780677373,0.,0.997856622,5.815980111,0.,0.997359967,           0000331P0000438
5.851274557,0.,0.996813444,5.886566271,0.,0.996217665,           0000331P0000439
5.921860875,0.,0.995573238,5.957164005,0.,0.994880782,           0000331P0000440
5.992481281,0.,0.994140872,6.027819357,0.,0.993354271,           0000331P0000441
6.06318234,0.,0.992522128,6.098567597,0.,0.991645531,            0000331P0000442
6.133973184,0.,0.990725583,6.169396777,0.,0.989763382,           0000331P0000443
6.204836299,0.,0.98876003,6.240289963,0.,0.988064426,6.26393461, 0000331P0000444
0.,0.987710132,6.275758966,0.,0.,1.,0.,0.,1.;                    0000331P0000445
126,1,1,1,0,1,0,0.,0.,1.,1.,1.,1.,0.987710132,6.275758966,0.,    0000333P0000446
0.987598874,6.283185307,0.,0.,1.,0.,0.,1.;                       0000333P0000447
110,0.987598874,6.283185307,0.,1.240112556E-02,6.283185307,0.;   0000335P0000448
102,8,339,341,343,345,347,349,351,353;                           0000337P0000449
126,3,3,0,0,1,0,0.,0.,0.,0.,1.,1.,1.,1.,1.,1.,1.,1.,0.7238,1.45, 0000339P0000450
0.9,0.723988802,1.45,0.9,0.724177429,1.449999298,0.900005715,    0000339P0000451
0.724365882,1.449997899,0.900017113,0.,1.,0.,0.,1.;              0000339P0000452
126,8,3,1,0,1,0,0.,0.,0.,0.,0.166666667,0.333333333,0.5,         0000341P0000453
0.666666667,0.833333333,1.,1.,1.,1.,1.,1.,1.,1.,1.,1.,1.,1.,1.,  0000341P0000454
0.724365882,1.449997899,0.900017113,0.730973188,1.44994883,      0000341P0000455
0.900416748,0.744157178,1.448118773,0.901108615,0.762480761,     0000341P0000456
1.440443593,0.90175749,0.778291216,1.428291216,0.9019804,        0000341P0000457
0.790443593,1.412480761,0.90175749,0.798118773,1.394157178,      0000341P0000458
0.901108615,0.79994883,1.380973188,0.900416748,0.799997899,      0000341P0000459
1.374365882,0.900017113,0.,1.,-6.071133334E-02,-6.071133334E-02, 0000341P0000460
0.996307316;                                                     0000341P0000461
126,3,3,0,0,1,0,0.,0.,0.,0.,1.,1.,1.,1.,1.,1.,1.,1.,0.799997899, 0000343P0000462
1.374365882,0.900017113,0.799999298,1.374177429,0.900005715,0.8, 0000343P0000463
1.373988802,0.9,0.8,1.3738,0.9,0.,1.,0.,0.,1.;                   0000343P0000464
110,0.8,1.3738,0.9,0.8,1.3738,0.75;                              0000345P0000465
126,3,3,0,0,1,0,0.,0.,0.,0.,1.,1.,1.,1.,1.,1.,1.,1.,0.8,1.3738,  0000347P0000466
0.75,0.8,1.373988802,0.75,0.799999298,1.374177429,0.749994285,   0000347P0000467
0.799997899,1.374365882,0.749982887,0.,1.,0.,0.,1.;              0000347P0000468
126,8,3,1,0,1,0,0.,0.,0.,0.,0.166666667,0.333333333,0.5,         0000349P0000469
0.666666667,0.833333333,1.,1.,1.,1.,1.,1.,1.,1.,1.,1.,1.,1.,1.,  0000349P0000470
0.799997899,1.374365882,0.749982887,0.79994883,1.380973188,      0000349P0000471
0.749583252,0.798118773,1.394157178,0.748891385,0.790443593,     0000349P0000472
1.412480761,0.74824251,0.778291216,1.428291216,0.7480196,        0000349P0000473
0.762480761,1.440443593,0.74824251,0.744157178,1.448118773,      0000349P0000474
0.748891385,0.730973188,1.44994883,0.749583252,0.724365882,      0000349P0000475
1.449997899,0.749982887,0.,1.,6.071133334E-02,6.071133334E-02,   0000349P0000476
0.996307316;                                                     0000349P0000477
126,3,3,0,0,1,0,0.,0.,0.,0.,1.,1.,1.,1.,1.,1.,1.,1.,0.724365882, 0000351P0000478
1.449997899,0.749982887,0.724177429,1.449999298,0.749994285,     0000351P0000479
0.723988802,1.45,0.75,0.7238,1.45,0.75,0.,1.,0.,0.,1.;           0000351P0000480
110,0.7238,1.45,0.75,0.7238,1.45,0.9;                            0000353P0000481
144,357,1,0,359;                                                 0000355P0000482
108,0.,1.,0.,1.45,0,0.8,1.45,0.9,0.;                             0000357P0000483
142,0,357,0,361,2;                                               0000359P0000484
102,4,363,365,367,369;                                           0000361P0000485
110,0.7238,1.45,0.9,0.7238,1.45,0.75;                            0000363P0000486
110,0.7238,1.45,0.75,-0.7238,1.45,0.75;                          0000365P0000487
110,-0.7238,1.45,0.75,-0.7238,1.45,0.9;                          0000367P0000488
110,-0.7238,1.45,0.9,0.7238,1.45,0.9;                            0000369P0000489
144,373,1,0,375;                                                 0000371P0000490
108,0.,0.992546152,0.121869343,1.548874329,0,0.8,1.45,0.9,0.;    0000373P0000491
142,0,373,0,377,2;                                               0000375P0000492
102,6,379,381,383,385,387,389;                                   0000377P0000493
126,3,3,0,0,1,0,0.,0.,0.,0.,1.,1.,1.,1.,1.,1.,1.,1.,-0.7238,     0000379P0000494
1.45,0.9,-0.723988802,1.45,0.9,-0.724177429,1.449999298,         0000379P0000495
0.900005715,-0.724365882,1.449997899,0.900017113,0.,1.,0.,0.,1.; 0000379P0000496
110,-0.724365882,1.449997899,0.900017113,-0.695748567,           0000381P0000497
1.421380583,1.133086444;                                         0000381P0000498
110,-0.695748567,1.421380583,1.133086444,0.695748567,            0000383P0000499
1.421380583,1.133086444;                                         0000383P0000500
110,0.695748567,1.421380583,1.133086444,0.724365882,1.449997899, 0000385P0000501
0.900017113;                                                     0000385P0000502
126,3,3,0,0,1,0,0.,0.,0.,0.,1.,1.,1.,1.,1.,1.,1.,1.,0.724365882, 0000387P0000503
1.449997899,0.900017113,0.724177429,1.449999298,0.900005715,     0000387P0000504
0.723988802,1.45,0.9,0.7238,1.45,0.9,0.,1.,0.,0.,1.;             0000387P0000505
110,0.7238,1.45,0.9,-0.7238,1.45,0.9;                            0000389P0000506
144,393,1,0,401;                                                 0000391P0000507
120,397,399,4.727241663,6.283185307;                             0000393P0000508
124,-1.068416189E-14,0.992655641,0.120974291,0.724367983,        0000395P0000509
0.992546152,-1.474305743E-02,0.120974291,1.374367983,            0000395P0000510
0.121869343,0.120072567,-0.985256536,0.890713556;                0000395P0000511
110,0.,0.,1.,0.,0.,0.;                                           0000397P0000512
110,7.62E-02,0.,-0.23657437,7.62E-02,0.,1.872996287E-03;         0000399P0000513
142,0,393,403,413,3;                                             0000401P0000514
102,4,405,407,409,411;                                           0000403P0000515
110,1.352582728E-13,6.283185307,0.,1.338093623E-13,4.727241663,  0000405P0000516
0.;                                                              0000405P0000517
110,-1.665334537E-15,4.727241663,0.,0.99207219,4.727241663,0.;   0000407P0000518
126,46,3,1,0,1,0,0.,0.,0.,0.,2.272727273E-02,4.545454545E-02,    0000409P0000519
6.818181818E-02,9.090909091E-02,0.113636364,0.136363636,         0000409P0000520
0.159090909,0.181818182,0.204545455,0.227272727,0.25,            0000409P0000521
0.272727273,0.295454545,0.318181818,0.340909091,0.363636364,     0000409P0000522
0.386363636,0.409090909,0.431818182,0.454545455,0.477272727,0.5, 0000409P0000523
0.522727273,0.545454545,0.568181818,0.590909091,0.613636364,     0000409P0000524
0.636363636,0.659090909,0.681818182,0.704545455,0.727272727,     0000409P0000525
0.75,0.772727273,0.795454545,0.818181818,0.840909091,            0000409P0000526
0.863636364,0.886363636,0.909090909,0.931818182,0.954545455,     0000409P0000527
0.977272727,1.,1.,1.,1.,1.,1.,1.,1.,1.,1.,1.,1.,1.,1.,1.,1.,1.,  0000409P0000528
1.,1.,1.,1.,1.,1.,1.,1.,1.,1.,1.,1.,1.,1.,1.,1.,1.,1.,1.,1.,1.,  0000409P0000529
1.,1.,1.,1.,1.,1.,1.,1.,1.,1.,1.,1.,1.,0.99207219,4.727241663,   0000409P0000530
0.,0.992300734,4.739066019,0.,0.992749446,4.762710666,0.,        0000409P0000531
0.993396677,4.79816433,0.,0.994017363,4.833603852,0.,            0000409P0000532
0.994610793,4.869027445,0.,0.995176258,4.904433032,0.,           0000409P0000533
0.995713047,4.939818289,0.,0.99622046,4.975181272,0.,            0000409P0000534
0.996697752,5.010519348,0.,0.997144434,5.045836624,0.,           0000409P0000535
0.997560134,5.081139754,0.,0.997944452,5.116434358,0.,           0000409P0000536
0.998296997,5.151726072,0.,0.998617373,5.187020518,0.,           0000409P0000537
0.99890519,5.222323256,0.,0.999160041,5.257640905,0.,            0000409P0000538
0.999381588,5.292977288,0.,0.999569639,5.328328955,0.,           0000409P0000539
0.999723977,5.363693131,0.,0.999844394,5.399066572,0.,           0000409P0000540
0.999930678,5.434446192,0.,0.999982617,5.46982923,0.,1.,         0000409P0000541
5.505213485,0.,0.999982617,5.540597741,0.,0.999930678,           0000409P0000542
5.575980779,0.,0.999844394,5.611360398,0.,0.999723977,           0000409P0000543
5.646733839,0.,0.999569639,5.682098016,0.,0.999381588,           0000409P0000544
5.717449683,0.,0.999160041,5.752786066,0.,0.99890519,            0000409P0000545
5.788103714,0.,0.998617373,5.823406453,0.,0.998296997,           0000409P0000546
5.858700898,0.,0.997944452,5.893992612,0.,0.997560134,           0000409P0000547
5.929287217,0.,0.997144434,5.964590347,0.,0.996697752,           0000409P0000548
5.999907622,0.,0.99622046,6.035245698,0.,0.995713047,            0000409P0000549
6.070608682,0.,0.995176258,6.105993939,0.,0.994610793,           0000409P0000550
6.141399525,0.,0.994017363,6.176823119,0.,0.993396677,           0000409P0000551
6.212262641,0.,0.992749446,6.247716305,0.,0.992300734,           0000409P0000552
6.271360951,0.,0.99207219,6.283185307,0.,0.,1.,0.,0.,1.;         0000409P0000553
110,0.99207219,6.283185307,0.,-2.220446049E-16,6.283185307,0.;   0000411P0000554
102,4,415,419,421,423;                                           0000413P0000555
100,0.,0.,0.,7.62E-02,-1.110223025E-16,1.131732829E-03,          0000415P0000556
7.619159521E-02;                                                 0000415P0000557
124,-1.068416189E-14,0.992655641,0.120974291,0.695748567,        0000417P0000558
0.992546152,-1.474305743E-02,0.120974291,1.345748567,            0000417P0000559
0.121869343,0.120072567,-0.985256536,1.1238;                     0000417P0000560
110,0.771380583,1.345748567,1.133086444,0.799997899,1.374365882, 0000419P0000561
0.900017113;                                                     0000419P0000562
126,8,3,1,0,1,0,0.,0.,0.,0.,0.166666667,0.333333333,0.5,         0000421P0000563
0.666666667,0.833333333,1.,1.,1.,1.,1.,1.,1.,1.,1.,1.,1.,1.,1.,  0000421P0000564
0.799997899,1.374365882,0.900017113,0.79994883,1.380973188,      0000421P0000565
0.900416748,0.798118773,1.394157178,0.901108615,0.790443593,     0000421P0000566
1.412480761,0.90175749,0.778291216,1.428291216,0.9019804,        0000421P0000567
0.762480761,1.440443593,0.90175749,0.744157178,1.448118773,      0000421P0000568
0.901108615,0.730973188,1.44994883,0.900416748,0.724365882,      0000421P0000569
1.449997899,0.900017113,0.,1.,-6.071133334E-02,-6.071133334E-02, 0000421P0000570
0.996307316;                                                     0000421P0000571
110,0.724365882,1.449997899,0.900017113,0.695748567,1.421380583, 0000423P0000572
1.133086444;                                                     0000423P0000573
144,427,1,0,437;                                                 0000425P0000574
120,431,433,4.884318241,6.283185307;                             0000427P0000575
124,0.696681578,-0.120974291,0.707106781,0.695748567,            0000429P0000576
0.696681578,-0.120974291,-0.707106781,1.345748567,0.171083483,   0000429P0000577
0.985256536,0.,1.1238;                                           0000429P0000578
110,0.,0.,1.,0.,0.,0.;                                           0000431P0000579
100,0.,0.,0.,5.428018995E-02,-5.347991192E-02,5.428018995E-02,   0000433P0000580
5.347991192E-02;                                                 0000433P0000581
124,1.,0.,0.,0.,0.,0.,-1.,0.,0.,1.,-0.,0.;                       0000435P0000582
142,0,427,439,447,3;                                             0000437P0000583
102,3,441,443,445;                                               0000439P0000584
110,0.777971822,6.283185307,0.,-0.777971822,6.283185307,0.;      0000441P0000585
126,24,3,1,0,1,0,0.,0.,0.,0.,6.584651269E-02,0.131693025,        0000443P0000586
0.197539538,0.263386051,0.329232563,0.395079076,0.460925589,     0000443P0000587
0.526772102,0.592618614,0.658465127,0.72431164,0.790158152,      0000443P0000588
0.856004665,0.921851178,0.98769769,1.053544203,1.119390716,      0000443P0000589
1.185237228,1.251083741,1.316930254,1.382776766,1.448623279,     0000443P0000590
1.448623279,1.448623279,1.448623279,1.,1.,1.,1.,1.,1.,1.,1.,1.,  0000443P0000591
1.,1.,1.,1.,1.,1.,1.,1.,1.,1.,1.,1.,1.,1.,1.,1.,-0.777971822,    0000443P0000592
6.283185307,0.,-0.775320746,6.252588351,0.,-0.768599299,         0000443P0000593
6.191915135,0.,-0.754478757,6.102987835,0.,-0.73652302,          0000443P0000594
6.016718712,0.,-0.714992451,5.933490147,0.,-0.690166382,         0000443P0000595
5.853553208,0.,-0.6623361,5.777023142,0.,-0.631792149,           0000443P0000596
5.703903678,0.,-0.598816504,5.634108808,0.,-0.563676818,         0000443P0000597
5.56748583,0.,-0.526623109,5.503835542,0.,-0.487886239,          0000443P0000598
5.442929077,0.,-0.447677747,5.384521003,0.,-0.406190606,         0000443P0000599
5.328358987,0.,-0.363600574,5.274190515,0.,-0.320067876,         0000443P0000600
5.221767236,0.,-0.27573906,5.170847464,0.,-0.230748887,          0000443P0000601
5.121197319,0.,-0.185222206,5.072590875,0.,-0.139275781,         0000443P0000602
5.02480958,0.,-9.30199635E-02,4.977641296,0.,-4.656059692E-02,   0000443P0000603
4.930878665,0.,-1.552001788E-02,4.899838586,0.,-3.10610885E-16,  0000443P0000604
4.884318241,0.,0.,1.448623279,0.,0.,1.;                          0000443P0000605
126,24,3,1,0,1,0,0.,0.,0.,0.,6.584651269E-02,0.131693025,        0000445P0000606
0.197539538,0.263386051,0.329232563,0.395079076,0.460925589,     0000445P0000607
0.526772102,0.592618614,0.658465127,0.72431164,0.790158152,      0000445P0000608
0.856004665,0.921851178,0.98769769,1.053544203,1.119390716,      0000445P0000609
1.185237228,1.251083741,1.316930254,1.382776766,1.448623279,     0000445P0000610
1.448623279,1.448623279,1.448623279,1.,1.,1.,1.,1.,1.,1.,1.,1.,  0000445P0000611
1.,1.,1.,1.,1.,1.,1.,1.,1.,1.,1.,1.,1.,1.,1.,1.,-3.10610885E-16, 0000445P0000612
4.884318241,0.,1.552001788E-02,4.899838586,0.,4.656059692E-02,   0000445P0000613
4.930878665,0.,9.30199635E-02,4.977641296,0.,0.139275781,        0000445P0000614
5.02480958,0.,0.185222206,5.072590875,0.,0.230748887,            0000445P0000615
5.121197319,0.,0.27573906,5.170847464,0.,0.320067876,            0000445P0000616
5.221767236,0.,0.363600574,5.274190515,0.,0.406190606,           0000445P0000617
5.328358987,0.,0.447677747,5.384521003,0.,0.487886239,           0000445P0000618
5.442929077,0.,0.526623109,5.503835542,0.,0.563676818,           0000445P0000619
5.56748583,0.,0.598816504,5.634108808,0.,0.631792149,            0000445P0000620
5.703903678,0.,0.6623361,5.777023142,0.,0.690166382,5.853553208, 0000445P0000621
0.,0.714992451,5.933490147,0.,0.73652302,6.016718712,0.,         0000445P0000622
0.754478757,6.102987835,0.,0.768599299,6.191915135,0.,           0000445P0000623
0.775320746,6.252588351,0.,0.777971822,6.283185307,0.,0.,        0000445P0000624
1.448623279,0.,0.,1.;                                            0000445P0000625
102,3,449,453,457;                                               0000447P0000626
100,0.,0.,0.,1.131732829E-03,-7.619159521E-02,7.62E-02,          0000449P0000627
1.110223025E-16;                                                 0000449P0000628
124,-1.067895772E-14,-0.992655641,-0.120974291,0.695748567,      0000451P0000629
0.992546152,1.474305743E-02,-0.120974291,1.345748567,            0000451P0000630
0.121869343,-0.120072567,0.985256536,1.1238;                     0000451P0000631
100,0.,0.,0.,9.286443968E-03,-7.563201676E-02,7.62E-02,0.;       0000453P0000632
124,0.,0.,1.,0.695748567,0.,-1.,-0.,1.345748567,1.,0.,0.,1.1238; 0000455P0000633
100,0.,0.,0.,9.286443967E-03,-7.563201676E-02,7.62E-02,          0000457P0000634
-2.220446049E-16;                                                0000457P0000635
124,0.992546152,0.121869343,0.,0.695748567,0.,0.,1.,1.345748567, 0000459P0000636
0.121869343,-0.992546152,0.,1.1238;                              0000459P0000637
144,463,1,0,471;                                                 0000461P0000638
120,467,469,4.834562028,6.283185307;                             0000463P0000639
124,0.,1.,0.,0.695748567,0.,0.,1.,-1.345748567,1.,0.,0.,1.1238;  0000465P0000640
110,0.,0.,1.,0.,0.,0.;                                           0000467P0000641
110,7.62E-02,0.,0.,7.62E-02,0.,2.691497133;                      0000469P0000642
142,0,463,473,483,3;                                             0000471P0000643
102,4,475,477,479,481;                                           0000473P0000644
110,0.,6.283185307,0.,-1.195093169E-16,4.834562028,0.;           0000475P0000645
110,-1.195093169E-16,4.834562028,0.,1.,4.834562028,0.;           0000477P0000646
110,1.,4.834562028,0.,1.,6.283185307,0.;                         0000479P0000647
110,1.,6.283185307,0.,0.,6.283185307,0.;                         0000481P0000648
102,4,485,489,491,495;                                           0000483P0000649
100,0.,0.,0.,7.62E-02,0.,9.286443968E-03,7.563201676E-02;        0000485P0000650
124,0.,1.,0.,0.695748567,0.,0.,1.,-1.345748567,1.,0.,0.,1.1238;  0000487P0000651
110,0.771380583,-1.345748567,1.133086444,0.771380583,            0000489P0000652
1.345748567,1.133086444;                                         0000489P0000653
100,0.,0.,0.,7.62E-02,2.220446049E-16,9.286443967E-03,           0000491P0000654
7.563201676E-02;                                                 0000491P0000655
124,0.992546152,-0.121869343,0.,0.695748567,0.,0.,-1.,           0000493P0000656
1.345748567,0.121869343,0.992546152,0.,1.1238;                   0000493P0000657
110,0.695748567,1.345748567,1.2,0.695748567,-1.345748567,1.2;    0000495P0000658
144,499,1,0,507;                                                 0000497P0000659
120,503,505,4.727241663,6.283185307;                             0000499P0000660
124,-0.992546152,1.474305743E-02,-0.120974291,-0.724367983,      0000501P0000661
-1.068416189E-14,0.992655641,0.120974291,1.374367983,            0000501P0000662
0.121869343,0.120072567,-0.985256536,0.890713556;                0000501P0000663
110,0.,0.,1.,0.,0.,0.;                                           0000503P0000664
110,7.62E-02,0.,-0.23657437,7.62E-02,0.,1.872996287E-03;         0000505P0000665
142,0,499,509,519,3;                                             0000507P0000666
102,4,511,513,515,517;                                           0000509P0000667
110,1.352582728E-13,6.283185307,0.,1.339257635E-13,4.727241663,  0000511P0000668
0.;                                                              0000511P0000669
110,-1.665334537E-15,4.727241663,0.,0.99207219,4.727241663,0.;   0000513P0000670
126,46,3,1,0,1,0,0.,0.,0.,0.,2.272727273E-02,4.545454545E-02,    0000515P0000671
6.818181818E-02,9.090909091E-02,0.113636364,0.136363636,         0000515P0000672
0.159090909,0.181818182,0.204545455,0.227272727,0.25,            0000515P0000673
0.272727273,0.295454545,0.318181818,0.340909091,0.363636364,     0000515P0000674
0.386363636,0.409090909,0.431818182,0.454545455,0.477272727,0.5, 0000515P0000675
0.522727273,0.545454545,0.568181818,0.590909091,0.613636364,     0000515P0000676
0.636363636,0.659090909,0.681818182,0.704545455,0.727272727,     0000515P0000677
0.75,0.772727273,0.795454545,0.818181818,0.840909091,            0000515P0000678
0.863636364,0.886363636,0.909090909,0.931818182,0.954545455,     0000515P0000679
0.977272727,1.,1.,1.,1.,1.,1.,1.,1.,1.,1.,1.,1.,1.,1.,1.,1.,1.,  0000515P0000680
1.,1.,1.,1.,1.,1.,1.,1.,1.,1.,1.,1.,1.,1.,1.,1.,1.,1.,1.,1.,1.,  0000515P0000681
1.,1.,1.,1.,1.,1.,1.,1.,1.,1.,1.,1.,1.,0.99207219,4.727241663,   0000515P0000682
0.,0.992300734,4.739066019,0.,0.992749446,4.762710666,0.,        0000515P0000683
0.993396677,4.79816433,0.,0.994017363,4.833603852,0.,            0000515P0000684
0.994610793,4.869027445,0.,0.995176258,4.904433032,0.,           0000515P0000685
0.995713047,4.939818289,0.,0.99622046,4.975181272,0.,            0000515P0000686
0.996697752,5.010519348,0.,0.997144434,5.045836624,0.,           0000515P0000687
0.997560134,5.081139754,0.,0.997944452,5.116434358,0.,           0000515P0000688
0.998296997,5.151726072,0.,0.998617373,5.187020518,0.,           0000515P0000689
0.99890519,5.222323256,0.,0.999160041,5.257640905,0.,            0000515P0000690
0.999381588,5.292977288,0.,0.999569639,5.328328955,0.,           0000515P0000691
0.999723977,5.363693131,0.,0.999844394,5.399066572,0.,           0000515P0000692
0.999930678,5.434446192,0.,0.999982617,5.46982923,0.,1.,         0000515P0000693
5.505213485,0.,0.999982617,5.540597741,0.,0.999930678,           0000515P0000694
5.575980779,0.,0.999844394,5.611360398,0.,0.999723977,           0000515P0000695
5.646733839,0.,0.999569639,5.682098016,0.,0.999381588,           0000515P0000696
5.717449683,0.,0.999160041,5.752786066,0.,0.99890519,            0000515P0000697
5.788103714,0.,0.998617373,5.823406453,0.,0.998296997,           0000515P0000698
5.858700898,0.,0.997944452,5.893992612,0.,0.997560134,           0000515P0000699
5.929287217,0.,0.997144434,5.964590347,0.,0.996697752,           0000515P0000700
5.999907622,0.,0.99622046,6.035245698,0.,0.995713047,            0000515P0000701
6.070608682,0.,0.995176258,6.105993939,0.,0.994610793,           0000515P0000702
6.141399525,0.,0.994017363,6.176823119,0.,0.993396677,           0000515P0000703
6.212262641,0.,0.992749446,6.247716305,0.,0.992300734,           0000515P0000704
6.271360951,0.,0.99207219,6.283185307,0.,0.,1.,0.,0.,1.;         0000515P0000705
110,0.99207219,6.283185307,0.,-2.220446049E-16,6.283185307,0.;   0000517P0000706
102,4,521,525,527,529;                                           0000519P0000707
100,0.,0.,0.,7.62E-02,0.,1.131732829E-03,7.619159521E-02;        0000521P0000708
124,-0.992546152,1.474305743E-02,-0.120974291,-0.695748567,      0000523P0000709
-1.068416189E-14,0.992655641,0.120974291,1.345748567,            0000523P0000710
0.121869343,0.120072567,-0.985256536,1.1238;                     0000523P0000711
110,-0.695748567,1.421380583,1.133086444,-0.724365882,           0000525P0000712
1.449997899,0.900017113;                                         0000525P0000713
126,8,3,1,0,1,0,0.,0.,0.,0.,0.166666667,0.333333333,0.5,         0000527P0000714
0.666666667,0.833333333,1.,1.,1.,1.,1.,1.,1.,1.,1.,1.,1.,1.,1.,  0000527P0000715
-0.724365882,1.449997899,0.900017113,-0.730973188,1.44994883,    0000527P0000716
0.900416748,-0.744157178,1.448118773,0.901108615,-0.762480761,   0000527P0000717
1.440443593,0.90175749,-0.778291216,1.428291216,0.9019804,       0000527P0000718
-0.790443593,1.412480761,0.90175749,-0.798118773,1.394157178,    0000527P0000719
0.901108615,-0.79994883,1.380973188,0.900416748,-0.799997899,    0000527P0000720
1.374365882,0.900017113,0.,1.,6.071133334E-02,-6.071133334E-02,  0000527P0000721
0.996307316;                                                     0000527P0000722
110,-0.799997899,1.374365882,0.900017113,-0.771380583,           0000529P0000723
1.345748567,1.133086444;                                         0000529P0000724
144,533,1,0,535;                                                 0000531P0000725
108,-0.992546152,0.,0.121869343,0.90371933,0,-0.8,1.45,0.9,0.;   0000533P0000726
142,0,533,0,537,2;                                               0000535P0000727
102,6,539,541,543,545,547,549;                                   0000537P0000728
126,3,3,0,0,1,0,0.,0.,0.,0.,1.,1.,1.,1.,1.,1.,1.,1.,-0.8,        0000539P0000729
-1.3738,0.9,-0.8,-1.373988802,0.9,-0.799999298,-1.374177429,     0000539P0000730
0.900005715,-0.799997899,-1.374365882,0.900017113,0.,1.,0.,0.,   0000539P0000731
1.;                                                              0000539P0000732
110,-0.799997899,-1.374365882,0.900017113,-0.771380583,          0000541P0000733
-1.345748567,1.133086444;                                        0000541P0000734
110,-0.771380583,-1.345748567,1.133086444,-0.771380583,          0000543P0000735
1.345748567,1.133086444;                                         0000543P0000736
110,-0.771380583,1.345748567,1.133086444,-0.799997899,           0000545P0000737
1.374365882,0.900017113;                                         0000545P0000738
126,3,3,0,0,1,0,0.,0.,0.,0.,1.,1.,1.,1.,1.,1.,1.,1.,             0000547P0000739
-0.799997899,1.374365882,0.900017113,-0.799999298,1.374177429,   0000547P0000740
0.900005715,-0.8,1.373988802,0.9,-0.8,1.3738,0.9,0.,1.,0.,0.,1.; 0000547P0000741
110,-0.8,1.3738,0.9,-0.8,-1.3738,0.9;                            0000549P0000742
144,553,1,0,555;                                                 0000551P0000743
108,-1.,0.,0.,0.8,0,-0.8,1.45,0.9,0.;                            0000553P0000744
142,0,553,0,557,2;                                               0000555P0000745
102,4,559,561,563,565;                                           0000557P0000746
110,-0.8,1.3738,0.9,-0.8,1.3738,0.75;                            0000559P0000747
110,-0.8,1.3738,0.75,-0.8,-1.3738,0.75;                          0000561P0000748
110,-0.8,-1.3738,0.75,-0.8,-1.3738,0.9;                          0000563P0000749
110,-0.8,-1.3738,0.9,-0.8,1.3738,0.9;                            0000565P0000750
144,569,1,0,577;                                                 0000567P0000751
120,573,575,4.71238898,6.283185307;                              0000569P0000752
124,0.,-1.,0.,-0.7238,-1.,0.,0.,-1.3738,0.,0.,-1.,0.9;           0000571P0000753
110,0.,0.,1.,0.,0.,0.;                                           0000573P0000754
110,7.62E-02,0.,-1.907478598E-03,7.62E-02,0.,0.151907479;        0000575P0000755
142,0,569,579,597,3;                                             0000577P0000756
102,8,581,583,585,587,589,591,593,595;                           0000579P0000757
126,1,1,1,0,1,0,0.,0.,1.,1.,1.,1.,1.240112556E-02,6.283185307,   0000581P0000758
0.,1.228986776E-02,6.275758966,0.,0.,1.,0.,0.,1.;                0000581P0000759
126,46,3,1,0,1,0,0.,0.,0.,0.,2.272727273E-02,4.545454545E-02,    0000583P0000760
6.818181818E-02,9.090909091E-02,0.113636364,0.136363636,         0000583P0000761
0.159090909,0.181818182,0.204545455,0.227272727,0.25,            0000583P0000762
0.272727273,0.295454545,0.318181818,0.340909091,0.363636364,     0000583P0000763
0.386363636,0.409090909,0.431818182,0.454545455,0.477272727,0.5, 0000583P0000764
0.522727273,0.545454545,0.568181818,0.590909091,0.613636364,     0000583P0000765
0.636363636,0.659090909,0.681818182,0.704545455,0.727272727,     0000583P0000766
0.75,0.772727273,0.795454545,0.818181818,0.840909091,            0000583P0000767
0.863636364,0.886363636,0.909090909,0.931818182,0.954545455,     0000583P0000768
0.977272727,1.,1.,1.,1.,1.,1.,1.,1.,1.,1.,1.,1.,1.,1.,1.,1.,1.,  0000583P0000769
1.,1.,1.,1.,1.,1.,1.,1.,1.,1.,1.,1.,1.,1.,1.,1.,1.,1.,1.,1.,1.,  0000583P0000770
1.,1.,1.,1.,1.,1.,1.,1.,1.,1.,1.,1.,1.,1.228986776E-02,          0000583P0000771
6.275758966,0.,1.193557393E-02,6.26393461,0.,1.123997044E-02,    0000583P0000772
6.240289963,0.,1.023661762E-02,6.204836299,0.,9.274416995E-03,   0000583P0000773
6.169396777,0.,8.354468694E-03,6.133973184,0.,7.477871568E-03,   0000583P0000774
6.098567597,0.,6.645729212E-03,6.06318234,0.,5.859127521E-03,    0000583P0000775
6.027819357,0.,5.119218456E-03,5.992481281,0.,4.426762443E-03,   0000583P0000776
5.957164005,0.,3.782334766E-03,5.921860875,0.,3.186555582E-03,   0000583P0000777
5.886566271,0.,2.640032565E-03,5.851274557,0.,2.143378459E-03,   0000583P0000778
5.815980111,0.,1.697198205E-03,5.780677373,0.,1.302122885E-03,   0000583P0000779
5.745359724,0.,9.586763357E-04,5.710023341,0.,6.67155705E-04,    0000583P0000780
5.674671674,0.,4.278963912E-04,5.639307498,0.,2.41223543E-04,    0000583P0000781
5.603934057,0.,1.07465056E-04,5.568554437,0.,2.694808918E-05,    0000583P0000782
5.533171399,0.,-1.133787169E-15,5.497787144,0.,2.694808918E-05,  0000583P0000783
5.462402888,0.,1.07465056E-04,5.42701985,0.,2.41223543E-04,      0000583P0000784
5.391640231,0.,4.278963911E-04,5.35626679,0.,6.67155705E-04,     0000583P0000785
5.320902613,0.,9.586763357E-04,5.285550946,0.,1.302122885E-03,   0000583P0000786
5.250214564,0.,1.697198205E-03,5.214896915,0.,2.143378459E-03,   0000583P0000787
5.179594177,0.,2.640032565E-03,5.144299731,0.,3.186555582E-03,   0000583P0000788
5.109008017,0.,3.782334766E-03,5.073713412,0.,4.426762443E-03,   0000583P0000789
5.038410282,0.,5.119218456E-03,5.003093007,0.,5.859127521E-03,   0000583P0000790
4.967754931,0.,6.645729212E-03,4.932391947,0.,7.477871568E-03,   0000583P0000791
4.89700669,0.,8.354468694E-03,4.861601104,0.,9.274416995E-03,    0000583P0000792
4.82617751,0.,1.023661762E-02,4.790737988,0.,1.123997044E-02,    0000583P0000793
4.755284324,0.,1.193557393E-02,4.731639678,0.,1.228986776E-02,   0000583P0000794
4.719815322,0.,0.,1.,0.,0.,1.;                                   0000583P0000795
126,1,1,1,0,1,0,0.,0.,1.,1.,1.,1.,1.228986776E-02,4.719815322,   0000585P0000796
0.,1.240112556E-02,4.71238898,0.,0.,1.,0.,0.,1.;                 0000585P0000797
110,1.240112556E-02,4.71238898,0.,0.987598874,4.71238898,0.;     0000587P0000798
126,1,1,1,0,1,0,0.,0.,1.,1.,1.,1.,0.987598874,4.71238898,0.,     0000589P0000799
0.987710132,4.719815322,0.,0.,1.,0.,0.,1.;                       0000589P0000800
126,46,3,1,0,1,0,0.,0.,0.,0.,2.272727273E-02,4.545454545E-02,    0000591P0000801
6.818181818E-02,9.090909091E-02,0.113636364,0.136363636,         0000591P0000802
0.159090909,0.181818182,0.204545455,0.227272727,0.25,            0000591P0000803
0.272727273,0.295454545,0.318181818,0.340909091,0.363636364,     0000591P0000804
0.386363636,0.409090909,0.431818182,0.454545455,0.477272727,0.5, 0000591P0000805
0.522727273,0.545454545,0.568181818,0.590909091,0.613636364,     0000591P0000806
0.636363636,0.659090909,0.681818182,0.704545455,0.727272727,     0000591P0000807
0.75,0.772727273,0.795454545,0.818181818,0.840909091,            0000591P0000808
0.863636364,0.886363636,0.909090909,0.931818182,0.954545455,     0000591P0000809
0.977272727,1.,1.,1.,1.,1.,1.,1.,1.,1.,1.,1.,1.,1.,1.,1.,1.,1.,  0000591P0000810
1.,1.,1.,1.,1.,1.,1.,1.,1.,1.,1.,1.,1.,1.,1.,1.,1.,1.,1.,1.,1.,  0000591P0000811
1.,1.,1.,1.,1.,1.,1.,1.,1.,1.,1.,1.,1.,0.987710132,4.719815322,  0000591P0000812
0.,0.988064426,4.731639678,0.,0.98876003,4.755284324,0.,         0000591P0000813
0.989763382,4.790737988,0.,0.990725583,4.82617751,0.,            0000591P0000814
0.991645531,4.861601104,0.,0.992522128,4.89700669,0.,            0000591P0000815
0.993354271,4.932391947,0.,0.994140872,4.967754931,0.,           0000591P0000816
0.994880782,5.003093007,0.,0.995573238,5.038410282,0.,           0000591P0000817
0.996217665,5.073713412,0.,0.996813444,5.109008017,0.,           0000591P0000818
0.997359967,5.144299731,0.,0.997856622,5.179594177,0.,           0000591P0000819
0.998302802,5.214896915,0.,0.998697877,5.250214564,0.,           0000591P0000820
0.999041324,5.285550946,0.,0.999332844,5.320902613,0.,           0000591P0000821
0.999572104,5.35626679,0.,0.999758776,5.391640231,0.,            0000591P0000822
0.999892535,5.42701985,0.,0.999973052,5.462402888,0.,1.,         0000591P0000823
5.497787144,0.,0.999973052,5.533171399,0.,0.999892535,           0000591P0000824
5.568554437,0.,0.999758776,5.603934057,0.,0.999572104,           0000591P0000825
5.639307498,0.,0.999332844,5.674671674,0.,0.999041324,           0000591P0000826
5.710023341,0.,0.998697877,5.745359724,0.,0.998302802,           0000591P0000827
5.780677373,0.,0.997856622,5.815980111,0.,0.997359967,           0000591P0000828
5.851274557,0.,0.996813444,5.886566271,0.,0.996217665,           0000591P0000829
5.921860875,0.,0.995573238,5.957164005,0.,0.994880782,           0000591P0000830
5.992481281,0.,0.994140872,6.027819357,0.,0.993354271,           0000591P0000831
6.06318234,0.,0.992522128,6.098567597,0.,0.991645531,            0000591P0000832
6.133973184,0.,0.990725583,6.169396777,0.,0.989763382,           0000591P0000833
6.204836299,0.,0.98876003,6.240289963,0.,0.988064426,6.26393461, 0000591P0000834
0.,0.987710132,6.275758966,0.,0.,1.,0.,0.,1.;                    0000591P0000835
126,1,1,1,0,1,0,0.,0.,1.,1.,1.,1.,0.987710132,6.275758966,0.,    0000593P0000836
0.987598874,6.283185307,0.,0.,1.,0.,0.,1.;                       0000593P0000837
110,0.987598874,6.283185307,0.,1.240112556E-02,6.283185307,0.;   0000595P0000838
102,8,599,601,603,605,607,609,611,613;                           0000597P0000839
126,3,3,0,0,1,0,0.,0.,0.,0.,1.,1.,1.,1.,1.,1.,1.,1.,-0.7238,     0000599P0000840
-1.45,0.9,-0.723988802,-1.45,0.9,-0.724177429,-1.449999298,      0000599P0000841
0.900005715,-0.724365882,-1.449997899,0.900017113,0.,1.,0.,0.,   0000599P0000842
1.;                                                              0000599P0000843
126,8,3,1,0,1,0,0.,0.,0.,0.,0.166666667,0.333333333,0.5,         0000601P0000844
0.666666667,0.833333333,1.,1.,1.,1.,1.,1.,1.,1.,1.,1.,1.,1.,1.,  0000601P0000845
-0.724365882,-1.449997899,0.900017113,-0.730973188,-1.44994883,  0000601P0000846
0.900416748,-0.744157178,-1.448118773,0.901108615,-0.762480761,  0000601P0000847
-1.440443593,0.90175749,-0.778291216,-1.428291216,0.9019804,     0000601P0000848
-0.790443593,-1.412480761,0.90175749,-0.798118773,-1.394157178,  0000601P0000849
0.901108615,-0.79994883,-1.380973188,0.900416748,-0.799997899,   0000601P0000850
-1.374365882,0.900017113,0.,1.,6.071133334E-02,6.071133334E-02,  0000601P0000851
0.996307316;                                                     0000601P0000852
126,3,3,0,0,1,0,0.,0.,0.,0.,1.,1.,1.,1.,1.,1.,1.,1.,             0000603P0000853
-0.799997899,-1.374365882,0.900017113,-0.799999298,-1.374177429, 0000603P0000854
0.900005715,-0.8,-1.373988802,0.9,-0.8,-1.3738,0.9,0.,1.,0.,0.,  0000603P0000855
1.;                                                              0000603P0000856
110,-0.8,-1.3738,0.9,-0.8,-1.3738,0.75;                          0000605P0000857
126,3,3,0,0,1,0,0.,0.,0.,0.,1.,1.,1.,1.,1.,1.,1.,1.,-0.8,        0000607P0000858
-1.3738,0.75,-0.8,-1.373988802,0.75,-0.799999298,-1.374177429,   0000607P0000859
0.749994285,-0.799997899,-1.374365882,0.749982887,0.,1.,0.,0.,   0000607P0000860
1.;                                                              0000607P0000861
126,8,3,1,0,1,0,0.,0.,0.,0.,0.166666667,0.333333333,0.5,         0000609P0000862
0.666666667,0.833333333,1.,1.,1.,1.,1.,1.,1.,1.,1.,1.,1.,1.,1.,  0000609P0000863
-0.799997899,-1.374365882,0.749982887,-0.79994883,-1.380973188,  0000609P0000864
0.749583252,-0.798118773,-1.394157178,0.748891385,-0.790443593,  0000609P0000865
-1.412480761,0.74824251,-0.778291216,-1.428291216,0.7480196,     0000609P0000866
-0.762480761,-1.440443593,0.74824251,-0.744157178,-1.448118773,  0000609P0000867
0.748891385,-0.730973188,-1.44994883,0.749583252,-0.724365882,   0000609P0000868
-1.449997899,0.749982887,0.,1.,-6.071133334E-02,                 0000609P0000869
-6.071133334E-02,0.996307316;                                    0000609P0000870
126,3,3,0,0,1,0,0.,0.,0.,0.,1.,1.,1.,1.,1.,1.,1.,1.,             0000611P0000871
-0.724365882,-1.449997899,0.749982887,-0.724177429,-1.449999298, 0000611P0000872
0.749994285,-0.723988802,-1.45,0.75,-0.7238,-1.45,0.75,0.,1.,0., 0000611P0000873
0.,1.;                                                           0000611P0000874
110,-0.7238,-1.45,0.75,-0.7238,-1.45,0.9;                        0000613P0000875
144,617,1,0,619;                                                 0000615P0000876
108,0.,-1.,0.,1.45,0,-0.8,-1.45,0.9,0.;                          0000617P0000877
142,0,617,0,621,2;                                               0000619P0000878
102,4,623,625,627,629;                                           0000621P0000879
110,-0.7238,-1.45,0.9,-0.7238,-1.45,0.75;                        0000623P0000880
110,-0.7238,-1.45,0.75,0.7238,-1.45,0.75;                        0000625P0000881
110,0.7238,-1.45,0.75,0.7238,-1.45,0.9;                          0000627P0000882
110,0.7238,-1.45,0.9,-0.7238,-1.45,0.9;                          0000629P0000883
144,633,1,0,635;                                                 0000631P0000884
108,0.,-0.992546152,0.121869343,1.548874329,0,-0.8,-1.45,0.9,0.; 0000633P0000885
142,0,633,0,637,2;                                               0000635P0000886
102,6,639,641,643,645,647,649;                                   0000637P0000887
126,3,3,0,0,1,0,0.,0.,0.,0.,1.,1.,1.,1.,1.,1.,1.,1.,0.7238,      0000639P0000888
-1.45,0.9,0.723988802,-1.45,0.9,0.724177429,-1.449999298,        0000639P0000889
0.900005715,0.724365882,-1.449997899,0.900017113,0.,1.,0.,0.,1.; 0000639P0000890
110,0.724365882,-1.449997899,0.900017113,0.695748567,            0000641P0000891
-1.421380583,1.133086444;                                        0000641P0000892
110,0.695748567,-1.421380583,1.133086444,-0.695748567,           0000643P0000893
-1.421380583,1.133086444;                                        0000643P0000894
110,-0.695748567,-1.421380583,1.133086444,-0.724365882,          0000645P0000895
-1.449997899,0.900017113;                                        0000645P0000896
126,3,3,0,0,1,0,0.,0.,0.,0.,1.,1.,1.,1.,1.,1.,1.,1.,             0000647P0000897
-0.724365882,-1.449997899,0.900017113,-0.724177429,-1.449999298, 0000647P0000898
0.900005715,-0.723988802,-1.45,0.9,-0.7238,-1.45,0.9,0.,1.,0.,   0000647P0000899
0.,1.;                                                           0000647P0000900
110,-0.7238,-1.45,0.9,0.7238,-1.45,0.9;                          0000649P0000901
144,653,1,0,661;                                                 0000651P0000902
120,657,659,4.727241663,6.283185307;                             0000653P0000903
124,1.068416189E-14,-0.992655641,-0.120974291,-0.724367983,      0000655P0000904
-0.992546152,1.474305743E-02,-0.120974291,-1.374367983,          0000655P0000905
0.121869343,0.120072567,-0.985256536,0.890713556;                0000655P0000906
110,0.,0.,1.,0.,0.,0.;                                           0000657P0000907
110,7.62E-02,0.,-0.23657437,7.62E-02,0.,1.872996287E-03;         0000659P0000908
142,0,653,663,673,3;                                             0000661P0000909
102,4,665,667,669,671;                                           0000663P0000910
110,1.354910753E-13,6.283185307,0.,1.340421648E-13,4.727241663,  0000665P0000911
0.;                                                              0000665P0000912
110,-1.554312234E-15,4.727241663,0.,0.99207219,4.727241663,0.;   0000667P0000913
126,46,3,1,0,1,0,0.,0.,0.,0.,2.272727273E-02,4.545454545E-02,    0000669P0000914
6.818181818E-02,9.090909091E-02,0.113636364,0.136363636,         0000669P0000915
0.159090909,0.181818182,0.204545455,0.227272727,0.25,            0000669P0000916
0.272727273,0.295454545,0.318181818,0.340909091,0.363636364,     0000669P0000917
0.386363636,0.409090909,0.431818182,0.454545455,0.477272727,0.5, 0000669P0000918
0.522727273,0.545454545,0.568181818,0.590909091,0.613636364,     0000669P0000919
0.636363636,0.659090909,0.681818182,0.704545455,0.727272727,     0000669P0000920
0.75,0.772727273,0.795454545,0.818181818,0.840909091,            0000669P0000921
0.863636364,0.886363636,0.909090909,0.931818182,0.954545455,     0000669P0000922
0.977272727,1.,1.,1.,1.,1.,1.,1.,1.,1.,1.,1.,1.,1.,1.,1.,1.,1.,  0000669P0000923
1.,1.,1.,1.,1.,1.,1.,1.,1.,1.,1.,1.,1.,1.,1.,1.,1.,1.,1.,1.,1.,  0000669P0000924
1.,1.,1.,1.,1.,1.,1.,1.,1.,1.,1.,1.,1.,0.99207219,4.727241663,   0000669P0000925
0.,0.992300734,4.739066019,0.,0.992749446,4.762710666,0.,        0000669P0000926
0.993396677,4.79816433,0.,0.994017363,4.833603852,0.,            0000669P0000927
0.994610793,4.869027445,0.,0.995176258,4.904433032,0.,           0000669P0000928
0.995713047,4.939818289,0.,0.99622046,4.975181272,0.,            0000669P0000929
0.996697752,5.010519348,0.,0.997144434,5.045836624,0.,           0000669P0000930
0.997560134,5.081139754,0.,0.997944452,5.116434358,0.,           0000669P0000931
0.998296997,5.151726072,0.,0.998617373,5.187020518,0.,           0000669P0000932
0.99890519,5.222323256,0.,0.999160041,5.257640905,0.,            0000669P0000933
0.999381588,5.292977288,0.,0.999569639,5.328328955,0.,           0000669P0000934
0.999723977,5.363693131,0.,0.999844394,5.399066572,0.,           0000669P0000935
0.999930678,5.434446192,0.,0.999982617,5.46982923,0.,1.,         0000669P0000936
5.505213485,0.,0.999982617,5.540597741,0.,0.999930678,           0000669P0000937
5.575980779,0.,0.999844394,5.611360398,0.,0.999723977,           0000669P0000938
5.646733839,0.,0.999569639,5.682098016,0.,0.999381588,           0000669P0000939
5.717449683,0.,0.999160041,5.752786066,0.,0.99890519,            0000669P0000940
5.788103714,0.,0.998617373,5.823406453,0.,0.998296997,           0000669P0000941
5.858700898,0.,0.997944452,5.893992612,0.,0.997560134,           0000669P0000942
5.929287217,0.,0.997144434,5.964590347,0.,0.996697752,           0000669P0000943
5.999907622,0.,0.99622046,6.035245698,0.,0.995713047,            0000669P0000944
6.070608682,0.,0.995176258,6.105993939,0.,0.994610793,           0000669P0000945
6.141399525,0.,0.994017363,6.176823119,0.,0.993396677,           0000669P0000946
6.212262641,0.,0.992749446,6.247716305,0.,0.992300734,           0000669P0000947
6.271360951,0.,0.99207219,6.283185307,0.,0.,1.,0.,0.,1.;         0000669P0000948
110,0.99207219,6.283185307,0.,-2.220446049E-16,6.283185307,0.;   0000671P0000949
102,4,675,679,681,683;                                           0000673P0000950
100,0.,0.,0.,7.62E-02,-1.110223025E-16,1.131732829E-03,          0000675P0000951
7.619159521E-02;                                                 0000675P0000952
124,1.068416189E-14,-0.992655641,-0.120974291,-0.695748567,      0000677P0000953
-0.992546152,1.474305743E-02,-0.120974291,-1.345748567,          0000677P0000954
0.121869343,0.120072567,-0.985256536,1.1238;                     0000677P0000955
110,-0.771380583,-1.345748567,1.133086444,-0.799997899,          0000679P0000956
-1.374365882,0.900017113;                                        0000679P0000957
126,8,3,1,0,1,0,0.,0.,0.,0.,0.166666667,0.333333333,0.5,         0000681P0000958
0.666666667,0.833333333,1.,1.,1.,1.,1.,1.,1.,1.,1.,1.,1.,1.,1.,  0000681P0000959
-0.799997899,-1.374365882,0.900017113,-0.79994883,-1.380973188,  0000681P0000960
0.900416748,-0.798118773,-1.394157178,0.901108615,-0.790443593,  0000681P0000961
-1.412480761,0.90175749,-0.778291216,-1.428291216,0.9019804,     0000681P0000962
-0.762480761,-1.440443593,0.90175749,-0.744157178,-1.448118773,  0000681P0000963
0.901108615,-0.730973188,-1.44994883,0.900416748,-0.724365882,   0000681P0000964
-1.449997899,0.900017113,0.,1.,6.071133334E-02,6.071133334E-02,  0000681P0000965
0.996307316;                                                     0000681P0000966
110,-0.724365882,-1.449997899,0.900017113,-0.695748567,          0000683P0000967
-1.421380583,1.133086444;                                        0000683P0000968
144,687,1,0,695;                                                 0000685P0000969
120,691,693,4.71238898,6.283185307;                              0000687P0000970
124,1.,0.,0.,0.7238,0.,-1.,0.,-1.3738,0.,0.,-1.,0.9;             0000689P0000971
110,0.,0.,1.,0.,0.,0.;                                           0000691P0000972
110,7.62E-02,0.,-1.907478598E-03,7.62E-02,0.,0.151907479;        0000693P0000973
142,0,687,697,715,3;                                             0000695P0000974
102,8,699,701,703,705,707,709,711,713;                           0000697P0000975
126,1,1,1,0,1,0,0.,0.,1.,1.,1.,1.,1.240112556E-02,6.283185307,   0000699P0000976
0.,1.228986776E-02,6.275758966,0.,0.,1.,0.,0.,1.;                0000699P0000977
126,46,3,1,0,1,0,0.,0.,0.,0.,2.272727273E-02,4.545454545E-02,    0000701P0000978
6.818181818E-02,9.090909091E-02,0.113636364,0.136363636,         0000701P0000979
0.159090909,0.181818182,0.204545455,0.227272727,0.25,            0000701P0000980
0.272727273,0.295454545,0.318181818,0.340909091,0.363636364,     0000701P0000981
0.386363636,0.409090909,0.431818182,0.454545455,0.477272727,0.5, 0000701P0000982
0.522727273,0.545454545,0.568181818,0.590909091,0.613636364,     0000701P0000983
0.636363636,0.659090909,0.681818182,0.704545455,0.727272727,     0000701P0000984
0.75,0.772727273,0.795454545,0.818181818,0.840909091,            0000701P0000985
0.863636364,0.886363636,0.909090909,0.931818182,0.954545455,     0000701P0000986
0.977272727,1.,1.,1.,1.,1.,1.,1.,1.,1.,1.,1.,1.,1.,1.,1.,1.,1.,  0000701P0000987
1.,1.,1.,1.,1.,1.,1.,1.,1.,1.,1.,1.,1.,1.,1.,1.,1.,1.,1.,1.,1.,  0000701P0000988
1.,1.,1.,1.,1.,1.,1.,1.,1.,1.,1.,1.,1.,1.228986776E-02,          0000701P0000989
6.275758966,0.,1.193557393E-02,6.26393461,0.,1.123997044E-02,    0000701P0000990
6.240289963,0.,1.023661762E-02,6.204836299,0.,9.274416995E-03,   0000701P0000991
6.169396777,0.,8.354468694E-03,6.133973184,0.,7.477871568E-03,   0000701P0000992
6.098567597,0.,6.645729212E-03,6.06318234,0.,5.859127521E-03,    0000701P0000993
6.027819357,0.,5.119218456E-03,5.992481281,0.,4.426762443E-03,   0000701P0000994
5.957164005,0.,3.782334766E-03,5.921860875,0.,3.186555582E-03,   0000701P0000995
5.886566271,0.,2.640032565E-03,5.851274557,0.,2.143378459E-03,   0000701P0000996
5.815980111,0.,1.697198205E-03,5.780677373,0.,1.302122885E-03,   0000701P0000997
5.745359724,0.,9.586763357E-04,5.710023341,0.,6.67155705E-04,    0000701P0000998
5.674671674,0.,4.278963911E-04,5.639307498,0.,2.41223543E-04,    0000701P0000999
5.603934057,0.,1.07465056E-04,5.568554437,0.,2.694808918E-05,    0000701P0001000
5.533171399,0.,-1.133787169E-15,5.497787144,0.,2.694808918E-05,  0000701P0001001
5.462402888,0.,1.07465056E-04,5.42701985,0.,2.41223543E-04,      0000701P0001002
5.391640231,0.,4.278963911E-04,5.35626679,0.,6.67155705E-04,     0000701P0001003
5.320902613,0.,9.586763357E-04,5.285550946,0.,1.302122885E-03,   0000701P0001004
5.250214564,0.,1.697198205E-03,5.214896915,0.,2.143378459E-03,   0000701P0001005
5.179594177,0.,2.640032565E-03,5.144299731,0.,3.186555582E-03,   0000701P0001006
5.109008017,0.,3.782334766E-03,5.073713412,0.,4.426762443E-03,   0000701P0001007
5.038410282,0.,5.119218456E-03,5.003093007,0.,5.859127521E-03,   0000701P0001008
4.967754931,0.,6.645729212E-03,4.932391947,0.,7.477871568E-03,   0000701P0001009
4.89700669,0.,8.354468694E-03,4.861601104,0.,9.274416995E-03,    0000701P0001010
4.82617751,0.,1.023661762E-02,4.790737988,0.,1.123997044E-02,    0000701P0001011
4.755284324,0.,1.193557393E-02,4.731639678,0.,1.228986776E-02,   0000701P0001012
4.719815322,0.,0.,1.,0.,0.,1.;                                   0000701P0001013
126,1,1,1,0,1,0,0.,0.,1.,1.,1.,1.,1.228986776E-02,4.719815322,   0000703P0001014
0.,1.240112556E-02,4.71238898,0.,0.,1.,0.,0.,1.;                 0000703P0001015
110,1.240112556E-02,4.71238898,0.,0.987598874,4.71238898,0.;     0000705P0001016
126,1,1,1,0,1,0,0.,0.,1.,1.,1.,1.,0.987598874,4.71238898,0.,     0000707P0001017
0.987710132,4.719815322,0.,0.,1.,0.,0.,1.;                       0000707P0001018
126,46,3,1,0,1,0,0.,0.,0.,0.,2.272727273E-02,4.545454545E-02,    0000709P0001019
6.818181818E-02,9.090909091E-02,0.113636364,0.136363636,         0000709P0001020
0.159090909,0.181818182,0.204545455,0.227272727,0.25,            0000709P0001021
0.272727273,0.295454545,0.318181818,0.340909091,0.363636364,     0000709P0001022
0.386363636,0.409090909,0.431818182,0.454545455,0.477272727,0.5, 0000709P0001023
0.522727273,0.545454545,0.568181818,0.590909091,0.613636364,     0000709P0001024
0.636363636,0.659090909,0.681818182,0.704545455,0.727272727,     0000709P0001025
0.75,0.772727273,0.795454545,0.818181818,0.840909091,            0000709P0001026
0.863636364,0.886363636,0.909090909,0.931818182,0.954545455,     0000709P0001027
0.977272727,1.,1.,1.,1.,1.,1.,1.,1.,1.,1.,1.,1.,1.,1.,1.,1.,1.,  0000709P0001028
1.,1.,1.,1.,1.,1.,1.,1.,1.,1.,1.,1.,1.,1.,1.,1.,1.,1.,1.,1.,1.,  0000709P0001029
1.,1.,1.,1.,1.,1.,1.,1.,1.,1.,1.,1.,1.,0.987710132,4.719815322,  0000709P0001030
0.,0.988064426,4.731639678,0.,0.98876003,4.755284324,0.,         0000709P0001031
0.989763382,4.790737988,0.,0.990725583,4.82617751,0.,            0000709P0001032
0.991645531,4.861601104,0.,0.992522128,4.89700669,0.,            0000709P0001033
0.993354271,4.932391947,0.,0.994140872,4.967754931,0.,           0000709P0001034
0.994880782,5.003093007,0.,0.995573238,5.038410282,0.,           0000709P0001035
0.996217665,5.073713412,0.,0.996813444,5.109008017,0.,           0000709P0001036
0.997359967,5.144299731,0.,0.997856622,5.179594177,0.,           0000709P0001037
0.998302802,5.214896915,0.,0.998697877,5.250214564,0.,           0000709P0001038
0.999041324,5.285550946,0.,0.999332844,5.320902613,0.,           0000709P0001039
0.999572104,5.35626679,0.,0.999758776,5.391640231,0.,            0000709P0001040
0.999892535,5.42701985,0.,0.999973052,5.462402888,0.,1.,         0000709P0001041
5.497787144,0.,0.999973052,5.533171399,0.,0.999892535,           0000709P0001042
5.568554437,0.,0.999758776,5.603934057,0.,0.999572104,           0000709P0001043
5.639307498,0.,0.999332844,5.674671674,0.,0.999041324,           0000709P0001044
5.710023341,0.,0.998697877,5.745359724,0.,0.998302802,           0000709P0001045
5.780677373,0.,0.997856622,5.815980111,0.,0.997359967,           0000709P0001046
5.851274557,0.,0.996813444,5.886566271,0.,0.996217665,           0000709P0001047
5.921860875,0.,0.995573238,5.957164005,0.,0.994880782,           0000709P0001048
5.992481281,0.,0.994140872,6.027819357,0.,0.993354271,           0000709P0001049
6.06318234,0.,0.992522128,6.098567597,0.,0.991645531,            0000709P0001050
6.133973184,0.,0.990725583,6.169396777,0.,0.989763382,           0000709P0001051
6.204836299,0.,0.98876003,6.240289963,0.,0.988064426,6.26393461, 0000709P0001052
0.,0.987710132,6.275758966,0.,0.,1.,0.,0.,1.;                    0000709P0001053
126,1,1,1,0,1,0,0.,0.,1.,1.,1.,1.,0.987710132,6.275758966,0.,    0000711P0001054
0.987598874,6.283185307,0.,0.,1.,0.,0.,1.;                       0000711P0001055
110,0.987598874,6.283185307,0.,1.240112556E-02,6.283185307,0.;   0000713P0001056
102,8,717,719,721,723,725,727,729,731;                           0000715P0001057
126,3,3,0,0,1,0,0.,0.,0.,0.,1.,1.,1.,1.,1.,1.,1.,1.,0.8,-1.3738, 0000717P0001058
0.9,0.8,-1.373988802,0.9,0.799999298,-1.374177429,0.900005715,   0000717P0001059
0.799997899,-1.374365882,0.900017113,0.,1.,0.,0.,1.;             0000717P0001060
126,8,3,1,0,1,0,0.,0.,0.,0.,0.166666667,0.333333333,0.5,         0000719P0001061
0.666666667,0.833333333,1.,1.,1.,1.,1.,1.,1.,1.,1.,1.,1.,1.,1.,  0000719P0001062
0.799997899,-1.374365882,0.900017113,0.79994883,-1.380973188,    0000719P0001063
0.900416748,0.798118773,-1.394157178,0.901108615,0.790443593,    0000719P0001064
-1.412480761,0.90175749,0.778291216,-1.428291216,0.9019804,      0000719P0001065
0.762480761,-1.440443593,0.90175749,0.744157178,-1.448118773,    0000719P0001066
0.901108615,0.730973188,-1.44994883,0.900416748,0.724365882,     0000719P0001067
-1.449997899,0.900017113,0.,1.,-6.071133334E-02,6.071133334E-02, 0000719P0001068
0.996307316;                                                     0000719P0001069
126,3,3,0,0,1,0,0.,0.,0.,0.,1.,1.,1.,1.,1.,1.,1.,1.,0.724365882, 0000721P0001070
-1.449997899,0.900017113,0.724177429,-1.449999298,0.900005715,   0000721P0001071
0.723988802,-1.45,0.9,0.7238,-1.45,0.9,0.,1.,0.,0.,1.;           0000721P0001072
110,0.7238,-1.45,0.9,0.7238,-1.45,0.75;                          0000723P0001073
126,3,3,0,0,1,0,0.,0.,0.,0.,1.,1.,1.,1.,1.,1.,1.,1.,0.7238,      0000725P0001074
-1.45,0.75,0.723988802,-1.45,0.75,0.724177429,-1.449999298,      0000725P0001075
0.749994285,0.724365882,-1.449997899,0.749982887,0.,1.,0.,0.,1.; 0000725P0001076
126,8,3,1,0,1,0,0.,0.,0.,0.,0.166666667,0.333333333,0.5,         0000727P0001077
0.666666667,0.833333333,1.,1.,1.,1.,1.,1.,1.,1.,1.,1.,1.,1.,1.,  0000727P0001078
0.724365882,-1.449997899,0.749982887,0.730973188,-1.44994883,    0000727P0001079
0.749583252,0.744157178,-1.448118773,0.748891385,0.762480761,    0000727P0001080
-1.440443593,0.74824251,0.778291216,-1.428291216,0.7480196,      0000727P0001081
0.790443593,-1.412480761,0.74824251,0.798118773,-1.394157178,    0000727P0001082
0.748891385,0.79994883,-1.380973188,0.749583252,0.799997899,     0000727P0001083
-1.374365882,0.749982887,0.,1.,6.071133334E-02,-6.071133334E-02, 0000727P0001084
0.996307316;                                                     0000727P0001085
126,3,3,0,0,1,0,0.,0.,0.,0.,1.,1.,1.,1.,1.,1.,1.,1.,0.799997899, 0000729P0001086
-1.374365882,0.749982887,0.799999298,-1.374177429,0.749994285,   0000729P0001087
0.8,-1.373988802,0.75,0.8,-1.3738,0.75,0.,1.,0.,0.,1.;           0000729P0001088
110,0.8,-1.3738,0.75,0.8,-1.3738,0.9;                            0000731P0001089
144,735,1,0,737;                                                 0000733P0001090
108,0.992546152,-0.,-0.121869343,0.702634914,0,0.8,1.45,0.75,0.; 0000735P0001091
142,0,735,0,739,2;                                               0000737P0001092
102,6,741,743,745,747,749,751;                                   0000739P0001093
126,3,3,0,0,1,0,0.,0.,0.,0.,1.,1.,1.,1.,1.,1.,1.,1.,0.8,-1.3738, 0000741P0001094
0.75,0.8,-1.373988802,0.75,0.799999298,-1.374177429,0.749994285, 0000741P0001095
0.799997899,-1.374365882,0.749982887,0.,1.,0.,0.,1.;             0000741P0001096
110,0.799997899,-1.374365882,0.749982887,0.728405987,            0000743P0001097
-1.30277397,0.166913556;                                         0000743P0001098
110,0.728405987,-1.30277397,0.166913556,0.728405987,1.30277397,  0000745P0001099
0.166913556;                                                     0000745P0001100
110,0.728405987,1.30277397,0.166913556,0.799997899,1.374365882,  0000747P0001101
0.749982887;                                                     0000747P0001102
126,3,3,0,0,1,0,0.,0.,0.,0.,1.,1.,1.,1.,1.,1.,1.,1.,0.799997899, 0000749P0001103
1.374365882,0.749982887,0.799999298,1.374177429,0.749994285,0.8, 0000749P0001104
1.373988802,0.75,0.8,1.3738,0.75,0.,1.,0.,0.,1.;                 0000749P0001105
110,0.8,1.3738,0.75,0.8,-1.3738,0.75;                            0000751P0001106
144,755,1,0,763;                                                 0000753P0001107
120,759,761,4.727241663,6.283185307;                             0000755P0001108
124,0.992546152,-1.474305743E-02,0.120974291,0.724367983,        0000757P0001109
-1.068416189E-14,0.992655641,0.120974291,1.374367983,            0000757P0001110
-0.121869343,-0.120072567,0.985256536,0.759286444;               0000757P0001111
110,0.,0.,1.,0.,0.,0.;                                           0000759P0001112
110,7.62E-02,0.,-0.5918118,7.62E-02,0.,1.872996287E-03;          0000761P0001113
142,0,755,765,775,3;                                             0000763P0001114
102,4,767,769,771,773;                                           0000765P0001115
110,5.441859085E-14,6.283185307,0.,5.383665091E-14,4.727241663,  0000767P0001116
0.;                                                              0000767P0001117
110,-8.881784197E-16,4.727241663,0.,0.996815877,4.727241663,0.;  0000769P0001118
126,46,3,1,0,1,0,0.,0.,0.,0.,2.272727273E-02,4.545454545E-02,    0000771P0001119
6.818181818E-02,9.090909091E-02,0.113636364,0.136363636,         0000771P0001120
0.159090909,0.181818182,0.204545455,0.227272727,0.25,            0000771P0001121
0.272727273,0.295454545,0.318181818,0.340909091,0.363636364,     0000771P0001122
0.386363636,0.409090909,0.431818182,0.454545455,0.477272727,0.5, 0000771P0001123
0.522727273,0.545454545,0.568181818,0.590909091,0.613636364,     0000771P0001124
0.636363636,0.659090909,0.681818182,0.704545455,0.727272727,     0000771P0001125
0.75,0.772727273,0.795454545,0.818181818,0.840909091,            0000771P0001126
0.863636364,0.886363636,0.909090909,0.931818182,0.954545455,     0000771P0001127
0.977272727,1.,1.,1.,1.,1.,1.,1.,1.,1.,1.,1.,1.,1.,1.,1.,1.,1.,  0000771P0001128
1.,1.,1.,1.,1.,1.,1.,1.,1.,1.,1.,1.,1.,1.,1.,1.,1.,1.,1.,1.,1.,  0000771P0001129
1.,1.,1.,1.,1.,1.,1.,1.,1.,1.,1.,1.,1.,0.996815877,4.727241663,  0000771P0001130
0.,0.996907669,4.739066019,0.,0.99708789,4.762710666,0.,         0000771P0001131
0.997347844,4.79816433,0.,0.997597136,4.833603852,0.,            0000771P0001132
0.997835481,4.869027445,0.,0.998062594,4.904433032,0.,           0000771P0001133
0.99827819,4.939818289,0.,0.998481987,4.975181272,0.,            0000771P0001134
0.998673686,5.010519348,0.,0.998853091,5.045836624,0.,           0000771P0001135
0.999020053,5.081139754,0.,0.999174411,5.116434358,0.,           0000771P0001136
0.999316007,5.151726072,0.,0.999444682,5.187020518,0.,           0000771P0001137
0.999560281,5.222323256,0.,0.999662639,5.257640905,0.,           0000771P0001138
0.999751621,5.292977288,0.,0.99982715,5.328328955,0.,            0000771P0001139
0.999889138,5.363693131,0.,0.999937503,5.399066572,0.,           0000771P0001140
0.999972157,5.434446192,0.,0.999993018,5.46982923,0.,1.,         0000771P0001141
5.505213485,0.,0.999993018,5.540597741,0.,0.999972157,           0000771P0001142
5.575980779,0.,0.999937503,5.611360398,0.,0.999889138,           0000771P0001143
5.646733839,0.,0.99982715,5.682098016,0.,0.999751621,            0000771P0001144
5.717449683,0.,0.999662639,5.752786066,0.,0.999560281,           0000771P0001145
5.788103714,0.,0.999444682,5.823406453,0.,0.999316007,           0000771P0001146
5.858700898,0.,0.999174411,5.893992612,0.,0.999020053,           0000771P0001147
5.929287217,0.,0.998853091,5.964590347,0.,0.998673686,           0000771P0001148
5.999907622,0.,0.998481987,6.035245698,0.,0.99827819,            0000771P0001149
6.070608682,0.,0.998062594,6.105993939,0.,0.997835481,           0000771P0001150
6.141399525,0.,0.997597136,6.176823119,0.,0.997347844,           0000771P0001151
6.212262641,0.,0.99708789,6.247716305,0.,0.996907669,            0000771P0001152
6.271360951,0.,0.996815877,6.283185307,0.,0.,1.,0.,0.,1.;        0000771P0001153
110,0.996815877,6.283185307,0.,1.998401444E-14,6.283185307,0.;   0000773P0001154
102,4,777,781,783,785;                                           0000775P0001155
100,0.,0.,0.,7.62E-02,-2.220446049E-16,1.131732829E-03,          0000777P0001156
7.619159521E-02;                                                 0000777P0001157
124,0.992546152,-1.474305743E-02,0.120974291,0.65277397,         0000779P0001158
-1.068416189E-14,0.992655641,0.120974291,1.30277397,             0000779P0001159
-0.121869343,-0.120072567,0.985256536,0.1762;                    0000779P0001160
110,0.65277397,1.378405987,0.166913556,0.724365882,1.449997899,  0000781P0001161
0.749982887;                                                     0000781P0001162
126,8,3,1,0,1,0,0.,0.,0.,0.,0.166666667,0.333333333,0.5,         0000783P0001163
0.666666667,0.833333333,1.,1.,1.,1.,1.,1.,1.,1.,1.,1.,1.,1.,1.,  0000783P0001164
0.724365882,1.449997899,0.749982887,0.730973188,1.44994883,      0000783P0001165
0.749583252,0.744157178,1.448118773,0.748891385,0.762480761,     0000783P0001166
1.440443593,0.74824251,0.778291216,1.428291216,0.7480196,        0000783P0001167
0.790443593,1.412480761,0.74824251,0.798118773,1.394157178,      0000783P0001168
0.748891385,0.79994883,1.380973188,0.749583252,0.799997899,      0000783P0001169
1.374365882,0.749982887,0.,1.,6.071133334E-02,6.071133334E-02,   0000783P0001170
0.996307316;                                                     0000783P0001171
110,0.799997899,1.374365882,0.749982887,0.728405987,1.30277397,  0000785P0001172
0.166913556;                                                     0000785P0001173
144,789,1,0,791;                                                 0000787P0001174
108,-0.,0.992546152,-0.121869343,1.347789912,0,-0.8,1.45,0.75,   0000789P0001175
0.;                                                              0000789P0001176
142,0,789,0,793,2;                                               0000791P0001177
102,6,795,797,799,801,803,805;                                   0000793P0001178
126,3,3,0,0,1,0,0.,0.,0.,0.,1.,1.,1.,1.,1.,1.,1.,1.,0.7238,1.45, 0000795P0001179
0.75,0.723988802,1.45,0.75,0.724177429,1.449999298,0.749994285,  0000795P0001180
0.724365882,1.449997899,0.749982887,0.,1.,0.,0.,1.;              0000795P0001181
110,0.724365882,1.449997899,0.749982887,0.65277397,1.378405987,  0000797P0001182
0.166913556;                                                     0000797P0001183
110,0.65277397,1.378405987,0.166913556,-0.65277397,1.378405987,  0000799P0001184
0.166913556;                                                     0000799P0001185
110,-0.65277397,1.378405987,0.166913556,-0.724365882,            0000801P0001186
1.449997899,0.749982887;                                         0000801P0001187
126,3,3,0,0,1,0,0.,0.,0.,0.,1.,1.,1.,1.,1.,1.,1.,1.,             0000803P0001188
-0.724365882,1.449997899,0.749982887,-0.724177429,1.449999298,   0000803P0001189
0.749994285,-0.723988802,1.45,0.75,-0.7238,1.45,0.75,0.,1.,0.,   0000803P0001190
0.,1.;                                                           0000803P0001191
110,-0.7238,1.45,0.75,0.7238,1.45,0.75;                          0000805P0001192
144,809,1,0,817;                                                 0000807P0001193
120,813,815,4.71238898,6.283185307;                              0000809P0001194
124,-1.,0.,0.,-0.7238,0.,1.,0.,1.3738,0.,0.,-1.,0.9;             0000811P0001195
110,0.,0.,1.,0.,0.,0.;                                           0000813P0001196
110,7.62E-02,0.,-1.907478598E-03,7.62E-02,0.,0.151907479;        0000815P0001197
142,0,809,819,837,3;                                             0000817P0001198
102,8,821,823,825,827,829,831,833,835;                           0000819P0001199
126,1,1,1,0,1,0,0.,0.,1.,1.,1.,1.,1.240112556E-02,6.283185307,   0000821P0001200
0.,1.228986776E-02,6.275758966,0.,0.,1.,0.,0.,1.;                0000821P0001201
126,46,3,1,0,1,0,0.,0.,0.,0.,2.272727273E-02,4.545454545E-02,    0000823P0001202
6.818181818E-02,9.090909091E-02,0.113636364,0.136363636,         0000823P0001203
0.159090909,0.181818182,0.204545455,0.227272727,0.25,            0000823P0001204
0.272727273,0.295454545,0.318181818,0.340909091,0.363636364,     0000823P0001205
0.386363636,0.409090909,0.431818182,0.454545455,0.477272727,0.5, 0000823P0001206
0.522727273,0.545454545,0.568181818,0.590909091,0.613636364,     0000823P0001207
0.636363636,0.659090909,0.681818182,0.704545455,0.727272727,     0000823P0001208
0.75,0.772727273,0.795454545,0.818181818,0.840909091,            0000823P0001209
0.863636364,0.886363636,0.909090909,0.931818182,0.954545455,     0000823P0001210
0.977272727,1.,1.,1.,1.,1.,1.,1.,1.,1.,1.,1.,1.,1.,1.,1.,1.,1.,  0000823P0001211
1.,1.,1.,1.,1.,1.,1.,1.,1.,1.,1.,1.,1.,1.,1.,1.,1.,1.,1.,1.,1.,  0000823P0001212
1.,1.,1.,1.,1.,1.,1.,1.,1.,1.,1.,1.,1.,1.228986776E-02,          0000823P0001213
6.275758966,0.,1.193557393E-02,6.26393461,0.,1.123997044E-02,    0000823P0001214
6.240289963,0.,1.023661762E-02,6.204836299,0.,9.274416995E-03,   0000823P0001215
6.169396777,0.,8.354468694E-03,6.133973184,0.,7.477871568E-03,   0000823P0001216
6.098567597,0.,6.645729212E-03,6.06318234,0.,5.859127521E-03,    0000823P0001217
6.027819357,0.,5.119218456E-03,5.992481281,0.,4.426762443E-03,   0000823P0001218
5.957164005,0.,3.782334766E-03,5.921860875,0.,3.186555582E-03,   0000823P0001219
5.886566271,0.,2.640032565E-03,5.851274557,0.,2.143378459E-03,   0000823P0001220
5.815980111,0.,1.697198205E-03,5.780677373,0.,1.302122885E-03,   0000823P0001221
5.745359724,0.,9.586763357E-04,5.710023341,0.,6.67155705E-04,    0000823P0001222
5.674671674,0.,4.278963911E-04,5.639307498,0.,2.41223543E-04,    0000823P0001223
5.603934057,0.,1.07465056E-04,5.568554437,0.,2.694808918E-05,    0000823P0001224
5.533171399,0.,-1.133787169E-15,5.497787144,0.,2.694808918E-05,  0000823P0001225
5.462402888,0.,1.07465056E-04,5.42701985,0.,2.41223543E-04,      0000823P0001226
5.391640231,0.,4.278963911E-04,5.35626679,0.,6.67155705E-04,     0000823P0001227
5.320902613,0.,9.586763357E-04,5.285550946,0.,1.302122885E-03,   0000823P0001228
5.250214564,0.,1.697198205E-03,5.214896915,0.,2.143378459E-03,   0000823P0001229
5.179594177,0.,2.640032565E-03,5.144299731,0.,3.186555582E-03,   0000823P0001230
5.109008017,0.,3.782334766E-03,5.073713412,0.,4.426762443E-03,   0000823P0001231
5.038410282,0.,5.119218456E-03,5.003093007,0.,5.859127521E-03,   0000823P0001232
4.967754931,0.,6.645729212E-03,4.932391947,0.,7.477871568E-03,   0000823P0001233
4.89700669,0.,8.354468694E-03,4.861601104,0.,9.274416995E-03,    0000823P0001234
4.82617751,0.,1.023661762E-02,4.790737988,0.,1.123997044E-02,    0000823P0001235
4.755284324,0.,1.193557393E-02,4.731639678,0.,1.228986776E-02,   0000823P0001236
4.719815322,0.,0.,1.,0.,0.,1.;                                   0000823P0001237
126,1,1,1,0,1,0,0.,0.,1.,1.,1.,1.,1.228986776E-02,4.719815322,   0000825P0001238
0.,1.240112556E-02,4.71238898,0.,0.,1.,0.,0.,1.;                 0000825P0001239
110,1.240112556E-02,4.71238898,0.,0.987598874,4.71238898,0.;     0000827P0001240
126,1,1,1,0,1,0,0.,0.,1.,1.,1.,1.,0.987598874,4.71238898,0.,     0000829P0001241
0.987710132,4.719815322,0.,0.,1.,0.,0.,1.;                       0000829P0001242
126,46,3,1,0,1,0,0.,0.,0.,0.,2.272727273E-02,4.545454545E-02,    0000831P0001243
6.818181818E-02,9.090909091E-02,0.113636364,0.136363636,         0000831P0001244
0.159090909,0.181818182,0.204545455,0.227272727,0.25,            0000831P0001245
0.272727273,0.295454545,0.318181818,0.340909091,0.363636364,     0000831P0001246
0.386363636,0.409090909,0.431818182,0.454545455,0.477272727,0.5, 0000831P0001247
0.522727273,0.545454545,0.568181818,0.590909091,0.613636364,     0000831P0001248
0.636363636,0.659090909,0.681818182,0.704545455,0.727272727,     0000831P0001249
0.75,0.772727273,0.795454545,0.818181818,0.840909091,            0000831P0001250
0.863636364,0.886363636,0.909090909,0.931818182,0.954545455,     0000831P0001251
0.977272727,1.,1.,1.,1.,1.,1.,1.,1.,1.,1.,1.,1.,1.,1.,1.,1.,1.,  0000831P0001252
1.,1.,1.,1.,1.,1.,1.,1.,1.,1.,1.,1.,1.,1.,1.,1.,1.,1.,1.,1.,1.,  0000831P0001253
1.,1.,1.,1.,1.,1.,1.,1.,1.,1.,1.,1.,1.,0.987710132,4.719815322,  0000831P0001254
0.,0.988064426,4.731639678,0.,0.98876003,4.755284324,0.,         0000831P0001255
0.989763382,4.790737988,0.,0.990725583,4.82617751,0.,            0000831P0001256
0.991645531,4.861601104,0.,0.992522128,4.89700669,0.,            0000831P0001257
0.993354271,4.932391947,0.,0.994140872,4.967754931,0.,           0000831P0001258
0.994880782,5.003093007,0.,0.995573238,5.038410282,0.,           0000831P0001259
0.996217665,5.073713412,0.,0.996813444,5.109008017,0.,           0000831P0001260
0.997359967,5.144299731,0.,0.997856622,5.179594177,0.,           0000831P0001261
0.998302802,5.214896915,0.,0.998697877,5.250214564,0.,           0000831P0001262
0.999041324,5.285550946,0.,0.999332844,5.320902613,0.,           0000831P0001263
0.999572104,5.35626679,0.,0.999758776,5.391640231,0.,            0000831P0001264
0.999892535,5.42701985,0.,0.999973052,5.462402888,0.,1.,         0000831P0001265
5.497787144,0.,0.999973052,5.533171399,0.,0.999892535,           0000831P0001266
5.568554437,0.,0.999758776,5.603934057,0.,0.999572104,           0000831P0001267
5.639307498,0.,0.999332844,5.674671674,0.,0.999041324,           0000831P0001268
5.710023341,0.,0.998697877,5.745359724,0.,0.998302802,           0000831P0001269
5.780677373,0.,0.997856622,5.815980111,0.,0.997359967,           0000831P0001270
5.851274557,0.,0.996813444,5.886566271,0.,0.996217665,           0000831P0001271
5.921860875,0.,0.995573238,5.957164005,0.,0.994880782,           0000831P0001272
5.992481281,0.,0.994140872,6.027819357,0.,0.993354271,           0000831P0001273
6.06318234,0.,0.992522128,6.098567597,0.,0.991645531,            0000831P0001274
6.133973184,0.,0.990725583,6.169396777,0.,0.989763382,           0000831P0001275
6.204836299,0.,0.98876003,6.240289963,0.,0.988064426,6.26393461, 0000831P0001276
0.,0.987710132,6.275758966,0.,0.,1.,0.,0.,1.;                    0000831P0001277
126,1,1,1,0,1,0,0.,0.,1.,1.,1.,1.,0.987710132,6.275758966,0.,    0000833P0001278
0.987598874,6.283185307,0.,0.,1.,0.,0.,1.;                       0000833P0001279
110,0.987598874,6.283185307,0.,1.240112556E-02,6.283185307,0.;   0000835P0001280
102,8,839,841,843,845,847,849,851,853;                           0000837P0001281
126,3,3,0,0,1,0,0.,0.,0.,0.,1.,1.,1.,1.,1.,1.,1.,1.,-0.8,1.3738, 0000839P0001282
0.9,-0.8,1.373988802,0.9,-0.799999298,1.374177429,0.900005715,   0000839P0001283
-0.799997899,1.374365882,0.900017113,0.,1.,0.,0.,1.;             0000839P0001284
126,8,3,1,0,1,0,0.,0.,0.,0.,0.166666667,0.333333333,0.5,         0000841P0001285
0.666666667,0.833333333,1.,1.,1.,1.,1.,1.,1.,1.,1.,1.,1.,1.,1.,  0000841P0001286
-0.799997899,1.374365882,0.900017113,-0.79994883,1.380973188,    0000841P0001287
0.900416748,-0.798118773,1.394157178,0.901108615,-0.790443593,   0000841P0001288
1.412480761,0.90175749,-0.778291216,1.428291216,0.9019804,       0000841P0001289
-0.762480761,1.440443593,0.90175749,-0.744157178,1.448118773,    0000841P0001290
0.901108615,-0.730973188,1.44994883,0.900416748,-0.724365882,    0000841P0001291
1.449997899,0.900017113,0.,1.,6.071133334E-02,-6.071133334E-02,  0000841P0001292
0.996307316;                                                     0000841P0001293
126,3,3,0,0,1,0,0.,0.,0.,0.,1.,1.,1.,1.,1.,1.,1.,1.,             0000843P0001294
-0.724365882,1.449997899,0.900017113,-0.724177429,1.449999298,   0000843P0001295
0.900005715,-0.723988802,1.45,0.9,-0.7238,1.45,0.9,0.,1.,0.,0.,  0000843P0001296
1.;                                                              0000843P0001297
110,-0.7238,1.45,0.9,-0.7238,1.45,0.75;                          0000845P0001298
126,3,3,0,0,1,0,0.,0.,0.,0.,1.,1.,1.,1.,1.,1.,1.,1.,-0.7238,     0000847P0001299
1.45,0.75,-0.723988802,1.45,0.75,-0.724177429,1.449999298,       0000847P0001300
0.749994285,-0.724365882,1.449997899,0.749982887,0.,1.,0.,0.,1.; 0000847P0001301
126,8,3,1,0,1,0,0.,0.,0.,0.,0.166666667,0.333333333,0.5,         0000849P0001302
0.666666667,0.833333333,1.,1.,1.,1.,1.,1.,1.,1.,1.,1.,1.,1.,1.,  0000849P0001303
-0.724365882,1.449997899,0.749982887,-0.730973188,1.44994883,    0000849P0001304
0.749583252,-0.744157178,1.448118773,0.748891385,-0.762480761,   0000849P0001305
1.440443593,0.74824251,-0.778291216,1.428291216,0.7480196,       0000849P0001306
-0.790443593,1.412480761,0.74824251,-0.798118773,1.394157178,    0000849P0001307
0.748891385,-0.79994883,1.380973188,0.749583252,-0.799997899,    0000849P0001308
1.374365882,0.749982887,0.,1.,-6.071133334E-02,6.071133334E-02,  0000849P0001309
0.996307316;                                                     0000849P0001310
126,3,3,0,0,1,0,0.,0.,0.,0.,1.,1.,1.,1.,1.,1.,1.,1.,             0000851P0001311
-0.799997899,1.374365882,0.749982887,-0.799999298,1.374177429,   0000851P0001312
0.749994285,-0.8,1.373988802,0.75,-0.8,1.3738,0.75,0.,1.,0.,0.,  0000851P0001313
1.;                                                              0000851P0001314
110,-0.8,1.3738,0.75,-0.8,1.3738,0.9;                            0000853P0001315
144,857,1,0,859;                                                 0000855P0001316
108,-0.992546152,0.,-0.121869343,0.702634914,0,-0.8,-1.45,0.75,  0000857P0001317
0.;                                                              0000857P0001318
142,0,857,0,861,2;                                               0000859P0001319
102,6,863,865,867,869,871,873;                                   0000861P0001320
126,3,3,0,0,1,0,0.,0.,0.,0.,1.,1.,1.,1.,1.,1.,1.,1.,-0.8,1.3738, 0000863P0001321
0.75,-0.8,1.373988802,0.75,-0.799999298,1.374177429,0.749994285, 0000863P0001322
-0.799997899,1.374365882,0.749982887,0.,1.,0.,0.,1.;             0000863P0001323
110,-0.799997899,1.374365882,0.749982887,-0.728405987,           0000865P0001324
1.30277397,0.166913556;                                          0000865P0001325
110,-0.728405987,1.30277397,0.166913556,-0.728405987,            0000867P0001326
-1.30277397,0.166913556;                                         0000867P0001327
110,-0.728405987,-1.30277397,0.166913556,-0.799997899,           0000869P0001328
-1.374365882,0.749982887;                                        0000869P0001329
126,3,3,0,0,1,0,0.,0.,0.,0.,1.,1.,1.,1.,1.,1.,1.,1.,             0000871P0001330
-0.799997899,-1.374365882,0.749982887,-0.799999298,-1.374177429, 0000871P0001331
0.749994285,-0.8,-1.373988802,0.75,-0.8,-1.3738,0.75,0.,1.,0.,   0000871P0001332
0.,1.;                                                           0000871P0001333
110,-0.8,-1.3738,0.75,-0.8,1.3738,0.75;                          0000873P0001334
144,877,1,0,885;                                                 0000875P0001335
120,881,883,4.727241663,6.283185307;                             0000877P0001336
124,-0.992546152,1.474305743E-02,-0.120974291,-0.724367983,      0000879P0001337
1.068416189E-14,-0.992655641,-0.120974291,-1.374367983,          0000879P0001338
-0.121869343,-0.120072567,0.985256536,0.759286444;               0000879P0001339
110,0.,0.,1.,0.,0.,0.;                                           0000881P0001340
110,7.62E-02,0.,-0.5918118,7.62E-02,0.,1.872996287E-03;          0000883P0001341
142,0,877,887,897,3;                                             0000885P0001342
102,4,889,891,893,895;                                           0000887P0001343
110,5.441859085E-14,6.283185307,0.,5.383665091E-14,4.727241663,  0000889P0001344
0.;                                                              0000889P0001345
110,-8.881784197E-16,4.727241663,0.,0.996815877,4.727241663,0.;  0000891P0001346
126,46,3,1,0,1,0,0.,0.,0.,0.,2.272727273E-02,4.545454545E-02,    0000893P0001347
6.818181818E-02,9.090909091E-02,0.113636364,0.136363636,         0000893P0001348
0.159090909,0.181818182,0.204545455,0.227272727,0.25,            0000893P0001349
0.272727273,0.295454545,0.318181818,0.340909091,0.363636364,     0000893P0001350
0.386363636,0.409090909,0.431818182,0.454545455,0.477272727,0.5, 0000893P0001351
0.522727273,0.545454545,0.568181818,0.590909091,0.613636364,     0000893P0001352
0.636363636,0.659090909,0.681818182,0.704545455,0.727272727,     0000893P0001353
0.75,0.772727273,0.795454545,0.818181818,0.840909091,            0000893P0001354
0.863636364,0.886363636,0.909090909,0.931818182,0.954545455,     0000893P0001355
0.977272727,1.,1.,1.,1.,1.,1.,1.,1.,1.,1.,1.,1.,1.,1.,1.,1.,1.,  0000893P0001356
1.,1.,1.,1.,1.,1.,1.,1.,1.,1.,1.,1.,1.,1.,1.,1.,1.,1.,1.,1.,1.,  0000893P0001357
1.,1.,1.,1.,1.,1.,1.,1.,1.,1.,1.,1.,1.,0.996815877,4.727241663,  0000893P0001358
0.,0.996907669,4.739066019,0.,0.99708789,4.762710666,0.,         0000893P0001359
0.997347844,4.79816433,0.,0.997597136,4.833603852,0.,            0000893P0001360
0.997835481,4.869027445,0.,0.998062594,4.904433032,0.,           0000893P0001361
0.99827819,4.939818289,0.,0.998481987,4.975181272,0.,            0000893P0001362
0.998673686,5.010519348,0.,0.998853091,5.045836624,0.,           0000893P0001363
0.999020053,5.081139754,0.,0.999174411,5.116434358,0.,           0000893P0001364
0.999316007,5.151726072,0.,0.999444682,5.187020518,0.,           0000893P0001365
0.999560281,5.222323256,0.,0.999662639,5.257640905,0.,           0000893P0001366
0.999751621,5.292977288,0.,0.99982715,5.328328955,0.,            0000893P0001367
0.999889138,5.363693131,0.,0.999937503,5.399066572,0.,           0000893P0001368
0.999972157,5.434446192,0.,0.999993018,5.46982923,0.,1.,         0000893P0001369
5.505213485,0.,0.999993018,5.540597741,0.,0.999972157,           0000893P0001370
5.575980779,0.,0.999937503,5.611360398,0.,0.999889138,           0000893P0001371
5.646733839,0.,0.99982715,5.682098016,0.,0.999751621,            0000893P0001372
5.717449683,0.,0.999662639,5.752786066,0.,0.999560281,           0000893P0001373
5.788103714,0.,0.999444682,5.823406453,0.,0.999316007,           0000893P0001374
5.858700898,0.,0.999174411,5.893992612,0.,0.999020053,           0000893P0001375
5.929287217,0.,0.998853091,5.964590347,0.,0.998673686,           0000893P0001376
5.999907622,0.,0.998481987,6.035245698,0.,0.99827819,            0000893P0001377
6.070608682,0.,0.998062594,6.105993939,0.,0.997835481,           0000893P0001378
6.141399525,0.,0.997597136,6.176823119,0.,0.997347844,           0000893P0001379
6.212262641,0.,0.99708789,6.247716305,0.,0.996907669,            0000893P0001380
6.271360951,0.,0.996815877,6.283185307,0.,0.,1.,0.,0.,1.;        0000893P0001381
110,0.996815877,6.283185307,0.,1.998401444E-14,6.283185307,0.;   0000895P0001382
102,4,899,903,905,907;                                           0000897P0001383
100,0.,0.,0.,7.62E-02,-2.220446049E-16,1.131732829E-03,          0000899P0001384
7.619159521E-02;                                                 0000899P0001385
124,-0.992546152,1.474305743E-02,-0.120974291,-0.65277397,       0000901P0001386
1.068416189E-14,-0.992655641,-0.120974291,-1.30277397,           0000901P0001387
-0.121869343,-0.120072567,0.985256536,0.1762;                    0000901P0001388
110,-0.65277397,-1.378405987,0.166913556,-0.724365882,           0000903P0001389
-1.449997899,0.749982887;                                        0000903P0001390
126,8,3,1,0,1,0,0.,0.,0.,0.,0.166666667,0.333333333,0.5,         0000905P0001391
0.666666667,0.833333333,1.,1.,1.,1.,1.,1.,1.,1.,1.,1.,1.,1.,1.,  0000905P0001392
-0.724365882,-1.449997899,0.749982887,-0.730973188,-1.44994883,  0000905P0001393
0.749583252,-0.744157178,-1.448118773,0.748891385,-0.762480761,  0000905P0001394
-1.440443593,0.74824251,-0.778291216,-1.428291216,0.7480196,     0000905P0001395
-0.790443593,-1.412480761,0.74824251,-0.798118773,-1.394157178,  0000905P0001396
0.748891385,-0.79994883,-1.380973188,0.749583252,-0.799997899,   0000905P0001397
-1.374365882,0.749982887,0.,1.,-6.071133334E-02,                 0000905P0001398
-6.071133334E-02,0.996307316;                                    0000905P0001399
110,-0.799997899,-1.374365882,0.749982887,-0.728405987,          0000907P0001400
-1.30277397,0.166913556;                                         0000907P0001401
144,911,1,0,913;                                                 0000909P0001402
108,0.,-0.992546152,-0.121869343,1.347789912,0,0.8,-1.45,0.75,   0000911P0001403
0.;                                                              0000911P0001404
142,0,911,0,915,2;                                               0000913P0001405
102,6,917,919,921,923,925,927;                                   0000915P0001406
126,3,3,0,0,1,0,0.,0.,0.,0.,1.,1.,1.,1.,1.,1.,1.,1.,-0.7238,     0000917P0001407
-1.45,0.75,-0.723988802,-1.45,0.75,-0.724177429,-1.449999298,    0000917P0001408
0.749994285,-0.724365882,-1.449997899,0.749982887,0.,1.,0.,0.,   0000917P0001409
1.;                                                              0000917P0001410
110,-0.724365882,-1.449997899,0.749982887,-0.65277397,           0000919P0001411
-1.378405987,0.166913556;                                        0000919P0001412
110,-0.65277397,-1.378405987,0.166913556,0.65277397,             0000921P0001413
-1.378405987,0.166913556;                                        0000921P0001414
110,0.65277397,-1.378405987,0.166913556,0.724365882,             0000923P0001415
-1.449997899,0.749982887;                                        0000923P0001416
126,3,3,0,0,1,0,0.,0.,0.,0.,1.,1.,1.,1.,1.,1.,1.,1.,0.724365882, 0000925P0001417
-1.449997899,0.749982887,0.724177429,-1.449999298,0.749994285,   0000925P0001418
0.723988802,-1.45,0.75,0.7238,-1.45,0.75,0.,1.,0.,0.,1.;         0000925P0001419
110,0.7238,-1.45,0.75,-0.7238,-1.45,0.75;                        0000927P0001420
144,931,1,0,939;                                                 0000929P0001421
120,935,937,4.727241663,6.283185307;                             0000931P0001422
124,-1.068416189E-14,0.992655641,0.120974291,0.724367983,        0000933P0001423
-0.992546152,1.474305743E-02,-0.120974291,-1.374367983,          0000933P0001424
-0.121869343,-0.120072567,0.985256536,0.759286444;               0000933P0001425
110,0.,0.,1.,0.,0.,0.;                                           0000935P0001426
110,7.62E-02,0.,-0.5918118,7.62E-02,0.,1.872996287E-03;          0000937P0001427
142,0,931,941,951,3;                                             0000939P0001428
102,4,943,945,947,949;                                           0000941P0001429
110,5.441859085E-14,6.283185307,0.,5.402365638E-14,4.727241663,  0000943P0001430
0.;                                                              0000943P0001431
110,1.942890293E-14,4.727241663,0.,0.996815877,4.727241663,0.;   0000945P0001432
126,46,3,1,0,1,0,0.,0.,0.,0.,2.272727273E-02,4.545454545E-02,    0000947P0001433
6.818181818E-02,9.090909091E-02,0.113636364,0.136363636,         0000947P0001434
0.159090909,0.181818182,0.204545455,0.227272727,0.25,            0000947P0001435
0.272727273,0.295454545,0.318181818,0.340909091,0.363636364,     0000947P0001436
0.386363636,0.409090909,0.431818182,0.454545455,0.477272727,0.5, 0000947P0001437
0.522727273,0.545454545,0.568181818,0.590909091,0.613636364,     0000947P0001438
0.636363636,0.659090909,0.681818182,0.704545455,0.727272727,     0000947P0001439
0.75,0.772727273,0.795454545,0.818181818,0.840909091,            0000947P0001440
0.863636364,0.886363636,0.909090909,0.931818182,0.954545455,     0000947P0001441
0.977272727,1.,1.,1.,1.,1.,1.,1.,1.,1.,1.,1.,1.,1.,1.,1.,1.,1.,  0000947P0001442
1.,1.,1.,1.,1.,1.,1.,1.,1.,1.,1.,1.,1.,1.,1.,1.,1.,1.,1.,1.,1.,  0000947P0001443
1.,1.,1.,1.,1.,1.,1.,1.,1.,1.,1.,1.,1.,0.996815877,4.727241663,  0000947P0001444
0.,0.996907669,4.739066019,0.,0.99708789,4.762710666,0.,         0000947P0001445
0.997347844,4.79816433,0.,0.997597136,4.833603852,0.,            0000947P0001446
0.997835481,4.869027445,0.,0.998062594,4.904433032,0.,           0000947P0001447
0.99827819,4.939818289,0.,0.998481987,4.975181272,0.,            0000947P0001448
0.998673686,5.010519348,0.,0.998853091,5.045836624,0.,           0000947P0001449
0.999020053,5.081139754,0.,0.999174411,5.116434358,0.,           0000947P0001450
0.999316007,5.151726072,0.,0.999444682,5.187020518,0.,           0000947P0001451
0.999560281,5.222323256,0.,0.999662639,5.257640905,0.,           0000947P0001452
0.999751621,5.292977288,0.,0.99982715,5.328328955,0.,            0000947P0001453
0.999889138,5.363693131,0.,0.999937503,5.399066572,0.,           0000947P0001454
0.999972157,5.434446192,0.,0.999993018,5.46982923,0.,1.,         0000947P0001455
5.505213485,0.,0.999993018,5.540597741,0.,0.999972157,           0000947P0001456
5.575980779,0.,0.999937503,5.611360398,0.,0.999889138,           0000947P0001457
5.646733839,0.,0.99982715,5.682098016,0.,0.999751621,            0000947P0001458
5.717449683,0.,0.999662639,5.752786066,0.,0.999560281,           0000947P0001459
5.788103714,0.,0.999444682,5.823406453,0.,0.999316007,           0000947P0001460
5.858700898,0.,0.999174411,5.893992612,0.,0.999020053,           0000947P0001461
5.929287217,0.,0.998853091,5.964590347,0.,0.998673686,           0000947P0001462
5.999907622,0.,0.998481987,6.035245698,0.,0.99827819,            0000947P0001463
6.070608682,0.,0.998062594,6.105993939,0.,0.997835481,           0000947P0001464
6.141399525,0.,0.997597136,6.176823119,0.,0.997347844,           0000947P0001465
6.212262641,0.,0.99708789,6.247716305,0.,0.996907669,            0000947P0001466
6.271360951,0.,0.996815877,6.283185307,0.,0.,1.,0.,0.,1.;        0000947P0001467
110,0.996815877,6.283185307,0.,-3.330669074E-16,6.283185307,0.;  0000949P0001468
102,4,953,957,959,961;                                           0000951P0001469
100,0.,0.,0.,7.62E-02,0.,1.131732829E-03,7.619159521E-02;        0000953P0001470
124,-1.068416189E-14,0.992655641,0.120974291,0.65277397,         0000955P0001471
-0.992546152,1.474305743E-02,-0.120974291,-1.30277397,           0000955P0001472
-0.121869343,-0.120072567,0.985256536,0.1762;                    0000955P0001473
110,0.728405987,-1.30277397,0.166913556,0.799997899,             0000957P0001474
-1.374365882,0.749982887;                                        0000957P0001475
126,8,3,1,0,1,0,0.,0.,0.,0.,0.166666667,0.333333333,0.5,         0000959P0001476
0.666666667,0.833333333,1.,1.,1.,1.,1.,1.,1.,1.,1.,1.,1.,1.,1.,  0000959P0001477
0.799997899,-1.374365882,0.749982887,0.79994883,-1.380973188,    0000959P0001478
0.749583252,0.798118773,-1.394157178,0.748891385,0.790443593,    0000959P0001479
-1.412480761,0.74824251,0.778291216,-1.428291216,0.7480196,      0000959P0001480
0.762480761,-1.440443593,0.74824251,0.744157178,-1.448118773,    0000959P0001481
0.748891385,0.730973188,-1.44994883,0.749583252,0.724365882,     0000959P0001482
-1.449997899,0.749982887,0.,1.,6.071133334E-02,-6.071133334E-02, 0000959P0001483
0.996307316;                                                     0000959P0001484
110,0.724365882,-1.449997899,0.749982887,0.65277397,             0000961P0001485
-1.378405987,0.166913556;                                        0000961P0001486
144,965,1,0,975;                                                 0000963P0001487
120,969,971,4.804091261,6.283185307;                             0000965P0001488
124,0.662620048,0.,-0.748955721,0.65277397,-0.,-1.,0.,           0000967P0001489
-1.30277397,-0.748955721,0.,-0.662620048,0.1762;                 0000967P0001490
110,0.,0.,1.,0.,0.,0.;                                           0000969P0001491
100,0.,0.,0.,5.707042592E-02,-5.049164767E-02,5.707020433E-02,   0000971P0001492
5.049189814E-02;                                                 0000971P0001493
124,1.,0.,0.,0.,0.,0.,-1.,0.,0.,1.,-0.,0.;                       0000973P0001494
142,0,965,977,985,3;                                             0000975P0001495
102,3,979,981,983;                                               0000977P0001496
110,0.72431164,6.283185307,0.,-0.72431164,6.283185307,0.;        0000979P0001497
126,24,3,1,0,1,0,0.,0.,0.,0.,7.072471108E-02,0.141449422,        0000981P0001498
0.212174133,0.282898844,0.353623555,0.424348267,0.495072978,     0000981P0001499
0.565797689,0.6365224,0.707247111,0.777971822,0.848696533,       0000981P0001500
0.919421244,0.990145955,1.060870666,1.131595377,1.202320088,     0000981P0001501
1.2730448,1.343769511,1.414494222,1.485218933,1.555943644,       0000981P0001502
1.555943644,1.555943644,1.555943644,1.,1.,1.,1.,1.,1.,1.,1.,1.,  0000981P0001503
1.,1.,1.,1.,1.,1.,1.,1.,1.,1.,1.,1.,1.,1.,1.,1.,-0.72431164,     0000981P0001504
6.283185307,0.,-0.721463941,6.251929013,0.,-0.714298472,         0000981P0001505
6.189928441,0.,-0.699369425,6.098953293,0.,-0.680472176,         0000981P0001506
6.010546345,0.,-0.657877917,5.925065162,0.,-0.631877581,         0000981P0001507
5.842741917,0.,-0.602774877,5.763678779,0.,-0.570873479,         0000981P0001508
5.687870716,0.,-0.53646911,5.615225861,0.,-0.499843694,          0000981P0001509
5.545587138,0.,-0.461261981,5.478751298,0.,-0.420969978,         0000981P0001510
5.414484826,0.,-0.379194779,5.352536379,0.,-0.336145359,         0000981P0001511
5.29264597,0.,-0.292013999,5.234551357,0.,-0.246978091,          0000981P0001512
5.177992161,0.,-0.201202147,5.122712195,0.,-0.154839886,         0000981P0001513
5.068460476,0.,-0.108036342,5.014991244,0.,-6.092993506E-02,     0000981P0001514
4.962063318,0.,-1.365454508E-02,4.909438944,0.,3.365860061E-02,  0000981P0001515
4.856882476,0.,6.513852322E-02,4.82173312,0.,8.084109467E-02,    0000981P0001516
4.804091261,0.,0.,1.555943644,0.,0.,1.;                          0000981P0001517
126,24,3,1,0,1,0,0.,0.,0.,0.,6.584651269E-02,0.131693025,        0000983P0001518
0.197539538,0.263386051,0.329232563,0.395079076,0.460925589,     0000983P0001519
0.526772102,0.592618614,0.658465127,0.72431164,0.790158152,      0000983P0001520
0.856004665,0.921851178,0.98769769,1.053544203,1.119390716,      0000983P0001521
1.185237228,1.251083741,1.316930254,1.382776766,1.448623279,     0000983P0001522
1.448623279,1.448623279,1.448623279,1.,1.,1.,1.,1.,1.,1.,1.,1.,  0000983P0001523
1.,1.,1.,1.,1.,1.,1.,1.,1.,1.,1.,1.,1.,1.,1.,1.,8.084109467E-02, 0000983P0001524
4.804091261,0.,9.53233765E-02,4.820638101,0.,0.124223118,        0000983P0001525
4.853847413,0.,0.16726379,4.904201848,0.,0.209883017,            0000983P0001526
4.955289095,0.,0.251961403,5.007305799,0.,0.293373245,           0000983P0001527
5.060451832,0.,0.333984573,5.114930408,0.,0.373651899,           0000983P0001528
5.170947089,0.,0.412220856,5.228708034,0.,0.449525023,           0000983P0001529
5.28841708,0.,0.485384998,5.350271417,0.,0.519607863,            0000983P0001530
5.414455556,0.,0.551987234,5.481133342,0.,0.582304131,           0000983P0001531
5.550437878,0.,0.610328915,5.622459454,0.,0.635824569,           0000983P0001532
5.697231907,0.,0.658551548,5.774718348,0.,0.67827425,            0000983P0001533
5.854797807,0.,0.694769234,5.937254708,0.,0.707834056,           0000983P0001534
6.021774223,0.,0.71729891,6.107943595,0.,0.723029399,            0000983P0001535
6.195269301,0.,0.724316028,6.253876084,0.,0.72431164,            0000983P0001536
6.283185307,0.,0.,1.448623279,0.,0.,1.;                          0000983P0001537
102,3,987,991,995;                                               0000985P0001538
100,0.,0.,0.,9.286443967E-03,-7.563201676E-02,7.62E-02,          0000987P0001539
-5.551115123E-17;                                                0000987P0001540
124,0.992546152,0.121869343,0.,0.65277397,0.,0.,-1.,-1.30277397, 0000989P0001541
-0.121869343,0.992546152,-0.,0.1762;                             0000989P0001542
100,0.,0.,0.,1.131732829E-03,-7.619159521E-02,7.62E-02,0.;       0000991P0001543
124,-1.067895772E-14,-0.992655641,-0.120974291,0.65277397,       0000993P0001544
-0.992546152,-1.474305743E-02,0.120974291,-1.30277397,           0000993P0001545
-0.121869343,0.120072567,-0.985256536,0.1762;                    0000993P0001546
100,0.,0.,0.,9.286443968E-03,-7.563201676E-02,7.62E-02,0.;       0000995P0001547
124,0.,0.,1.,0.65277397,0.,1.,0.,-1.30277397,-1.,0.,0.,0.1762;   0000997P0001548
144,1001,1,0,1009;                                               0000999P0001549
120,1005,1007,4.834562028,6.283185307;                           0001001P0001550
124,0.,0.,-1.,0.720190035,0.,-1.,0.,-1.30277397,-1.,0.,0.,       0001003P0001551
0.1762;                                                          0001003P0001552
110,0.,0.,1.,0.,0.,0.;                                           0001005P0001553
110,7.62E-02,0.,6.741606516E-02,7.62E-02,0.,1.372964006;         0001007P0001554
142,0,1001,1011,1021,3;                                          0001009P0001555
102,4,1013,1015,1017,1019;                                       0001011P0001556
110,0.,6.283185307,0.,-2.46378531E-16,4.834562028,0.;            0001013P0001557
110,-2.46378531E-16,4.834562028,0.,1.,4.834562028,0.;            0001015P0001558
110,1.,4.834562028,0.,1.,6.283185307,0.;                         0001017P0001559
110,1.,6.283185307,0.,0.,6.283185307,0.;                         0001019P0001560
102,4,1023,1027,1029,1033;                                       0001021P0001561
100,0.,0.,0.,7.62E-02,0.,9.286443968E-03,7.563201676E-02;        0001023P0001562
124,0.,0.,-1.,0.65277397,0.,-1.,0.,-1.30277397,-1.,0.,-0.,       0001025P0001563
0.1762;                                                          0001025P0001564
110,0.65277397,-1.378405987,0.166913556,-0.65277397,             0001027P0001565
-1.378405987,0.166913556;                                        0001027P0001566
100,0.,0.,0.,7.62E-02,0.,9.286443967E-03,7.563201676E-02;        0001029P0001567
124,0.,0.,1.,-0.65277397,-0.992546152,0.121869343,0.,            0001031P0001568
-1.30277397,-0.121869343,-0.992546152,0.,0.1762;                 0001031P0001569
110,-0.65277397,-1.30277397,1.E-01,0.65277397,-1.30277397,       0001033P0001570
1.E-01;                                                          0001033P0001571
144,1037,1,0,1039;                                               0001035P0001572
108,0.,0.,-1.,-1.E-01,0,0.,0.,1.E-01,0.;                         0001037P0001573
142,0,1037,0,1041,2;                                             0001039P0001574
102,4,1043,1045,1047,1049;                                       0001041P0001575
110,-0.65277397,-1.30277397,1.E-01,-0.65277397,1.30277397,       0001043P0001576
1.E-01;                                                          0001043P0001577
110,-0.65277397,1.30277397,1.E-01,0.65277397,1.30277397,1.E-01;  0001045P0001578
110,0.65277397,1.30277397,1.E-01,0.65277397,-1.30277397,1.E-01;  0001047P0001579
110,0.65277397,-1.30277397,1.E-01,-0.65277397,-1.30277397,       0001049P0001580
1.E-01;                                                          0001049P0001581
144,1053,1,0,1061;                                               0001051P0001582
120,1057,1059,4.834562028,6.283185307;                           0001053P0001583
124,0.,1.,0.,0.65277397,0.,0.,-1.,1.370190035,-1.,0.,0.,0.1762;  0001055P0001584
110,0.,0.,1.,0.,0.,0.;                                           0001057P0001585
110,7.62E-02,0.,6.741606516E-02,7.62E-02,0.,2.672964006;         0001059P0001586
142,0,1053,1063,1073,3;                                          0001061P0001587
102,4,1065,1067,1069,1071;                                       0001063P0001588
110,0.,6.283185307,0.,-1.234515699E-16,4.834562028,0.;           0001065P0001589
110,-1.234515699E-16,4.834562028,0.,1.,4.834562028,0.;           0001067P0001590
110,1.,4.834562028,0.,1.,6.283185307,0.;                         0001069P0001591
110,1.,6.283185307,0.,0.,6.283185307,0.;                         0001071P0001592
102,4,1075,1079,1081,1085;                                       0001073P0001593
100,0.,0.,0.,7.62E-02,0.,9.286443967E-03,7.563201676E-02;        0001075P0001594
124,0.,1.,0.,0.65277397,0.,0.,-1.,1.30277397,-1.,0.,0.,0.1762;   0001077P0001595
110,0.728405987,1.30277397,0.166913556,0.728405987,-1.30277397,  0001079P0001596
0.166913556;                                                     0001079P0001597
100,0.,0.,0.,7.62E-02,5.551115123E-17,9.286443967E-03,           0001081P0001598
7.563201676E-02;                                                 0001081P0001599
124,0.992546152,-0.121869343,0.,0.65277397,0.,0.,1.,-1.30277397, 0001083P0001600
-0.121869343,-0.992546152,0.,0.1762;                             0001083P0001601
110,0.65277397,-1.30277397,1.E-01,0.65277397,1.30277397,1.E-01;  0001085P0001602
144,1089,1,0,1099;                                               0001087P0001603
120,1093,1095,4.804091261,6.283185307;                           0001089P0001604
124,0.,1.,0.,0.65277397,0.662620048,0.,-0.748955721,1.30277397,  0001091P0001605
-0.748955721,0.,-0.662620048,0.1762;                             0001091P0001606
110,0.,0.,1.,0.,0.,0.;                                           0001093P0001607
100,0.,0.,0.,5.707042592E-02,-5.049164767E-02,5.707020433E-02,   0001095P0001608
5.049189814E-02;                                                 0001095P0001609
124,1.,0.,0.,0.,0.,0.,-1.,0.,0.,1.,-0.,0.;                       0001097P0001610
142,0,1089,1101,1109,3;                                          0001099P0001611
102,3,1103,1105,1107;                                            0001101P0001612
110,0.72431164,6.283185307,0.,-0.72431164,6.283185307,0.;        0001103P0001613
126,24,3,1,0,1,0,0.,0.,0.,0.,7.072471108E-02,0.141449422,        0001105P0001614
0.212174133,0.282898844,0.353623555,0.424348267,0.495072978,     0001105P0001615
0.565797689,0.6365224,0.707247111,0.777971822,0.848696533,       0001105P0001616
0.919421244,0.990145955,1.060870666,1.131595377,1.202320088,     0001105P0001617
1.2730448,1.343769511,1.414494222,1.485218933,1.555943644,       0001105P0001618
1.555943644,1.555943644,1.555943644,1.,1.,1.,1.,1.,1.,1.,1.,1.,  0001105P0001619
1.,1.,1.,1.,1.,1.,1.,1.,1.,1.,1.,1.,1.,1.,1.,1.,-0.72431164,     0001105P0001620
6.283185307,0.,-0.721463941,6.251929013,0.,-0.714298472,         0001105P0001621
6.189928441,0.,-0.699369425,6.098953293,0.,-0.680472176,         0001105P0001622
6.010546345,0.,-0.657877917,5.925065162,0.,-0.631877581,         0001105P0001623
5.842741917,0.,-0.602774877,5.763678779,0.,-0.570873479,         0001105P0001624
5.687870716,0.,-0.53646911,5.615225861,0.,-0.499843694,          0001105P0001625
5.545587138,0.,-0.461261981,5.478751298,0.,-0.420969978,         0001105P0001626
5.414484826,0.,-0.379194779,5.352536379,0.,-0.336145359,         0001105P0001627
5.29264597,0.,-0.292013999,5.234551357,0.,-0.246978091,          0001105P0001628
5.177992161,0.,-0.201202147,5.122712195,0.,-0.154839886,         0001105P0001629
5.068460476,0.,-0.108036342,5.014991244,0.,-6.092993506E-02,     0001105P0001630
4.962063318,0.,-1.365454508E-02,4.909438944,0.,3.365860061E-02,  0001105P0001631
4.856882476,0.,6.513852322E-02,4.82173312,0.,8.084109467E-02,    0001105P0001632
4.804091261,0.,0.,1.555943644,0.,0.,1.;                          0001105P0001633
126,24,3,1,0,1,0,0.,0.,0.,0.,6.584651269E-02,0.131693025,        0001107P0001634
0.197539538,0.263386051,0.329232563,0.395079076,0.460925589,     0001107P0001635
0.526772102,0.592618614,0.658465127,0.72431164,0.790158152,      0001107P0001636
0.856004665,0.921851178,0.98769769,1.053544203,1.119390716,      0001107P0001637
1.185237228,1.251083741,1.316930254,1.382776766,1.448623279,     0001107P0001638
1.448623279,1.448623279,1.448623279,1.,1.,1.,1.,1.,1.,1.,1.,1.,  0001107P0001639
1.,1.,1.,1.,1.,1.,1.,1.,1.,1.,1.,1.,1.,1.,1.,1.,8.084109467E-02, 0001107P0001640
4.804091261,0.,9.53233765E-02,4.820638101,0.,0.124223118,        0001107P0001641
4.853847413,0.,0.16726379,4.904201848,0.,0.209883017,            0001107P0001642
4.955289095,0.,0.251961403,5.007305799,0.,0.293373245,           0001107P0001643
5.060451832,0.,0.333984573,5.114930408,0.,0.373651899,           0001107P0001644
5.170947089,0.,0.412220856,5.228708034,0.,0.449525023,           0001107P0001645
5.28841708,0.,0.485384998,5.350271417,0.,0.519607863,            0001107P0001646
5.414455556,0.,0.551987234,5.481133342,0.,0.582304131,           0001107P0001647
5.550437878,0.,0.610328915,5.622459454,0.,0.635824569,           0001107P0001648
5.697231907,0.,0.658551548,5.774718348,0.,0.67827425,            0001107P0001649
5.854797807,0.,0.694769234,5.937254708,0.,0.707834056,           0001107P0001650
6.021774223,0.,0.71729891,6.107943595,0.,0.723029399,            0001107P0001651
6.195269301,0.,0.724316028,6.253876084,0.,0.72431164,            0001107P0001652
6.283185307,0.,0.,1.448623279,0.,0.,1.;                          0001107P0001653
102,3,1111,1115,1119;                                            0001109P0001654
100,0.,0.,0.,9.286443967E-03,-7.563201676E-02,7.62E-02,0.;       0001111P0001655
124,0.,0.,1.,0.65277397,0.992546152,0.121869343,0.,1.30277397,   0001113P0001656
-0.121869343,0.992546152,0.,0.1762;                              0001113P0001657
100,0.,0.,0.,1.131732829E-03,-7.619159521E-02,7.62E-02,          0001115P0001658
2.220446049E-16;                                                 0001115P0001659
124,0.992546152,1.474305743E-02,-0.120974291,0.65277397,         0001117P0001660
-1.067895772E-14,-0.992655641,-0.120974291,1.30277397,           0001117P0001661
-0.121869343,0.120072567,-0.985256536,0.1762;                    0001117P0001662
100,0.,0.,0.,9.286443967E-03,-7.563201676E-02,7.62E-02,0.;       0001119P0001663
124,0.,-1.,0.,0.65277397,0.,0.,1.,1.30277397,-1.,-0.,0.,0.1762;  0001121P0001664
144,1125,1,0,1133;                                               0001123P0001665
120,1129,1131,4.834562028,6.283185307;                           0001125P0001666
124,0.,0.,1.,-0.720190035,0.,1.,0.,1.30277397,-1.,0.,0.,0.1762;  0001127P0001667
110,0.,0.,1.,0.,0.,0.;                                           0001129P0001668
110,7.62E-02,0.,6.741606516E-02,7.62E-02,0.,1.372964006;         0001131P0001669
142,0,1125,1135,1145,3;                                          0001133P0001670
102,4,1137,1139,1141,1143;                                       0001135P0001671
110,0.,6.283185307,0.,-2.46378531E-16,4.834562028,0.;            0001137P0001672
110,-2.46378531E-16,4.834562028,0.,1.,4.834562028,0.;            0001139P0001673
110,1.,4.834562028,0.,1.,6.283185307,0.;                         0001141P0001674
110,1.,6.283185307,0.,0.,6.283185307,0.;                         0001143P0001675
102,4,1147,1151,1153,1157;                                       0001145P0001676
100,0.,0.,0.,7.62E-02,0.,9.286443968E-03,7.563201676E-02;        0001147P0001677
124,0.,0.,1.,-0.65277397,0.,1.,0.,1.30277397,-1.,0.,0.,0.1762;   0001149P0001678
110,-0.65277397,1.378405987,0.166913556,0.65277397,1.378405987,  0001151P0001679
0.166913556;                                                     0001151P0001680
100,0.,0.,0.,7.62E-02,0.,9.286443967E-03,7.563201676E-02;        0001153P0001681
124,0.,0.,-1.,0.65277397,0.992546152,-0.121869343,0.,1.30277397, 0001155P0001682
-0.121869343,-0.992546152,0.,0.1762;                             0001155P0001683
110,0.65277397,1.30277397,1.E-01,-0.65277397,1.30277397,1.E-01;  0001157P0001684
144,1161,1,0,1171;                                               0001159P0001685
120,1165,1167,4.804091261,6.283185307;                           0001161P0001686
124,-0.662620048,0.,0.748955721,-0.65277397,0.,1.,-0.,           0001163P0001687
1.30277397,-0.748955721,0.,-0.662620048,0.1762;                  0001163P0001688
110,0.,0.,1.,0.,0.,0.;                                           0001165P0001689
100,0.,0.,0.,5.707042592E-02,-5.049164767E-02,5.707020433E-02,   0001167P0001690
5.049189814E-02;                                                 0001167P0001691
124,1.,0.,0.,0.,0.,0.,-1.,0.,0.,1.,-0.,0.;                       0001169P0001692
142,0,1161,1173,1181,3;                                          0001171P0001693
102,3,1175,1177,1179;                                            0001173P0001694
110,0.72431164,6.283185307,0.,-0.72431164,6.283185307,0.;        0001175P0001695
126,24,3,1,0,1,0,0.,0.,0.,0.,7.072471108E-02,0.141449422,        0001177P0001696
0.212174133,0.282898844,0.353623555,0.424348267,0.495072978,     0001177P0001697
0.565797689,0.6365224,0.707247111,0.777971822,0.848696533,       0001177P0001698
0.919421244,0.990145955,1.060870666,1.131595377,1.202320088,     0001177P0001699
1.2730448,1.343769511,1.414494222,1.485218933,1.555943644,       0001177P0001700
1.555943644,1.555943644,1.555943644,1.,1.,1.,1.,1.,1.,1.,1.,1.,  0001177P0001701
1.,1.,1.,1.,1.,1.,1.,1.,1.,1.,1.,1.,1.,1.,1.,1.,-0.72431164,     0001177P0001702
6.283185307,0.,-0.721463941,6.251929013,0.,-0.714298472,         0001177P0001703
6.189928441,0.,-0.699369425,6.098953293,0.,-0.680472176,         0001177P0001704
6.010546345,0.,-0.657877917,5.925065162,0.,-0.631877581,         0001177P0001705
5.842741917,0.,-0.602774877,5.763678779,0.,-0.570873479,         0001177P0001706
5.687870716,0.,-0.53646911,5.615225861,0.,-0.499843694,          0001177P0001707
5.545587138,0.,-0.461261981,5.478751298,0.,-0.420969978,         0001177P0001708
5.414484826,0.,-0.379194779,5.352536379,0.,-0.336145359,         0001177P0001709
5.29264597,0.,-0.292013999,5.234551357,0.,-0.246978091,          0001177P0001710
5.177992161,0.,-0.201202147,5.122712195,0.,-0.154839886,         0001177P0001711
5.068460476,0.,-0.108036342,5.014991244,0.,-6.092993506E-02,     0001177P0001712
4.962063318,0.,-1.365454508E-02,4.909438944,0.,3.365860061E-02,  0001177P0001713
4.856882476,0.,6.513852322E-02,4.82173312,0.,8.084109467E-02,    0001177P0001714
4.804091261,0.,0.,1.555943644,0.,0.,1.;                          0001177P0001715
126,24,3,1,0,1,0,0.,0.,0.,0.,6.584651269E-02,0.131693025,        0001179P0001716
0.197539538,0.263386051,0.329232563,0.395079076,0.460925589,     0001179P0001717
0.526772102,0.592618614,0.658465127,0.72431164,0.790158152,      0001179P0001718
0.856004665,0.921851178,0.98769769,1.053544203,1.119390716,      0001179P0001719
1.185237228,1.251083741,1.316930254,1.382776766,1.448623279,     0001179P0001720
1.448623279,1.448623279,1.448623279,1.,1.,1.,1.,1.,1.,1.,1.,1.,  0001179P0001721
1.,1.,1.,1.,1.,1.,1.,1.,1.,1.,1.,1.,1.,1.,1.,1.,8.084109467E-02, 0001179P0001722
4.804091261,0.,9.53233765E-02,4.820638101,0.,0.124223118,        0001179P0001723
4.853847413,0.,0.16726379,4.904201848,0.,0.209883017,            0001179P0001724
4.955289095,0.,0.251961403,5.007305799,0.,0.293373245,           0001179P0001725
5.060451832,0.,0.333984573,5.114930408,0.,0.373651899,           0001179P0001726
5.170947089,0.,0.412220856,5.228708034,0.,0.449525023,           0001179P0001727
5.28841708,0.,0.485384998,5.350271417,0.,0.519607863,            0001179P0001728
5.414455556,0.,0.551987234,5.481133342,0.,0.582304131,           0001179P0001729
5.550437878,0.,0.610328915,5.622459454,0.,0.635824569,           0001179P0001730
5.697231907,0.,0.658551548,5.774718348,0.,0.67827425,            0001179P0001731
5.854797807,0.,0.694769234,5.937254708,0.,0.707834056,           0001179P0001732
6.021774223,0.,0.71729891,6.107943595,0.,0.723029399,            0001179P0001733
6.195269301,0.,0.724316028,6.253876084,0.,0.72431164,            0001179P0001734
6.283185307,0.,0.,1.448623279,0.,0.,1.;                          0001179P0001735
102,3,1183,1187,1191;                                            0001181P0001736
100,0.,0.,0.,9.286443967E-03,-7.563201676E-02,7.62E-02,          0001183P0001737
-5.551115123E-17;                                                0001183P0001738
124,-0.992546152,-0.121869343,0.,-0.65277397,0.,0.,1.,           0001185P0001739
1.30277397,-0.121869343,0.992546152,0.,0.1762;                   0001185P0001740
100,0.,0.,0.,1.131732829E-03,-7.619159521E-02,7.62E-02,0.;       0001187P0001741
124,1.067895772E-14,0.992655641,0.120974291,-0.65277397,         0001189P0001742
0.992546152,1.474305743E-02,-0.120974291,1.30277397,             0001189P0001743
-0.121869343,0.120072567,-0.985256536,0.1762;                    0001189P0001744
100,0.,0.,0.,9.286443968E-03,-7.563201676E-02,7.62E-02,0.;       0001191P0001745
124,0.,0.,-1.,-0.65277397,0.,-1.,0.,1.30277397,-1.,0.,-0.,       0001193P0001746
0.1762;                                                          0001193P0001747
144,1197,1,0,1205;                                               0001195P0001748
120,1201,1203,4.727241663,6.283185307;                           0001197P0001749
124,1.068416189E-14,-0.992655641,-0.120974291,-0.724367983,      0001199P0001750
0.992546152,-1.474305743E-02,0.120974291,1.374367983,            0001199P0001751
-0.121869343,-0.120072567,0.985256536,0.759286444;               0001199P0001752
110,0.,0.,1.,0.,0.,0.;                                           0001201P0001753
110,7.62E-02,0.,-0.5918118,7.62E-02,0.,1.872996287E-03;          0001203P0001754
142,0,1197,1207,1217,3;                                          0001205P0001755
102,4,1209,1211,1213,1215;                                       0001207P0001756
110,5.441859085E-14,6.283185307,0.,5.402365638E-14,4.727241663,  0001209P0001757
0.;                                                              0001209P0001758
110,1.942890293E-14,4.727241663,0.,0.996815877,4.727241663,0.;   0001211P0001759
126,46,3,1,0,1,0,0.,0.,0.,0.,2.272727273E-02,4.545454545E-02,    0001213P0001760
6.818181818E-02,9.090909091E-02,0.113636364,0.136363636,         0001213P0001761
0.159090909,0.181818182,0.204545455,0.227272727,0.25,            0001213P0001762
0.272727273,0.295454545,0.318181818,0.340909091,0.363636364,     0001213P0001763
0.386363636,0.409090909,0.431818182,0.454545455,0.477272727,0.5, 0001213P0001764
0.522727273,0.545454545,0.568181818,0.590909091,0.613636364,     0001213P0001765
0.636363636,0.659090909,0.681818182,0.704545455,0.727272727,     0001213P0001766
0.75,0.772727273,0.795454545,0.818181818,0.840909091,            0001213P0001767
0.863636364,0.886363636,0.909090909,0.931818182,0.954545455,     0001213P0001768
0.977272727,1.,1.,1.,1.,1.,1.,1.,1.,1.,1.,1.,1.,1.,1.,1.,1.,1.,  0001213P0001769
1.,1.,1.,1.,1.,1.,1.,1.,1.,1.,1.,1.,1.,1.,1.,1.,1.,1.,1.,1.,1.,  0001213P0001770
1.,1.,1.,1.,1.,1.,1.,1.,1.,1.,1.,1.,1.,0.996815877,4.727241663,  0001213P0001771
0.,0.996907669,4.739066019,0.,0.99708789,4.762710666,0.,         0001213P0001772
0.997347844,4.79816433,0.,0.997597136,4.833603852,0.,            0001213P0001773
0.997835481,4.869027445,0.,0.998062594,4.904433032,0.,           0001213P0001774
0.99827819,4.939818289,0.,0.998481987,4.975181272,0.,            0001213P0001775
0.998673686,5.010519348,0.,0.998853091,5.045836624,0.,           0001213P0001776
0.999020053,5.081139754,0.,0.999174411,5.116434358,0.,           0001213P0001777
0.999316007,5.151726072,0.,0.999444682,5.187020518,0.,           0001213P0001778
0.999560281,5.222323256,0.,0.999662639,5.257640905,0.,           0001213P0001779
0.999751621,5.292977288,0.,0.99982715,5.328328955,0.,            0001213P0001780
0.999889138,5.363693131,0.,0.999937503,5.399066572,0.,           0001213P0001781
0.999972157,5.434446192,0.,0.999993018,5.46982923,0.,1.,         0001213P0001782
5.505213485,0.,0.999993018,5.540597741,0.,0.999972157,           0001213P0001783
5.575980779,0.,0.999937503,5.611360398,0.,0.999889138,           0001213P0001784
5.646733839,0.,0.99982715,5.682098016,0.,0.999751621,            0001213P0001785
5.717449683,0.,0.999662639,5.752786066,0.,0.999560281,           0001213P0001786
5.788103714,0.,0.999444682,5.823406453,0.,0.999316007,           0001213P0001787
5.858700898,0.,0.999174411,5.893992612,0.,0.999020053,           0001213P0001788
5.929287217,0.,0.998853091,5.964590347,0.,0.998673686,           0001213P0001789
5.999907622,0.,0.998481987,6.035245698,0.,0.99827819,            0001213P0001790
6.070608682,0.,0.998062594,6.105993939,0.,0.997835481,           0001213P0001791
6.141399525,0.,0.997597136,6.176823119,0.,0.997347844,           0001213P0001792
6.212262641,0.,0.99708789,6.247716305,0.,0.996907669,            0001213P0001793
6.271360951,0.,0.996815877,6.283185307,0.,0.,1.,0.,0.,1.;        0001213P0001794
110,0.996815877,6.283185307,0.,-3.330669074E-16,6.283185307,0.;  0001215P0001795
102,4,1219,1223,1225,1227;                                       0001217P0001796
100,0.,0.,0.,7.62E-02,0.,1.131732829E-03,7.619159521E-02;        0001219P0001797
124,1.068416189E-14,-0.992655641,-0.120974291,-0.65277397,       0001221P0001798
0.992546152,-1.474305743E-02,0.120974291,1.30277397,             0001221P0001799
-0.121869343,-0.120072567,0.985256536,0.1762;                    0001221P0001800
110,-0.728405987,1.30277397,0.166913556,-0.799997899,            0001223P0001801
1.374365882,0.749982887;                                         0001223P0001802
126,8,3,1,0,1,0,0.,0.,0.,0.,0.166666667,0.333333333,0.5,         0001225P0001803
0.666666667,0.833333333,1.,1.,1.,1.,1.,1.,1.,1.,1.,1.,1.,1.,1.,  0001225P0001804
-0.799997899,1.374365882,0.749982887,-0.79994883,1.380973188,    0001225P0001805
0.749583252,-0.798118773,1.394157178,0.748891385,-0.790443593,   0001225P0001806
1.412480761,0.74824251,-0.778291216,1.428291216,0.7480196,       0001225P0001807
-0.762480761,1.440443593,0.74824251,-0.744157178,1.448118773,    0001225P0001808
0.748891385,-0.730973188,1.44994883,0.749583252,-0.724365882,    0001225P0001809
1.449997899,0.749982887,0.,1.,-6.071133334E-02,6.071133334E-02,  0001225P0001810
0.996307316;                                                     0001225P0001811
110,-0.724365882,1.449997899,0.749982887,-0.65277397,            0001227P0001812
1.378405987,0.166913556;                                         0001227P0001813
144,1231,1,0,1239;                                               0001229P0001814
120,1235,1237,4.834562028,6.283185307;                           0001231P0001815
124,0.,-1.,0.,-0.65277397,0.,0.,1.,-1.30277397,-1.,0.,0.,0.1762; 0001233P0001816
110,0.,0.,1.,0.,0.,0.;                                           0001235P0001817
110,7.62E-02,0.,0.,7.62E-02,0.,2.605547941;                      0001237P0001818
142,0,1231,1241,1251,3;                                          0001239P0001819
102,4,1243,1245,1247,1249;                                       0001241P0001820
110,0.,6.283185307,0.,-1.234515699E-16,4.834562028,0.;           0001243P0001821
110,-1.234515699E-16,4.834562028,0.,1.,4.834562028,0.;           0001245P0001822
110,1.,4.834562028,0.,1.,6.283185307,0.;                         0001247P0001823
110,1.,6.283185307,0.,0.,6.283185307,0.;                         0001249P0001824
102,4,1253,1257,1259,1263;                                       0001251P0001825
100,0.,0.,0.,7.62E-02,0.,9.286443967E-03,7.563201676E-02;        0001253P0001826
124,0.,-1.,0.,-0.65277397,0.,0.,1.,-1.30277397,-1.,0.,0.,0.1762; 0001255P0001827
110,-0.728405987,-1.30277397,0.166913556,-0.728405987,           0001257P0001828
1.30277397,0.166913556;                                          0001257P0001829
100,0.,0.,0.,7.62E-02,5.551115123E-17,9.286443967E-03,           0001259P0001830
7.563201676E-02;                                                 0001259P0001831
124,-0.992546152,0.121869343,-0.,-0.65277397,0.,-0.,-1.,         0001261P0001832
1.30277397,-0.121869343,-0.992546152,0.,0.1762;                  0001261P0001833
110,-0.65277397,1.30277397,1.E-01,-0.65277397,-1.30277397,       0001263P0001834
1.E-01;                                                          0001263P0001835
144,1267,1,0,1277;                                               0001265P0001836
120,1271,1273,4.804091261,6.283185307;                           0001267P0001837
124,-0.662620048,0.,-0.748955721,-0.65277397,0.,-1.,0.,          0001269P0001838
-1.30277397,-0.748955721,0.,0.662620048,0.1762;                  0001269P0001839
110,0.,0.,1.,0.,0.,0.;                                           0001271P0001840
100,0.,0.,0.,5.707020433E-02,-5.049189814E-02,5.707042592E-02,   0001273P0001841
5.049164767E-02;                                                 0001273P0001842
124,1.,0.,0.,0.,0.,0.,-1.,0.,0.,1.,-0.,0.;                       0001275P0001843
142,0,1267,1279,1287,3;                                          0001277P0001844
102,3,1281,1283,1285;                                            0001279P0001845
110,0.72431164,6.283185307,0.,-0.72431164,6.283185307,0.;        0001281P0001846
126,24,3,1,0,1,0,0.,0.,0.,0.,6.584651269E-02,0.131693025,        0001283P0001847
0.197539538,0.263386051,0.329232563,0.395079076,0.460925589,     0001283P0001848
0.526772102,0.592618614,0.658465127,0.72431164,0.790158152,      0001283P0001849
0.856004665,0.921851178,0.98769769,1.053544203,1.119390716,      0001283P0001850
1.185237228,1.251083741,1.316930254,1.382776766,1.448623279,     0001283P0001851
1.448623279,1.448623279,1.448623279,1.,1.,1.,1.,1.,1.,1.,1.,1.,  0001283P0001852
1.,1.,1.,1.,1.,1.,1.,1.,1.,1.,1.,1.,1.,1.,1.,1.,-0.72431164,     0001283P0001853
6.283185307,0.,-0.724316028,6.253876084,0.,-0.723029399,         0001283P0001854
6.195269301,0.,-0.71729891,6.107943595,0.,-0.707834056,          0001283P0001855
6.021774223,0.,-0.694769234,5.937254708,0.,-0.67827425,          0001283P0001856
5.854797807,0.,-0.658551548,5.774718348,0.,-0.635824569,         0001283P0001857
5.697231907,0.,-0.610328915,5.622459454,0.,-0.582304131,         0001283P0001858
5.550437878,0.,-0.551987234,5.481133342,0.,-0.519607863,         0001283P0001859
5.414455556,0.,-0.485384998,5.350271417,0.,-0.449525023,         0001283P0001860
5.28841708,0.,-0.412220856,5.228708034,0.,-0.373651899,          0001283P0001861
5.170947089,0.,-0.333984573,5.114930408,0.,-0.293373245,         0001283P0001862
5.060451832,0.,-0.251961403,5.007305799,0.,-0.209883017,         0001283P0001863
4.955289095,0.,-0.16726379,4.904201848,0.,-0.124223118,          0001283P0001864
4.853847413,0.,-9.53233765E-02,4.820638101,0.,-8.084109467E-02,  0001283P0001865
4.804091261,0.,0.,1.448623279,0.,0.,1.;                          0001283P0001866
126,24,3,1,0,1,0,0.,0.,0.,0.,7.072471108E-02,0.141449422,        0001285P0001867
0.212174133,0.282898844,0.353623555,0.424348267,0.495072978,     0001285P0001868
0.565797689,0.6365224,0.707247111,0.777971822,0.848696533,       0001285P0001869
0.919421244,0.990145955,1.060870666,1.131595377,1.202320088,     0001285P0001870
1.2730448,1.343769511,1.414494222,1.485218933,1.555943644,       0001285P0001871
1.555943644,1.555943644,1.555943644,1.,1.,1.,1.,1.,1.,1.,1.,1.,  0001285P0001872
1.,1.,1.,1.,1.,1.,1.,1.,1.,1.,1.,1.,1.,1.,1.,1.,                 0001285P0001873
-8.084109467E-02,4.804091261,0.,-6.513852322E-02,4.82173312,0.,  0001285P0001874
-3.365860061E-02,4.856882476,0.,1.365454508E-02,4.909438944,0.,  0001285P0001875
6.092993506E-02,4.962063318,0.,0.108036342,5.014991244,0.,       0001285P0001876
0.154839886,5.068460476,0.,0.201202147,5.122712195,0.,           0001285P0001877
0.246978091,5.177992161,0.,0.292013999,5.234551357,0.,           0001285P0001878
0.336145359,5.29264597,0.,0.379194779,5.352536379,0.,            0001285P0001879
0.420969978,5.414484826,0.,0.461261981,5.478751298,0.,           0001285P0001880
0.499843694,5.545587138,0.,0.53646911,5.615225861,0.,            0001285P0001881
0.570873479,5.687870716,0.,0.602774877,5.763678779,0.,           0001285P0001882
0.631877581,5.842741917,0.,0.657877917,5.925065162,0.,           0001285P0001883
0.680472176,6.010546345,0.,0.699369425,6.098953293,0.,           0001285P0001884
0.714298472,6.189928441,0.,0.721463941,6.251929013,0.,           0001285P0001885
0.72431164,6.283185307,0.,0.,1.555943644,0.,0.,1.;               0001285P0001886
102,3,1289,1293,1297;                                            0001287P0001887
100,0.,0.,0.,9.286443967E-03,-7.563201676E-02,7.62E-02,0.;       0001289P0001888
124,0.,1.,0.,-0.65277397,0.,0.,-1.,-1.30277397,-1.,0.,-0.,       0001291P0001889
0.1762;                                                          0001291P0001890
100,0.,0.,0.,9.286443967E-03,-7.563201676E-02,7.62E-02,0.;       0001293P0001891
124,0.,0.,-1.,-0.65277397,-0.992546152,-0.121869343,0.,          0001295P0001892
-1.30277397,-0.121869343,0.992546152,-0.,0.1762;                 0001295P0001893
100,0.,0.,0.,1.131732829E-03,-7.619159521E-02,7.62E-02,          0001297P0001894
2.220446049E-16;                                                 0001297P0001895
124,-0.992546152,-1.474305743E-02,0.120974291,-0.65277397,       0001299P0001896
1.067895772E-14,0.992655641,0.120974291,-1.30277397,             0001299P0001897
-0.121869343,0.120072567,-0.985256536,0.1762;                    0001299P0001898
402,14,1303,1343,1359,1399,1415,1451,1467,1483,1499,1535,1571,   0001301P0001899
1587,1603,1619,0,1,3175;                                         0001301P0001900
144,1305,1,0,1307;                                               0001303P0001901
108,-0.,1.,-0.,-0.75,0,-0.939536529,-0.75,0.25,0.;               0001305P0001902
142,0,1305,0,1309,2;                                             0001307P0001903
102,12,1311,1315,1317,1319,1321,1325,1327,1331,1333,1335,1337,   0001309P0001904
1341;                                                            0001309P0001905
100,0.,0.,0.,0.2516,2.775557562E-17,3.06623268E-02,0.249724612;  0001311P0001906
124,0.998629535,-5.233595624E-02,0.,-1.190636851,0.,0.,1.,-0.75, 0001313P0001907
-5.233595624E-02,-0.998629535,0.,0.266122802;                    0001313P0001908
110,-1.173086122,-0.75,1.513568689E-02,-1.389536529,-0.75,0.;    0001315P0001909
110,-1.389536529,-0.75,1.498801083E-15,-1.4,-0.75,0.149634608;   0001317P0001910
110,-1.4,-0.75,0.149634608,-1.183549593,-0.75,0.164770294;       0001319P0001911
100,0.,0.,0.,0.1016,-2.220446049E-16,1.238192529E-02,            0001321P0001912
0.100842689;                                                     0001321P0001913
124,6.975647374E-02,0.99756405,0.,-1.190636851,-0.,0.,-1.,-0.75, 0001323P0001914
-0.99756405,6.975647374E-02,0.,0.266122802;                      0001323P0001915
110,-1.08917609,-0.75,0.260805469,-1.06817303,-0.75,0.661567727; 0001325P0001916
100,0.,0.,0.,0.2516,1.110223025E-16,1.316772659E-02,0.251255191; 0001327P0001917
124,-0.998629535,5.233595624E-02,0.,-0.816917839,0.,0.,1.,-0.75, 0001329P0001918
5.233595624E-02,0.998629535,0.,0.6484;                           0001329P0001919
110,-0.816917839,-0.75,0.9,-0.8,-0.75,0.9;                       0001331P0001920
110,-0.8,-0.75,0.9,-0.8,-0.75,0.75;                              0001333P0001921
110,-0.8,-0.75,0.75,-0.816917839,-0.75,0.75;                     0001335P0001922
100,0.,0.,0.,0.1016,0.,5.317333154E-03,0.101460761;              0001337P0001923
124,0.,-1.,0.,-0.816917839,0.,0.,-1.,-0.75,1.,0.,0.,0.6484;      0001339P0001924
110,-0.9183786,-0.75,0.653717333,-0.93938166,-0.75,0.252955075;  0001341P0001925
144,1345,1,0,1347;                                               0001343P0001926
108,0.998629535,-0.,-5.233595624E-02,-0.951332916,0,-0.95103148, 0001345P0001927
-0.75,3.066326007E-02,0.;                                        0001345P0001928
142,0,1345,0,1349,2;                                             0001347P0001929
102,4,1351,1353,1355,1357;                                       0001349P0001930
110,-0.93938166,-1.15,0.252955075,-0.93938166,-0.75,0.252955075; 0001351P0001931
110,-0.93938166,-0.75,0.252955075,-0.9183786,-0.75,0.653717333;  0001353P0001932
110,-0.9183786,-0.75,0.653717333,-0.9183786,-1.15,0.653717333;   0001355P0001933
110,-0.9183786,-1.15,0.653717333,-0.93938166,-1.15,0.252955075;  0001357P0001934
144,1361,1,0,1363;                                               0001359P0001935
108,0.,-1.,0.,1.15,0,-0.939536529,-1.15,0.25,0.;                 0001361P0001936
142,0,1361,0,1365,2;                                             0001363P0001937
102,12,1367,1371,1373,1375,1377,1381,1383,1387,1389,1391,1393,   0001365P0001938
1397;                                                            0001365P0001939
100,0.,0.,0.,1.238192529E-02,-0.100842689,0.1016,                0001367P0001940
2.220446049E-16;                                                 0001367P0001941
124,6.975647374E-02,-0.99756405,0.,-1.190636851,0.,0.,1.,-1.15,  0001369P0001942
-0.99756405,-6.975647374E-02,0.,0.266122802;                     0001369P0001943
110,-1.183549593,-1.15,0.164770294,-1.4,-1.15,0.149634608;       0001371P0001944
110,-1.4,-1.15,0.149634608,-1.389536529,-1.15,1.498801083E-15;   0001373P0001945
110,-1.389536529,-1.15,0.,-1.173086122,-1.15,1.513568689E-02;    0001375P0001946
100,0.,0.,0.,3.06623268E-02,-0.249724612,0.2516,                 0001377P0001947
-8.326672685E-17;                                                0001377P0001948
124,0.998629535,5.233595624E-02,0.,-1.190636851,0.,0.,-1.,-1.15, 0001379P0001949
-5.233595624E-02,0.998629535,-0.,0.266122802;                    0001379P0001950
110,-0.93938166,-1.15,0.252955075,-0.9183786,-1.15,0.653717333;  0001381P0001951
100,0.,0.,0.,5.317333154E-03,-0.101460761,0.1016,0.;             0001383P0001952
124,0.,1.,0.,-0.816917839,0.,0.,1.,-1.15,1.,0.,0.,0.6484;        0001385P0001953
110,-0.816917839,-1.15,0.75,-0.8,-1.15,0.75;                     0001387P0001954
110,-0.8,-1.15,0.75,-0.8,-1.15,0.9;                              0001389P0001955
110,-0.8,-1.15,0.9,-0.816917839,-1.15,0.9;                       0001391P0001956
100,0.,0.,0.,1.316772659E-02,-0.251255191,0.2516,                0001393P0001957
-1.110223025E-16;                                                0001393P0001958
124,-0.998629535,-5.233595624E-02,-0.,-0.816917839,0.,0.,-1.,    0001395P0001959
-1.15,5.233595624E-02,-0.998629535,0.,0.6484;                    0001395P0001960
110,-1.06817303,-1.15,0.661567727,-1.08917609,-1.15,0.260805469; 0001397P0001961
144,1401,1,0,1403;                                               0001399P0001962
108,-0.998629535,0.,5.233595624E-02,1.101332916,0,-1.089330959,  0001401P0001963
-0.75,0.257850393,0.;                                            0001401P0001964
142,0,1401,0,1405,2;                                             0001403P0001965
102,4,1407,1409,1411,1413;                                       0001405P0001966
110,-1.08917609,-0.75,0.260805469,-1.08917609,-1.15,0.260805469; 0001407P0001967
110,-1.08917609,-1.15,0.260805469,-1.06817303,-1.15,0.661567727; 0001409P0001968
110,-1.06817303,-1.15,0.661567727,-1.06817303,-0.75,0.661567727; 0001411P0001969
110,-1.06817303,-0.75,0.661567727,-1.08917609,-0.75,0.260805469; 0001413P0001970
144,1417,1,0,1425;                                               0001415P0001971
120,1421,1423,4.764748858,6.283185307;                           0001417P0001972
124,-0.998629535,5.233595624E-02,0.,-0.816917839,0.,0.,1.,-0.75, 0001419P0001973
5.233595624E-02,0.998629535,0.,0.6484;                           0001419P0001974
110,0.,0.,1.,0.,0.,0.;                                           0001421P0001975
110,0.2516,0.,-0.4,0.2516,0.,0.;                                 0001423P0001976
142,0,1417,1427,1437,3;                                          0001425P0001977
102,4,1429,1431,1433,1435;                                       0001427P0001978
110,0.,6.283185307,0.,-8.429015537E-16,4.764748858,0.;           0001429P0001979
110,-1.110223025E-15,4.764748858,0.,1.,4.764748858,0.;           0001431P0001980
110,1.,4.764748858,0.,1.,6.283185307,0.;                         0001433P0001981
110,1.,6.283185307,0.,-2.220446049E-16,6.283185307,0.;           0001435P0001982
102,4,1439,1443,1445,1449;                                       0001437P0001983
100,0.,0.,0.,0.2516,1.110223025E-16,1.316772659E-02,0.251255191; 0001439P0001984
124,-0.998629535,5.233595624E-02,0.,-0.816917839,0.,0.,1.,-1.15, 0001441P0001985
5.233595624E-02,0.998629535,0.,0.6484;                           0001441P0001986
110,-0.816917839,-1.15,0.9,-0.816917839,-0.75,0.9;               0001443P0001987
100,0.,0.,0.,1.316772659E-02,-0.251255191,0.2516,                0001445P0001988
-1.110223025E-16;                                                0001445P0001989
124,-0.998629535,-5.233595624E-02,-0.,-0.816917839,0.,0.,-1.,    0001447P0001990
-0.75,5.233595624E-02,-0.998629535,0.,0.6484;                    0001447P0001991
110,-1.06817303,-0.75,0.661567727,-1.06817303,-1.15,0.661567727; 0001449P0001992
144,1453,1,0,1455;                                               0001451P0001993
108,0.,0.,1.,0.9,0,-0.8,-0.75,0.9,0.;                            0001453P0001994
142,0,1453,0,1457,2;                                             0001455P0001995
102,4,1459,1461,1463,1465;                                       0001457P0001996
110,-0.816917839,-0.75,0.9,-0.816917839,-1.15,0.9;               0001459P0001997
110,-0.816917839,-1.15,0.9,-0.8,-1.15,0.9;                       0001461P0001998
110,-0.8,-1.15,0.9,-0.8,-0.75,0.9;                               0001463P0001999
110,-0.8,-0.75,0.9,-0.816917839,-0.75,0.9;                       0001465P0002000
144,1469,1,0,1471;                                               0001467P0002001
108,1.,0.,0.,-0.8,0,-0.8,-0.75,0.75,0.;                          0001469P0002002
142,0,1469,0,1473,2;                                             0001471P0002003
102,4,1475,1477,1479,1481;                                       0001473P0002004
110,-0.8,-0.75,0.9,-0.8,-1.15,0.9;                               0001475P0002005
110,-0.8,-1.15,0.9,-0.8,-1.15,0.75;                              0001477P0002006
110,-0.8,-1.15,0.75,-0.8,-0.75,0.75;                             0001479P0002007
110,-0.8,-0.75,0.75,-0.8,-0.75,0.9;                              0001481P0002008
144,1485,1,0,1487;                                               0001483P0002009
108,0.,0.,-1.,-0.75,0,-0.913332639,-0.75,0.75,0.;                0001485P0002010
142,0,1485,0,1489,2;                                             0001487P0002011
102,4,1491,1493,1495,1497;                                       0001489P0002012
110,-0.8,-0.75,0.75,-0.8,-1.15,0.75;                             0001491P0002013
110,-0.8,-1.15,0.75,-0.816917839,-1.15,0.75;                     0001493P0002014
110,-0.816917839,-1.15,0.75,-0.816917839,-0.75,0.75;             0001495P0002015
110,-0.816917839,-0.75,0.75,-0.8,-0.75,0.75;                     0001497P0002016
144,1501,1,0,1509;                                               0001499P0002017
120,1505,1507,0.,1.518436449;                                    0001501P0002018
124,0.,1.,0.,-0.816917839,0.,0.,-1.,-0.75,1.,0.,0.,0.6484;       0001503P0002019
110,0.,0.,1.,0.,0.,0.;                                           0001505P0002020
110,0.1016,0.,0.,0.1016,0.,0.4;                                  0001507P0002021
142,0,1501,1511,1521,3;                                          0001509P0002022
102,4,1513,1515,1517,1519;                                       0001511P0002023
110,1.,1.776356839E-15,0.,1.,1.518436449,0.;                     0001513P0002024
110,1.,1.518436449,0.,-2.644966944E-15,1.518436449,0.;           0001515P0002025
110,-2.644966944E-15,1.518436449,0.,-3.487868498E-15,            0001517P0002026
1.776356839E-15,0.;                                              0001517P0002027
110,-3.487868498E-15,1.776356839E-15,0.,1.,1.865174681E-15,0.;   0001519P0002028
102,4,1523,1527,1529,1533;                                       0001521P0002029
100,0.,0.,0.,0.1016,0.,5.317333154E-03,0.101460761;              0001523P0002030
124,0.,-1.,0.,-0.816917839,0.,0.,-1.,-1.15,1.,0.,0.,0.6484;      0001525P0002031
110,-0.9183786,-1.15,0.653717333,-0.9183786,-0.75,0.653717333;   0001527P0002032
100,0.,0.,0.,5.317333154E-03,-0.101460761,0.1016,0.;             0001529P0002033
124,0.,1.,0.,-0.816917839,0.,0.,1.,-0.75,1.,0.,0.,0.6484;        0001531P0002034
110,-0.816917839,-0.75,0.75,-0.816917839,-1.15,0.75;             0001533P0002035
144,1537,1,0,1545;                                               0001535P0002036
120,1541,1543,0.,1.448623279;                                    0001537P0002037
124,6.975647374E-02,-0.99756405,0.,-1.190636851,-0.,0.,-1.,      0001539P0002038
-0.75,-0.99756405,-6.975647374E-02,0.,0.266122802;               0001539P0002039
110,0.,0.,1.,0.,0.,0.;                                           0001541P0002040
110,0.1016,0.,0.,0.1016,0.,0.4;                                  0001543P0002041
142,0,1537,1547,1557,3;                                          0001545P0002042
102,4,1549,1551,1553,1555;                                       0001547P0002043
110,1.,1.776356839E-15,0.,1.,1.448623279,0.;                     0001549P0002044
110,1.,1.448623279,0.,-2.683721039E-15,1.448623279,0.;           0001551P0002045
110,-2.683721039E-15,1.448623279,0.,-3.487868498E-15,            0001553P0002046
1.776356839E-15,0.;                                              0001553P0002047
110,-3.487868498E-15,1.776356839E-15,0.,1.,1.865174681E-15,0.;   0001555P0002048
102,4,1559,1563,1565,1569;                                       0001557P0002049
100,0.,0.,0.,0.1016,-2.220446049E-16,1.238192529E-02,            0001559P0002050
0.100842689;                                                     0001559P0002051
124,6.975647374E-02,0.99756405,0.,-1.190636851,-0.,0.,-1.,-1.15, 0001561P0002052
-0.99756405,6.975647374E-02,0.,0.266122802;                      0001561P0002053
110,-1.08917609,-1.15,0.260805469,-1.08917609,-0.75,0.260805469; 0001563P0002054
100,0.,0.,0.,1.238192529E-02,-0.100842689,0.1016,                0001565P0002055
2.220446049E-16;                                                 0001565P0002056
124,6.975647374E-02,-0.99756405,0.,-1.190636851,0.,0.,1.,-0.75,  0001567P0002057
-0.99756405,-6.975647374E-02,0.,0.266122802;                     0001567P0002058
110,-1.183549593,-0.75,0.164770294,-1.183549593,-1.15,           0001569P0002059
0.164770294;                                                     0001569P0002060
144,1573,1,0,1575;                                               0001571P0002061
108,-6.975647374E-02,0.,0.99756405,0.246929168,0,-1.093880469,   0001573P0002062
-0.75,0.17104057,0.;                                             0001573P0002063
142,0,1573,0,1577,2;                                             0001575P0002064
102,4,1579,1581,1583,1585;                                       0001577P0002065
110,-1.4,-0.75,0.149634608,-1.4,-1.15,0.149634608;               0001579P0002066
110,-1.4,-1.15,0.149634608,-1.183549593,-1.15,0.164770294;       0001581P0002067
110,-1.183549593,-1.15,0.164770294,-1.183549593,-0.75,           0001583P0002068
0.164770294;                                                     0001583P0002069
110,-1.183549593,-0.75,0.164770294,-1.4,-0.75,0.149634608;       0001585P0002070
144,1589,1,0,1591;                                               0001587P0002071
108,-0.99756405,0.,-6.975647374E-02,1.386151688,0,-1.4,-0.75,    0001589P0002072
0.149634608,0.;                                                  0001589P0002073
142,0,1589,0,1593,2;                                             0001591P0002074
102,4,1595,1597,1599,1601;                                       0001593P0002075
110,-1.389536529,-0.75,0.,-1.389536529,-1.15,0.;                 0001595P0002076
110,-1.389536529,-1.15,1.498801083E-15,-1.4,-1.15,0.149634608;   0001597P0002077
110,-1.4,-1.15,0.149634608,-1.4,-0.75,0.149634608;               0001599P0002078
110,-1.4,-0.75,0.149634608,-1.389536529,-0.75,1.498801083E-15;   0001601P0002079
144,1605,1,0,1607;                                               0001603P0002080
108,6.975647374E-02,-0.,-0.99756405,-9.69291684E-02,0,           0001605P0002081
-1.389536529,-0.75,0.,0.;                                        0001605P0002082
142,0,1605,0,1609,2;                                             0001607P0002083
102,4,1611,1613,1615,1617;                                       0001609P0002084
110,-1.173086122,-0.75,1.513568689E-02,-1.173086122,-1.15,       0001611P0002085
1.513568689E-02;                                                 0001611P0002086
110,-1.173086122,-1.15,1.513568689E-02,-1.389536529,-1.15,0.;    0001613P0002087
110,-1.389536529,-1.15,0.,-1.389536529,-0.75,0.;                 0001615P0002088
110,-1.389536529,-0.75,0.,-1.173086122,-0.75,1.513568689E-02;    0001617P0002089
144,1621,1,0,1629;                                               0001619P0002090
120,1625,1627,4.834562028,6.283185307;                           0001621P0002091
124,0.998629535,-5.233595624E-02,0.,-1.190636851,0.,0.,1.,-0.75, 0001623P0002092
-5.233595624E-02,-0.998629535,0.,0.266122802;                    0001623P0002093
110,0.,0.,1.,0.,0.,0.;                                           0001625P0002094
110,0.2516,0.,-0.4,0.2516,0.,0.;                                 0001627P0002095
142,0,1621,1631,1641,3;                                          0001629P0002096
102,4,1633,1635,1637,1639;                                       0001631P0002097
110,0.,6.283185307,0.,-8.041474593E-16,4.834562028,0.;           0001633P0002098
110,-1.110223025E-15,4.834562028,0.,1.,4.834562028,0.;           0001635P0002099
110,1.,4.834562028,0.,1.,6.283185307,0.;                         0001637P0002100
110,1.,6.283185307,0.,-2.220446049E-16,6.283185307,0.;           0001639P0002101
102,4,1643,1647,1649,1653;                                       0001641P0002102
100,0.,0.,0.,0.2516,2.775557562E-17,3.06623268E-02,0.249724612;  0001643P0002103
124,0.998629535,-5.233595624E-02,0.,-1.190636851,0.,0.,1.,-1.15, 0001645P0002104
-5.233595624E-02,-0.998629535,0.,0.266122802;                    0001645P0002105
110,-1.173086122,-1.15,1.513568689E-02,-1.173086122,-0.75,       0001647P0002106
1.513568689E-02;                                                 0001647P0002107
100,0.,0.,0.,3.06623268E-02,-0.249724612,0.2516,                 0001649P0002108
-8.326672685E-17;                                                0001649P0002109
124,0.998629535,5.233595624E-02,0.,-1.190636851,0.,0.,-1.,-0.75, 0001651P0002110
-5.233595624E-02,0.998629535,-0.,0.266122802;                    0001651P0002111
110,-0.93938166,-0.75,0.252955075,-0.93938166,-1.15,0.252955075; 0001653P0002112
402,14,1657,1697,1713,1753,1769,1805,1821,1837,1853,1889,1925,   0001655P0002113
1941,1957,1973,0,1,3183;                                         0001655P0002114
144,1659,1,0,1661;                                               0001657P0002115
108,-0.,1.,-0.,0.2,0,-0.939536529,0.2,0.25,0.;                   0001659P0002116
142,0,1659,0,1663,2;                                             0001661P0002117
102,12,1665,1669,1671,1673,1675,1679,1681,1685,1687,1689,1691,   0001663P0002118
1695;                                                            0001663P0002119
100,0.,0.,0.,0.2516,2.775557562E-17,3.06623268E-02,0.249724612;  0001665P0002120
124,0.998629535,-5.233595624E-02,0.,-1.190636851,0.,0.,1.,0.2,   0001667P0002121
-5.233595624E-02,-0.998629535,0.,0.266122802;                    0001667P0002122
110,-1.173086122,0.2,1.513568689E-02,-1.389536529,0.2,0.;        0001669P0002123
110,-1.389536529,0.2,1.498801083E-15,-1.4,0.2,0.149634608;       0001671P0002124
110,-1.4,0.2,0.149634608,-1.183549593,0.2,0.164770294;           0001673P0002125
100,0.,0.,0.,0.1016,-2.220446049E-16,1.238192529E-02,            0001675P0002126
0.100842689;                                                     0001675P0002127
124,6.975647374E-02,0.99756405,0.,-1.190636851,-0.,0.,-1.,0.2,   0001677P0002128
-0.99756405,6.975647374E-02,0.,0.266122802;                      0001677P0002129
110,-1.08917609,0.2,0.260805469,-1.06817303,0.2,0.661567727;     0001679P0002130
100,0.,0.,0.,0.2516,1.110223025E-16,1.316772659E-02,0.251255191; 0001681P0002131
124,-0.998629535,5.233595624E-02,0.,-0.816917839,0.,0.,1.,0.2,   0001683P0002132
5.233595624E-02,0.998629535,0.,0.6484;                           0001683P0002133
110,-0.816917839,0.2,0.9,-0.8,0.2,0.9;                           0001685P0002134
110,-0.8,0.2,0.9,-0.8,0.2,0.75;                                  0001687P0002135
110,-0.8,0.2,0.75,-0.816917839,0.2,0.75;                         0001689P0002136
100,0.,0.,0.,0.1016,0.,5.317333154E-03,0.101460761;              0001691P0002137
124,0.,-1.,0.,-0.816917839,0.,0.,-1.,0.2,1.,0.,0.,0.6484;        0001693P0002138
110,-0.9183786,0.2,0.653717333,-0.93938166,0.2,0.252955075;      0001695P0002139
144,1699,1,0,1701;                                               0001697P0002140
108,0.998629535,-0.,-5.233595624E-02,-0.951332916,0,-0.95103148, 0001699P0002141
0.2,3.066326007E-02,0.;                                          0001699P0002142
142,0,1699,0,1703,2;                                             0001701P0002143
102,4,1705,1707,1709,1711;                                       0001703P0002144
110,-0.93938166,-0.2,0.252955075,-0.93938166,0.2,0.252955075;    0001705P0002145
110,-0.93938166,0.2,0.252955075,-0.9183786,0.2,0.653717333;      0001707P0002146
110,-0.9183786,0.2,0.653717333,-0.9183786,-0.2,0.653717333;      0001709P0002147
110,-0.9183786,-0.2,0.653717333,-0.93938166,-0.2,0.252955075;    0001711P0002148
144,1715,1,0,1717;                                               0001713P0002149
108,0.,-1.,0.,0.2,0,-0.939536529,-0.2,0.25,0.;                   0001715P0002150
142,0,1715,0,1719,2;                                             0001717P0002151
102,12,1721,1725,1727,1729,1731,1735,1737,1741,1743,1745,1747,   0001719P0002152
1751;                                                            0001719P0002153
100,0.,0.,0.,1.238192529E-02,-0.100842689,0.1016,                0001721P0002154
2.220446049E-16;                                                 0001721P0002155
124,6.975647374E-02,-0.99756405,0.,-1.190636851,0.,0.,1.,-0.2,   0001723P0002156
-0.99756405,-6.975647374E-02,0.,0.266122802;                     0001723P0002157
110,-1.183549593,-0.2,0.164770294,-1.4,-0.2,0.149634608;         0001725P0002158
110,-1.4,-0.2,0.149634608,-1.389536529,-0.2,1.498801083E-15;     0001727P0002159
110,-1.389536529,-0.2,0.,-1.173086122,-0.2,1.513568689E-02;      0001729P0002160
100,0.,0.,0.,3.06623268E-02,-0.249724612,0.2516,                 0001731P0002161
-8.326672685E-17;                                                0001731P0002162
124,0.998629535,5.233595624E-02,0.,-1.190636851,0.,0.,-1.,-0.2,  0001733P0002163
-5.233595624E-02,0.998629535,-0.,0.266122802;                    0001733P0002164
110,-0.93938166,-0.2,0.252955075,-0.9183786,-0.2,0.653717333;    0001735P0002165
100,0.,0.,0.,5.317333154E-03,-0.101460761,0.1016,0.;             0001737P0002166
124,0.,1.,0.,-0.816917839,0.,0.,1.,-0.2,1.,0.,0.,0.6484;         0001739P0002167
110,-0.816917839,-0.2,0.75,-0.8,-0.2,0.75;                       0001741P0002168
110,-0.8,-0.2,0.75,-0.8,-0.2,0.9;                                0001743P0002169
110,-0.8,-0.2,0.9,-0.816917839,-0.2,0.9;                         0001745P0002170
100,0.,0.,0.,1.316772659E-02,-0.251255191,0.2516,                0001747P0002171
-1.110223025E-16;                                                0001747P0002172
124,-0.998629535,-5.233595624E-02,-0.,-0.816917839,0.,0.,-1.,    0001749P0002173
-0.2,5.233595624E-02,-0.998629535,0.,0.6484;                     0001749P0002174
110,-1.06817303,-0.2,0.661567727,-1.08917609,-0.2,0.260805469;   0001751P0002175
144,1755,1,0,1757;                                               0001753P0002176
108,-0.998629535,0.,5.233595624E-02,1.101332916,0,-1.089330959,  0001755P0002177
0.2,0.257850393,0.;                                              0001755P0002178
142,0,1755,0,1759,2;                                             0001757P0002179
102,4,1761,1763,1765,1767;                                       0001759P0002180
110,-1.08917609,0.2,0.260805469,-1.08917609,-0.2,0.260805469;    0001761P0002181
110,-1.08917609,-0.2,0.260805469,-1.06817303,-0.2,0.661567727;   0001763P0002182
110,-1.06817303,-0.2,0.661567727,-1.06817303,0.2,0.661567727;    0001765P0002183
110,-1.06817303,0.2,0.661567727,-1.08917609,0.2,0.260805469;     0001767P0002184
144,1771,1,0,1779;                                               0001769P0002185
120,1775,1777,4.764748858,6.283185307;                           0001771P0002186
124,-0.998629535,5.233595624E-02,0.,-0.816917839,0.,0.,1.,0.2,   0001773P0002187
5.233595624E-02,0.998629535,0.,0.6484;                           0001773P0002188
110,0.,0.,1.,0.,0.,0.;                                           0001775P0002189
110,0.2516,0.,-0.4,0.2516,0.,0.;                                 0001777P0002190
142,0,1771,1781,1791,3;                                          0001779P0002191
102,4,1783,1785,1787,1789;                                       0001781P0002192
110,0.,6.283185307,0.,-8.429015537E-16,4.764748858,0.;           0001783P0002193
110,-1.110223025E-15,4.764748858,0.,1.,4.764748858,0.;           0001785P0002194
110,1.,4.764748858,0.,1.,6.283185307,0.;                         0001787P0002195
110,1.,6.283185307,0.,-2.220446049E-16,6.283185307,0.;           0001789P0002196
102,4,1793,1797,1799,1803;                                       0001791P0002197
100,0.,0.,0.,0.2516,1.110223025E-16,1.316772659E-02,0.251255191; 0001793P0002198
124,-0.998629535,5.233595624E-02,0.,-0.816917839,0.,0.,1.,-0.2,  0001795P0002199
5.233595624E-02,0.998629535,0.,0.6484;                           0001795P0002200
110,-0.816917839,-0.2,0.9,-0.816917839,0.2,0.9;                  0001797P0002201
100,0.,0.,0.,1.316772659E-02,-0.251255191,0.2516,                0001799P0002202
-1.110223025E-16;                                                0001799P0002203
124,-0.998629535,-5.233595624E-02,-0.,-0.816917839,0.,0.,-1.,    0001801P0002204
0.2,5.233595624E-02,-0.998629535,0.,0.6484;                      0001801P0002205
110,-1.06817303,0.2,0.661567727,-1.06817303,-0.2,0.661567727;    0001803P0002206
144,1807,1,0,1809;                                               0001805P0002207
108,0.,0.,1.,0.9,0,-0.8,0.2,0.9,0.;                              0001807P0002208
142,0,1807,0,1811,2;                                             0001809P0002209
102,4,1813,1815,1817,1819;                                       0001811P0002210
110,-0.816917839,0.2,0.9,-0.816917839,-0.2,0.9;                  0001813P0002211
110,-0.816917839,-0.2,0.9,-0.8,-0.2,0.9;                         0001815P0002212
110,-0.8,-0.2,0.9,-0.8,0.2,0.9;                                  0001817P0002213
110,-0.8,0.2,0.9,-0.816917839,0.2,0.9;                           0001819P0002214
144,1823,1,0,1825;                                               0001821P0002215
108,1.,0.,0.,-0.8,0,-0.8,0.2,0.75,0.;                            0001823P0002216
142,0,1823,0,1827,2;                                             0001825P0002217
102,4,1829,1831,1833,1835;                                       0001827P0002218
110,-0.8,0.2,0.9,-0.8,-0.2,0.9;                                  0001829P0002219
110,-0.8,-0.2,0.9,-0.8,-0.2,0.75;                                0001831P0002220
110,-0.8,-0.2,0.75,-0.8,0.2,0.75;                                0001833P0002221
110,-0.8,0.2,0.75,-0.8,0.2,0.9;                                  0001835P0002222
144,1839,1,0,1841;                                               0001837P0002223
108,0.,0.,-1.,-0.75,0,-0.913332639,0.2,0.75,0.;                  0001839P0002224
142,0,1839,0,1843,2;                                             0001841P0002225
102,4,1845,1847,1849,1851;                                       0001843P0002226
110,-0.8,0.2,0.75,-0.8,-0.2,0.75;                                0001845P0002227
110,-0.8,-0.2,0.75,-0.816917839,-0.2,0.75;                       0001847P0002228
110,-0.816917839,-0.2,0.75,-0.816917839,0.2,0.75;                0001849P0002229
110,-0.816917839,0.2,0.75,-0.8,0.2,0.75;                         0001851P0002230
144,1855,1,0,1863;                                               0001853P0002231
120,1859,1861,0.,1.518436449;                                    0001855P0002232
124,0.,1.,0.,-0.816917839,0.,0.,-1.,0.2,1.,0.,0.,0.6484;         0001857P0002233
110,0.,0.,1.,0.,0.,0.;                                           0001859P0002234
110,0.1016,0.,0.,0.1016,0.,0.4;                                  0001861P0002235
142,0,1855,1865,1875,3;                                          0001863P0002236
102,4,1867,1869,1871,1873;                                       0001865P0002237
110,1.,1.776356839E-15,0.,1.,1.518436449,0.;                     0001867P0002238
110,1.,1.518436449,0.,-2.644966944E-15,1.518436449,0.;           0001869P0002239
110,-2.644966944E-15,1.518436449,0.,-3.487868498E-15,            0001871P0002240
1.776356839E-15,0.;                                              0001871P0002241
110,-3.487868498E-15,1.776356839E-15,0.,1.,1.865174681E-15,0.;   0001873P0002242
102,4,1877,1881,1883,1887;                                       0001875P0002243
100,0.,0.,0.,0.1016,0.,5.317333154E-03,0.101460761;              0001877P0002244
124,0.,-1.,0.,-0.816917839,0.,0.,-1.,-0.2,1.,0.,0.,0.6484;       0001879P0002245
110,-0.9183786,-0.2,0.653717333,-0.9183786,0.2,0.653717333;      0001881P0002246
100,0.,0.,0.,5.317333154E-03,-0.101460761,0.1016,0.;             0001883P0002247
124,0.,1.,0.,-0.816917839,0.,0.,1.,0.2,1.,0.,0.,0.6484;          0001885P0002248
110,-0.816917839,0.2,0.75,-0.816917839,-0.2,0.75;                0001887P0002249
144,1891,1,0,1899;                                               0001889P0002250
120,1895,1897,0.,1.448623279;                                    0001891P0002251
124,6.975647374E-02,-0.99756405,0.,-1.190636851,-0.,0.,-1.,0.2,  0001893P0002252
-0.99756405,-6.975647374E-02,0.,0.266122802;                     0001893P0002253
110,0.,0.,1.,0.,0.,0.;                                           0001895P0002254
110,0.1016,0.,0.,0.1016,0.,0.4;                                  0001897P0002255
142,0,1891,1901,1911,3;                                          0001899P0002256
102,4,1903,1905,1907,1909;                                       0001901P0002257
110,1.,1.776356839E-15,0.,1.,1.448623279,0.;                     0001903P0002258
110,1.,1.448623279,0.,-2.683721039E-15,1.448623279,0.;           0001905P0002259
110,-2.683721039E-15,1.448623279,0.,-3.487868498E-15,            0001907P0002260
1.776356839E-15,0.;                                              0001907P0002261
110,-3.487868498E-15,1.776356839E-15,0.,1.,1.865174681E-15,0.;   0001909P0002262
102,4,1913,1917,1919,1923;                                       0001911P0002263
100,0.,0.,0.,0.1016,-2.220446049E-16,1.238192529E-02,            0001913P0002264
0.100842689;                                                     0001913P0002265
124,6.975647374E-02,0.99756405,0.,-1.190636851,-0.,0.,-1.,-0.2,  0001915P0002266
-0.99756405,6.975647374E-02,0.,0.266122802;                      0001915P0002267
110,-1.08917609,-0.2,0.260805469,-1.08917609,0.2,0.260805469;    0001917P0002268
100,0.,0.,0.,1.238192529E-02,-0.100842689,0.1016,                0001919P0002269
2.220446049E-16;                                                 0001919P0002270
124,6.975647374E-02,-0.99756405,0.,-1.190636851,0.,0.,1.,0.2,    0001921P0002271
-0.99756405,-6.975647374E-02,0.,0.266122802;                     0001921P0002272
110,-1.183549593,0.2,0.164770294,-1.183549593,-0.2,0.164770294;  0001923P0002273
144,1927,1,0,1929;                                               0001925P0002274
108,-6.975647374E-02,0.,0.99756405,0.246929168,0,-1.093880469,   0001927P0002275
0.2,0.17104057,0.;                                               0001927P0002276
142,0,1927,0,1931,2;                                             0001929P0002277
102,4,1933,1935,1937,1939;                                       0001931P0002278
110,-1.4,0.2,0.149634608,-1.4,-0.2,0.149634608;                  0001933P0002279
110,-1.4,-0.2,0.149634608,-1.183549593,-0.2,0.164770294;         0001935P0002280
110,-1.183549593,-0.2,0.164770294,-1.183549593,0.2,0.164770294;  0001937P0002281
110,-1.183549593,0.2,0.164770294,-1.4,0.2,0.149634608;           0001939P0002282
144,1943,1,0,1945;                                               0001941P0002283
108,-0.99756405,0.,-6.975647374E-02,1.386151688,0,-1.4,0.2,      0001943P0002284
0.149634608,0.;                                                  0001943P0002285
142,0,1943,0,1947,2;                                             0001945P0002286
102,4,1949,1951,1953,1955;                                       0001947P0002287
110,-1.389536529,0.2,0.,-1.389536529,-0.2,0.;                    0001949P0002288
110,-1.389536529,-0.2,1.498801083E-15,-1.4,-0.2,0.149634608;     0001951P0002289
110,-1.4,-0.2,0.149634608,-1.4,0.2,0.149634608;                  0001953P0002290
110,-1.4,0.2,0.149634608,-1.389536529,0.2,1.498801083E-15;       0001955P0002291
144,1959,1,0,1961;                                               0001957P0002292
108,6.975647374E-02,-0.,-0.99756405,-9.69291684E-02,0,           0001959P0002293
-1.389536529,0.2,0.,0.;                                          0001959P0002294
142,0,1959,0,1963,2;                                             0001961P0002295
102,4,1965,1967,1969,1971;                                       0001963P0002296
110,-1.173086122,0.2,1.513568689E-02,-1.173086122,-0.2,          0001965P0002297
1.513568689E-02;                                                 0001965P0002298
110,-1.173086122,-0.2,1.513568689E-02,-1.389536529,-0.2,0.;      0001967P0002299
110,-1.389536529,-0.2,0.,-1.389536529,0.2,0.;                    0001969P0002300
110,-1.389536529,0.2,0.,-1.173086122,0.2,1.513568689E-02;        0001971P0002301
144,1975,1,0,1983;                                               0001973P0002302
120,1979,1981,4.834562028,6.283185307;                           0001975P0002303
124,0.998629535,-5.233595624E-02,0.,-1.190636851,0.,0.,1.,0.2,   0001977P0002304
-5.233595624E-02,-0.998629535,0.,0.266122802;                    0001977P0002305
110,0.,0.,1.,0.,0.,0.;                                           0001979P0002306
110,0.2516,0.,-0.4,0.2516,0.,0.;                                 0001981P0002307
142,0,1975,1985,1995,3;                                          0001983P0002308
102,4,1987,1989,1991,1993;                                       0001985P0002309
110,0.,6.283185307,0.,-8.041474593E-16,4.834562028,0.;           0001987P0002310
110,-1.110223025E-15,4.834562028,0.,1.,4.834562028,0.;           0001989P0002311
110,1.,4.834562028,0.,1.,6.283185307,0.;                         0001991P0002312
110,1.,6.283185307,0.,-2.220446049E-16,6.283185307,0.;           0001993P0002313
102,4,1997,2001,2003,2007;                                       0001995P0002314
100,0.,0.,0.,0.2516,2.775557562E-17,3.06623268E-02,0.249724612;  0001997P0002315
124,0.998629535,-5.233595624E-02,0.,-1.190636851,0.,0.,1.,-0.2,  0001999P0002316
-5.233595624E-02,-0.998629535,0.,0.266122802;                    0001999P0002317
110,-1.173086122,-0.2,1.513568689E-02,-1.173086122,0.2,          0002001P0002318
1.513568689E-02;                                                 0002001P0002319
100,0.,0.,0.,3.06623268E-02,-0.249724612,0.2516,                 0002003P0002320
-8.326672685E-17;                                                0002003P0002321
124,0.998629535,5.233595624E-02,0.,-1.190636851,0.,0.,-1.,0.2,   0002005P0002322
-5.233595624E-02,0.998629535,-0.,0.266122802;                    0002005P0002323
110,-0.93938166,0.2,0.252955075,-0.93938166,-0.2,0.252955075;    0002007P0002324
402,14,2011,2051,2067,2107,2123,2159,2175,2191,2207,2243,2279,   0002009P0002325
2295,2311,2327,0,1,3171;                                         0002009P0002326
144,2013,1,0,2015;                                               0002011P0002327
108,-0.,1.,-0.,1.15,0,-0.939536529,1.15,0.25,0.;                 0002013P0002328
142,0,2013,0,2017,2;                                             0002015P0002329
102,12,2019,2023,2025,2027,2029,2033,2035,2039,2041,2043,2045,   0002017P0002330
2049;                                                            0002017P0002331
100,0.,0.,0.,0.2516,2.775557562E-17,3.06623268E-02,0.249724612;  0002019P0002332
124,0.998629535,-5.233595624E-02,0.,-1.190636851,0.,0.,1.,1.15,  0002021P0002333
-5.233595624E-02,-0.998629535,0.,0.266122802;                    0002021P0002334
110,-1.173086122,1.15,1.513568689E-02,-1.389536529,1.15,0.;      0002023P0002335
110,-1.389536529,1.15,1.498801083E-15,-1.4,1.15,0.149634608;     0002025P0002336
110,-1.4,1.15,0.149634608,-1.183549593,1.15,0.164770294;         0002027P0002337
100,0.,0.,0.,0.1016,-2.220446049E-16,1.238192529E-02,            0002029P0002338
0.100842689;                                                     0002029P0002339
124,6.975647374E-02,0.99756405,0.,-1.190636851,-0.,0.,-1.,1.15,  0002031P0002340
-0.99756405,6.975647374E-02,0.,0.266122802;                      0002031P0002341
110,-1.08917609,1.15,0.260805469,-1.06817303,1.15,0.661567727;   0002033P0002342
100,0.,0.,0.,0.2516,1.110223025E-16,1.316772659E-02,0.251255191; 0002035P0002343
124,-0.998629535,5.233595624E-02,0.,-0.816917839,0.,0.,1.,1.15,  0002037P0002344
5.233595624E-02,0.998629535,0.,0.6484;                           0002037P0002345
110,-0.816917839,1.15,0.9,-0.8,1.15,0.9;                         0002039P0002346
110,-0.8,1.15,0.9,-0.8,1.15,0.75;                                0002041P0002347
110,-0.8,1.15,0.75,-0.816917839,1.15,0.75;                       0002043P0002348
100,0.,0.,0.,0.1016,0.,5.317333154E-03,0.101460761;              0002045P0002349
124,0.,-1.,0.,-0.816917839,0.,0.,-1.,1.15,1.,0.,0.,0.6484;       0002047P0002350
110,-0.9183786,1.15,0.653717333,-0.93938166,1.15,0.252955075;    0002049P0002351
144,2053,1,0,2055;                                               0002051P0002352
108,0.998629535,-0.,-5.233595624E-02,-0.951332916,0,-0.95103148, 0002053P0002353
1.15,3.066326007E-02,0.;                                         0002053P0002354
142,0,2053,0,2057,2;                                             0002055P0002355
102,4,2059,2061,2063,2065;                                       0002057P0002356
110,-0.93938166,0.75,0.252955075,-0.93938166,1.15,0.252955075;   0002059P0002357
110,-0.93938166,1.15,0.252955075,-0.9183786,1.15,0.653717333;    0002061P0002358
110,-0.9183786,1.15,0.653717333,-0.9183786,0.75,0.653717333;     0002063P0002359
110,-0.9183786,0.75,0.653717333,-0.93938166,0.75,0.252955075;    0002065P0002360
144,2069,1,0,2071;                                               0002067P0002361
108,0.,-1.,0.,-0.75,0,-0.939536529,0.75,0.25,0.;                 0002069P0002362
142,0,2069,0,2073,2;                                             0002071P0002363
102,12,2075,2079,2081,2083,2085,2089,2091,2095,2097,2099,2101,   0002073P0002364
2105;                                                            0002073P0002365
100,0.,0.,0.,1.238192529E-02,-0.100842689,0.1016,                0002075P0002366
2.220446049E-16;                                                 0002075P0002367
124,6.975647374E-02,-0.99756405,0.,-1.190636851,0.,0.,1.,0.75,   0002077P0002368
-0.99756405,-6.975647374E-02,0.,0.266122802;                     0002077P0002369
110,-1.183549593,0.75,0.164770294,-1.4,0.75,0.149634608;         0002079P0002370
110,-1.4,0.75,0.149634608,-1.389536529,0.75,1.498801083E-15;     0002081P0002371
110,-1.389536529,0.75,0.,-1.173086122,0.75,1.513568689E-02;      0002083P0002372
100,0.,0.,0.,3.06623268E-02,-0.249724612,0.2516,                 0002085P0002373
-8.326672685E-17;                                                0002085P0002374
124,0.998629535,5.233595624E-02,0.,-1.190636851,0.,0.,-1.,0.75,  0002087P0002375
-5.233595624E-02,0.998629535,-0.,0.266122802;                    0002087P0002376
110,-0.93938166,0.75,0.252955075,-0.9183786,0.75,0.653717333;    0002089P0002377
100,0.,0.,0.,5.317333154E-03,-0.101460761,0.1016,0.;             0002091P0002378
124,0.,1.,0.,-0.816917839,0.,0.,1.,0.75,1.,0.,0.,0.6484;         0002093P0002379
110,-0.816917839,0.75,0.75,-0.8,0.75,0.75;                       0002095P0002380
110,-0.8,0.75,0.75,-0.8,0.75,0.9;                                0002097P0002381
110,-0.8,0.75,0.9,-0.816917839,0.75,0.9;                         0002099P0002382
100,0.,0.,0.,1.316772659E-02,-0.251255191,0.2516,                0002101P0002383
-1.110223025E-16;                                                0002101P0002384
124,-0.998629535,-5.233595624E-02,-0.,-0.816917839,0.,0.,-1.,    0002103P0002385
0.75,5.233595624E-02,-0.998629535,0.,0.6484;                     0002103P0002386
110,-1.06817303,0.75,0.661567727,-1.08917609,0.75,0.260805469;   0002105P0002387
144,2109,1,0,2111;                                               0002107P0002388
108,-0.998629535,0.,5.233595624E-02,1.101332916,0,-1.089330959,  0002109P0002389
1.15,0.257850393,0.;                                             0002109P0002390
142,0,2109,0,2113,2;                                             0002111P0002391
102,4,2115,2117,2119,2121;                                       0002113P0002392
110,-1.08917609,1.15,0.260805469,-1.08917609,0.75,0.260805469;   0002115P0002393
110,-1.08917609,0.75,0.260805469,-1.06817303,0.75,0.661567727;   0002117P0002394
110,-1.06817303,0.75,0.661567727,-1.06817303,1.15,0.661567727;   0002119P0002395
110,-1.06817303,1.15,0.661567727,-1.08917609,1.15,0.260805469;   0002121P0002396
144,2125,1,0,2133;                                               0002123P0002397
120,2129,2131,4.764748858,6.283185307;                           0002125P0002398
124,-0.998629535,5.233595624E-02,0.,-0.816917839,0.,0.,1.,1.15,  0002127P0002399
5.233595624E-02,0.998629535,0.,0.6484;                           0002127P0002400
110,0.,0.,1.,0.,0.,0.;                                           0002129P0002401
110,0.2516,0.,-0.4,0.2516,0.,0.;                                 0002131P0002402
142,0,2125,2135,2145,3;                                          0002133P0002403
102,4,2137,2139,2141,2143;                                       0002135P0002404
110,0.,6.283185307,0.,-8.429015537E-16,4.764748858,0.;           0002137P0002405
110,-1.110223025E-15,4.764748858,0.,1.,4.764748858,0.;           0002139P0002406
110,1.,4.764748858,0.,1.,6.283185307,0.;                         0002141P0002407
110,1.,6.283185307,0.,-2.220446049E-16,6.283185307,0.;           0002143P0002408
102,4,2147,2151,2153,2157;                                       0002145P0002409
100,0.,0.,0.,0.2516,1.110223025E-16,1.316772659E-02,0.251255191; 0002147P0002410
124,-0.998629535,5.233595624E-02,0.,-0.816917839,0.,0.,1.,0.75,  0002149P0002411
5.233595624E-02,0.998629535,0.,0.6484;                           0002149P0002412
110,-0.816917839,0.75,0.9,-0.816917839,1.15,0.9;                 0002151P0002413
100,0.,0.,0.,1.316772659E-02,-0.251255191,0.2516,                0002153P0002414
-1.110223025E-16;                                                0002153P0002415
124,-0.998629535,-5.233595624E-02,-0.,-0.816917839,0.,0.,-1.,    0002155P0002416
1.15,5.233595624E-02,-0.998629535,0.,0.6484;                     0002155P0002417
110,-1.06817303,1.15,0.661567727,-1.06817303,0.75,0.661567727;   0002157P0002418
144,2161,1,0,2163;                                               0002159P0002419
108,0.,0.,1.,0.9,0,-0.8,1.15,0.9,0.;                             0002161P0002420
142,0,2161,0,2165,2;                                             0002163P0002421
102,4,2167,2169,2171,2173;                                       0002165P0002422
110,-0.816917839,1.15,0.9,-0.816917839,0.75,0.9;                 0002167P0002423
110,-0.816917839,0.75,0.9,-0.8,0.75,0.9;                         0002169P0002424
110,-0.8,0.75,0.9,-0.8,1.15,0.9;                                 0002171P0002425
110,-0.8,1.15,0.9,-0.816917839,1.15,0.9;                         0002173P0002426
144,2177,1,0,2179;                                               0002175P0002427
108,1.,0.,0.,-0.8,0,-0.8,1.15,0.75,0.;                           0002177P0002428
142,0,2177,0,2181,2;                                             0002179P0002429
102,4,2183,2185,2187,2189;                                       0002181P0002430
110,-0.8,1.15,0.9,-0.8,0.75,0.9;                                 0002183P0002431
110,-0.8,0.75,0.9,-0.8,0.75,0.75;                                0002185P0002432
110,-0.8,0.75,0.75,-0.8,1.15,0.75;                               0002187P0002433
110,-0.8,1.15,0.75,-0.8,1.15,0.9;                                0002189P0002434
144,2193,1,0,2195;                                               0002191P0002435
108,0.,0.,-1.,-0.75,0,-0.913332639,1.15,0.75,0.;                 0002193P0002436
142,0,2193,0,2197,2;                                             0002195P0002437
102,4,2199,2201,2203,2205;                                       0002197P0002438
110,-0.8,1.15,0.75,-0.8,0.75,0.75;                               0002199P0002439
110,-0.8,0.75,0.75,-0.816917839,0.75,0.75;                       0002201P0002440
110,-0.816917839,0.75,0.75,-0.816917839,1.15,0.75;               0002203P0002441
110,-0.816917839,1.15,0.75,-0.8,1.15,0.75;                       0002205P0002442
144,2209,1,0,2217;                                               0002207P0002443
120,2213,2215,0.,1.518436449;                                    0002209P0002444
124,0.,1.,0.,-0.816917839,0.,0.,-1.,1.15,1.,0.,0.,0.6484;        0002211P0002445
110,0.,0.,1.,0.,0.,0.;                                           0002213P0002446
110,0.1016,0.,0.,0.1016,0.,0.4;                                  0002215P0002447
142,0,2209,2219,2229,3;                                          0002217P0002448
102,4,2221,2223,2225,2227;                                       0002219P0002449
110,1.,1.776356839E-15,0.,1.,1.518436449,0.;                     0002221P0002450
110,1.,1.518436449,0.,-2.644966944E-15,1.518436449,0.;           0002223P0002451
110,-2.644966944E-15,1.518436449,0.,-3.487868498E-15,            0002225P0002452
1.776356839E-15,0.;                                              0002225P0002453
110,-3.487868498E-15,1.776356839E-15,0.,1.,1.865174681E-15,0.;   0002227P0002454
102,4,2231,2235,2237,2241;                                       0002229P0002455
100,0.,0.,0.,0.1016,0.,5.317333154E-03,0.101460761;              0002231P0002456
124,0.,-1.,0.,-0.816917839,0.,0.,-1.,0.75,1.,0.,0.,0.6484;       0002233P0002457
110,-0.9183786,0.75,0.653717333,-0.9183786,1.15,0.653717333;     0002235P0002458
100,0.,0.,0.,5.317333154E-03,-0.101460761,0.1016,0.;             0002237P0002459
124,0.,1.,0.,-0.816917839,0.,0.,1.,1.15,1.,0.,0.,0.6484;         0002239P0002460
110,-0.816917839,1.15,0.75,-0.816917839,0.75,0.75;               0002241P0002461
144,2245,1,0,2253;                                               0002243P0002462
120,2249,2251,0.,1.448623279;                                    0002245P0002463
124,6.975647374E-02,-0.99756405,0.,-1.190636851,-0.,0.,-1.,1.15, 0002247P0002464
-0.99756405,-6.975647374E-02,0.,0.266122802;                     0002247P0002465
110,0.,0.,1.,0.,0.,0.;                                           0002249P0002466
110,0.1016,0.,0.,0.1016,0.,0.4;                                  0002251P0002467
142,0,2245,2255,2265,3;                                          0002253P0002468
102,4,2257,2259,2261,2263;                                       0002255P0002469
110,1.,1.776356839E-15,0.,1.,1.448623279,0.;                     0002257P0002470
110,1.,1.448623279,0.,-2.683721039E-15,1.448623279,0.;           0002259P0002471
110,-2.683721039E-15,1.448623279,0.,-3.487868498E-15,            0002261P0002472
1.776356839E-15,0.;                                              0002261P0002473
110,-3.487868498E-15,1.776356839E-15,0.,1.,1.865174681E-15,0.;   0002263P0002474
102,4,2267,2271,2273,2277;                                       0002265P0002475
100,0.,0.,0.,0.1016,-2.220446049E-16,1.238192529E-02,            0002267P0002476
0.100842689;                                                     0002267P0002477
124,6.975647374E-02,0.99756405,0.,-1.190636851,-0.,0.,-1.,0.75,  0002269P0002478
-0.99756405,6.975647374E-02,0.,0.266122802;                      0002269P0002479
110,-1.08917609,0.75,0.260805469,-1.08917609,1.15,0.260805469;   0002271P0002480
100,0.,0.,0.,1.238192529E-02,-0.100842689,0.1016,                0002273P0002481
2.220446049E-16;                                                 0002273P0002482
124,6.975647374E-02,-0.99756405,0.,-1.190636851,0.,0.,1.,1.15,   0002275P0002483
-0.99756405,-6.975647374E-02,0.,0.266122802;                     0002275P0002484
110,-1.183549593,1.15,0.164770294,-1.183549593,0.75,0.164770294; 0002277P0002485
144,2281,1,0,2283;                                               0002279P0002486
108,-6.975647374E-02,0.,0.99756405,0.246929168,0,-1.093880469,   0002281P0002487
1.15,0.17104057,0.;                                              0002281P0002488
142,0,2281,0,2285,2;                                             0002283P0002489
102,4,2287,2289,2291,2293;                                       0002285P0002490
110,-1.4,1.15,0.149634608,-1.4,0.75,0.149634608;                 0002287P0002491
110,-1.4,0.75,0.149634608,-1.183549593,0.75,0.164770294;         0002289P0002492
110,-1.183549593,0.75,0.164770294,-1.183549593,1.15,0.164770294; 0002291P0002493
110,-1.183549593,1.15,0.164770294,-1.4,1.15,0.149634608;         0002293P0002494
144,2297,1,0,2299;                                               0002295P0002495
108,-0.99756405,0.,-6.975647374E-02,1.386151688,0,-1.4,1.15,     0002297P0002496
0.149634608,0.;                                                  0002297P0002497
142,0,2297,0,2301,2;                                             0002299P0002498
102,4,2303,2305,2307,2309;                                       0002301P0002499
110,-1.389536529,1.15,0.,-1.389536529,0.75,0.;                   0002303P0002500
110,-1.389536529,0.75,1.498801083E-15,-1.4,0.75,0.149634608;     0002305P0002501
110,-1.4,0.75,0.149634608,-1.4,1.15,0.149634608;                 0002307P0002502
110,-1.4,1.15,0.149634608,-1.389536529,1.15,1.498801083E-15;     0002309P0002503
144,2313,1,0,2315;                                               0002311P0002504
108,6.975647374E-02,-0.,-0.99756405,-9.69291684E-02,0,           0002313P0002505
-1.389536529,1.15,0.,0.;                                         0002313P0002506
142,0,2313,0,2317,2;                                             0002315P0002507
102,4,2319,2321,2323,2325;                                       0002317P0002508
110,-1.173086122,1.15,1.513568689E-02,-1.173086122,0.75,         0002319P0002509
1.513568689E-02;                                                 0002319P0002510
110,-1.173086122,0.75,1.513568689E-02,-1.389536529,0.75,0.;      0002321P0002511
110,-1.389536529,0.75,0.,-1.389536529,1.15,0.;                   0002323P0002512
110,-1.389536529,1.15,0.,-1.173086122,1.15,1.513568689E-02;      0002325P0002513
144,2329,1,0,2337;                                               0002327P0002514
120,2333,2335,4.834562028,6.283185307;                           0002329P0002515
124,0.998629535,-5.233595624E-02,0.,-1.190636851,0.,0.,1.,1.15,  0002331P0002516
-5.233595624E-02,-0.998629535,0.,0.266122802;                    0002331P0002517
110,0.,0.,1.,0.,0.,0.;                                           0002333P0002518
110,0.2516,0.,-0.4,0.2516,0.,0.;                                 0002335P0002519
142,0,2329,2339,2349,3;                                          0002337P0002520
102,4,2341,2343,2345,2347;                                       0002339P0002521
110,0.,6.283185307,0.,-8.041474593E-16,4.834562028,0.;           0002341P0002522
110,-1.110223025E-15,4.834562028,0.,1.,4.834562028,0.;           0002343P0002523
110,1.,4.834562028,0.,1.,6.283185307,0.;                         0002345P0002524
110,1.,6.283185307,0.,-2.220446049E-16,6.283185307,0.;           0002347P0002525
102,4,2351,2355,2357,2361;                                       0002349P0002526
100,0.,0.,0.,0.2516,2.775557562E-17,3.06623268E-02,0.249724612;  0002351P0002527
124,0.998629535,-5.233595624E-02,0.,-1.190636851,0.,0.,1.,0.75,  0002353P0002528
-5.233595624E-02,-0.998629535,0.,0.266122802;                    0002353P0002529
110,-1.173086122,0.75,1.513568689E-02,-1.173086122,1.15,         0002355P0002530
1.513568689E-02;                                                 0002355P0002531
100,0.,0.,0.,3.06623268E-02,-0.249724612,0.2516,                 0002357P0002532
-8.326672685E-17;                                                0002357P0002533
124,0.998629535,5.233595624E-02,0.,-1.190636851,0.,0.,-1.,1.15,  0002359P0002534
-5.233595624E-02,0.998629535,-0.,0.266122802;                    0002359P0002535
110,-0.93938166,1.15,0.252955075,-0.93938166,0.75,0.252955075;   0002361P0002536
402,14,2365,2405,2421,2461,2477,2513,2529,2545,2561,2597,2633,   0002363P0002537
2649,2665,2681,0,1,3173;                                         0002363P0002538
144,2367,1,0,2369;                                               0002365P0002539
108,-0.,-1.,-0.,1.15,0,0.939536529,-1.15,0.25,0.;                0002367P0002540
142,0,2367,0,2371,2;                                             0002369P0002541
102,12,2373,2377,2379,2381,2383,2387,2389,2393,2395,2397,2399,   0002371P0002542
2403;                                                            0002371P0002543
100,0.,0.,0.,0.2516,2.775557562E-17,3.06623268E-02,0.249724612;  0002373P0002544
124,-0.998629535,5.233595624E-02,0.,1.190636851,0.,0.,-1.,-1.15, 0002375P0002545
-5.233595624E-02,-0.998629535,0.,0.266122802;                    0002375P0002546
110,1.173086122,-1.15,1.513568689E-02,1.389536529,-1.15,0.;      0002377P0002547
110,1.389536529,-1.15,1.498801083E-15,1.4,-1.15,0.149634608;     0002379P0002548
110,1.4,-1.15,0.149634608,1.183549593,-1.15,0.164770294;         0002381P0002549
100,0.,0.,0.,0.1016,-2.220446049E-16,1.238192529E-02,            0002383P0002550
0.100842689;                                                     0002383P0002551
124,-6.975647374E-02,-0.99756405,0.,1.190636851,0.,0.,1.,-1.15,  0002385P0002552
-0.99756405,6.975647374E-02,0.,0.266122802;                      0002385P0002553
110,1.08917609,-1.15,0.260805469,1.06817303,-1.15,0.661567727;   0002387P0002554
100,0.,0.,0.,0.2516,1.110223025E-16,1.316772659E-02,0.251255191; 0002389P0002555
124,0.998629535,-5.233595624E-02,0.,0.816917839,0.,0.,-1.,-1.15, 0002391P0002556
5.233595624E-02,0.998629535,0.,0.6484;                           0002391P0002557
110,0.816917839,-1.15,0.9,0.8,-1.15,0.9;                         0002393P0002558
110,0.8,-1.15,0.9,0.8,-1.15,0.75;                                0002395P0002559
110,0.8,-1.15,0.75,0.816917839,-1.15,0.75;                       0002397P0002560
100,0.,0.,0.,0.1016,0.,5.317333154E-03,0.101460761;              0002399P0002561
124,0.,1.,0.,0.816917839,0.,0.,1.,-1.15,1.,0.,0.,0.6484;         0002401P0002562
110,0.9183786,-1.15,0.653717333,0.93938166,-1.15,0.252955075;    0002403P0002563
144,2407,1,0,2409;                                               0002405P0002564
108,-0.998629535,0.,-5.233595624E-02,-0.951332916,0,0.95103148,  0002407P0002565
-1.15,3.066326007E-02,0.;                                        0002407P0002566
142,0,2407,0,2411,2;                                             0002409P0002567
102,4,2413,2415,2417,2419;                                       0002411P0002568
110,0.93938166,-0.75,0.252955075,0.93938166,-1.15,0.252955075;   0002413P0002569
110,0.93938166,-1.15,0.252955075,0.9183786,-1.15,0.653717333;    0002415P0002570
110,0.9183786,-1.15,0.653717333,0.9183786,-0.75,0.653717333;     0002417P0002571
110,0.9183786,-0.75,0.653717333,0.93938166,-0.75,0.252955075;    0002419P0002572
144,2423,1,0,2425;                                               0002421P0002573
108,0.,1.,0.,-0.75,0,0.939536529,-0.75,0.25,0.;                  0002423P0002574
142,0,2423,0,2427,2;                                             0002425P0002575
102,12,2429,2433,2435,2437,2439,2443,2445,2449,2451,2453,2455,   0002427P0002576
2459;                                                            0002427P0002577
100,0.,0.,0.,1.238192529E-02,-0.100842689,0.1016,                0002429P0002578
2.220446049E-16;                                                 0002429P0002579
124,-6.975647374E-02,0.99756405,0.,1.190636851,0.,0.,-1.,-0.75,  0002431P0002580
-0.99756405,-6.975647374E-02,-0.,0.266122802;                    0002431P0002581
110,1.183549593,-0.75,0.164770294,1.4,-0.75,0.149634608;         0002433P0002582
110,1.4,-0.75,0.149634608,1.389536529,-0.75,1.498801083E-15;     0002435P0002583
110,1.389536529,-0.75,0.,1.173086122,-0.75,1.513568689E-02;      0002437P0002584
100,0.,0.,0.,3.06623268E-02,-0.249724612,0.2516,                 0002439P0002585
-8.326672685E-17;                                                0002439P0002586
124,-0.998629535,-5.233595624E-02,0.,1.190636851,0.,0.,1.,-0.75, 0002441P0002587
-5.233595624E-02,0.998629535,0.,0.266122802;                     0002441P0002588
110,0.93938166,-0.75,0.252955075,0.9183786,-0.75,0.653717333;    0002443P0002589
100,0.,0.,0.,5.317333154E-03,-0.101460761,0.1016,0.;             0002445P0002590
124,0.,-1.,0.,0.816917839,0.,0.,-1.,-0.75,1.,0.,-0.,0.6484;      0002447P0002591
110,0.816917839,-0.75,0.75,0.8,-0.75,0.75;                       0002449P0002592
110,0.8,-0.75,0.75,0.8,-0.75,0.9;                                0002451P0002593
110,0.8,-0.75,0.9,0.816917839,-0.75,0.9;                         0002453P0002594
100,0.,0.,0.,1.316772659E-02,-0.251255191,0.2516,                0002455P0002595
-1.110223025E-16;                                                0002455P0002596
124,0.998629535,5.233595624E-02,0.,0.816917839,0.,0.,1.,-0.75,   0002457P0002597
5.233595624E-02,-0.998629535,0.,0.6484;                          0002457P0002598
110,1.06817303,-0.75,0.661567727,1.08917609,-0.75,0.260805469;   0002459P0002599
144,2463,1,0,2465;                                               0002461P0002600
108,0.998629535,0.,5.233595624E-02,1.101332916,0,1.089330959,    0002463P0002601
-1.15,0.257850393,0.;                                            0002463P0002602
142,0,2463,0,2467,2;                                             0002465P0002603
102,4,2469,2471,2473,2475;                                       0002467P0002604
110,1.08917609,-1.15,0.260805469,1.08917609,-0.75,0.260805469;   0002469P0002605
110,1.08917609,-0.75,0.260805469,1.06817303,-0.75,0.661567727;   0002471P0002606
110,1.06817303,-0.75,0.661567727,1.06817303,-1.15,0.661567727;   0002473P0002607
110,1.06817303,-1.15,0.661567727,1.08917609,-1.15,0.260805469;   0002475P0002608
144,2479,1,0,2487;                                               0002477P0002609
120,2483,2485,4.764748858,6.283185307;                           0002479P0002610
124,0.998629535,-5.233595624E-02,0.,0.816917839,0.,0.,-1.,-1.15, 0002481P0002611
5.233595624E-02,0.998629535,0.,0.6484;                           0002481P0002612
110,0.,0.,1.,0.,0.,0.;                                           0002483P0002613
110,0.2516,0.,-0.4,0.2516,0.,0.;                                 0002485P0002614
142,0,2479,2489,2499,3;                                          0002487P0002615
102,4,2491,2493,2495,2497;                                       0002489P0002616
110,0.,6.283185307,0.,-8.429015537E-16,4.764748858,0.;           0002491P0002617
110,-1.110223025E-15,4.764748858,0.,1.,4.764748858,0.;           0002493P0002618
110,1.,4.764748858,0.,1.,6.283185307,0.;                         0002495P0002619
110,1.,6.283185307,0.,-2.220446049E-16,6.283185307,0.;           0002497P0002620
102,4,2501,2505,2507,2511;                                       0002499P0002621
100,0.,0.,0.,0.2516,1.110223025E-16,1.316772659E-02,0.251255191; 0002501P0002622
124,0.998629535,-5.233595624E-02,0.,0.816917839,0.,0.,-1.,-0.75, 0002503P0002623
5.233595624E-02,0.998629535,0.,0.6484;                           0002503P0002624
110,0.816917839,-0.75,0.9,0.816917839,-1.15,0.9;                 0002505P0002625
100,0.,0.,0.,1.316772659E-02,-0.251255191,0.2516,                0002507P0002626
-1.110223025E-16;                                                0002507P0002627
124,0.998629535,5.233595624E-02,0.,0.816917839,0.,0.,1.,-1.15,   0002509P0002628
5.233595624E-02,-0.998629535,0.,0.6484;                          0002509P0002629
110,1.06817303,-1.15,0.661567727,1.06817303,-0.75,0.661567727;   0002511P0002630
144,2515,1,0,2517;                                               0002513P0002631
108,0.,0.,1.,0.9,0,0.8,-1.15,0.9,0.;                             0002515P0002632
142,0,2515,0,2519,2;                                             0002517P0002633
102,4,2521,2523,2525,2527;                                       0002519P0002634
110,0.816917839,-1.15,0.9,0.816917839,-0.75,0.9;                 0002521P0002635
110,0.816917839,-0.75,0.9,0.8,-0.75,0.9;                         0002523P0002636
110,0.8,-0.75,0.9,0.8,-1.15,0.9;                                 0002525P0002637
110,0.8,-1.15,0.9,0.816917839,-1.15,0.9;                         0002527P0002638
144,2531,1,0,2533;                                               0002529P0002639
108,-1.,0.,0.,-0.8,0,0.8,-1.15,0.75,0.;                          0002531P0002640
142,0,2531,0,2535,2;                                             0002533P0002641
102,4,2537,2539,2541,2543;                                       0002535P0002642
110,0.8,-1.15,0.9,0.8,-0.75,0.9;                                 0002537P0002643
110,0.8,-0.75,0.9,0.8,-0.75,0.75;                                0002539P0002644
110,0.8,-0.75,0.75,0.8,-1.15,0.75;                               0002541P0002645
110,0.8,-1.15,0.75,0.8,-1.15,0.9;                                0002543P0002646
144,2547,1,0,2549;                                               0002545P0002647
108,0.,0.,-1.,-0.75,0,0.913332639,-1.15,0.75,0.;                 0002547P0002648
142,0,2547,0,2551,2;                                             0002549P0002649
102,4,2553,2555,2557,2559;                                       0002551P0002650
110,0.8,-1.15,0.75,0.8,-0.75,0.75;                               0002553P0002651
110,0.8,-0.75,0.75,0.816917839,-0.75,0.75;                       0002555P0002652
110,0.816917839,-0.75,0.75,0.816917839,-1.15,0.75;               0002557P0002653
110,0.816917839,-1.15,0.75,0.8,-1.15,0.75;                       0002559P0002654
144,2563,1,0,2571;                                               0002561P0002655
120,2567,2569,0.,1.518436449;                                    0002563P0002656
124,0.,-1.,0.,0.816917839,0.,0.,1.,-1.15,1.,0.,0.,0.6484;        0002565P0002657
110,0.,0.,1.,0.,0.,0.;                                           0002567P0002658
110,0.1016,0.,0.,0.1016,0.,0.4;                                  0002569P0002659
142,0,2563,2573,2583,3;                                          0002571P0002660
102,4,2575,2577,2579,2581;                                       0002573P0002661
110,1.,1.776356839E-15,0.,1.,1.518436449,0.;                     0002575P0002662
110,1.,1.518436449,0.,-2.644966944E-15,1.518436449,0.;           0002577P0002663
110,-2.644966944E-15,1.518436449,0.,-3.487868498E-15,            0002579P0002664
1.776356839E-15,0.;                                              0002579P0002665
110,-3.487868498E-15,1.776356839E-15,0.,1.,1.865174681E-15,0.;   0002581P0002666
102,4,2585,2589,2591,2595;                                       0002583P0002667
100,0.,0.,0.,0.1016,0.,5.317333154E-03,0.101460761;              0002585P0002668
124,0.,1.,0.,0.816917839,0.,0.,1.,-0.75,1.,0.,0.,0.6484;         0002587P0002669
110,0.9183786,-0.75,0.653717333,0.9183786,-1.15,0.653717333;     0002589P0002670
100,0.,0.,0.,5.317333154E-03,-0.101460761,0.1016,0.;             0002591P0002671
124,0.,-1.,0.,0.816917839,0.,0.,-1.,-1.15,1.,0.,-0.,0.6484;      0002593P0002672
110,0.816917839,-1.15,0.75,0.816917839,-0.75,0.75;               0002595P0002673
144,2599,1,0,2607;                                               0002597P0002674
120,2603,2605,0.,1.448623279;                                    0002599P0002675
124,-6.975647374E-02,0.99756405,0.,1.190636851,0.,0.,1.,-1.15,   0002601P0002676
-0.99756405,-6.975647374E-02,0.,0.266122802;                     0002601P0002677
110,0.,0.,1.,0.,0.,0.;                                           0002603P0002678
110,0.1016,0.,0.,0.1016,0.,0.4;                                  0002605P0002679
142,0,2599,2609,2619,3;                                          0002607P0002680
102,4,2611,2613,2615,2617;                                       0002609P0002681
110,1.,1.776356839E-15,0.,1.,1.448623279,0.;                     0002611P0002682
110,1.,1.448623279,0.,-2.683721039E-15,1.448623279,0.;           0002613P0002683
110,-2.683721039E-15,1.448623279,0.,-3.487868498E-15,            0002615P0002684
1.776356839E-15,0.;                                              0002615P0002685
110,-3.487868498E-15,1.776356839E-15,0.,1.,1.865174681E-15,0.;   0002617P0002686
102,4,2621,2625,2627,2631;                                       0002619P0002687
100,0.,0.,0.,0.1016,-2.220446049E-16,1.238192529E-02,            0002621P0002688
0.100842689;                                                     0002621P0002689
124,-6.975647374E-02,-0.99756405,0.,1.190636851,0.,0.,1.,-0.75,  0002623P0002690
-0.99756405,6.975647374E-02,0.,0.266122802;                      0002623P0002691
110,1.08917609,-0.75,0.260805469,1.08917609,-1.15,0.260805469;   0002625P0002692
100,0.,0.,0.,1.238192529E-02,-0.100842689,0.1016,                0002627P0002693
2.220446049E-16;                                                 0002627P0002694
124,-6.975647374E-02,0.99756405,0.,1.190636851,0.,0.,-1.,-1.15,  0002629P0002695
-0.99756405,-6.975647374E-02,-0.,0.266122802;                    0002629P0002696
110,1.183549593,-1.15,0.164770294,1.183549593,-0.75,0.164770294; 0002631P0002697
144,2635,1,0,2637;                                               0002633P0002698
108,6.975647374E-02,0.,0.99756405,0.246929168,0,1.093880469,     0002635P0002699
-1.15,0.17104057,0.;                                             0002635P0002700
142,0,2635,0,2639,2;                                             0002637P0002701
102,4,2641,2643,2645,2647;                                       0002639P0002702
110,1.4,-1.15,0.149634608,1.4,-0.75,0.149634608;                 0002641P0002703
110,1.4,-0.75,0.149634608,1.183549593,-0.75,0.164770294;         0002643P0002704
110,1.183549593,-0.75,0.164770294,1.183549593,-1.15,0.164770294; 0002645P0002705
110,1.183549593,-1.15,0.164770294,1.4,-1.15,0.149634608;         0002647P0002706
144,2651,1,0,2653;                                               0002649P0002707
108,0.99756405,0.,-6.975647374E-02,1.386151688,0,1.4,-1.15,      0002651P0002708
0.149634608,0.;                                                  0002651P0002709
142,0,2651,0,2655,2;                                             0002653P0002710
102,4,2657,2659,2661,2663;                                       0002655P0002711
110,1.389536529,-1.15,0.,1.389536529,-0.75,0.;                   0002657P0002712
110,1.389536529,-0.75,1.498801083E-15,1.4,-0.75,0.149634608;     0002659P0002713
110,1.4,-0.75,0.149634608,1.4,-1.15,0.149634608;                 0002661P0002714
110,1.4,-1.15,0.149634608,1.389536529,-1.15,1.498801083E-15;     0002663P0002715
144,2667,1,0,2669;                                               0002665P0002716
108,-6.975647374E-02,0.,-0.99756405,-9.69291684E-02,0,           0002667P0002717
1.389536529,-1.15,0.,0.;                                         0002667P0002718
142,0,2667,0,2671,2;                                             0002669P0002719
102,4,2673,2675,2677,2679;                                       0002671P0002720
110,1.173086122,-1.15,1.513568689E-02,1.173086122,-0.75,         0002673P0002721
1.513568689E-02;                                                 0002673P0002722
110,1.173086122,-0.75,1.513568689E-02,1.389536529,-0.75,0.;      0002675P0002723
110,1.389536529,-0.75,0.,1.389536529,-1.15,0.;                   0002677P0002724
110,1.389536529,-1.15,0.,1.173086122,-1.15,1.513568689E-02;      0002679P0002725
144,2683,1,0,2691;                                               0002681P0002726
120,2687,2689,4.834562028,6.283185307;                           0002683P0002727
124,-0.998629535,5.233595624E-02,0.,1.190636851,0.,0.,-1.,-1.15, 0002685P0002728
-5.233595624E-02,-0.998629535,0.,0.266122802;                    0002685P0002729
110,0.,0.,1.,0.,0.,0.;                                           0002687P0002730
110,0.2516,0.,-0.4,0.2516,0.,0.;                                 0002689P0002731
142,0,2683,2693,2703,3;                                          0002691P0002732
102,4,2695,2697,2699,2701;                                       0002693P0002733
110,0.,6.283185307,0.,-8.041474593E-16,4.834562028,0.;           0002695P0002734
110,-1.110223025E-15,4.834562028,0.,1.,4.834562028,0.;           0002697P0002735
110,1.,4.834562028,0.,1.,6.283185307,0.;                         0002699P0002736
110,1.,6.283185307,0.,-2.220446049E-16,6.283185307,0.;           0002701P0002737
102,4,2705,2709,2711,2715;                                       0002703P0002738
100,0.,0.,0.,0.2516,2.775557562E-17,3.06623268E-02,0.249724612;  0002705P0002739
124,-0.998629535,5.233595624E-02,0.,1.190636851,0.,0.,-1.,-0.75, 0002707P0002740
-5.233595624E-02,-0.998629535,0.,0.266122802;                    0002707P0002741
110,1.173086122,-0.75,1.513568689E-02,1.173086122,-1.15,         0002709P0002742
1.513568689E-02;                                                 0002709P0002743
100,0.,0.,0.,3.06623268E-02,-0.249724612,0.2516,                 0002711P0002744
-8.326672685E-17;                                                0002711P0002745
124,-0.998629535,-5.233595624E-02,0.,1.190636851,0.,0.,1.,-1.15, 0002713P0002746
-5.233595624E-02,0.998629535,0.,0.266122802;                     0002713P0002747
110,0.93938166,-1.15,0.252955075,0.93938166,-0.75,0.252955075;   0002715P0002748
402,14,2719,2759,2775,2815,2831,2867,2883,2899,2915,2951,2987,   0002717P0002749
3003,3019,3035,0,1,3181;                                         0002717P0002750
144,2721,1,0,2723;                                               0002719P0002751
108,-0.,-1.,-0.,-0.75,0,0.939536529,0.75,0.25,0.;                0002721P0002752
142,0,2721,0,2725,2;                                             0002723P0002753
102,12,2727,2731,2733,2735,2737,2741,2743,2747,2749,2751,2753,   0002725P0002754
2757;                                                            0002725P0002755
100,0.,0.,0.,0.2516,2.775557562E-17,3.06623268E-02,0.249724612;  0002727P0002756
124,-0.998629535,5.233595624E-02,0.,1.190636851,0.,0.,-1.,0.75,  0002729P0002757
-5.233595624E-02,-0.998629535,0.,0.266122802;                    0002729P0002758
110,1.173086122,0.75,1.513568689E-02,1.389536529,0.75,0.;        0002731P0002759
110,1.389536529,0.75,1.498801083E-15,1.4,0.75,0.149634608;       0002733P0002760
110,1.4,0.75,0.149634608,1.183549593,0.75,0.164770294;           0002735P0002761
100,0.,0.,0.,0.1016,-2.220446049E-16,1.238192529E-02,            0002737P0002762
0.100842689;                                                     0002737P0002763
124,-6.975647374E-02,-0.99756405,0.,1.190636851,0.,0.,1.,0.75,   0002739P0002764
-0.99756405,6.975647374E-02,0.,0.266122802;                      0002739P0002765
110,1.08917609,0.75,0.260805469,1.06817303,0.75,0.661567727;     0002741P0002766
100,0.,0.,0.,0.2516,1.110223025E-16,1.316772659E-02,0.251255191; 0002743P0002767
124,0.998629535,-5.233595624E-02,0.,0.816917839,0.,0.,-1.,0.75,  0002745P0002768
5.233595624E-02,0.998629535,0.,0.6484;                           0002745P0002769
110,0.816917839,0.75,0.9,0.8,0.75,0.9;                           0002747P0002770
110,0.8,0.75,0.9,0.8,0.75,0.75;                                  0002749P0002771
110,0.8,0.75,0.75,0.816917839,0.75,0.75;                         0002751P0002772
100,0.,0.,0.,0.1016,0.,5.317333154E-03,0.101460761;              0002753P0002773
124,0.,1.,0.,0.816917839,0.,0.,1.,0.75,1.,0.,0.,0.6484;          0002755P0002774
110,0.9183786,0.75,0.653717333,0.93938166,0.75,0.252955075;      0002757P0002775
144,2761,1,0,2763;                                               0002759P0002776
108,-0.998629535,0.,-5.233595624E-02,-0.951332916,0,0.95103148,  0002761P0002777
0.75,3.066326007E-02,0.;                                         0002761P0002778
142,0,2761,0,2765,2;                                             0002763P0002779
102,4,2767,2769,2771,2773;                                       0002765P0002780
110,0.93938166,1.15,0.252955075,0.93938166,0.75,0.252955075;     0002767P0002781
110,0.93938166,0.75,0.252955075,0.9183786,0.75,0.653717333;      0002769P0002782
110,0.9183786,0.75,0.653717333,0.9183786,1.15,0.653717333;       0002771P0002783
110,0.9183786,1.15,0.653717333,0.93938166,1.15,0.252955075;      0002773P0002784
144,2777,1,0,2779;                                               0002775P0002785
108,0.,1.,0.,1.15,0,0.939536529,1.15,0.25,0.;                    0002777P0002786
142,0,2777,0,2781,2;                                             0002779P0002787
102,12,2783,2787,2789,2791,2793,2797,2799,2803,2805,2807,2809,   0002781P0002788
2813;                                                            0002781P0002789
100,0.,0.,0.,1.238192529E-02,-0.100842689,0.1016,                0002783P0002790
2.220446049E-16;                                                 0002783P0002791
124,-6.975647374E-02,0.99756405,0.,1.190636851,0.,0.,-1.,1.15,   0002785P0002792
-0.99756405,-6.975647374E-02,-0.,0.266122802;                    0002785P0002793
110,1.183549593,1.15,0.164770294,1.4,1.15,0.149634608;           0002787P0002794
110,1.4,1.15,0.149634608,1.389536529,1.15,1.498801083E-15;       0002789P0002795
110,1.389536529,1.15,0.,1.173086122,1.15,1.513568689E-02;        0002791P0002796
100,0.,0.,0.,3.06623268E-02,-0.249724612,0.2516,                 0002793P0002797
-8.326672685E-17;                                                0002793P0002798
124,-0.998629535,-5.233595624E-02,0.,1.190636851,0.,0.,1.,1.15,  0002795P0002799
-5.233595624E-02,0.998629535,0.,0.266122802;                     0002795P0002800
110,0.93938166,1.15,0.252955075,0.9183786,1.15,0.653717333;      0002797P0002801
100,0.,0.,0.,5.317333154E-03,-0.101460761,0.1016,0.;             0002799P0002802
124,0.,-1.,0.,0.816917839,0.,0.,-1.,1.15,1.,0.,-0.,0.6484;       0002801P0002803
110,0.816917839,1.15,0.75,0.8,1.15,0.75;                         0002803P0002804
110,0.8,1.15,0.75,0.8,1.15,0.9;                                  0002805P0002805
110,0.8,1.15,0.9,0.816917839,1.15,0.9;                           0002807P0002806
100,0.,0.,0.,1.316772659E-02,-0.251255191,0.2516,                0002809P0002807
-1.110223025E-16;                                                0002809P0002808
124,0.998629535,5.233595624E-02,0.,0.816917839,0.,0.,1.,1.15,    0002811P0002809
5.233595624E-02,-0.998629535,0.,0.6484;                          0002811P0002810
110,1.06817303,1.15,0.661567727,1.08917609,1.15,0.260805469;     0002813P0002811
144,2817,1,0,2819;                                               0002815P0002812
108,0.998629535,0.,5.233595624E-02,1.101332916,0,1.089330959,    0002817P0002813
0.75,0.257850393,0.;                                             0002817P0002814
142,0,2817,0,2821,2;                                             0002819P0002815
102,4,2823,2825,2827,2829;                                       0002821P0002816
110,1.08917609,0.75,0.260805469,1.08917609,1.15,0.260805469;     0002823P0002817
110,1.08917609,1.15,0.260805469,1.06817303,1.15,0.661567727;     0002825P0002818
110,1.06817303,1.15,0.661567727,1.06817303,0.75,0.661567727;     0002827P0002819
110,1.06817303,0.75,0.661567727,1.08917609,0.75,0.260805469;     0002829P0002820
144,2833,1,0,2841;                                               0002831P0002821
120,2837,2839,4.764748858,6.283185307;                           0002833P0002822
124,0.998629535,-5.233595624E-02,0.,0.816917839,0.,0.,-1.,0.75,  0002835P0002823
5.233595624E-02,0.998629535,0.,0.6484;                           0002835P0002824
110,0.,0.,1.,0.,0.,0.;                                           0002837P0002825
110,0.2516,0.,-0.4,0.2516,0.,0.;                                 0002839P0002826
142,0,2833,2843,2853,3;                                          0002841P0002827
102,4,2845,2847,2849,2851;                                       0002843P0002828
110,0.,6.283185307,0.,-8.429015537E-16,4.764748858,0.;           0002845P0002829
110,-1.110223025E-15,4.764748858,0.,1.,4.764748858,0.;           0002847P0002830
110,1.,4.764748858,0.,1.,6.283185307,0.;                         0002849P0002831
110,1.,6.283185307,0.,-2.220446049E-16,6.283185307,0.;           0002851P0002832
102,4,2855,2859,2861,2865;                                       0002853P0002833
100,0.,0.,0.,0.2516,1.110223025E-16,1.316772659E-02,0.251255191; 0002855P0002834
124,0.998629535,-5.233595624E-02,0.,0.816917839,0.,0.,-1.,1.15,  0002857P0002835
5.233595624E-02,0.998629535,0.,0.6484;                           0002857P0002836
110,0.816917839,1.15,0.9,0.816917839,0.75,0.9;                   0002859P0002837
100,0.,0.,0.,1.316772659E-02,-0.251255191,0.2516,                0002861P0002838
-1.110223025E-16;                                                0002861P0002839
124,0.998629535,5.233595624E-02,0.,0.816917839,0.,0.,1.,0.75,    0002863P0002840
5.233595624E-02,-0.998629535,0.,0.6484;                          0002863P0002841
110,1.06817303,0.75,0.661567727,1.06817303,1.15,0.661567727;     0002865P0002842
144,2869,1,0,2871;                                               0002867P0002843
108,0.,0.,1.,0.9,0,0.8,0.75,0.9,0.;                              0002869P0002844
142,0,2869,0,2873,2;                                             0002871P0002845
102,4,2875,2877,2879,2881;                                       0002873P0002846
110,0.816917839,0.75,0.9,0.816917839,1.15,0.9;                   0002875P0002847
110,0.816917839,1.15,0.9,0.8,1.15,0.9;                           0002877P0002848
110,0.8,1.15,0.9,0.8,0.75,0.9;                                   0002879P0002849
110,0.8,0.75,0.9,0.816917839,0.75,0.9;                           0002881P0002850
144,2885,1,0,2887;                                               0002883P0002851
108,-1.,0.,0.,-0.8,0,0.8,0.75,0.75,0.;                           0002885P0002852
142,0,2885,0,2889,2;                                             0002887P0002853
102,4,2891,2893,2895,2897;                                       0002889P0002854
110,0.8,0.75,0.9,0.8,1.15,0.9;                                   0002891P0002855
110,0.8,1.15,0.9,0.8,1.15,0.75;                                  0002893P0002856
110,0.8,1.15,0.75,0.8,0.75,0.75;                                 0002895P0002857
110,0.8,0.75,0.75,0.8,0.75,0.9;                                  0002897P0002858
144,2901,1,0,2903;                                               0002899P0002859
108,0.,0.,-1.,-0.75,0,0.913332639,0.75,0.75,0.;                  0002901P0002860
142,0,2901,0,2905,2;                                             0002903P0002861
102,4,2907,2909,2911,2913;                                       0002905P0002862
110,0.8,0.75,0.75,0.8,1.15,0.75;                                 0002907P0002863
110,0.8,1.15,0.75,0.816917839,1.15,0.75;                         0002909P0002864
110,0.816917839,1.15,0.75,0.816917839,0.75,0.75;                 0002911P0002865
110,0.816917839,0.75,0.75,0.8,0.75,0.75;                         0002913P0002866
144,2917,1,0,2925;                                               0002915P0002867
120,2921,2923,0.,1.518436449;                                    0002917P0002868
124,0.,-1.,0.,0.816917839,0.,0.,1.,0.75,1.,0.,0.,0.6484;         0002919P0002869
110,0.,0.,1.,0.,0.,0.;                                           0002921P0002870
110,0.1016,0.,0.,0.1016,0.,0.4;                                  0002923P0002871
142,0,2917,2927,2937,3;                                          0002925P0002872
102,4,2929,2931,2933,2935;                                       0002927P0002873
110,1.,1.776356839E-15,0.,1.,1.518436449,0.;                     0002929P0002874
110,1.,1.518436449,0.,-2.644966944E-15,1.518436449,0.;           0002931P0002875
110,-2.644966944E-15,1.518436449,0.,-3.487868498E-15,            0002933P0002876
1.776356839E-15,0.;                                              0002933P0002877
110,-3.487868498E-15,1.776356839E-15,0.,1.,1.865174681E-15,0.;   0002935P0002878
102,4,2939,2943,2945,2949;                                       0002937P0002879
100,0.,0.,0.,0.1016,0.,5.317333154E-03,0.101460761;              0002939P0002880
124,0.,1.,0.,0.816917839,0.,0.,1.,1.15,1.,0.,0.,0.6484;          0002941P0002881
110,0.9183786,1.15,0.653717333,0.9183786,0.75,0.653717333;       0002943P0002882
100,0.,0.,0.,5.317333154E-03,-0.101460761,0.1016,0.;             0002945P0002883
124,0.,-1.,0.,0.816917839,0.,0.,-1.,0.75,1.,0.,-0.,0.6484;       0002947P0002884
110,0.816917839,0.75,0.75,0.816917839,1.15,0.75;                 0002949P0002885
144,2953,1,0,2961;                                               0002951P0002886
120,2957,2959,0.,1.448623279;                                    0002953P0002887
124,-6.975647374E-02,0.99756405,0.,1.190636851,0.,0.,1.,0.75,    0002955P0002888
-0.99756405,-6.975647374E-02,0.,0.266122802;                     0002955P0002889
110,0.,0.,1.,0.,0.,0.;                                           0002957P0002890
110,0.1016,0.,0.,0.1016,0.,0.4;                                  0002959P0002891
142,0,2953,2963,2973,3;                                          0002961P0002892
102,4,2965,2967,2969,2971;                                       0002963P0002893
110,1.,1.776356839E-15,0.,1.,1.448623279,0.;                     0002965P0002894
110,1.,1.448623279,0.,-2.683721039E-15,1.448623279,0.;           0002967P0002895
110,-2.683721039E-15,1.448623279,0.,-3.487868498E-15,            0002969P0002896
1.776356839E-15,0.;                                              0002969P0002897
110,-3.487868498E-15,1.776356839E-15,0.,1.,1.865174681E-15,0.;   0002971P0002898
102,4,2975,2979,2981,2985;                                       0002973P0002899
100,0.,0.,0.,0.1016,-2.220446049E-16,1.238192529E-02,            0002975P0002900
0.100842689;                                                     0002975P0002901
124,-6.975647374E-02,-0.99756405,0.,1.190636851,0.,0.,1.,1.15,   0002977P0002902
-0.99756405,6.975647374E-02,0.,0.266122802;                      0002977P0002903
110,1.08917609,1.15,0.260805469,1.08917609,0.75,0.260805469;     0002979P0002904
100,0.,0.,0.,1.238192529E-02,-0.100842689,0.1016,                0002981P0002905
2.220446049E-16;                                                 0002981P0002906
124,-6.975647374E-02,0.99756405,0.,1.190636851,0.,0.,-1.,0.75,   0002983P0002907
-0.99756405,-6.975647374E-02,-0.,0.266122802;                    0002983P0002908
110,1.183549593,0.75,0.164770294,1.183549593,1.15,0.164770294;   0002985P0002909
144,2989,1,0,2991;                                               0002987P0002910
108,6.975647374E-02,0.,0.99756405,0.246929168,0,1.093880469,     0002989P0002911
0.75,0.17104057,0.;                                              0002989P0002912
142,0,2989,0,2993,2;                                             0002991P0002913
102,4,2995,2997,2999,3001;                                       0002993P0002914
110,1.4,0.75,0.149634608,1.4,1.15,0.149634608;                   0002995P0002915
110,1.4,1.15,0.149634608,1.183549593,1.15,0.164770294;           0002997P0002916
110,1.183549593,1.15,0.164770294,1.183549593,0.75,0.164770294;   0002999P0002917
110,1.183549593,0.75,0.164770294,1.4,0.75,0.149634608;           0003001P0002918
144,3005,1,0,3007;                                               0003003P0002919
108,0.99756405,0.,-6.975647374E-02,1.386151688,0,1.4,0.75,       0003005P0002920
0.149634608,0.;                                                  0003005P0002921
142,0,3005,0,3009,2;                                             0003007P0002922
102,4,3011,3013,3015,3017;                                       0003009P0002923
110,1.389536529,0.75,0.,1.389536529,1.15,0.;                     0003011P0002924
110,1.389536529,1.15,1.498801083E-15,1.4,1.15,0.149634608;       0003013P0002925
110,1.4,1.15,0.149634608,1.4,0.75,0.149634608;                   0003015P0002926
110,1.4,0.75,0.149634608,1.389536529,0.75,1.498801083E-15;       0003017P0002927
144,3021,1,0,3023;                                               0003019P0002928
108,-6.975647374E-02,0.,-0.99756405,-9.69291684E-02,0,           0003021P0002929
1.389536529,0.75,0.,0.;                                          0003021P0002930
142,0,3021,0,3025,2;                                             0003023P0002931
102,4,3027,3029,3031,3033;                                       0003025P0002932
110,1.173086122,0.75,1.513568689E-02,1.173086122,1.15,           0003027P0002933
1.513568689E-02;                                                 0003027P0002934
110,1.173086122,1.15,1.513568689E-02,1.389536529,1.15,0.;        0003029P0002935
110,1.389536529,1.15,0.,1.389536529,0.75,0.;                     0003031P0002936
110,1.389536529,0.75,0.,1.173086122,0.75,1.513568689E-02;        0003033P0002937
144,3037,1,0,3045;                                               0003035P0002938
120,3041,3043,4.834562028,6.283185307;                           0003037P0002939
124,-0.998629535,5.233595624E-02,0.,1.190636851,0.,0.,-1.,0.75,  0003039P0002940
-5.233595624E-02,-0.998629535,0.,0.266122802;                    0003039P0002941
110,0.,0.,1.,0.,0.,0.;                                           0003041P0002942
110,0.2516,0.,-0.4,0.2516,0.,0.;                                 0003043P0002943
142,0,3037,3047,3057,3;                                          0003045P0002944
102,4,3049,3051,3053,3055;                                       0003047P0002945
110,0.,6.283185307,0.,-8.041474593E-16,4.834562028,0.;           0003049P0002946
110,-1.110223025E-15,4.834562028,0.,1.,4.834562028,0.;           0003051P0002947
110,1.,4.834562028,0.,1.,6.283185307,0.;                         0003053P0002948
110,1.,6.283185307,0.,-2.220446049E-16,6.283185307,0.;           0003055P0002949
102,4,3059,3063,3065,3069;                                       0003057P0002950
100,0.,0.,0.,0.2516,2.775557562E-17,3.06623268E-02,0.249724612;  0003059P0002951
124,-0.998629535,5.233595624E-02,0.,1.190636851,0.,0.,-1.,1.15,  0003061P0002952
-5.233595624E-02,-0.998629535,0.,0.266122802;                    0003061P0002953
110,1.173086122,1.15,1.513568689E-02,1.173086122,0.75,           0003063P0002954
1.513568689E-02;                                                 0003063P0002955
100,0.,0.,0.,3.06623268E-02,-0.249724612,0.2516,                 0003065P0002956
-8.326672685E-17;                                                0003065P0002957
124,-0.998629535,-5.233595624E-02,0.,1.190636851,0.,0.,1.,0.75,  0003067P0002958
-5.233595624E-02,0.998629535,0.,0.266122802;                     0003067P0002959
110,0.93938166,0.75,0.252955075,0.93938166,1.15,0.252955075;     0003069P0002960
402,6,3073,3089,3105,3121,3137,3153,0,1,3177;                    0003071P0002961
144,3075,1,0,3077;                                               0003073P0002962
108,-0.,-0.,-1.,-0.76,0,1.05,0.,0.76,0.;                         0003075P0002963
142,0,3075,0,3079,2;                                             0003077P0002964
102,4,3081,3083,3085,3087;                                       0003079P0002965
110,1.05,0.125,0.76,1.05,-0.125,0.76;                            0003081P0002966
110,1.05,-0.125,0.76,0.8,-0.125,0.76;                            0003083P0002967
110,0.8,-0.125,0.76,0.8,0.125,0.76;                              0003085P0002968
110,0.8,0.125,0.76,1.05,0.125,0.76;                              0003087P0002969
144,3091,1,0,3093;                                               0003089P0002970
108,0.,1.,0.,0.125,0,1.05,0.125,0.76,0.;                         0003091P0002971
142,0,3091,0,3095,2;                                             0003093P0002972
102,4,3097,3099,3101,3103;                                       0003095P0002973
110,0.8,0.125,0.76,0.8,0.125,0.9;                                0003097P0002974
110,0.8,0.125,0.9,1.05,0.125,0.9;                                0003099P0002975
110,1.05,0.125,0.9,1.05,0.125,0.76;                              0003101P0002976
110,1.05,0.125,0.76,0.8,0.125,0.76;                              0003103P0002977
144,3107,1,0,3109;                                               0003105P0002978
108,1.,0.,0.,1.05,0,1.05,-0.125,0.76,0.;                         0003107P0002979
142,0,3107,0,3111,2;                                             0003109P0002980
102,4,3113,3115,3117,3119;                                       0003111P0002981
110,1.05,0.125,0.76,1.05,0.125,0.9;                              0003113P0002982
110,1.05,0.125,0.9,1.05,-0.125,0.9;                              0003115P0002983
110,1.05,-0.125,0.9,1.05,-0.125,0.76;                            0003117P0002984
110,1.05,-0.125,0.76,1.05,0.125,0.76;                            0003119P0002985
144,3123,1,0,3125;                                               0003121P0002986
108,0.,-1.,0.,0.125,0,0.8,-0.125,0.76,0.;                        0003123P0002987
142,0,3123,0,3127,2;                                             0003125P0002988
102,4,3129,3131,3133,3135;                                       0003127P0002989
110,1.05,-0.125,0.76,1.05,-0.125,0.9;                            0003129P0002990
110,1.05,-0.125,0.9,0.8,-0.125,0.9;                              0003131P0002991
110,0.8,-0.125,0.9,0.8,-0.125,0.76;                              0003133P0002992
110,0.8,-0.125,0.76,1.05,-0.125,0.76;                            0003135P0002993
144,3139,1,0,3141;                                               0003137P0002994
108,-1.,0.,0.,-0.8,0,0.8,0.125,0.76,0.;                          0003139P0002995
142,0,3139,0,3143,2;                                             0003141P0002996
102,4,3145,3147,3149,3151;                                       0003143P0002997
110,0.8,-0.125,0.76,0.8,-0.125,0.9;                              0003145P0002998
110,0.8,-0.125,0.9,0.8,0.125,0.9;                                0003147P0002999
110,0.8,0.125,0.9,0.8,0.125,0.76;                                0003149P0003000
110,0.8,0.125,0.76,0.8,-0.125,0.76;                              0003151P0003001
144,3155,1,0,3157;                                               0003153P0003002
108,0.,0.,1.,0.9,0,1.05,0.,0.9,0.;                               0003155P0003003
142,0,3155,0,3159,2;                                             0003157P0003004
102,4,3161,3163,3165,3167;                                       0003159P0003005
110,0.8,0.125,0.9,0.8,-0.125,0.9;                                0003161P0003006
110,0.8,-0.125,0.9,1.05,-0.125,0.9;                              0003163P0003007
110,1.05,-0.125,0.9,1.05,0.125,0.9;                              0003165P0003008
110,1.05,0.125,0.9,0.8,0.125,0.9;                                0003167P0003009
314,27.45100002,27.45100002,27.45100002,6HGRAY28;                0003169P0003010
406,1,8HLEAD-SOT;                                                0003171P0003011
406,1,8HLEAD-SOT;                                                0003173P0003012
406,1,8HLEAD-SOT;                                                0003175P0003013
406,1,10HLEAD-DUMMY;                                             0003177P0003014
406,1,12HDBV0005A_ASM;                                           0003179P0003015
406,1,8HLEAD-SOT;                                                0003181P0003016
406,1,8HLEAD-SOT;                                                0003183P0003017
406,1,1HD;                                                       0003185P0003018
S      1G      4D   3186P   3018                                        T0000001
